Row_Index,Column,Dataset_1_Value,Dataset_2_Value
0,Age,56.19164955509925,29
0,DOB,1969-10-07,1994
0,JobFunctionGroup,Finance & Analysis,Field Operations
0,TenureDays,2279,1563
1,Age,,29
1,DOB,,1994
1,JobFunctionGroup,Labor & Site Work,Field Operations
1,TenureDays,1039,323
2,Age,34.195756331279945,28
2,DOB,1991-10-06,1995
2,JobFunctionGroup,Admin & Support,Project / Site Management
2,TenureDays,2563,1847
3,Age,27.7015742642026,28
3,DOB,1998-04-04,1995
3,JobFunctionGroup,Admin & Support,Project / Site Management
3,TenureDays,1639,923
4,Age,,28
4,DOB,,1995
4,JobFunctionGroup,Labor & Site Work,Project / Site Management
4,TenureDays,2362,1646
5,Age,76.70362765229295,28
5,DOB,1949-04-03,1995
5,JobFunctionGroup,Other,Project / Site Management
5,TenureDays,2160,1444
6,Age,83.46064339493498,28
6,DOB,1942-07-01,1995
6,IsActive,False,True
6,JobFunctionGroup,Field Operations,Project / Site Management
7,Age,68.77754962354551,28
7,DOB,1957-03-07,1995
7,IsActive,False,True
7,JobFunctionGroup,Engineering,Project / Site Management
8,Age,,28
8,DOB,,1995
8,JobFunctionGroup,Executive & Leadership,Project / Site Management
8,TenureDays,2677,1961
9,Age,76.09582477754962,28
9,DOB,1949-11-11,1995
9,IsActive,False,True
9,JobFunctionGroup,Engineering,Project / Site Management
10,Age,,28
10,DOB,,1995
10,JobFunctionGroup,Field Operations,Project / Site Management
10,TenureDays,865,149
11,Age,77.69472963723477,28
11,DOB,1948-04-06,1995
11,IsActive,False,True
11,JobFunctionGroup,Field Operations,Project / Site Management
12,Age,,28
12,DOB,,1995
12,IsActive,False,True
12,JobFunctionGroup,Other,Project / Site Management
13,Age,74.11088295687885,28
13,DOB,1951-11-06,1995
13,IsActive,False,True
13,JobFunctionGroup,Finance & Analysis,Project / Site Management
14,Age,,28
14,DOB,,1995
14,JobFunctionGroup,Field Operations,Project / Site Management
14,TenureDays,2424,1708
15,Age,,28
15,DOB,,1995
15,IsActive,False,True
15,JobFunctionGroup,Labor & Site Work,Project / Site Management
16,Age,31.690622861054077,28
16,DOB,1994-04-08,1995
16,IsActive,False,True
17,Age,,28
17,DOB,,1995
17,IsActive,False,True
17,JobFunctionGroup,Executive & Leadership,Project / Site Management
18,Age,40.02464065708419,28
18,DOB,1985-12-07,1995
18,TenureDays,1795,1079
19,Age,29.626283367556468,28
19,DOB,1996-05-01,1995
19,JobFunctionGroup,Field Operations,Project / Site Management
19,TenureDays,1575,859
20,Age,,28
20,DOB,,1995
20,JobFunctionGroup,Field Operations,Project / Site Management
21,Age,67.59753593429159,28
21,DOB,1958-05-12,1995
21,JobFunctionGroup,Other,Project / Site Management
22,Age,,28
22,DOB,,1995
22,JobFunctionGroup,Field Operations,Project / Site Management
23,Age,31.34839151266256,28
23,DOB,1994-08-11,1995
23,IsActive,False,True
23,JobFunctionGroup,Field Operations,Project / Site Management
24,Age,,28
24,DOB,,1995
24,IsActive,False,True
24,JobFunctionGroup,Field Operations,Project / Site Management
25,Age,78.94045174537987,28
25,DOB,1947-01-07,1995
25,TenureDays,1134,418
26,Age,43.6933607118412,28
26,DOB,1982-04-07,1995
26,JobFunctionGroup,Engineering,Project / Site Management
26,TenureDays,1160,444
27,Age,,28
27,DOB,,1995
27,TenureDays,1192,476
28,Age,,28
28,DOB,,1995
28,IsActive,False,True
29,Age,,28
29,DOB,,1995
29,JobFunctionGroup,Field Operations,Project / Site Management
29,TenureDays,1016,300
30,Age,,28
30,DOB,,1995
30,JobFunctionGroup,Field Operations,Project / Site Management
30,TenureDays,1908,1192
31,Age,29.34428473648186,28
31,DOB,1996-08-12,1995
31,JobFunctionGroup,Labor & Site Work,Project / Site Management
32,Age,81.8507871321013,28
32,DOB,1944-02-09,1995
32,JobFunctionGroup,Other,Project / Site Management
33,Age,81.84804928131418,28
33,DOB,1944-02-10,1995
33,JobFunctionGroup,Field Operations,Project / Site Management
33,TenureDays,2127,1411
34,Age,,28
34,DOB,,1995
35,Age,83.35386721423683,28
35,DOB,1942-08-09,1995
35,IsActive,False,True
36,Age,,28
36,DOB,,1995
36,IsActive,False,True
36,JobFunctionGroup,Field Operations,Project / Site Management
37,Age,,28
37,DOB,,1995
37,IsActive,False,True
37,JobFunctionGroup,Maintenance & Logistics,Project / Site Management
38,Age,63.93976728268309,28
38,DOB,1962-01-07,1995
38,JobFunctionGroup,Labor & Site Work,Project / Site Management
38,TenureDays,1499,783
39,Age,,28
39,DOB,,1995
39,IsActive,False,True
40,Age,,28
40,DOB,,1995
40,JobFunctionGroup,Engineering,Project / Site Management
40,TenureDays,2050,1334
41,Age,,28
41,DOB,,1995
41,TenureDays,2290,1574
42,Age,,28
42,DOB,,1995
42,JobFunctionGroup,Other,Project / Site Management
43,Age,,28
43,DOB,,1995
43,JobFunctionGroup,Field Operations,Project / Site Management
44,Age,58.95140314852841,28
44,DOB,1967-01-03,1995
44,TenureDays,2117,1401
45,Age,43.92607802874743,28
45,DOB,1982-01-12,1995
45,JobFunctionGroup,Executive & Leadership,Project / Site Management
45,TenureDays,1066,350
46,Age,75.20876112251882,28
46,DOB,1950-10-01,1995
46,TenureDays,901,185
47,Age,,28
47,DOB,,1995
47,JobFunctionGroup,Labor & Site Work,Project / Site Management
47,TenureDays,2108,1392
48,Age,,28
48,DOB,,1995
48,IsActive,False,True
49,Age,,28
49,DOB,,1995
49,IsActive,False,True
49,JobFunctionGroup,Engineering,Project / Site Management
50,Age,56.03559206023272,28
50,DOB,1969-12-03,1995
50,JobFunctionGroup,Labor & Site Work,Project / Site Management
50,TenureDays,2445,1729
51,Age,68.18343600273785,28
51,DOB,1957-10-10,1995
51,IsActive,False,True
51,JobFunctionGroup,Labor & Site Work,Project / Site Management
52,Age,,28
52,DOB,,1995
52,IsActive,False,True
52,JobFunctionGroup,Field Operations,Project / Site Management
53,Age,79.35386721423683,28
53,DOB,1946-08-09,1995
54,Age,60.01368925393566,28
54,DOB,1965-12-11,1995
54,JobFunctionGroup,Other,Project / Site Management
55,Age,35.84394250513347,28
55,DOB,1990-02-11,1995
55,JobFunctionGroup,Field Operations,Project / Site Management
56,Age,,28
56,DOB,,1995
56,TenureDays,1542,826
57,Age,,28
57,DOB,,1995
57,JobFunctionGroup,Admin & Support,Project / Site Management
57,TenureDays,2666,1950
58,Age,,28
58,DOB,,1995
58,JobFunctionGroup,Labor & Site Work,Project / Site Management
58,TenureDays,1512,796
59,Age,,28
59,DOB,,1995
59,IsActive,False,True
59,JobFunctionGroup,Engineering,Project / Site Management
60,Age,31.871321013004792,28
60,DOB,1994-02-01,1995
60,JobFunctionGroup,Admin & Support,Project / Site Management
60,TenureDays,1007,291
61,Age,28.09308692676249,28
61,DOB,1997-11-12,1995
61,JobFunctionGroup,Field Operations,Project / Site Management
61,TenureDays,1194,478
62,Age,72.62422997946612,28
62,DOB,1953-05-02,1995
62,JobFunctionGroup,Labor & Site Work,Project / Site Management
62,TenureDays,1383,667
63,Age,34.43668720054757,28
63,DOB,1991-07-10,1995
63,JobFunctionGroup,Executive & Leadership,Project / Site Management
63,TenureDays,2500,1784
64,Age,52.539356605065024,28
64,DOB,1973-06-02,1995
64,JobFunctionGroup,Other,Project / Site Management
64,TenureDays,1785,1069
65,Age,32.936344969199176,28
65,DOB,1993-01-08,1995
65,JobFunctionGroup,Admin & Support,Project / Site Management
65,TenureDays,2212,1496
66,Age,,28
66,DOB,,1995
66,TenureDays,2346,1630
67,Age,31.852156057494867,28
67,DOB,1994-02-08,1995
67,JobFunctionGroup,Field Operations,Project / Site Management
67,TenureDays,2007,1291
68,Age,,28
68,DOB,,1995
68,IsActive,False,True
68,JobFunctionGroup,Labor & Site Work,Project / Site Management
69,Age,,28
69,DOB,,1995
69,JobFunctionGroup,Admin & Support,Project / Site Management
69,TenureDays,1475,759
70,Age,,28
70,DOB,,1995
70,JobFunctionGroup,Field Operations,Project / Site Management
70,TenureDays,1469,753
71,Age,,28
71,DOB,,1995
71,IsActive,False,True
71,JobFunctionGroup,Labor & Site Work,Project / Site Management
72,Age,,28
72,DOB,,1995
72,IsActive,False,True
72,JobFunctionGroup,Field Operations,Project / Site Management
73,Age,,28
73,DOB,,1995
73,IsActive,False,True
73,JobFunctionGroup,Maintenance & Logistics,Project / Site Management
74,Age,,28
74,DOB,,1995
74,JobFunctionGroup,Field Operations,Project / Site Management
75,Age,,28
75,DOB,,1995
75,JobFunctionGroup,Other,Project / Site Management
75,TenureDays,2268,1552
76,Age,,28
76,DOB,,1995
76,TenureDays,1426,710
77,Age,,28
77,DOB,,1995
77,JobFunctionGroup,Labor & Site Work,Project / Site Management
77,TenureDays,1528,812
78,Age,,28
78,DOB,,1995
78,JobFunctionGroup,Labor & Site Work,Project / Site Management
78,TenureDays,1935,1219
79,Age,37.44558521560575,28
79,DOB,1988-07-06,1995
79,IsActive,False,True
79,JobFunctionGroup,Field Operations,Project / Site Management
80,Age,,28
80,DOB,,1995
80,IsActive,False,True
81,Age,,28
81,DOB,,1995
81,JobFunctionGroup,Labor & Site Work,Project / Site Management
81,TenureDays,1617,901
82,Age,48.114989733059545,28
82,DOB,1977-11-04,1995
82,TenureDays,1707,991
83,Age,,28
83,DOB,,1995
83,JobFunctionGroup,Labor & Site Work,Project / Site Management
83,TenureDays,2136,1420
84,Age,,28
84,DOB,,1995
84,IsActive,False,True
84,JobFunctionGroup,Executive & Leadership,Project / Site Management
85,Age,,28
85,DOB,,1995
86,Age,,28
86,DOB,,1995
86,JobFunctionGroup,Labor & Site Work,Project / Site Management
87,Age,67.95071868583162,28
87,DOB,1958-01-03,1995
87,TenureDays,2071,1355
88,Age,,28
88,DOB,,1995
88,JobFunctionGroup,Finance & Analysis,Project / Site Management
89,Age,,28
89,DOB,,1995
89,IsActive,False,True
90,Age,83.94798083504449,28
90,DOB,1942-01-04,1995
90,JobFunctionGroup,Other,Project / Site Management
90,TenureDays,2127,1411
91,Age,,28
91,DOB,,1995
91,IsActive,False,True
92,Age,,28
92,DOB,,1995
92,IsActive,False,True
92,JobFunctionGroup,Labor & Site Work,Project / Site Management
93,Age,62.79534565366188,28
93,DOB,1963-03-01,1995
93,IsActive,False,True
94,Age,,28
94,DOB,,1995
94,JobFunctionGroup,Other,Project / Site Management
94,TenureDays,2485,1769
95,Age,42.17932922655715,28
95,DOB,1983-10-12,1995
95,JobFunctionGroup,Other,Project / Site Management
95,TenureDays,2115,1399
96,Age,,28
96,DOB,,1995
96,IsActive,False,True
96,JobFunctionGroup,Labor & Site Work,Project / Site Management
97,Age,26.09719370294319,28
97,DOB,1999-11-11,1995
97,JobFunctionGroup,Labor & Site Work,Project / Site Management
98,Age,,28
98,DOB,,1995
99,Age,,28
99,DOB,,1995
99,TenureDays,1188,472
100,Age,,28
100,DOB,,1995
100,IsActive,False,True
100,JobFunctionGroup,Field Operations,Project / Site Management
101,Age,,28
101,DOB,,1995
101,JobFunctionGroup,Finance & Analysis,Project / Site Management
101,TenureDays,1160,444
102,Age,,28
102,DOB,,1995
102,IsActive,False,True
102,JobFunctionGroup,Other,Project / Site Management
103,Age,,28
103,DOB,,1995
103,JobFunctionGroup,Field Operations,Project / Site Management
103,TenureDays,2225,1509
104,Age,,28
104,DOB,,1995
104,TenureDays,913,197
105,Age,,28
105,DOB,,1995
105,JobFunctionGroup,Field Operations,Project / Site Management
105,TenureDays,1524,808
106,Age,59.09377138945928,28
106,DOB,1966-11-12,1995
106,IsActive,False,True
106,JobFunctionGroup,Admin & Support,Project / Site Management
107,Age,,28
107,DOB,,1995
107,JobFunctionGroup,Engineering,Project / Site Management
107,TenureDays,2650,1934
108,Age,31.86858316221766,28
108,DOB,1994-02-02,1995
108,IsActive,False,True
108,JobFunctionGroup,Engineering,Project / Site Management
109,Age,36.95277207392197,28
109,DOB,1989-01-02,1995
109,JobFunctionGroup,Admin & Support,Project / Site Management
109,TenureDays,1228,512
110,Age,71.43326488706366,28
110,DOB,1954-07-11,1995
111,Age,,28
111,DOB,,1995
111,JobFunctionGroup,Engineering,Project / Site Management
112,Age,,28
112,DOB,,1995
112,TenureDays,2200,1484
113,Age,42.521560574948666,28
113,DOB,1983-06-09,1995
113,IsActive,False,True
114,Age,,28
114,DOB,,1995
114,IsActive,False,True
114,JobFunctionGroup,Field Operations,Project / Site Management
115,Age,77.79329226557152,28
115,DOB,1948-03-01,1995
115,TenureDays,976,260
116,Age,,28
116,DOB,,1995
116,JobFunctionGroup,Labor & Site Work,Project / Site Management
116,TenureDays,1862,1146
117,Age,,28
117,DOB,,1995
117,IsActive,False,True
118,Age,,28
118,DOB,,1995
118,JobFunctionGroup,Other,Project / Site Management
118,TenureDays,1380,664
119,Age,,28
119,DOB,,1995
119,IsActive,False,True
120,Age,,28
120,DOB,,1995
120,TenureDays,1426,710
121,Age,,28
121,DOB,,1995
121,IsActive,False,True
121,JobFunctionGroup,Field Operations,Project / Site Management
122,Age,,28
122,DOB,,1995
122,IsActive,False,True
122,JobFunctionGroup,Field Operations,Project / Site Management
123,Age,,28
123,DOB,,1995
123,JobFunctionGroup,Finance & Analysis,Project / Site Management
124,Age,71.45242984257358,28
124,DOB,1954-07-04,1995
124,JobFunctionGroup,Engineering,Project / Site Management
124,TenureDays,2684,1968
125,Age,83.34839151266256,28
125,DOB,1942-08-11,1995
125,IsActive,False,True
126,Age,76.61054072553046,28
126,DOB,1949-05-07,1995
126,TenureDays,2157,1441
127,Age,,28
127,DOB,,1995
127,JobFunctionGroup,Other,Project / Site Management
127,TenureDays,2452,1736
128,Age,37.93018480492813,28
128,DOB,1988-01-11,1995
128,IsActive,False,True
128,JobFunctionGroup,Engineering,Project / Site Management
129,Age,,28
129,DOB,,1995
129,IsActive,False,True
129,JobFunctionGroup,Executive & Leadership,Project / Site Management
130,Age,65.52772073921972,28
130,DOB,1960-06-06,1995
130,JobFunctionGroup,Field Operations,Project / Site Management
130,TenureDays,2498,1782
131,Age,66.53524982888433,29
131,DOB,1959-06-04,1994
131,JobFunctionGroup,Project / Site Management,Field Operations
131,TenureDays,2543,1827
132,Age,,29
132,DOB,,1994
132,IsActive,False,True
132,JobFunctionGroup,Admin & Support,Field Operations
133,Age,,29
133,DOB,,1994
133,TenureDays,1294,578
134,Age,,29
134,DOB,,1994
134,TenureDays,994,278
135,Age,71.68788501026694,29
135,DOB,1954-04-09,1994
135,JobFunctionGroup,Project / Site Management,Field Operations
136,Age,,29
136,DOB,,1994
136,JobFunctionGroup,Other,Field Operations
136,TenureDays,2541,1825
137,Age,31.107460643394933,29
137,DOB,1994-11-07,1994
138,Age,57.60164271047228,29
138,DOB,1968-05-10,1994
138,TenureDays,1557,841
139,Age,62.19849418206708,29
139,DOB,1963-10-05,1994
139,TenureDays,1542,826
140,Age,59.28815879534565,29
140,DOB,1966-09-02,1994
140,TenureDays,1018,302
141,Age,51.02258726899384,29
141,DOB,1974-12-08,1994
141,JobFunctionGroup,Project / Site Management,Field Operations
142,Age,,29
142,DOB,,1994
142,IsActive,False,True
142,JobFunctionGroup,Project / Site Management,Field Operations
143,Age,,29
143,DOB,,1994
143,JobFunctionGroup,Engineering,Field Operations
144,Age,,29
144,DOB,,1994
144,JobFunctionGroup,Engineering,Field Operations
145,Age,31.526351813826142,29
145,DOB,1994-06-07,1994
145,IsActive,False,True
145,JobFunctionGroup,Engineering,Field Operations
146,Age,,29
146,DOB,,1994
146,IsActive,False,True
147,Age,74.61464750171116,29
147,DOB,1951-05-06,1994
147,JobFunctionGroup,Labor & Site Work,Field Operations
148,Age,38.784394250513344,29
148,DOB,1987-03-05,1994
148,JobFunctionGroup,Labor & Site Work,Field Operations
149,Age,,29
149,DOB,,1994
149,IsActive,False,True
149,JobFunctionGroup,Project / Site Management,Field Operations
150,Age,,29
150,DOB,,1994
150,TenureDays,2284,1568
151,Age,,29
151,DOB,,1994
151,TenureDays,2418,1702
152,Age,,29
152,DOB,,1994
152,JobFunctionGroup,Labor & Site Work,Field Operations
152,TenureDays,1671,955
153,Age,,29
153,DOB,,1994
153,JobFunctionGroup,Project / Site Management,Field Operations
153,TenureDays,2192,1476
154,Age,82.77618069815195,29
154,DOB,1943-03-08,1994
154,IsActive,False,True
154,JobFunctionGroup,Project / Site Management,Field Operations
155,Age,57.35249828884326,29
155,DOB,1968-08-09,1994
155,IsActive,False,True
155,JobFunctionGroup,Labor & Site Work,Field Operations
156,Age,,29
156,DOB,,1994
156,IsActive,False,True
156,JobFunctionGroup,Project / Site Management,Field Operations
157,Age,38.10814510609172,29
157,DOB,1987-11-07,1994
157,TenureDays,1950,1234
158,Age,,29
158,DOB,,1994
158,JobFunctionGroup,Labor & Site Work,Field Operations
158,TenureDays,1455,739
159,Age,,29
159,DOB,,1994
159,IsActive,False,True
159,JobFunctionGroup,Project / Site Management,Field Operations
160,Age,,29
160,DOB,,1994
160,IsActive,False,True
160,JobFunctionGroup,Admin & Support,Field Operations
161,Age,53.7741273100616,29
161,DOB,1972-03-08,1994
161,IsActive,False,True
161,JobFunctionGroup,Maintenance & Logistics,Field Operations
162,Age,74.37371663244353,29
162,DOB,1951-08-02,1994
162,JobFunctionGroup,Labor & Site Work,Field Operations
162,TenureDays,2427,1711
163,Age,,29
163,DOB,,1994
163,JobFunctionGroup,Labor & Site Work,Field Operations
164,Age,,29
164,DOB,,1994
164,JobFunctionGroup,Project / Site Management,Field Operations
165,Age,,29
165,DOB,,1994
166,Age,76.09582477754962,29
166,DOB,1949-11-11,1994
166,JobFunctionGroup,Project / Site Management,Field Operations
166,TenureDays,2026,1310
167,Age,,29
167,DOB,,1994
167,TenureDays,2562,1846
168,Age,73.7905544147844,29
168,DOB,1952-03-02,1994
168,IsActive,False,True
169,Age,,29
169,DOB,,1994
169,TenureDays,2333,1617
170,Age,,29
170,DOB,,1994
170,JobFunctionGroup,Project / Site Management,Field Operations
171,Age,75.19507186858316,29
171,DOB,1950-10-06,1994
171,JobFunctionGroup,Project / Site Management,Field Operations
172,Age,,29
172,DOB,,1994
172,TenureDays,2074,1358
173,Age,76.19164955509925,29
173,DOB,1949-10-07,1994
173,TenureDays,1141,425
174,Age,,29
174,DOB,,1994
174,JobFunctionGroup,Finance & Analysis,Field Operations
174,TenureDays,1121,405
175,Age,31.17864476386037,29
175,DOB,1994-10-12,1994
175,JobFunctionGroup,Engineering,Field Operations
176,Age,,29
176,DOB,,1994
177,Age,77.77138945927447,29
177,DOB,1948-03-09,1994
177,IsActive,False,True
177,JobFunctionGroup,Project / Site Management,Field Operations
178,Age,,29
178,DOB,,1994
178,TenureDays,2281,1565
179,Age,,29
179,DOB,,1994
179,JobFunctionGroup,Engineering,Field Operations
180,Age,49.36892539356605,29
180,DOB,1976-08-03,1994
180,IsActive,False,True
180,JobFunctionGroup,Project / Site Management,Field Operations
181,Age,46.4476386036961,29
181,DOB,1979-07-06,1994
181,TenureDays,2498,1782
182,Age,32.5201916495551,29
182,DOB,1993-06-09,1994
182,JobFunctionGroup,Other,Field Operations
182,TenureDays,1658,942
183,Age,52.69267624914442,29
183,DOB,1973-04-07,1994
183,JobFunctionGroup,Labor & Site Work,Field Operations
183,TenureDays,2623,1907
184,Age,,29
184,DOB,,1994
184,TenureDays,1743,1027
185,Age,,29
185,DOB,,1994
185,TenureDays,1423,707
186,Age,,29
186,DOB,,1994
186,JobFunctionGroup,Labor & Site Work,Field Operations
186,TenureDays,2487,1771
187,Age,,29
187,DOB,,1994
187,IsActive,False,True
188,Age,,29
188,DOB,,1994
188,JobFunctionGroup,Project / Site Management,Field Operations
189,Age,,29
189,DOB,,1994
189,JobFunctionGroup,Labor & Site Work,Field Operations
189,TenureDays,1403,687
190,Age,,29
190,DOB,,1994
190,JobFunctionGroup,Other,Field Operations
190,TenureDays,1049,333
191,Age,81.61533196440794,29
191,DOB,1944-05-05,1994
191,JobFunctionGroup,Other,Field Operations
191,TenureDays,1046,330
192,Age,,29
192,DOB,,1994
192,IsActive,False,True
193,Age,31.17864476386037,29
193,DOB,1994-10-12,1994
193,IsActive,False,True
193,JobFunctionGroup,Other,Field Operations
194,Age,28.268309377138944,29
194,DOB,1997-09-09,1994
194,JobFunctionGroup,Labor & Site Work,Field Operations
194,TenureDays,2575,1859
195,Age,,29
195,DOB,,1994
195,IsActive,False,True
195,JobFunctionGroup,Labor & Site Work,Field Operations
196,Age,,29
196,DOB,,1994
196,JobFunctionGroup,Engineering,Field Operations
196,TenureDays,2500,1784
197,Age,29.86447638603696,29
197,DOB,1996-02-04,1994
197,JobFunctionGroup,Engineering,Field Operations
197,TenureDays,2168,1452
198,Age,,29
198,DOB,,1994
198,JobFunctionGroup,Engineering,Field Operations
199,Age,,29
199,DOB,,1994
199,JobFunctionGroup,Project / Site Management,Field Operations
199,TenureDays,1676,960
200,Age,,29
200,DOB,,1994
200,JobFunctionGroup,Project / Site Management,Field Operations
201,Age,,29
201,DOB,,1994
201,TenureDays,1915,1199
202,Age,,29
202,DOB,,1994
202,JobFunctionGroup,Labor & Site Work,Field Operations
203,Age,60.610540725530456,29
203,DOB,1965-05-07,1994
203,JobFunctionGroup,Labor & Site Work,Field Operations
203,TenureDays,2488,1772
204,Age,,29
204,DOB,,1994
204,IsActive,False,True
204,JobFunctionGroup,Other,Field Operations
205,Age,80.20260095824777,29
205,DOB,1945-10-03,1994
205,IsActive,False,True
205,JobFunctionGroup,Project / Site Management,Field Operations
206,Age,,29
206,DOB,,1994
206,JobFunctionGroup,Labor & Site Work,Field Operations
206,TenureDays,1366,650
207,Age,,29
207,DOB,,1994
207,IsActive,False,True
207,JobFunctionGroup,Project / Site Management,Field Operations
208,Age,47.76454483230664,29
208,DOB,1978-03-12,1994
208,JobFunctionGroup,Admin & Support,Field Operations
208,TenureDays,1877,1161
209,Age,,29
209,DOB,,1994
209,JobFunctionGroup,Project / Site Management,Field Operations
209,TenureDays,2148,1432
210,Age,,29
210,DOB,,1994
210,JobFunctionGroup,Engineering,Field Operations
210,TenureDays,1333,617
211,Age,47.017111567419576,29
211,DOB,1978-12-10,1994
211,JobFunctionGroup,Other,Field Operations
211,TenureDays,915,199
212,Age,59.937029431895965,29
212,DOB,1966-01-08,1994
212,JobFunctionGroup,Admin & Support,Field Operations
213,Age,,29
213,DOB,,1994
213,JobFunctionGroup,Project / Site Management,Field Operations
213,TenureDays,1074,358
214,Age,,29
214,DOB,,1994
215,Age,,29
215,DOB,,1994
215,JobFunctionGroup,Labor & Site Work,Field Operations
216,Age,,29
216,DOB,,1994
216,JobFunctionGroup,Labor & Site Work,Field Operations
216,TenureDays,2070,1354
217,Age,,29
217,DOB,,1994
217,JobFunctionGroup,Labor & Site Work,Field Operations
217,TenureDays,1279,563
218,Age,,29
218,DOB,,1994
218,TenureDays,2339,1623
219,Age,57.95756331279945,29
219,DOB,1968-01-01,1994
219,JobFunctionGroup,Other,Field Operations
219,TenureDays,969,253
220,Age,,29
220,DOB,,1994
220,JobFunctionGroup,Engineering,Field Operations
221,Age,,29
221,DOB,,1994
221,TenureDays,1392,676
222,Age,57.52772073921971,29
222,DOB,1968-06-06,1994
222,TenureDays,1221,505
223,Age,,29
223,DOB,,1994
223,JobFunctionGroup,Labor & Site Work,Field Operations
224,Age,,29
224,DOB,,1994
224,TenureDays,2255,1539
225,Age,,29
225,DOB,,1994
225,JobFunctionGroup,Project / Site Management,Field Operations
226,Age,,29
226,DOB,,1994
226,JobFunctionGroup,Project / Site Management,Field Operations
227,Age,,29
227,DOB,,1994
227,TenureDays,1119,403
228,Age,,29
228,DOB,,1994
228,JobFunctionGroup,Engineering,Field Operations
228,TenureDays,1025,309
229,Age,,29
229,DOB,,1994
229,JobFunctionGroup,Labor & Site Work,Field Operations
229,TenureDays,2193,1477
230,Age,33.78507871321013,29
230,DOB,1992-03-04,1994
230,JobFunctionGroup,Labor & Site Work,Field Operations
230,TenureDays,1570,854
231,Age,,29
231,DOB,,1994
231,IsActive,False,True
232,Age,,29
232,DOB,,1994
232,IsActive,False,True
232,JobFunctionGroup,Engineering,Field Operations
233,Age,,29
233,DOB,,1994
233,JobFunctionGroup,Project / Site Management,Field Operations
233,TenureDays,2398,1682
234,Age,,29
234,DOB,,1994
234,IsActive,False,True
234,JobFunctionGroup,Executive & Leadership,Field Operations
235,Age,,29
235,DOB,,1994
235,JobFunctionGroup,Labor & Site Work,Field Operations
235,TenureDays,917,201
236,Age,,29
236,DOB,,1994
236,JobFunctionGroup,Project / Site Management,Field Operations
237,Age,,29
237,DOB,,1994
237,JobFunctionGroup,Other,Field Operations
238,Age,,29
238,DOB,,1994
238,TenureDays,2216,1500
239,Age,,29
239,DOB,,1994
239,IsActive,False,True
239,JobFunctionGroup,Labor & Site Work,Field Operations
240,Age,,29
240,DOB,,1994
240,IsActive,False,True
241,Age,,29
241,DOB,,1994
241,IsActive,False,True
242,Age,,29
242,DOB,,1994
242,JobFunctionGroup,Admin & Support,Field Operations
243,Age,,29
243,DOB,,1994
243,IsActive,False,True
243,JobFunctionGroup,Engineering,Field Operations
244,Age,,29
244,DOB,,1994
244,JobFunctionGroup,Other,Field Operations
245,Age,,29
245,DOB,,1994
245,JobFunctionGroup,Project / Site Management,Field Operations
245,TenureDays,2528,1812
246,Age,,29
246,DOB,,1994
246,JobFunctionGroup,Project / Site Management,Field Operations
247,Age,29.626283367556468,29
247,DOB,1996-05-01,1994
247,JobFunctionGroup,Engineering,Field Operations
248,Age,,29
248,DOB,,1994
248,IsActive,False,True
249,Age,,29
249,DOB,,1994
249,JobFunctionGroup,Other,Field Operations
249,TenureDays,2666,1950
250,Age,65.86447638603696,29
250,DOB,1960-02-04,1994
250,JobFunctionGroup,Project / Site Management,Field Operations
250,TenureDays,1172,456
251,Age,,29
251,DOB,,1994
251,JobFunctionGroup,Engineering,Field Operations
251,TenureDays,1608,892
252,Age,,29
252,DOB,,1994
252,JobFunctionGroup,Engineering,Field Operations
252,TenureDays,2194,1478
253,Age,,29
253,DOB,,1994
253,TenureDays,2090,1374
254,Age,,29
254,DOB,,1994
254,JobFunctionGroup,Project / Site Management,Field Operations
254,TenureDays,1482,766
255,Age,,29
255,DOB,,1994
255,TenureDays,892,176
256,Age,69.9438740588638,29
256,DOB,1956-01-06,1994
256,IsActive,False,True
256,JobFunctionGroup,Admin & Support,Field Operations
257,Age,71.37029431895962,29
257,DOB,1954-08-03,1994
257,IsActive,False,True
258,Age,,29
258,DOB,,1994
258,IsActive,False,True
258,JobFunctionGroup,Project / Site Management,Field Operations
259,Age,,29
259,DOB,,1994
259,JobFunctionGroup,Executive & Leadership,Field Operations
260,Age,,29
260,DOB,,1994
260,JobFunctionGroup,Project / Site Management,Field Operations
260,TenureDays,2405,1689
261,Age,,29
261,DOB,,1994
261,JobFunctionGroup,Project / Site Management,Field Operations
262,Age,,29
262,DOB,,1994
262,JobFunctionGroup,Labor & Site Work,Field Operations
262,TenureDays,1614,898
263,Age,,29
263,DOB,,1994
263,IsActive,False,True
263,JobFunctionGroup,Labor & Site Work,Field Operations
264,Age,32.95003422313484,29
264,DOB,1993-01-03,1994
264,JobFunctionGroup,Project / Site Management,Field Operations
264,TenureDays,1849,1133
265,Age,,29
265,DOB,,1994
265,TenureDays,2227,1511
266,Age,48.375085557837096,29
266,DOB,1977-08-01,1994
266,IsActive,False,True
267,Age,64.76659822039699,29
267,DOB,1961-03-11,1994
267,JobFunctionGroup,Other,Field Operations
268,Age,,29
268,DOB,,1994
268,JobFunctionGroup,Labor & Site Work,Field Operations
269,Age,36.19164955509925,29
269,DOB,1989-10-07,1994
269,JobFunctionGroup,Project / Site Management,Field Operations
270,Age,,29
270,DOB,,1994
270,TenureDays,1997,1281
271,Age,41.51129363449692,29
271,DOB,1984-06-12,1994
271,IsActive,False,True
271,JobFunctionGroup,Project / Site Management,Field Operations
272,Age,,29
272,DOB,,1994
272,JobFunctionGroup,Engineering,Field Operations
273,Age,37.67830253251198,29
273,DOB,1988-04-12,1994
273,JobFunctionGroup,Project / Site Management,Field Operations
273,TenureDays,2245,1529
274,Age,,29
274,DOB,,1994
274,JobFunctionGroup,Maintenance & Logistics,Field Operations
274,TenureDays,2229,1513
275,Age,,29
275,DOB,,1994
275,JobFunctionGroup,Project / Site Management,Field Operations
275,TenureDays,2348,1632
276,Age,,29
276,DOB,,1994
276,IsActive,False,True
276,JobFunctionGroup,Engineering,Field Operations
277,Age,49.86173853524983,29
277,DOB,1976-02-05,1994
277,IsActive,False,True
277,JobFunctionGroup,Other,Field Operations
278,Age,,29
278,DOB,,1994
278,IsActive,False,True
278,JobFunctionGroup,Executive & Leadership,Field Operations
279,Age,51.1047227926078,29
279,DOB,1974-11-08,1994
279,JobFunctionGroup,Labor & Site Work,Field Operations
279,TenureDays,2276,1560
280,Age,30.04243668720055,29
280,DOB,1995-12-01,1994
280,JobFunctionGroup,Project / Site Management,Field Operations
280,TenureDays,1101,385
281,Age,,29
281,DOB,,1994
281,IsActive,False,True
281,JobFunctionGroup,Engineering,Field Operations
282,Age,,29
282,DOB,,1994
282,IsActive,False,True
282,JobFunctionGroup,Other,Field Operations
283,Age,,29
283,DOB,,1994
283,JobFunctionGroup,Project / Site Management,Field Operations
283,TenureDays,1509,793
284,Age,44.95003422313484,29
284,DOB,1981-01-03,1994
284,JobFunctionGroup,Admin & Support,Field Operations
284,TenureDays,1613,897
285,Age,69.70294318959617,29
285,DOB,1956-04-03,1994
286,Age,40.68446269678302,29
286,DOB,1985-04-10,1994
286,JobFunctionGroup,Admin & Support,Field Operations
286,TenureDays,1974,1258
287,Age,,29
287,DOB,,1994
287,JobFunctionGroup,Labor & Site Work,Field Operations
287,TenureDays,2158,1442
288,Age,49.782340862423,29
288,DOB,1976-03-05,1994
288,JobFunctionGroup,Project / Site Management,Field Operations
288,TenureDays,1556,840
289,Age,,29
289,DOB,,1994
289,JobFunctionGroup,Labor & Site Work,Field Operations
290,Age,33.106091718001366,29
290,DOB,1992-11-07,1994
290,JobFunctionGroup,Other,Field Operations
290,TenureDays,943,227
291,Age,,29
291,DOB,,1994
291,JobFunctionGroup,Other,Field Operations
292,Age,78.44216290212184,29
292,DOB,1947-07-08,1994
292,JobFunctionGroup,Labor & Site Work,Field Operations
292,TenureDays,1243,527
293,Age,,29
293,DOB,,1994
293,IsActive,False,True
293,JobFunctionGroup,Labor & Site Work,Field Operations
294,Age,,29
294,DOB,,1994
294,IsActive,False,True
294,JobFunctionGroup,Engineering,Field Operations
295,Age,,29
295,DOB,,1994
295,JobFunctionGroup,Labor & Site Work,Field Operations
296,Age,,29
296,DOB,,1994
296,JobFunctionGroup,Labor & Site Work,Field Operations
297,Age,,29
297,DOB,,1994
297,JobFunctionGroup,Labor & Site Work,Field Operations
298,Age,,29
298,DOB,,1994
298,IsActive,False,True
299,Age,,29
299,DOB,,1994
299,IsActive,False,True
300,Age,,29
300,DOB,,1994
300,JobFunctionGroup,Project / Site Management,Field Operations
300,TenureDays,1573,857
301,Age,58.85557837097878,29
301,DOB,1967-02-07,1994
301,JobFunctionGroup,Labor & Site Work,Field Operations
301,TenureDays,1454,738
302,Age,82.95687885010267,29
302,DOB,1943-01-01,1994
302,IsActive,False,True
302,JobFunctionGroup,Project / Site Management,Field Operations
303,Age,60.02190280629706,29
303,DOB,1965-12-08,1994
303,JobFunctionGroup,Engineering,Field Operations
303,TenureDays,1428,712
304,Age,27.45242984257358,29
304,DOB,1998-07-04,1994
304,IsActive,False,True
304,JobFunctionGroup,Engineering,Field Operations
305,Age,71.4551676933607,29
305,DOB,1954-07-03,1994
305,TenureDays,2025,1309
306,Age,,29
306,DOB,,1994
306,JobFunctionGroup,Other,Field Operations
307,Age,,29
307,DOB,,1994
307,JobFunctionGroup,Engineering,Field Operations
307,TenureDays,2476,1760
308,Age,62.43394934976044,29
308,DOB,1963-07-11,1994
308,JobFunctionGroup,Project / Site Management,Field Operations
308,TenureDays,2393,1677
309,Age,49.45653661875428,29
309,DOB,1976-07-02,1994
309,IsActive,False,True
309,JobFunctionGroup,Labor & Site Work,Field Operations
310,Age,79.01437371663245,29
310,DOB,1946-12-11,1994
310,JobFunctionGroup,Executive & Leadership,Field Operations
310,TenureDays,2584,1868
311,Age,25.28405201916496,29
311,DOB,2000-09-03,1994
312,Age,74.77344284736482,29
312,DOB,1951-03-09,1994
313,Age,,29
313,DOB,,1994
313,JobFunctionGroup,Internship,Field Operations
314,Age,,29
314,DOB,,1994
314,JobFunctionGroup,Engineering,Field Operations
315,Age,44.26009582477755,29
315,DOB,1981-09-12,1994
315,IsActive,False,True
315,JobFunctionGroup,Project / Site Management,Field Operations
316,Age,,29
316,DOB,,1994
316,JobFunctionGroup,Other,Field Operations
316,TenureDays,2026,1310
317,Age,,29
317,DOB,,1994
317,TenureDays,1922,1206
318,Age,,29
318,DOB,,1994
319,Age,,29
319,DOB,,1994
319,JobFunctionGroup,Maintenance & Logistics,Field Operations
319,TenureDays,1982,1266
320,Age,,29
320,DOB,,1994
321,Age,,29
321,DOB,,1994
321,JobFunctionGroup,Labor & Site Work,Field Operations
321,TenureDays,2446,1730
322,Age,40.62422997946612,29
322,DOB,1985-05-02,1994
322,JobFunctionGroup,Engineering,Field Operations
322,TenureDays,1764,1048
323,Age,,29
323,DOB,,1994
323,JobFunctionGroup,Engineering,Field Operations
323,TenureDays,2129,1413
324,Age,,29
324,DOB,,1994
324,JobFunctionGroup,Admin & Support,Field Operations
324,TenureDays,1523,807
325,Age,71.17864476386038,29
325,DOB,1954-10-12,1994
325,JobFunctionGroup,Engineering,Field Operations
325,TenureDays,1259,543
326,Age,,29
326,DOB,,1994
326,IsActive,False,True
326,JobFunctionGroup,Engineering,Field Operations
327,Age,,29
327,DOB,,1994
327,IsActive,False,True
327,JobFunctionGroup,Engineering,Field Operations
328,Age,,29
328,DOB,,1994
328,JobFunctionGroup,Project / Site Management,Field Operations
329,Age,81.54140999315537,29
329,DOB,1944-06-01,1994
329,TenureDays,1667,951
330,Age,,29
330,DOB,,1994
331,Age,,29
331,DOB,,1994
331,JobFunctionGroup,Engineering,Field Operations
332,Age,,29
332,DOB,,1994
332,IsActive,False,True
332,JobFunctionGroup,Labor & Site Work,Field Operations
333,Age,65.8425735797399,29
333,DOB,1960-02-12,1994
333,TenureDays,1575,859
334,Age,,29
334,DOB,,1994
334,IsActive,False,True
334,JobFunctionGroup,Admin & Support,Field Operations
335,Age,76.59958932238193,29
335,DOB,1949-05-11,1994
335,JobFunctionGroup,Engineering,Field Operations
335,TenureDays,1977,1261
336,Age,,29
336,DOB,,1994
336,JobFunctionGroup,Admin & Support,Field Operations
337,Age,,29
337,DOB,,1994
337,JobFunctionGroup,Project / Site Management,Field Operations
337,TenureDays,1399,683
338,Age,,29
338,DOB,,1994
338,JobFunctionGroup,Admin & Support,Field Operations
338,TenureDays,1201,485
339,Age,82.77070499657769,29
339,DOB,1943-03-10,1994
339,IsActive,False,True
339,JobFunctionGroup,Project / Site Management,Field Operations
340,Age,32.77754962354552,29
340,DOB,1993-03-07,1994
340,JobFunctionGroup,Labor & Site Work,Field Operations
341,Age,,29
341,DOB,,1994
341,JobFunctionGroup,Project / Site Management,Field Operations
341,TenureDays,1811,1095
342,Age,,29
342,DOB,,1994
342,JobFunctionGroup,Engineering,Field Operations
342,TenureDays,1830,1114
343,Age,,29
343,DOB,,1994
344,Age,,29
344,DOB,,1994
344,JobFunctionGroup,Project / Site Management,Field Operations
345,Age,59.86036960985626,29
345,DOB,1966-02-05,1994
345,IsActive,False,True
345,JobFunctionGroup,Engineering,Field Operations
346,Age,,29
346,DOB,,1994
346,JobFunctionGroup,Engineering,Field Operations
347,Age,27.696098562628336,29
347,DOB,1998-04-06,1994
347,IsActive,False,True
347,JobFunctionGroup,Engineering,Field Operations
348,Age,,29
348,DOB,,1994
348,IsActive,False,True
348,JobFunctionGroup,Labor & Site Work,Field Operations
349,Age,,29
349,DOB,,1994
349,IsActive,False,True
349,JobFunctionGroup,Admin & Support,Field Operations
350,Age,,29
350,DOB,,1994
350,TenureDays,1498,782
351,Age,33.8507871321013,29
351,DOB,1992-02-09,1994
351,IsActive,False,True
351,JobFunctionGroup,Labor & Site Work,Field Operations
352,Age,,29
352,DOB,,1994
353,Age,,29
353,DOB,,1994
354,Age,,29
354,DOB,,1994
354,JobFunctionGroup,Labor & Site Work,Field Operations
355,Age,,29
355,DOB,,1994
355,JobFunctionGroup,Other,Field Operations
356,Age,63.68240930869268,29
356,DOB,1962-04-11,1994
356,JobFunctionGroup,Engineering,Field Operations
356,TenureDays,2047,1331
357,Age,,29
357,DOB,,1994
357,JobFunctionGroup,Project / Site Management,Field Operations
357,TenureDays,1220,504
358,Age,,29
358,DOB,,1994
358,JobFunctionGroup,Executive & Leadership,Field Operations
358,TenureDays,1428,712
359,Age,63.51813826146475,29
359,DOB,1962-06-10,1994
360,Age,,29
360,DOB,,1994
360,JobFunctionGroup,Project / Site Management,Field Operations
361,Age,49.27583846680356,29
361,DOB,1976-09-06,1994
361,JobFunctionGroup,Project / Site Management,Field Operations
362,Age,,29
362,DOB,,1994
362,JobFunctionGroup,Project / Site Management,Field Operations
362,TenureDays,2018,1302
363,Age,63.01437371663244,29
363,DOB,1962-12-11,1994
363,IsActive,False,True
363,JobFunctionGroup,Labor & Site Work,Field Operations
364,Age,47.86858316221766,29
364,DOB,1978-02-02,1994
364,JobFunctionGroup,Admin & Support,Field Operations
364,TenureDays,2089,1373
365,Age,27.52361396303901,29
365,DOB,1998-06-08,1994
365,IsActive,False,True
365,JobFunctionGroup,Engineering,Field Operations
366,Age,,29
366,DOB,,1994
366,JobFunctionGroup,Project / Site Management,Field Operations
366,TenureDays,2432,1716
367,Age,,29
367,DOB,,1994
367,JobFunctionGroup,Project / Site Management,Field Operations
367,TenureDays,2655,1939
368,Age,36.375085557837096,29
368,DOB,1989-08-01,1994
368,JobFunctionGroup,Project / Site Management,Field Operations
368,TenureDays,1251,535
369,Age,,29
369,DOB,,1994
369,IsActive,False,True
369,JobFunctionGroup,Labor & Site Work,Field Operations
370,Age,,29
370,DOB,,1994
370,JobFunctionGroup,Other,Field Operations
370,TenureDays,2041,1325
371,Age,,29
371,DOB,,1994
371,IsActive,False,True
372,Age,,29
372,DOB,,1994
372,JobFunctionGroup,Executive & Leadership,Field Operations
372,TenureDays,1158,442
373,Age,75.0198494182067,29
373,DOB,1950-12-09,1994
373,JobFunctionGroup,Admin & Support,Field Operations
373,TenureDays,2350,1634
374,Age,,29
374,DOB,,1994
374,JobFunctionGroup,Labor & Site Work,Field Operations
374,TenureDays,2267,1551
375,Age,,29
375,DOB,,1994
375,JobFunctionGroup,Project / Site Management,Field Operations
375,TenureDays,1748,1032
376,Age,40.5968514715948,29
376,DOB,1985-05-12,1994
377,Age,,29
377,DOB,,1994
377,TenureDays,2407,1691
378,Age,,29
378,DOB,,1994
378,JobFunctionGroup,Maintenance & Logistics,Field Operations
378,TenureDays,1328,612
379,Age,51.29089664613279,29
379,DOB,1974-09-01,1994
379,IsActive,False,True
379,JobFunctionGroup,Labor & Site Work,Field Operations
380,Age,,29
380,DOB,,1994
380,IsActive,False,True
380,JobFunctionGroup,Project / Site Management,Field Operations
381,Age,,29
381,DOB,,1994
381,IsActive,False,True
382,Age,,29
382,DOB,,1994
382,IsActive,False,True
382,JobFunctionGroup,Project / Site Management,Engineering
383,Age,66.18480492813141,28
383,DOB,1959-10-10,1995
383,JobFunctionGroup,Admin & Support,Engineering
383,TenureDays,2130,1414
384,Age,67.76728268309377,28
384,DOB,1958-03-11,1995
384,IsActive,False,True
385,Age,,28
385,DOB,,1995
385,IsActive,False,True
385,JobFunctionGroup,Admin & Support,Engineering
386,Age,,29
386,DOB,,1994
386,JobFunctionGroup,Engineering,Admin & Support
386,TenureDays,1210,494
387,Age,,28
387,DOB,,1995
387,JobFunctionGroup,Project / Site Management,Engineering
388,Age,,29
388,DOB,,1994
388,JobFunctionGroup,Project / Site Management,Engineering
388,TenureDays,1726,1010
389,Age,69.34976043805612,29
389,DOB,1956-08-10,1994
389,JobFunctionGroup,Field Operations,Admin & Support
389,TenureDays,1690,974
390,Age,47.95619438740589,29
390,DOB,1978-01-01,1994
390,IsActive,False,True
390,JobFunctionGroup,Field Operations,Admin & Support
391,Age,,29
391,DOB,,1994
391,IsActive,False,True
391,JobFunctionGroup,Field Operations,Engineering
392,Age,,29
392,DOB,,1994
392,JobFunctionGroup,Project / Site Management,Engineering
392,TenureDays,2157,1441
393,Age,,29
393,DOB,,1994
393,IsActive,False,True
393,JobFunctionGroup,Project / Site Management,Engineering
394,Age,44.70362765229295,28
394,DOB,1981-04-03,1995
394,JobFunctionGroup,Project / Site Management,Engineering
394,TenureDays,1459,743
395,Age,,29
395,DOB,,1994
395,IsActive,False,True
395,JobFunctionGroup,Field Operations,Engineering
396,Age,,29
396,DOB,,1994
396,IsActive,False,True
396,JobFunctionGroup,Project / Site Management,Engineering
397,Age,,29
397,DOB,,1994
397,TenureDays,2170,1454
398,Age,,29
398,DOB,,1994
398,JobFunctionGroup,Field Operations,Admin & Support
398,TenureDays,1137,421
399,Age,24.68172484599589,29
399,DOB,2001-04-11,1994
399,IsActive,False,True
399,JobFunctionGroup,Labor & Site Work,Admin & Support
400,Age,,29
400,DOB,,1994
400,JobFunctionGroup,Engineering,Admin & Support
400,TenureDays,2393,1677
401,Age,,28
401,DOB,,1995
401,JobFunctionGroup,Field Operations,Engineering
401,TenureDays,2287,1571
402,Age,69.76317590691308,28
402,DOB,1956-03-12,1995
402,IsActive,False,True
402,JobFunctionGroup,Project / Site Management,Engineering
403,Age,,29
403,DOB,,1994
403,JobFunctionGroup,Field Operations,Other
403,TenureDays,2310,1594
404,Age,75.77823408624229,29
404,DOB,1950-03-07,1994
404,JobFunctionGroup,Labor & Site Work,Other
404,TenureDays,2650,1934
405,Age,61.27310061601643,29
405,DOB,1964-09-07,1994
405,JobFunctionGroup,Engineering,Other
406,Age,72.5968514715948,29
406,DOB,1953-05-12,1994
406,IsActive,False,True
406,JobFunctionGroup,Other,Engineering
407,Age,64.43258042436688,29
407,DOB,1961-07-11,1994
407,IsActive,False,True
407,JobFunctionGroup,Field Operations,Engineering
408,Age,32.18069815195072,29
408,DOB,1993-10-11,1994
408,IsActive,False,True
408,JobFunctionGroup,Other,Admin & Support
409,Age,79.92607802874743,29
409,DOB,1946-01-12,1994
409,JobFunctionGroup,Field Operations,Admin & Support
409,TenureDays,1586,870
410,Age,,29
410,DOB,,1994
410,IsActive,False,True
411,Age,,29
411,DOB,,1994
411,IsActive,False,True
412,Age,,28
412,DOB,,1995
412,JobFunctionGroup,Field Operations,Engineering
412,TenureDays,1527,811
413,Age,,28
413,DOB,,1995
413,IsActive,False,True
413,JobFunctionGroup,Project / Site Management,Engineering
414,Age,,29
414,DOB,,1994
414,JobFunctionGroup,Labor & Site Work,Other
414,TenureDays,1732,1016
415,Age,,29
415,DOB,,1994
415,JobFunctionGroup,Field Operations,Other
416,Age,48.85420944558521,29
416,DOB,1977-02-07,1994
416,JobFunctionGroup,Engineering,Other
417,Age,64.53935660506502,29
417,DOB,1961-06-02,1994
417,IsActive,False,True
417,JobFunctionGroup,Labor & Site Work,Engineering
418,Age,56.35044490075291,29
418,DOB,1969-08-10,1994
418,JobFunctionGroup,Labor & Site Work,Engineering
418,TenureDays,2305,1589
419,Age,50.35181382614648,29
419,DOB,1975-08-10,1994
419,IsActive,False,True
419,JobFunctionGroup,Other,Admin & Support
420,Age,27.277207392197127,29
420,DOB,1998-09-06,1994
420,IsActive,False,True
420,JobFunctionGroup,Labor & Site Work,Admin & Support
421,Age,,29
421,DOB,,1994
421,JobFunctionGroup,Field Operations,Admin & Support
421,TenureDays,2275,1559
422,Age,,29
422,DOB,,1994
422,JobFunctionGroup,Project / Site Management,Admin & Support
422,TenureDays,1767,1051
423,Age,,28
423,DOB,,1995
423,IsActive,False,True
423,JobFunctionGroup,Admin & Support,Engineering
424,Age,31.444216290212182,28
424,DOB,1994-07-07,1995
424,JobFunctionGroup,Project / Site Management,Engineering
425,Age,38.26694045174538,29
425,DOB,1987-09-10,1994
425,JobFunctionGroup,Labor & Site Work,Other
426,Age,,29
426,DOB,,1994
426,JobFunctionGroup,Field Operations,Other
427,Age,,29
427,DOB,,1994
427,IsActive,False,True
427,JobFunctionGroup,Project / Site Management,Engineering
428,Age,26.209445585215605,29
428,DOB,1999-10-01,1994
428,IsActive,False,True
428,JobFunctionGroup,Finance & Analysis,Engineering
429,Age,,29
429,DOB,,1994
429,IsActive,False,True
429,JobFunctionGroup,Labor & Site Work,Engineering
430,Age,,29
430,DOB,,1994
430,IsActive,False,True
430,JobFunctionGroup,Engineering,Admin & Support
431,Age,74.45859000684463,29
431,DOB,1951-07-02,1994
431,JobFunctionGroup,Field Operations,Admin & Support
431,TenureDays,1424,708
432,Age,,29
432,DOB,,1994
432,IsActive,False,True
432,JobFunctionGroup,Engineering,Admin & Support
433,Age,29.949349760438057,29
433,DOB,1996-01-04,1994
433,IsActive,False,True
433,JobFunctionGroup,Field Operations,Admin & Support
434,Age,,28
434,DOB,,1995
434,JobFunctionGroup,Labor & Site Work,Engineering
434,TenureDays,1363,647
435,Age,36.616016427104725,28
435,DOB,1989-05-05,1995
436,Age,,29
436,DOB,,1994
436,JobFunctionGroup,Field Operations,Other
436,TenureDays,2384,1668
437,Age,,29
437,DOB,,1994
437,JobFunctionGroup,Labor & Site Work,Other
438,Age,62.20396988364134,29
438,DOB,1963-10-03,1994
438,IsActive,False,True
438,JobFunctionGroup,Executive & Leadership,Engineering
439,Age,66.10266940451746,29
439,DOB,1959-11-09,1994
439,IsActive,False,True
439,JobFunctionGroup,Field Operations,Engineering
440,Age,,29
440,DOB,,1994
440,JobFunctionGroup,Admin & Support,Engineering
440,TenureDays,2669,1953
441,Age,,29
441,DOB,,1994
441,JobFunctionGroup,Admin & Support,Engineering
441,TenureDays,2313,1597
442,Age,48.51745379876797,29
442,DOB,1977-06-10,1994
442,IsActive,False,True
442,JobFunctionGroup,Engineering,Admin & Support
443,Age,,29
443,DOB,,1994
443,IsActive,False,True
443,JobFunctionGroup,Labor & Site Work,Admin & Support
444,Age,54.53251197809719,29
444,DOB,1971-06-05,1994
444,JobFunctionGroup,Field Operations,Admin & Support
444,TenureDays,1097,381
445,Age,59.937029431895965,29
445,DOB,1966-01-08,1994
445,IsActive,False,True
445,JobFunctionGroup,Executive & Leadership,Admin & Support
446,Age,,28
446,DOB,,1995
446,IsActive,False,True
446,JobFunctionGroup,Project / Site Management,Engineering
447,Age,,28
447,DOB,,1995
447,JobFunctionGroup,Labor & Site Work,Engineering
447,TenureDays,2023,1307
448,Age,,28
448,DOB,,1995
448,JobFunctionGroup,Labor & Site Work,Engineering
448,TenureDays,1631,915
449,Age,,29
449,DOB,,1994
449,JobFunctionGroup,Field Operations,Other
449,TenureDays,1514,798
450,Age,,29
450,DOB,,1994
450,IsActive,False,True
450,JobFunctionGroup,Field Operations,Engineering
451,Age,,29
451,DOB,,1994
451,IsActive,False,True
452,Age,,29
452,DOB,,1994
452,IsActive,False,True
452,JobFunctionGroup,Admin & Support,Engineering
453,Age,,29
453,DOB,,1994
453,IsActive,False,True
453,JobFunctionGroup,Admin & Support,Engineering
454,Age,33.09240246406571,29
454,DOB,1992-11-12,1994
454,JobFunctionGroup,Labor & Site Work,Admin & Support
454,TenureDays,2372,1656
455,Age,,29
455,DOB,,1994
455,JobFunctionGroup,Field Operations,Admin & Support
455,TenureDays,2512,1796
456,Age,,29
456,DOB,,1994
456,IsActive,False,True
457,Age,,29
457,DOB,,1994
457,JobFunctionGroup,Engineering,Admin & Support
457,TenureDays,2509,1793
458,Age,,28
458,DOB,,1995
458,TenureDays,1469,753
459,Age,48.02737850787132,28
459,DOB,1977-12-06,1995
459,JobFunctionGroup,Field Operations,Engineering
459,TenureDays,2622,1906
460,Age,,28
460,DOB,,1995
460,JobFunctionGroup,Labor & Site Work,Engineering
461,Age,,29
461,DOB,,1994
461,JobFunctionGroup,Engineering,Other
462,Age,,29
462,DOB,,1994
462,IsActive,False,True
462,JobFunctionGroup,Project / Site Management,Engineering
463,Age,,29
463,DOB,,1994
463,IsActive,False,True
463,JobFunctionGroup,Project / Site Management,Engineering
464,Age,65.45106091718002,29
464,DOB,1960-07-04,1994
464,TenureDays,1300,584
465,Age,47.709787816564,29
465,DOB,1978-04-01,1994
465,JobFunctionGroup,Executive & Leadership,Engineering
465,TenureDays,1142,426
466,Age,,29
466,DOB,,1994
466,IsActive,False,True
466,JobFunctionGroup,Labor & Site Work,Admin & Support
467,Age,66.79260780287474,29
467,DOB,1959-03-02,1994
467,JobFunctionGroup,Field Operations,Admin & Support
467,TenureDays,932,216
468,Age,,29
468,DOB,,1994
468,IsActive,False,True
468,JobFunctionGroup,Other,Admin & Support
469,Age,,29
469,DOB,,1994
469,IsActive,False,True
469,JobFunctionGroup,Project / Site Management,Admin & Support
470,Age,,28
470,DOB,,1995
470,IsActive,False,True
470,JobFunctionGroup,Project / Site Management,Engineering
471,Age,77.4318959616701,28
471,DOB,1948-07-11,1995
471,JobFunctionGroup,Field Operations,Engineering
472,Age,,28
472,DOB,,1995
473,Age,,29
473,DOB,,1994
473,JobFunctionGroup,Field Operations,Other
473,TenureDays,914,198
474,Age,37.86173853524983,29
474,DOB,1988-02-05,1994
474,JobFunctionGroup,Project / Site Management,Engineering
474,TenureDays,1642,926
475,Age,61.53867214236824,29
475,DOB,1964-06-02,1994
475,IsActive,False,True
475,JobFunctionGroup,Labor & Site Work,Engineering
476,Age,,29
476,DOB,,1994
476,JobFunctionGroup,Other,Engineering
476,TenureDays,2408,1692
477,Age,55.78918548939083,29
477,DOB,1970-03-03,1994
477,TenureDays,1815,1099
478,Age,67.52361396303901,29
478,DOB,1958-06-08,1994
478,IsActive,False,True
479,Age,50.28062970568104,29
479,DOB,1975-09-05,1994
479,JobFunctionGroup,Other,Admin & Support
479,TenureDays,1939,1223
480,Age,61.43189596167009,29
480,DOB,1964-07-11,1994
480,JobFunctionGroup,Executive & Leadership,Admin & Support
480,TenureDays,1391,675
481,Age,39.43326488706366,29
481,DOB,1986-07-11,1994
481,IsActive,False,True
481,JobFunctionGroup,Other,Admin & Support
482,Age,,29
482,DOB,,1994
482,IsActive,False,True
483,Age,,28
483,DOB,,1995
483,IsActive,False,True
483,JobFunctionGroup,Field Operations,Engineering
484,Age,,28
484,DOB,,1995
484,JobFunctionGroup,Other,Engineering
484,TenureDays,1663,947
485,Age,,28
485,DOB,,1995
485,JobFunctionGroup,Project / Site Management,Engineering
486,Age,83.5400410677618,28
486,DOB,1942-06-02,1995
486,JobFunctionGroup,Finance & Analysis,Engineering
487,Age,,29
487,DOB,,1994
487,IsActive,False,True
487,JobFunctionGroup,Project / Site Management,Engineering
488,Age,34.62286105407255,29
488,DOB,1991-05-03,1994
488,JobFunctionGroup,Project / Site Management,Engineering
488,TenureDays,1206,490
489,Age,,29
489,DOB,,1994
489,JobFunctionGroup,Project / Site Management,Engineering
489,TenureDays,1268,552
490,Age,32.681724845995895,29
490,DOB,1993-04-11,1994
490,IsActive,False,True
490,JobFunctionGroup,Field Operations,Engineering
491,Age,,29
491,DOB,,1994
491,IsActive,False,True
491,JobFunctionGroup,Labor & Site Work,Engineering
492,Age,81.19096509240246,29
492,DOB,1944-10-07,1994
492,JobFunctionGroup,Field Operations,Admin & Support
492,TenureDays,894,178
493,Age,64.11498973305955,29
493,DOB,1961-11-04,1994
493,IsActive,False,True
493,JobFunctionGroup,Labor & Site Work,Admin & Support
494,Age,,29
494,DOB,,1994
494,IsActive,False,True
494,JobFunctionGroup,Other,Admin & Support
495,Age,29.19917864476386,29
495,DOB,1996-10-04,1994
495,JobFunctionGroup,Field Operations,Admin & Support
495,TenureDays,2548,1832
496,Age,,28
496,DOB,,1995
496,IsActive,False,True
496,JobFunctionGroup,Project / Site Management,Engineering
497,Age,,28
497,DOB,,1995
497,JobFunctionGroup,Field Operations,Engineering
497,TenureDays,1669,953
498,Age,,28
498,DOB,,1995
498,JobFunctionGroup,Executive & Leadership,Engineering
499,Age,,28
499,DOB,,1995
499,JobFunctionGroup,Project / Site Management,Engineering
499,TenureDays,2484,1768
500,Age,43.17864476386037,29
500,DOB,1982-10-12,1994
500,IsActive,False,True
500,JobFunctionGroup,Field Operations,Engineering
501,Age,69.4318959616701,29
501,DOB,1956-07-11,1994
501,IsActive,False,True
501,JobFunctionGroup,Labor & Site Work,Engineering
502,Age,,29
502,DOB,,1994
502,IsActive,False,True
502,JobFunctionGroup,Admin & Support,Engineering
503,Age,41.686516084873375,29
503,DOB,1984-04-09,1994
503,JobFunctionGroup,Labor & Site Work,Engineering
503,TenureDays,2214,1498
504,Age,,29
504,DOB,,1994
504,TenureDays,1544,828
505,Age,,29
505,DOB,,1994
505,JobFunctionGroup,Finance & Analysis,Admin & Support
505,TenureDays,1217,501
506,Age,,29
506,DOB,,1994
506,JobFunctionGroup,Engineering,Admin & Support
506,TenureDays,973,257
507,Age,46.95140314852841,29
507,DOB,1979-01-03,1994
507,IsActive,False,True
507,JobFunctionGroup,Executive & Leadership,Admin & Support
508,Age,,29
508,DOB,,1994
508,JobFunctionGroup,Field Operations,Admin & Support
508,TenureDays,1817,1101
509,Age,,29
509,DOB,,1994
509,JobFunctionGroup,Executive & Leadership,Other
510,Age,,29
510,DOB,,1994
510,JobFunctionGroup,Labor & Site Work,Admin & Support
510,TenureDays,1138,422
511,Age,,29
511,DOB,,1994
511,JobFunctionGroup,Field Operations,Finance & Analysis
511,TenureDays,2066,1350
512,Age,33.281314168377826,29
512,DOB,1992-09-04,1994
512,JobFunctionGroup,Project / Site Management,Finance & Analysis
512,TenureDays,2294,1578
513,Age,67.35386721423683,29
513,DOB,1958-08-09,1994
513,JobFunctionGroup,Field Operations,Other
513,TenureDays,2319,1603
514,Age,,29
514,DOB,,1994
514,JobFunctionGroup,Labor & Site Work,Finance & Analysis
514,TenureDays,2599,1883
515,Age,74.28336755646818,29
515,DOB,1951-09-04,1994
515,JobFunctionGroup,Labor & Site Work,Other
516,Age,54.36824093086927,29
516,DOB,1971-08-04,1994
516,JobFunctionGroup,Admin & Support,Finance & Analysis
517,Age,28.449007529089663,29
517,DOB,1997-07-05,1994
517,JobFunctionGroup,Admin & Support,Finance & Analysis
517,TenureDays,1821,1105
518,Age,,29
518,DOB,,1994
518,JobFunctionGroup,Engineering,Finance & Analysis
518,TenureDays,1240,524
519,Age,,29
519,DOB,,1994
519,JobFunctionGroup,Field Operations,Admin & Support
519,TenureDays,2376,1660
520,Age,29.03490759753593,29
520,DOB,1996-12-03,1994
520,JobFunctionGroup,Field Operations,Admin & Support
521,Age,,29
521,DOB,,1994
521,JobFunctionGroup,Project / Site Management,Finance & Analysis
522,Age,,29
522,DOB,,1994
522,JobFunctionGroup,Labor & Site Work,Other
523,Age,,29
523,DOB,,1994
523,JobFunctionGroup,Engineering,Admin & Support
523,TenureDays,888,172
524,Age,64.2737850787132,29
524,DOB,1961-09-07,1994
524,JobFunctionGroup,Labor & Site Work,Admin & Support
525,Age,75.12388774811772,29
525,DOB,1950-11-01,1994
525,JobFunctionGroup,Admin & Support,Finance & Analysis
525,TenureDays,1739,1023
526,Age,,29
526,DOB,,1994
526,JobFunctionGroup,Engineering,Finance & Analysis
526,TenureDays,1583,867
527,Age,79.0965092402464,29
527,DOB,1946-11-11,1994
527,JobFunctionGroup,Labor & Site Work,Admin & Support
527,TenureDays,1520,804
528,Age,,29
528,DOB,,1994
528,IsActive,False,True
528,JobFunctionGroup,Project / Site Management,Admin & Support
529,Age,28.95277207392197,29
529,DOB,1997-01-02,1994
529,IsActive,False,True
529,JobFunctionGroup,Project / Site Management,Admin & Support
530,Age,34.954140999315534,29
530,DOB,1991-01-02,1994
530,TenureDays,1443,727
531,Age,,29
531,DOB,,1994
531,JobFunctionGroup,Project / Site Management,Admin & Support
531,TenureDays,1911,1195
532,Age,,29
532,DOB,,1994
532,JobFunctionGroup,Project / Site Management,Other
533,Age,78.69952087611225,37
533,DOB,1947-04-05,1986
533,JobFunctionGroup,Labor & Site Work,Executive & Leadership
533,TenureDays,2684,1968
534,Age,,30
534,DOB,,1993
534,JobFunctionGroup,Field Operations,Executive & Leadership
534,TenureDays,991,275
535,Age,,29
535,DOB,,1994
535,JobFunctionGroup,Field Operations,Other
535,TenureDays,1742,1026
536,Age,,28
536,DOB,,1995
536,JobFunctionGroup,Project / Site Management,Finance & Analysis
536,TenureDays,2300,1584
537,Age,,28
537,DOB,,1995
537,JobFunctionGroup,Field Operations,Finance & Analysis
538,Age,27.123887748117728,28
538,DOB,1998-11-01,1995
538,JobFunctionGroup,Labor & Site Work,Engineering
538,TenureDays,2064,1348
539,Age,,29
539,DOB,,1994
539,JobFunctionGroup,Labor & Site Work,Engineering
540,Age,,29
540,DOB,,1994
540,IsActive,False,True
540,JobFunctionGroup,Admin & Support,Finance & Analysis
541,Age,,29
541,DOB,,1994
541,JobFunctionGroup,Engineering,Finance & Analysis
541,TenureDays,1760,1044
542,Age,,29
542,DOB,,1994
542,JobFunctionGroup,Field Operations,Admin & Support
542,TenureDays,1794,1078
543,Age,75.1047227926078,29
543,DOB,1950-11-08,1994
543,IsActive,False,True
543,JobFunctionGroup,Project / Site Management,Admin & Support
544,Age,,29
544,DOB,,1994
544,JobFunctionGroup,Field Operations,Admin & Support
544,TenureDays,1782,1066
545,Age,70.52703627652294,29
545,DOB,1955-06-07,1994
545,JobFunctionGroup,Project / Site Management,Admin & Support
545,TenureDays,1239,523
546,Age,,29
546,DOB,,1994
546,JobFunctionGroup,Labor & Site Work,Admin & Support
547,Age,39.93976728268309,29
547,DOB,1986-01-07,1994
547,JobFunctionGroup,Engineering,Other
548,Age,,37
548,DOB,,1986
548,JobFunctionGroup,Field Operations,Executive & Leadership
549,Age,,29
549,DOB,,1994
549,JobFunctionGroup,Labor & Site Work,Other
549,TenureDays,1516,800
550,Age,,28
550,DOB,,1995
550,JobFunctionGroup,Other,Finance & Analysis
550,TenureDays,2668,1952
551,Age,,28
551,DOB,,1995
551,JobFunctionGroup,Labor & Site Work,Finance & Analysis
551,TenureDays,1983,1267
552,Age,,28
552,DOB,,1995
552,JobFunctionGroup,Finance & Analysis,Engineering
553,Age,50.039698836413415,29
553,DOB,1975-12-02,1994
553,JobFunctionGroup,Project / Site Management,Finance & Analysis
553,TenureDays,2045,1329
554,Age,65.85626283367556,29
554,DOB,1960-02-07,1994
554,IsActive,False,True
554,JobFunctionGroup,Labor & Site Work,Finance & Analysis
555,Age,68.5119780971937,29
555,DOB,1957-06-12,1994
555,JobFunctionGroup,Labor & Site Work,Admin & Support
555,TenureDays,1225,509
556,Age,61.67830253251198,29
556,DOB,1964-04-12,1994
556,JobFunctionGroup,Field Operations,Admin & Support
556,TenureDays,1283,567
557,Age,,29
557,DOB,,1994
557,IsActive,False,True
557,JobFunctionGroup,Labor & Site Work,Admin & Support
558,Age,,29
558,DOB,,1994
558,JobFunctionGroup,Executive & Leadership,Admin & Support
559,Age,,29
559,DOB,,1994
559,JobFunctionGroup,Project / Site Management,Admin & Support
559,TenureDays,2107,1391
560,Age,43.62217659137577,29
560,DOB,1982-05-03,1994
560,JobFunctionGroup,Project / Site Management,Other
561,Age,,29
561,DOB,,1994
561,JobFunctionGroup,Maintenance & Logistics,Other
562,Age,,29
562,DOB,,1994
562,JobFunctionGroup,Project / Site Management,Other
562,TenureDays,1254,538
563,Age,,28
563,DOB,,1995
563,JobFunctionGroup,Health & Safety,Finance & Analysis
564,Age,51.77275838466804,28
564,DOB,1974-03-09,1995
564,JobFunctionGroup,Project / Site Management,Finance & Analysis
564,TenureDays,981,265
565,Age,,29
565,DOB,,1994
565,IsActive,False,True
565,JobFunctionGroup,Field Operations,Finance & Analysis
566,Age,,29
566,DOB,,1994
566,JobFunctionGroup,Project / Site Management,Finance & Analysis
566,TenureDays,1273,557
567,Age,38.85284052019165,29
567,DOB,1987-02-08,1994
567,JobFunctionGroup,Other,Finance & Analysis
567,TenureDays,1181,465
568,Age,79.02258726899385,29
568,DOB,1946-12-08,1994
568,IsActive,False,True
568,JobFunctionGroup,Project / Site Management,Admin & Support
569,Age,,29
569,DOB,,1994
569,JobFunctionGroup,Labor & Site Work,Admin & Support
569,TenureDays,1567,851
570,Age,79.03901437371663,29
570,DOB,1946-12-02,1994
570,JobFunctionGroup,Project / Site Management,Admin & Support
570,TenureDays,2345,1629
571,Age,,29
571,DOB,,1994
572,Age,82.87200547570157,29
572,DOB,1943-02-01,1994
572,JobFunctionGroup,Engineering,Admin & Support
573,Age,,29
573,DOB,,1994
573,JobFunctionGroup,Field Operations,Other
574,Age,,29
574,DOB,,1994
574,TenureDays,2301,1585
575,Age,75.44147843942505,29
575,DOB,1950-07-08,1994
575,IsActive,False,True
575,JobFunctionGroup,Project / Site Management,Engineering
576,Age,,29
576,DOB,,1994
576,IsActive,False,True
576,JobFunctionGroup,Project / Site Management,Engineering
577,Age,,29
577,DOB,,1994
577,IsActive,False,True
577,JobFunctionGroup,Project / Site Management,Engineering
578,Age,,29
578,DOB,,1994
578,JobFunctionGroup,Project / Site Management,Engineering
578,TenureDays,1187,471
579,Age,,29
579,DOB,,1994
579,IsActive,False,True
579,JobFunctionGroup,Admin & Support,Engineering
580,Age,,29
580,DOB,,1994
580,JobFunctionGroup,Field Operations,Engineering
581,Age,,29
581,DOB,,1994
581,IsActive,False,True
581,JobFunctionGroup,Project / Site Management,Engineering
582,Age,38.79534565366188,29
582,DOB,1987-03-01,1994
582,IsActive,False,True
582,JobFunctionGroup,Admin & Support,Engineering
583,Age,,29
583,DOB,,1994
583,JobFunctionGroup,Project / Site Management,Engineering
584,Age,,29
584,DOB,,1994
584,JobFunctionGroup,Project / Site Management,Engineering
585,Age,47.20328542094456,29
585,DOB,1978-10-03,1994
585,JobFunctionGroup,Admin & Support,Engineering
586,Age,,29
586,DOB,,1994
586,TenureDays,2043,1327
587,Age,,28
587,DOB,,1995
587,IsActive,False,True
587,JobFunctionGroup,Admin & Support,Project / Site Management
588,Age,64.03285420944559,28
588,DOB,1961-12-04,1995
588,JobFunctionGroup,Executive & Leadership,Project / Site Management
588,TenureDays,2570,1854
589,Age,69.7741273100616,29
589,DOB,1956-03-08,1994
589,IsActive,False,True
589,JobFunctionGroup,Maintenance & Logistics,Other
590,Age,78.45037645448323,29
590,DOB,1947-07-05,1994
590,IsActive,False,True
590,JobFunctionGroup,Labor & Site Work,Other
591,Age,,29
591,DOB,,1994
591,IsActive,False,True
591,JobFunctionGroup,Labor & Site Work,Other
592,Age,,29
592,DOB,,1994
593,Age,,29
593,DOB,,1994
593,JobFunctionGroup,Project / Site Management,Engineering
594,Age,,29
594,DOB,,1994
594,JobFunctionGroup,Finance & Analysis,Engineering
595,Age,63.51540041067762,29
595,DOB,1962-06-11,1994
595,TenureDays,1184,468
596,Age,33.6974674880219,28
596,DOB,1992-04-05,1995
596,IsActive,False,True
596,JobFunctionGroup,Admin & Support,Project / Site Management
597,Age,,28
597,DOB,,1995
597,IsActive,False,True
598,Age,,29
598,DOB,,1994
598,IsActive,False,True
598,JobFunctionGroup,Project / Site Management,Other
599,Age,75.10746064339493,29
599,DOB,1950-11-07,1994
599,IsActive,False,True
599,JobFunctionGroup,Engineering,Other
600,Age,,29
600,DOB,,1994
600,IsActive,False,True
600,JobFunctionGroup,Labor & Site Work,Other
601,Age,,29
601,DOB,,1994
601,JobFunctionGroup,Admin & Support,Engineering
602,Age,46.54346338124572,29
602,DOB,1979-06-01,1994
602,JobFunctionGroup,Other,Engineering
602,TenureDays,2058,1342
603,Age,70.44763860369609,29
603,DOB,1955-07-06,1994
603,JobFunctionGroup,Project / Site Management,Engineering
603,TenureDays,2240,1524
604,Age,,29
604,DOB,,1994
604,JobFunctionGroup,Field Operations,Engineering
604,TenureDays,1693,977
605,Age,71.46064339493498,29
605,DOB,1954-07-01,1994
605,IsActive,False,True
605,JobFunctionGroup,Labor & Site Work,Engineering
606,Age,,28
606,DOB,,1995
606,JobFunctionGroup,Field Operations,Project / Site Management
606,TenureDays,994,278
607,Age,48.02190280629706,28
607,DOB,1977-12-08,1995
607,TenureDays,2416,1700
608,Age,,29
608,DOB,,1994
608,JobFunctionGroup,Labor & Site Work,Other
608,TenureDays,1890,1174
609,Age,32.355920602327174,29
609,DOB,1993-08-08,1994
609,IsActive,False,True
609,JobFunctionGroup,Project / Site Management,Other
610,Age,,29
610,DOB,,1994
611,Age,54.620123203285424,29
611,DOB,1971-05-04,1994
611,JobFunctionGroup,Other,Engineering
611,TenureDays,1063,347
612,Age,,29
612,DOB,,1994
612,JobFunctionGroup,Admin & Support,Engineering
613,Age,,29
613,DOB,,1994
613,JobFunctionGroup,Field Operations,Engineering
614,Age,49.11430527036276,29
614,DOB,1976-11-04,1994
614,JobFunctionGroup,Admin & Support,Engineering
615,Age,,29
615,DOB,,1994
615,JobFunctionGroup,Field Operations,Engineering
615,TenureDays,1249,533
616,Age,,28
616,DOB,,1995
616,IsActive,False,True
616,JobFunctionGroup,Finance & Analysis,Project / Site Management
617,Age,,28
617,DOB,,1995
617,TenureDays,1918,1202
618,Age,62.51882272416153,29
618,DOB,1963-06-10,1994
618,IsActive,False,True
618,JobFunctionGroup,Project / Site Management,Other
619,Age,,29
619,DOB,,1994
619,JobFunctionGroup,Labor & Site Work,Engineering
620,Age,,29
620,DOB,,1994
620,JobFunctionGroup,Field Operations,Engineering
620,TenureDays,1480,764
621,Age,,29
621,DOB,,1994
621,JobFunctionGroup,Labor & Site Work,Engineering
621,TenureDays,2209,1493
622,Age,,29
622,DOB,,1994
622,JobFunctionGroup,Field Operations,Engineering
623,Age,32.4517453798768,29
623,DOB,1993-07-04,1994
623,JobFunctionGroup,Finance & Analysis,Engineering
623,TenureDays,1849,1133
624,Age,,29
624,DOB,,1994
624,IsActive,False,True
624,JobFunctionGroup,Field Operations,Engineering
625,Age,,28
625,DOB,,1995
625,IsActive,False,True
626,Age,,28
626,DOB,,1995
626,IsActive,False,True
627,Age,32.602327173169066,29
627,DOB,1993-05-10,1994
627,JobFunctionGroup,Project / Site Management,Engineering
627,TenureDays,1038,322
628,Age,,29
628,DOB,,1994
628,JobFunctionGroup,Labor & Site Work,Engineering
628,TenureDays,2656,1940
629,Age,82.29158110882958,29
629,DOB,1943-09-01,1994
629,JobFunctionGroup,Other,Engineering
629,TenureDays,1489,773
630,Age,,29
630,DOB,,1994
630,JobFunctionGroup,Project / Site Management,Engineering
630,TenureDays,899,183
631,Age,,29
631,DOB,,1994
631,JobFunctionGroup,Field Operations,Engineering
631,TenureDays,1338,622
632,Age,,29
632,DOB,,1994
632,TenureDays,962,246
633,Age,49.86173853524983,28
633,DOB,1976-02-05,1995
633,IsActive,False,True
634,Age,,28
634,DOB,,1995
634,JobFunctionGroup,Other,Project / Site Management
634,TenureDays,1122,406
635,Age,56.11772758384668,29
635,DOB,1969-11-03,1994
635,JobFunctionGroup,Project / Site Management,Engineering
636,Age,,29
636,DOB,,1994
636,JobFunctionGroup,Project / Site Management,Engineering
636,TenureDays,1638,922
637,Age,,29
637,DOB,,1994
637,JobFunctionGroup,Field Operations,Engineering
638,Age,,29
638,DOB,,1994
638,TenureDays,2667,1951
639,Age,,29
639,DOB,,1994
639,IsActive,False,True
639,JobFunctionGroup,Field Operations,Engineering
640,Age,77.02395619438741,29
640,DOB,1948-12-07,1994
640,JobFunctionGroup,Field Operations,Engineering
640,TenureDays,1858,1142
641,Age,,29
641,DOB,,1994
641,JobFunctionGroup,Project / Site Management,Engineering
641,TenureDays,1537,821
642,Age,,28
642,DOB,,1995
642,IsActive,False,True
643,Age,27.11567419575633,28
643,DOB,1998-11-04,1995
643,IsActive,False,True
644,Age,,29
644,DOB,,1994
644,JobFunctionGroup,Labor & Site Work,Engineering
645,Age,,29
645,DOB,,1994
645,JobFunctionGroup,Field Operations,Engineering
645,TenureDays,2546,1830
646,Age,,29
646,DOB,,1994
646,JobFunctionGroup,Project / Site Management,Engineering
646,TenureDays,2411,1695
647,Age,42.44216290212184,29
647,DOB,1983-07-08,1994
647,JobFunctionGroup,Labor & Site Work,Engineering
648,Age,,29
648,DOB,,1994
648,IsActive,False,True
649,Age,,29
649,DOB,,1994
649,IsActive,False,True
649,JobFunctionGroup,Admin & Support,Engineering
650,Age,33.60164271047228,29
650,DOB,1992-05-10,1994
650,JobFunctionGroup,Project / Site Management,Engineering
650,TenureDays,2509,1793
651,Age,,29
651,DOB,,1994
651,IsActive,False,True
651,JobFunctionGroup,Project / Site Management,Engineering
652,Age,25.68104038329911,28
652,DOB,2000-04-11,1995
652,IsActive,False,True
653,Age,37.36618754277892,28
653,DOB,1988-08-04,1995
653,JobFunctionGroup,Engineering,Project / Site Management
653,TenureDays,1858,1142
654,Age,,29
654,DOB,,1994
654,JobFunctionGroup,Labor & Site Work,Engineering
655,Age,49.78781656399726,29
655,DOB,1976-03-03,1994
655,IsActive,False,True
655,JobFunctionGroup,Field Operations,Engineering
656,Age,62.93497604380561,29
656,DOB,1963-01-09,1994
656,JobFunctionGroup,Project / Site Management,Engineering
656,TenureDays,870,154
657,Age,36.34496919917864,29
657,DOB,1989-08-12,1994
657,JobFunctionGroup,Admin & Support,Engineering
657,TenureDays,903,187
658,Age,73.76865160848733,29
658,DOB,1952-03-10,1994
658,JobFunctionGroup,Field Operations,Engineering
658,TenureDays,1360,644
659,Age,,29
659,DOB,,1994
659,IsActive,False,True
659,JobFunctionGroup,Project / Site Management,Engineering
660,Age,51.36481861738535,29
660,DOB,1974-08-05,1994
660,IsActive,False,True
660,JobFunctionGroup,Field Operations,Engineering
661,Age,34.691307323750856,29
661,DOB,1991-04-08,1994
661,IsActive,False,True
661,JobFunctionGroup,Project / Site Management,Engineering
662,Age,,29
662,DOB,,1994
662,IsActive,False,True
662,JobFunctionGroup,Labor & Site Work,Engineering
663,Age,,28
663,DOB,,1995
663,JobFunctionGroup,Field Operations,Project / Site Management
663,TenureDays,1079,363
664,Age,,29
664,DOB,,1994
664,IsActive,False,True
664,JobFunctionGroup,Project / Site Management,Field Operations
665,Age,,29
665,DOB,,1994
665,JobFunctionGroup,Admin & Support,Field Operations
665,TenureDays,1253,537
666,Age,,29
666,DOB,,1994
666,JobFunctionGroup,Engineering,Field Operations
666,TenureDays,1096,380
667,Age,,29
667,DOB,,1994
667,JobFunctionGroup,Project / Site Management,Field Operations
667,TenureDays,953,237
668,Age,,29
668,DOB,,1994
668,JobFunctionGroup,Engineering,Field Operations
668,TenureDays,984,268
669,Age,52.92813141683778,29
669,DOB,1973-01-11,1994
669,IsActive,False,True
669,JobFunctionGroup,Maintenance & Logistics,Field Operations
670,Age,26.37371663244353,29
670,DOB,1999-08-02,1994
670,IsActive,False,True
671,Age,32.930869267624914,29
671,DOB,1993-01-10,1994
671,JobFunctionGroup,Engineering,Field Operations
672,Age,,29
672,DOB,,1994
672,IsActive,False,True
672,JobFunctionGroup,Labor & Site Work,Field Operations
673,Age,61.60164271047228,29
673,DOB,1964-05-10,1994
673,JobFunctionGroup,Labor & Site Work,Field Operations
673,TenureDays,2079,1363
674,Age,,29
674,DOB,,1994
674,JobFunctionGroup,Engineering,Field Operations
674,TenureDays,1742,1026
675,Age,,29
675,DOB,,1994
675,JobFunctionGroup,Labor & Site Work,Field Operations
675,TenureDays,2326,1610
676,Age,68.70636550308008,29
676,DOB,1957-04-02,1994
676,JobFunctionGroup,Other,Field Operations
677,Age,,29
677,DOB,,1994
677,JobFunctionGroup,Project / Site Management,Field Operations
677,TenureDays,2375,1659
678,Age,77.18001368925394,29
678,DOB,1948-10-11,1994
679,Age,30.95687885010267,29
679,DOB,1995-01-01,1994
679,TenureDays,1581,865
680,Age,33.8507871321013,29
680,DOB,1992-02-09,1994
680,JobFunctionGroup,Labor & Site Work,Field Operations
680,TenureDays,2101,1385
681,Age,,29
681,DOB,,1994
681,JobFunctionGroup,Labor & Site Work,Field Operations
681,TenureDays,2518,1802
682,Age,44.20807665982204,29
682,DOB,1981-10-01,1994
682,JobFunctionGroup,Labor & Site Work,Field Operations
683,Age,38.61738535249829,29
683,DOB,1987-05-05,1994
683,JobFunctionGroup,Project / Site Management,Field Operations
683,TenureDays,1263,547
684,Age,,29
684,DOB,,1994
684,JobFunctionGroup,Other,Field Operations
685,Age,,29
685,DOB,,1994
685,JobFunctionGroup,Project / Site Management,Field Operations
685,TenureDays,1255,539
686,Age,49.28405201916495,29
686,DOB,1976-09-03,1994
686,TenureDays,1332,616
687,Age,,29
687,DOB,,1994
687,JobFunctionGroup,Labor & Site Work,Field Operations
687,TenureDays,2086,1370
688,Age,,29
688,DOB,,1994
688,TenureDays,2460,1744
689,Age,41.34976043805612,29
689,DOB,1984-08-10,1994
689,JobFunctionGroup,Admin & Support,Field Operations
690,Age,,29
690,DOB,,1994
691,Age,,29
691,DOB,,1994
691,IsActive,False,True
691,JobFunctionGroup,Project / Site Management,Field Operations
692,Age,,29
692,DOB,,1994
692,IsActive,False,True
692,JobFunctionGroup,Labor & Site Work,Field Operations
693,Age,,29
693,DOB,,1994
693,JobFunctionGroup,Admin & Support,Field Operations
693,TenureDays,1947,1231
694,Age,,28
694,DOB,,1995
694,JobFunctionGroup,Field Operations,Project / Site Management
694,TenureDays,1736,1020
695,Age,,28
695,DOB,,1995
695,IsActive,False,True
695,JobFunctionGroup,Field Operations,Project / Site Management
696,Age,60.10951403148528,28
696,DOB,1965-11-06,1995
696,JobFunctionGroup,Field Operations,Project / Site Management
696,TenureDays,1323,607
697,Age,,28
697,DOB,,1995
697,IsActive,False,True
697,JobFunctionGroup,Field Operations,Project / Site Management
698,Age,34.61738535249829,29
698,DOB,1991-05-05,1994
698,TenureDays,1517,801
699,Age,,29
699,DOB,,1994
699,JobFunctionGroup,Engineering,Field Operations
700,Age,,29
700,DOB,,1994
700,TenureDays,2485,1769
701,Age,,29
701,DOB,,1994
701,TenureDays,970,254
702,Age,,29
702,DOB,,1994
703,Age,,29
703,DOB,,1994
703,JobFunctionGroup,Internship,Field Operations
703,TenureDays,1819,1103
704,Age,,29
704,DOB,,1994
704,TenureDays,2454,1738
705,Age,62.11635865845312,29
705,DOB,1963-11-04,1994
705,JobFunctionGroup,Labor & Site Work,Field Operations
706,Age,,29
706,DOB,,1994
706,JobFunctionGroup,Engineering,Field Operations
707,Age,29.27310061601643,29
707,DOB,1996-09-07,1994
708,Age,,29
708,DOB,,1994
708,JobFunctionGroup,Executive & Leadership,Field Operations
708,TenureDays,1511,795
709,Age,,29
709,DOB,,1994
709,JobFunctionGroup,Other,Field Operations
709,TenureDays,990,274
710,Age,,29
710,DOB,,1994
710,JobFunctionGroup,Labor & Site Work,Field Operations
710,TenureDays,2393,1677
711,Age,42.37371663244353,29
711,DOB,1983-08-02,1994
711,IsActive,False,True
711,JobFunctionGroup,Project / Site Management,Field Operations
712,Age,72.68172484599589,29
712,DOB,1953-04-11,1994
712,IsActive,False,True
713,Age,37.347022587269,29
713,DOB,1988-08-11,1994
713,JobFunctionGroup,Engineering,Field Operations
713,TenureDays,1539,823
714,Age,,29
714,DOB,,1994
714,JobFunctionGroup,Other,Field Operations
714,TenureDays,1594,878
715,Age,33.097878165639976,28
715,DOB,1992-11-10,1995
715,TenureDays,867,151
716,Age,,28
716,DOB,,1995
716,IsActive,False,True
716,JobFunctionGroup,Field Operations,Project / Site Management
717,Age,,28
717,DOB,,1995
717,TenureDays,2256,1540
718,Age,77.78507871321013,29
718,DOB,1948-03-04,1994
718,JobFunctionGroup,Maintenance & Logistics,Field Operations
718,TenureDays,1909,1193
719,Age,62.09993155373032,29
719,DOB,1963-11-10,1994
719,JobFunctionGroup,Labor & Site Work,Field Operations
719,TenureDays,863,147
720,Age,,29
720,DOB,,1994
721,Age,,29
721,DOB,,1994
721,JobFunctionGroup,Project / Site Management,Field Operations
721,TenureDays,2497,1781
722,Age,,29
722,DOB,,1994
722,JobFunctionGroup,Other,Field Operations
722,TenureDays,1370,654
723,Age,44.70362765229295,29
723,DOB,1981-04-03,1994
723,TenureDays,1959,1243
724,Age,,29
724,DOB,,1994
724,JobFunctionGroup,Labor & Site Work,Field Operations
724,TenureDays,1211,495
725,Age,62.20670773442848,29
725,DOB,1963-10-02,1994
725,JobFunctionGroup,Engineering,Field Operations
725,TenureDays,1069,353
726,Age,,29
726,DOB,,1994
726,JobFunctionGroup,Labor & Site Work,Field Operations
727,Age,38.12457221081451,29
727,DOB,1987-11-01,1994
727,JobFunctionGroup,Labor & Site Work,Field Operations
728,Age,74.11088295687885,29
728,DOB,1951-11-06,1994
728,JobFunctionGroup,Admin & Support,Field Operations
729,Age,,29
729,DOB,,1994
729,JobFunctionGroup,Project / Site Management,Field Operations
730,Age,,29
730,DOB,,1994
730,JobFunctionGroup,Project / Site Management,Field Operations
730,TenureDays,2501,1785
731,Age,67.45242984257358,29
731,DOB,1958-07-04,1994
732,Age,46.53798767967146,29
732,DOB,1979-06-03,1994
732,JobFunctionGroup,Other,Field Operations
732,TenureDays,968,252
733,Age,49.26488706365503,29
733,DOB,1976-09-10,1994
733,IsActive,False,True
733,JobFunctionGroup,Labor & Site Work,Field Operations
734,Age,,29
734,DOB,,1994
734,JobFunctionGroup,Admin & Support,Field Operations
734,TenureDays,2011,1295
735,Age,,29
735,DOB,,1994
735,IsActive,False,True
735,JobFunctionGroup,Labor & Site Work,Field Operations
736,Age,29.856262833675565,28
736,DOB,1996-02-07,1995
736,TenureDays,1094,378
737,Age,,28
737,DOB,,1995
737,TenureDays,2462,1746
738,Age,27.26899383983573,28
738,DOB,1998-09-09,1995
738,JobFunctionGroup,Labor & Site Work,Project / Site Management
738,TenureDays,1772,1056
739,Age,,29
739,DOB,,1994
739,JobFunctionGroup,Project / Site Management,Field Operations
739,TenureDays,1289,573
740,Age,70.29158110882958,29
740,DOB,1955-09-01,1994
740,JobFunctionGroup,Labor & Site Work,Field Operations
740,TenureDays,1506,790
741,Age,74.93223819301848,29
741,DOB,1951-01-10,1994
741,JobFunctionGroup,Admin & Support,Field Operations
741,TenureDays,1062,346
742,Age,,29
742,DOB,,1994
742,TenureDays,1965,1249
743,Age,,29
743,DOB,,1994
743,JobFunctionGroup,Labor & Site Work,Field Operations
743,TenureDays,884,168
744,Age,,29
744,DOB,,1994
744,JobFunctionGroup,Labor & Site Work,Field Operations
744,TenureDays,1279,563
745,Age,,29
745,DOB,,1994
745,JobFunctionGroup,Engineering,Field Operations
746,Age,,29
746,DOB,,1994
746,JobFunctionGroup,Project / Site Management,Field Operations
747,Age,52.0164271047228,29
747,DOB,1973-12-10,1994
747,JobFunctionGroup,Project / Site Management,Field Operations
748,Age,29.36618754277892,29
748,DOB,1996-08-04,1994
748,JobFunctionGroup,Labor & Site Work,Field Operations
749,Age,,29
749,DOB,,1994
749,JobFunctionGroup,Project / Site Management,Field Operations
749,TenureDays,1144,428
750,Age,57.44558521560575,29
750,DOB,1968-07-06,1994
750,TenureDays,1975,1259
751,Age,66.61190965092402,29
751,DOB,1959-05-07,1994
751,JobFunctionGroup,Labor & Site Work,Field Operations
752,Age,35.27173169062286,29
752,DOB,1990-09-08,1994
752,JobFunctionGroup,Project / Site Management,Field Operations
752,TenureDays,1249,533
753,Age,,29
753,DOB,,1994
753,JobFunctionGroup,Labor & Site Work,Field Operations
753,TenureDays,1995,1279
754,Age,,29
754,DOB,,1994
754,JobFunctionGroup,Labor & Site Work,Field Operations
754,TenureDays,1647,931
755,Age,52.01916495550992,29
755,DOB,1973-12-09,1994
755,IsActive,False,True
755,JobFunctionGroup,Other,Field Operations
756,Age,,29
756,DOB,,1994
756,TenureDays,1412,696
757,Age,74.2094455852156,29
757,DOB,1951-10-01,1994
757,IsActive,False,True
757,JobFunctionGroup,Project / Site Management,Field Operations
758,Age,,28
758,DOB,,1995
758,JobFunctionGroup,Engineering,Project / Site Management
758,TenureDays,2560,1844
759,Age,,28
759,DOB,,1995
759,JobFunctionGroup,Other,Project / Site Management
759,TenureDays,1749,1033
760,Age,,28
760,DOB,,1995
760,TenureDays,1626,910
761,Age,,29
761,DOB,,1994
761,JobFunctionGroup,Finance & Analysis,Field Operations
762,Age,37.776865160848736,29
762,DOB,1988-03-07,1994
762,JobFunctionGroup,Engineering,Field Operations
763,Age,,29
763,DOB,,1994
763,JobFunctionGroup,Project / Site Management,Field Operations
764,Age,,29
764,DOB,,1994
764,JobFunctionGroup,Finance & Analysis,Field Operations
764,TenureDays,2214,1498
765,Age,37.02395619438741,29
765,DOB,1988-12-07,1994
765,TenureDays,1180,464
766,Age,,29
766,DOB,,1994
766,JobFunctionGroup,Project / Site Management,Field Operations
767,Age,72.77481177275838,29
767,DOB,1953-03-08,1994
767,JobFunctionGroup,Project / Site Management,Field Operations
768,Age,,29
768,DOB,,1994
768,JobFunctionGroup,Project / Site Management,Field Operations
769,Age,47.10746064339494,29
769,DOB,1978-11-07,1994
769,JobFunctionGroup,Admin & Support,Field Operations
769,TenureDays,2474,1758
770,Age,67.51266255989049,29
770,DOB,1958-06-12,1994
770,JobFunctionGroup,Admin & Support,Field Operations
770,TenureDays,2012,1296
771,Age,,29
771,DOB,,1994
771,JobFunctionGroup,Labor & Site Work,Field Operations
771,TenureDays,2520,1804
772,Age,,29
772,DOB,,1994
772,JobFunctionGroup,Labor & Site Work,Field Operations
772,TenureDays,1830,1114
773,Age,48.18891170431211,29
773,DOB,1977-10-08,1994
773,JobFunctionGroup,Labor & Site Work,Field Operations
773,TenureDays,1329,613
774,Age,,29
774,DOB,,1994
774,JobFunctionGroup,Labor & Site Work,Field Operations
775,Age,,29
775,DOB,,1994
775,JobFunctionGroup,Admin & Support,Field Operations
776,Age,,29
776,DOB,,1994
776,JobFunctionGroup,Engineering,Field Operations
776,TenureDays,2656,1940
777,Age,,29
777,DOB,,1994
777,IsActive,False,True
777,JobFunctionGroup,Executive & Leadership,Field Operations
778,Age,69.61806981519507,29
778,DOB,1956-05-04,1994
778,JobFunctionGroup,Maintenance & Logistics,Field Operations
778,TenureDays,1972,1256
779,Age,,29
779,DOB,,1994
779,IsActive,False,True
779,JobFunctionGroup,Engineering,Field Operations
780,Age,69.44010951403149,29
780,DOB,1956-07-08,1994
780,JobFunctionGroup,Labor & Site Work,Field Operations
780,TenureDays,2268,1552
781,Age,,28
781,DOB,,1995
781,IsActive,False,True
781,JobFunctionGroup,Labor & Site Work,Project / Site Management
782,Age,26.535249828884325,28
782,DOB,1999-06-04,1995
782,TenureDays,930,214
783,Age,,28
783,DOB,,1995
783,IsActive,False,True
783,JobFunctionGroup,Other,Project / Site Management
784,Age,44.01368925393566,29
784,DOB,1981-12-11,1994
784,JobFunctionGroup,Other,Field Operations
785,Age,,29
785,DOB,,1994
785,JobFunctionGroup,Project / Site Management,Field Operations
786,Age,,29
786,DOB,,1994
786,JobFunctionGroup,Project / Site Management,Field Operations
786,TenureDays,2123,1407
787,Age,,29
787,DOB,,1994
787,JobFunctionGroup,Other,Field Operations
787,TenureDays,1403,687
788,Age,,29
788,DOB,,1994
788,JobFunctionGroup,Labor & Site Work,Field Operations
788,TenureDays,2133,1417
789,Age,,29
789,DOB,,1994
790,Age,,29
790,DOB,,1994
790,JobFunctionGroup,Executive & Leadership,Field Operations
791,Age,,29
791,DOB,,1994
791,JobFunctionGroup,Other,Field Operations
791,TenureDays,2542,1826
792,Age,51.84941820670773,29
792,DOB,1974-02-09,1994
792,JobFunctionGroup,Engineering,Field Operations
793,Age,,29
793,DOB,,1994
793,JobFunctionGroup,Executive & Leadership,Field Operations
794,Age,58.68856947296372,29
794,DOB,1967-04-09,1994
794,JobFunctionGroup,Project / Site Management,Field Operations
795,Age,,29
795,DOB,,1994
795,JobFunctionGroup,HR / Talent,Field Operations
796,Age,,29
796,DOB,,1994
796,JobFunctionGroup,Engineering,Field Operations
796,TenureDays,1785,1069
797,Age,,29
797,DOB,,1994
797,JobFunctionGroup,Admin & Support,Field Operations
798,Age,,29
798,DOB,,1994
798,JobFunctionGroup,Finance & Analysis,Field Operations
798,TenureDays,946,230
799,Age,,29
799,DOB,,1994
799,TenureDays,910,194
800,Age,,29
800,DOB,,1994
800,IsActive,False,True
800,JobFunctionGroup,Engineering,Field Operations
801,Age,31.039014373716636,29
801,DOB,1994-12-02,1994
801,JobFunctionGroup,Engineering,Field Operations
801,TenureDays,1569,853
802,Age,,29
802,DOB,,1994
802,TenureDays,2150,1434
803,Age,,29
803,DOB,,1994
803,JobFunctionGroup,Labor & Site Work,Field Operations
803,TenureDays,1383,667
804,Age,31.20328542094456,28
804,DOB,1994-10-03,1995
804,JobFunctionGroup,Labor & Site Work,Project / Site Management
804,TenureDays,2110,1394
805,Age,,28
805,DOB,,1995
805,JobFunctionGroup,Admin & Support,Project / Site Management
805,TenureDays,2098,1382
806,Age,33.609856262833674,29
806,DOB,1992-05-07,1994
806,JobFunctionGroup,Project / Site Management,Field Operations
806,TenureDays,1242,526
807,Age,,29
807,DOB,,1994
807,JobFunctionGroup,Executive & Leadership,Field Operations
808,Age,,29
808,DOB,,1994
808,JobFunctionGroup,Admin & Support,Field Operations
808,TenureDays,2072,1356
809,Age,79.01437371663245,29
809,DOB,1946-12-11,1994
809,JobFunctionGroup,Labor & Site Work,Field Operations
810,Age,,29
810,DOB,,1994
810,JobFunctionGroup,Engineering,Field Operations
811,Age,57.25941136208077,29
811,DOB,1968-09-12,1994
811,JobFunctionGroup,Engineering,Field Operations
812,Age,24.438056125941134,29
812,DOB,2001-07-09,1994
813,Age,40.681724845995895,29
813,DOB,1985-04-11,1994
813,JobFunctionGroup,Project / Site Management,Field Operations
813,TenureDays,2098,1382
814,Age,,29
814,DOB,,1994
814,JobFunctionGroup,Labor & Site Work,Field Operations
815,Age,,29
815,DOB,,1994
815,JobFunctionGroup,Project / Site Management,Field Operations
815,TenureDays,967,251
816,Age,46.77891854893908,29
816,DOB,1979-03-07,1994
816,JobFunctionGroup,Project / Site Management,Field Operations
816,TenureDays,2021,1305
817,Age,71.84394250513347,29
817,DOB,1954-02-11,1994
817,TenureDays,1303,587
818,Age,64.86516084873374,29
818,DOB,1961-02-03,1994
818,TenureDays,2405,1689
819,Age,,29
819,DOB,,1994
819,JobFunctionGroup,Executive & Leadership,Field Operations
820,Age,,29
820,DOB,,1994
820,JobFunctionGroup,Project / Site Management,Field Operations
820,TenureDays,2479,1763
821,Age,37.267624914442166,29
821,DOB,1988-09-09,1994
821,IsActive,False,True
822,Age,,29
822,DOB,,1994
822,IsActive,False,True
822,JobFunctionGroup,Other,Field Operations
823,Age,35.02258726899384,29
823,DOB,1990-12-08,1994
823,TenureDays,2658,1942
824,Age,77.782340862423,29
824,DOB,1948-03-05,1994
824,JobFunctionGroup,Labor & Site Work,Field Operations
824,TenureDays,2639,1923
825,Age,,28
825,DOB,,1995
825,IsActive,False,True
825,JobFunctionGroup,Field Operations,Project / Site Management
826,Age,,28
826,DOB,,1995
826,IsActive,False,True
826,JobFunctionGroup,Engineering,Project / Site Management
827,Age,75.52635181382615,29
827,DOB,1950-06-07,1994
827,JobFunctionGroup,Labor & Site Work,Field Operations
827,TenureDays,2003,1287
828,Age,,29
828,DOB,,1994
828,JobFunctionGroup,Labor & Site Work,Field Operations
829,Age,,29
829,DOB,,1994
829,JobFunctionGroup,Labor & Site Work,Field Operations
829,TenureDays,2169,1453
830,Age,47.10746064339494,29
830,DOB,1978-11-07,1994
830,JobFunctionGroup,Engineering,Field Operations
830,TenureDays,1522,806
831,Age,,29
831,DOB,,1994
831,JobFunctionGroup,Project / Site Management,Field Operations
831,TenureDays,1266,550
832,Age,,29
832,DOB,,1994
832,JobFunctionGroup,Labor & Site Work,Field Operations
833,Age,,29
833,DOB,,1994
833,JobFunctionGroup,Project / Site Management,Field Operations
833,TenureDays,2679,1963
834,Age,,29
834,DOB,,1994
834,JobFunctionGroup,Labor & Site Work,Field Operations
834,TenureDays,2181,1465
835,Age,,29
835,DOB,,1994
835,JobFunctionGroup,Engineering,Field Operations
836,Age,,29
836,DOB,,1994
836,JobFunctionGroup,Project / Site Management,Field Operations
836,TenureDays,1153,437
837,Age,,29
837,DOB,,1994
837,JobFunctionGroup,Executive & Leadership,Field Operations
837,TenureDays,2496,1780
838,Age,,29
838,DOB,,1994
838,JobFunctionGroup,Labor & Site Work,Field Operations
839,Age,54.70225872689939,29
839,DOB,1971-04-04,1994
839,JobFunctionGroup,Project / Site Management,Field Operations
840,Age,54.26420260095825,29
840,DOB,1971-09-11,1994
840,IsActive,False,True
841,Age,,29
841,DOB,,1994
841,TenureDays,1025,309
842,Age,,29
842,DOB,,1994
842,JobFunctionGroup,Labor & Site Work,Field Operations
842,TenureDays,1211,495
843,Age,,29
843,DOB,,1994
843,IsActive,False,True
843,JobFunctionGroup,Labor & Site Work,Field Operations
844,Age,,29
844,DOB,,1994
844,JobFunctionGroup,Project / Site Management,Field Operations
844,TenureDays,2060,1344
845,Age,,29
845,DOB,,1994
845,IsActive,False,True
845,JobFunctionGroup,Project / Site Management,Field Operations
846,Age,,28
846,DOB,,1995
846,IsActive,False,True
847,Age,50.11088295687885,28
847,DOB,1975-11-06,1995
847,JobFunctionGroup,Engineering,Project / Site Management
847,TenureDays,1120,404
848,Age,,29
848,DOB,,1994
848,JobFunctionGroup,Other,Field Operations
848,TenureDays,1162,446
849,Age,,29
849,DOB,,1994
849,JobFunctionGroup,Admin & Support,Field Operations
849,TenureDays,2180,1464
850,Age,41.60164271047228,29
850,DOB,1984-05-10,1994
850,TenureDays,2441,1725
851,Age,,29
851,DOB,,1994
851,JobFunctionGroup,Labor & Site Work,Field Operations
851,TenureDays,1877,1161
852,Age,,29
852,DOB,,1994
853,Age,,29
853,DOB,,1994
853,JobFunctionGroup,Admin & Support,Field Operations
853,TenureDays,1434,718
854,Age,,29
854,DOB,,1994
854,JobFunctionGroup,Admin & Support,Field Operations
855,Age,,29
855,DOB,,1994
855,JobFunctionGroup,Admin & Support,Field Operations
856,Age,,29
856,DOB,,1994
856,JobFunctionGroup,Engineering,Field Operations
856,TenureDays,1800,1084
857,Age,,29
857,DOB,,1994
857,JobFunctionGroup,Project / Site Management,Field Operations
857,TenureDays,2200,1484
858,Age,,29
858,DOB,,1994
858,JobFunctionGroup,Project / Site Management,Field Operations
858,TenureDays,1542,826
859,Age,,29
859,DOB,,1994
860,Age,,29
860,DOB,,1994
861,Age,,29
861,DOB,,1994
861,IsActive,False,True
862,Age,83.46064339493498,29
862,DOB,1942-07-01,1994
862,JobFunctionGroup,Admin & Support,Field Operations
862,TenureDays,2343,1627
863,Age,,29
863,DOB,,1994
863,JobFunctionGroup,Admin & Support,Field Operations
863,TenureDays,1708,992
864,Age,37.76317590691308,29
864,DOB,1988-03-12,1994
864,IsActive,False,True
864,JobFunctionGroup,Project / Site Management,Field Operations
865,Age,,29
865,DOB,,1994
865,JobFunctionGroup,Engineering,Field Operations
865,TenureDays,2607,1891
866,Age,,29
866,DOB,,1994
866,IsActive,False,True
867,Age,,28
867,DOB,,1995
867,IsActive,False,True
867,JobFunctionGroup,Labor & Site Work,Project / Site Management
868,Age,,29
868,DOB,,1994
868,JobFunctionGroup,Labor & Site Work,Field Operations
868,TenureDays,1647,931
869,Age,,29
869,DOB,,1994
869,JobFunctionGroup,Admin & Support,Field Operations
870,Age,57.35523613963039,29
870,DOB,1968-08-08,1994
871,Age,42.770704996577685,29
871,DOB,1983-03-10,1994
871,JobFunctionGroup,Labor & Site Work,Field Operations
871,TenureDays,1025,309
872,Age,72.18343600273785,29
872,DOB,1953-10-10,1994
872,JobFunctionGroup,Project / Site Management,Field Operations
872,TenureDays,2093,1377
873,Age,58.28062970568104,29
873,DOB,1967-09-05,1994
873,JobFunctionGroup,Labor & Site Work,Field Operations
873,TenureDays,1648,932
874,Age,,29
874,DOB,,1994
875,Age,25.45653661875428,29
875,DOB,2000-07-02,1994
875,JobFunctionGroup,Labor & Site Work,Field Operations
876,Age,68.870636550308,29
876,DOB,1957-02-01,1994
876,JobFunctionGroup,Admin & Support,Field Operations
876,TenureDays,2041,1325
877,Age,,29
877,DOB,,1994
877,JobFunctionGroup,Health & Safety,Field Operations
877,TenureDays,1057,341
878,Age,,29
878,DOB,,1994
878,JobFunctionGroup,Labor & Site Work,Field Operations
879,Age,28.358658453114305,29
879,DOB,1997-08-07,1994
879,JobFunctionGroup,Project / Site Management,Field Operations
879,TenureDays,1705,989
880,Age,,29
880,DOB,,1994
880,JobFunctionGroup,Executive & Leadership,Field Operations
881,Age,45.20191649555099,29
881,DOB,1980-10-03,1994
881,IsActive,False,True
881,JobFunctionGroup,Project / Site Management,Field Operations
882,Age,,29
882,DOB,,1994
882,TenureDays,1947,1231
883,Age,37.84531143052703,29
883,DOB,1988-02-11,1994
883,IsActive,False,True
884,Age,,29
884,DOB,,1994
884,IsActive,False,True
884,JobFunctionGroup,Other,Field Operations
885,Age,28.35318275154004,29
885,DOB,1997-08-09,1994
885,TenureDays,1711,995
886,Age,68.03285420944559,29
886,DOB,1957-12-04,1994
886,TenureDays,973,257
887,Age,,29
887,DOB,,1994
887,IsActive,False,True
888,Age,,28
888,DOB,,1995
888,JobFunctionGroup,Other,Finance & Analysis
888,TenureDays,1893,1177
889,Age,,37
889,DOB,,1986
889,IsActive,False,True
889,JobFunctionGroup,Project / Site Management,Executive & Leadership
890,Age,,28
890,DOB,,1995
890,IsActive,False,True
890,JobFunctionGroup,Field Operations,Finance & Analysis
891,Age,,30
891,DOB,,1993
891,IsActive,False,True
891,JobFunctionGroup,Labor & Site Work,Admin & Support
892,Age,,29
892,DOB,,1994
892,IsActive,False,True
892,JobFunctionGroup,Internship,Finance & Analysis
893,Age,42.27789185489391,30
893,DOB,1983-09-06,1993
893,JobFunctionGroup,Finance & Analysis,Admin & Support
893,TenureDays,2548,1832
894,Age,,29
894,DOB,,1994
894,IsActive,False,True
894,JobFunctionGroup,Executive & Leadership,Finance & Analysis
895,Age,,29
895,DOB,,1994
895,IsActive,False,True
895,JobFunctionGroup,Executive & Leadership,Finance & Analysis
896,Age,,30
896,DOB,,1993
896,JobFunctionGroup,Project / Site Management,Admin & Support
896,TenureDays,1106,390
897,Age,,29
897,DOB,,1994
897,JobFunctionGroup,Labor & Site Work,Finance & Analysis
897,TenureDays,1607,891
898,Age,43.6249144421629,29
898,DOB,1982-05-02,1994
898,JobFunctionGroup,Engineering,Finance & Analysis
898,TenureDays,2222,1506
899,Age,,28
899,DOB,,1995
899,IsActive,False,True
899,JobFunctionGroup,Finance & Analysis,Engineering
900,Age,,28
900,DOB,,1995
900,TenureDays,2528,1812
901,Age,,28
901,DOB,,1995
901,IsActive,False,True
901,JobFunctionGroup,Executive & Leadership,Engineering
902,Age,67.12388774811772,29
902,DOB,1958-11-01,1994
902,IsActive,False,True
902,JobFunctionGroup,Labor & Site Work,Engineering
903,Age,35.794661190965094,29
903,DOB,1990-03-01,1994
903,IsActive,False,True
903,JobFunctionGroup,Other,Finance & Analysis
904,Age,,29
904,DOB,,1994
904,JobFunctionGroup,Internship,Finance & Analysis
904,TenureDays,1588,872
905,Age,,28
905,DOB,,1995
905,JobFunctionGroup,Project / Site Management,Engineering
905,TenureDays,866,150
906,Age,,28
906,DOB,,1995
906,JobFunctionGroup,Labor & Site Work,Engineering
906,TenureDays,1373,657
907,Age,,28
907,DOB,,1995
907,IsActive,False,True
907,JobFunctionGroup,Labor & Site Work,Engineering
908,Age,,29
908,DOB,,1994
908,JobFunctionGroup,Field Operations,Engineering
908,TenureDays,1507,791
909,Age,,29
909,DOB,,1994
909,IsActive,False,True
909,JobFunctionGroup,Field Operations,Finance & Analysis
910,Age,,29
910,DOB,,1994
910,IsActive,False,True
910,JobFunctionGroup,Project / Site Management,Finance & Analysis
911,Age,,28
911,DOB,,1995
911,JobFunctionGroup,Maintenance & Logistics,Engineering
911,TenureDays,1903,1187
912,Age,,28
912,DOB,,1995
912,IsActive,False,True
912,JobFunctionGroup,Project / Site Management,Engineering
913,Age,,28
913,DOB,,1995
913,IsActive,False,True
914,Age,,28
914,DOB,,1995
914,TenureDays,1504,788
915,Age,,29
915,DOB,,1994
915,IsActive,False,True
915,JobFunctionGroup,Field Operations,Finance & Analysis
916,Age,,29
916,DOB,,1994
916,IsActive,False,True
916,JobFunctionGroup,Project / Site Management,Finance & Analysis
917,Age,,29
917,DOB,,1994
917,JobFunctionGroup,Project / Site Management,Finance & Analysis
917,TenureDays,1183,467
918,Age,,28
918,DOB,,1995
918,TenureDays,1054,338
919,Age,,28
919,DOB,,1995
919,IsActive,False,True
919,JobFunctionGroup,Labor & Site Work,Engineering
920,Age,,28
920,DOB,,1995
920,IsActive,False,True
920,JobFunctionGroup,Project / Site Management,Engineering
921,Age,,28
921,DOB,,1995
922,Age,,29
922,DOB,,1994
922,IsActive,False,True
922,JobFunctionGroup,Project / Site Management,Finance & Analysis
923,Age,57.11978097193703,29
923,DOB,1968-11-02,1994
923,JobFunctionGroup,Labor & Site Work,Finance & Analysis
923,TenureDays,1383,667
924,Age,27.78370978781657,29
924,DOB,1998-03-05,1994
924,JobFunctionGroup,Field Operations,Finance & Analysis
924,TenureDays,1724,1008
925,Age,,28
925,DOB,,1995
925,IsActive,False,True
925,JobFunctionGroup,Field Operations,Engineering
926,Age,79.78644763860369,28
926,DOB,1946-03-04,1995
926,IsActive,False,True
926,JobFunctionGroup,Project / Site Management,Engineering
927,Age,66.61190965092402,28
927,DOB,1959-05-07,1995
927,JobFunctionGroup,Other,Engineering
928,Age,,30
928,DOB,,1993
928,IsActive,False,True
928,JobFunctionGroup,Project / Site Management,Admin & Support
929,Age,37.51129363449692,29
929,DOB,1988-06-12,1994
929,IsActive,False,True
929,JobFunctionGroup,Engineering,Finance & Analysis
930,Age,53.451060917180016,29
930,DOB,1972-07-04,1994
930,IsActive,False,True
930,JobFunctionGroup,Executive & Leadership,Finance & Analysis
931,Age,,29
931,DOB,,1994
931,IsActive,False,True
931,JobFunctionGroup,Labor & Site Work,Finance & Analysis
932,Age,,28
932,DOB,,1995
932,JobFunctionGroup,Project / Site Management,Engineering
932,TenureDays,2516,1800
933,Age,,28
933,DOB,,1995
933,JobFunctionGroup,Field Operations,Engineering
933,TenureDays,1569,853
934,Age,,28
934,DOB,,1995
934,JobFunctionGroup,Project / Site Management,Finance & Analysis
935,Age,42.182067077344286,30
935,DOB,1983-10-11,1993
935,IsActive,False,True
935,JobFunctionGroup,Field Operations,Admin & Support
936,Age,,29
936,DOB,,1994
936,JobFunctionGroup,Labor & Site Work,Finance & Analysis
936,TenureDays,872,156
937,Age,,29
937,DOB,,1994
937,IsActive,False,True
937,JobFunctionGroup,Admin & Support,Finance & Analysis
938,Age,,29
938,DOB,,1994
938,JobFunctionGroup,Field Operations,Finance & Analysis
938,TenureDays,2337,1621
939,Age,,28
939,DOB,,1995
939,IsActive,False,True
939,JobFunctionGroup,Labor & Site Work,Engineering
940,Age,35.34565366187543,28
940,DOB,1990-08-12,1995
940,JobFunctionGroup,Project / Site Management,Engineering
940,TenureDays,1897,1181
941,Age,,28
941,DOB,,1995
941,TenureDays,2082,1366
942,Age,,30
942,DOB,,1993
942,JobFunctionGroup,Project / Site Management,Admin & Support
942,TenureDays,1726,1010
943,Age,,30
943,DOB,,1993
943,JobFunctionGroup,Other,Admin & Support
943,TenureDays,1307,591
944,Age,68.61054072553046,29
944,DOB,1957-05-07,1994
944,IsActive,False,True
944,JobFunctionGroup,Field Operations,Finance & Analysis
945,Age,,29
945,DOB,,1994
945,JobFunctionGroup,Project / Site Management,Finance & Analysis
945,TenureDays,1118,402
946,Age,,29
946,DOB,,1994
946,IsActive,False,True
946,JobFunctionGroup,Labor & Site Work,Finance & Analysis
947,Age,83.26078028747433,28
947,DOB,1942-09-12,1995
947,JobFunctionGroup,Project / Site Management,Engineering
947,TenureDays,2354,1638
948,Age,26.444900752908968,28
948,DOB,1999-07-07,1995
948,JobFunctionGroup,Internship,Finance & Analysis
948,TenureDays,1616,900
949,Age,67.02258726899385,30
949,DOB,1958-12-08,1993
949,IsActive,False,True
949,JobFunctionGroup,Project / Site Management,Admin & Support
950,Age,,30
950,DOB,,1993
950,IsActive,False,True
950,JobFunctionGroup,Field Operations,Admin & Support
951,Age,50.78165639972622,29
951,DOB,1975-03-06,1994
951,JobFunctionGroup,Engineering,Finance & Analysis
951,TenureDays,1282,566
952,Age,,29
952,DOB,,1994
952,JobFunctionGroup,Project / Site Management,Finance & Analysis
952,TenureDays,1058,342
953,Age,72.61875427789185,29
953,DOB,1953-05-04,1994
953,JobFunctionGroup,Labor & Site Work,Finance & Analysis
953,TenureDays,1927,1211
954,Age,25.12251882272416,28
954,DOB,2000-11-01,1995
954,JobFunctionGroup,Project / Site Management,Engineering
954,TenureDays,1156,440
955,Age,,28
955,DOB,,1995
955,JobFunctionGroup,Project / Site Management,Finance & Analysis
955,TenureDays,2384,1668
956,Age,31.184120465434635,28
956,DOB,1994-10-10,1995
956,IsActive,False,True
956,JobFunctionGroup,Field Operations,Finance & Analysis
957,Age,69.76317590691308,30
957,DOB,1956-03-12,1993
957,IsActive,False,True
957,JobFunctionGroup,Labor & Site Work,Admin & Support
958,Age,59.605749486652975,30
958,DOB,1966-05-09,1993
958,JobFunctionGroup,Labor & Site Work,Admin & Support
958,TenureDays,2026,1310
959,Age,,29
959,DOB,,1994
959,IsActive,False,True
959,JobFunctionGroup,Field Operations,Finance & Analysis
960,Age,,29
960,DOB,,1994
960,IsActive,False,True
960,JobFunctionGroup,Labor & Site Work,Finance & Analysis
961,Age,,29
961,DOB,,1994
961,IsActive,False,True
961,JobFunctionGroup,Project / Site Management,Finance & Analysis
962,Age,63.096509240246405,29
962,DOB,1962-11-11,1994
962,JobFunctionGroup,Project / Site Management,Field Operations
962,TenureDays,2241,1525
963,Age,,29
963,DOB,,1994
963,TenureDays,2531,1815
964,Age,,29
964,DOB,,1994
964,JobFunctionGroup,Project / Site Management,Field Operations
964,TenureDays,2084,1368
965,Age,,29
965,DOB,,1994
965,IsActive,False,True
966,Age,,29
966,DOB,,1994
966,IsActive,False,True
966,JobFunctionGroup,Labor & Site Work,Field Operations
967,Age,,29
967,DOB,,1994
967,JobFunctionGroup,Labor & Site Work,Field Operations
967,TenureDays,2523,1807
968,Age,,29
968,DOB,,1994
968,JobFunctionGroup,Labor & Site Work,Field Operations
969,Age,69.27310061601642,29
969,DOB,1956-09-07,1994
969,IsActive,False,True
969,JobFunctionGroup,Engineering,Field Operations
970,Age,,29
970,DOB,,1994
970,IsActive,False,True
970,JobFunctionGroup,Labor & Site Work,Field Operations
971,Age,53.01026694045174,29
971,DOB,1972-12-12,1994
971,IsActive,False,True
971,JobFunctionGroup,Admin & Support,Field Operations
972,Age,,29
972,DOB,,1994
972,JobFunctionGroup,Project / Site Management,Field Operations
972,TenureDays,915,199
973,Age,70.70499657768652,29
973,DOB,1955-04-03,1994
973,IsActive,False,True
973,JobFunctionGroup,Labor & Site Work,Field Operations
974,Age,,29
974,DOB,,1994
974,TenureDays,2538,1822
975,Age,37.177275838466805,29
975,DOB,1988-10-12,1994
975,TenureDays,1558,842
976,Age,81.01848049281314,29
976,DOB,1944-12-09,1994
976,TenureDays,1622,906
977,Age,47.0280629705681,29
977,DOB,1978-12-06,1994
977,JobFunctionGroup,Project / Site Management,Field Operations
978,Age,,29
978,DOB,,1994
978,IsActive,False,True
978,JobFunctionGroup,Project / Site Management,Field Operations
979,Age,43.09924709103354,29
979,DOB,1982-11-10,1994
979,JobFunctionGroup,Labor & Site Work,Field Operations
979,TenureDays,1148,432
980,Age,,29
980,DOB,,1994
980,JobFunctionGroup,Admin & Support,Field Operations
980,TenureDays,987,271
981,Age,45.034907597535934,29
981,DOB,1980-12-03,1994
981,JobFunctionGroup,Project / Site Management,Field Operations
981,TenureDays,1735,1019
982,Age,44.70636550308008,29
982,DOB,1981-04-02,1994
983,Age,80.35592060232717,29
983,DOB,1945-08-08,1994
983,IsActive,False,True
983,JobFunctionGroup,Labor & Site Work,Field Operations
984,Age,,29
984,DOB,,1994
984,JobFunctionGroup,Project / Site Management,Field Operations
984,TenureDays,2359,1643
985,Age,,29
985,DOB,,1994
985,TenureDays,2371,1655
986,Age,82.76522929500342,29
986,DOB,1943-03-12,1994
986,IsActive,False,True
986,JobFunctionGroup,Finance & Analysis,Field Operations
987,Age,59.53730321697468,29
987,DOB,1966-06-03,1994
987,IsActive,False,True
987,JobFunctionGroup,Labor & Site Work,Field Operations
988,Age,,29
988,DOB,,1994
988,TenureDays,1942,1226
989,Age,72.26009582477755,29
989,DOB,1953-09-12,1994
989,JobFunctionGroup,Labor & Site Work,Field Operations
989,TenureDays,2077,1361
990,Age,76.86789869952088,29
990,DOB,1949-02-02,1994
990,JobFunctionGroup,Project / Site Management,Field Operations
990,TenureDays,1722,1006
991,Age,,29
991,DOB,,1994
991,JobFunctionGroup,Project / Site Management,Field Operations
991,TenureDays,2638,1922
992,Age,41.93018480492813,29
992,DOB,1984-01-11,1994
992,JobFunctionGroup,Labor & Site Work,Field Operations
992,TenureDays,939,223
993,Age,,29
993,DOB,,1994
993,JobFunctionGroup,Project / Site Management,Field Operations
993,TenureDays,1656,940
994,Age,,29
994,DOB,,1994
994,IsActive,False,True
994,JobFunctionGroup,Admin & Support,Field Operations
995,Age,31.20602327173169,29
995,DOB,1994-10-02,1994
996,Age,33.76317590691308,29
996,DOB,1992-03-12,1994
996,JobFunctionGroup,Labor & Site Work,Field Operations
996,TenureDays,1270,554
997,Age,43.02258726899384,29
997,DOB,1982-12-08,1994
997,JobFunctionGroup,Labor & Site Work,Field Operations
998,Age,,29
998,DOB,,1994
998,TenureDays,2326,1610
999,Age,,29
999,DOB,,1994
1000,Age,72.6050650239562,29
1000,DOB,1953-05-09,1994
1000,JobFunctionGroup,Project / Site Management,Field Operations
1000,TenureDays,2489,1773
1001,Age,,29
1001,DOB,,1994
1001,JobFunctionGroup,Executive & Leadership,Field Operations
1001,TenureDays,1104,388
1002,Age,81.28678986995209,29
1002,DOB,1944-09-02,1994
1003,Age,,29
1003,DOB,,1994
1003,JobFunctionGroup,Maintenance & Logistics,Field Operations
1004,Age,,29
1004,DOB,,1994
1004,JobFunctionGroup,Labor & Site Work,Field Operations
1004,TenureDays,2468,1752
1005,Age,,29
1005,DOB,,1994
1005,JobFunctionGroup,Admin & Support,Field Operations
1005,TenureDays,2343,1627
1006,Age,,29
1006,DOB,,1994
1006,IsActive,False,True
1006,JobFunctionGroup,Admin & Support,Field Operations
1007,Age,,29
1007,DOB,,1994
1007,IsActive,False,True
1007,JobFunctionGroup,Other,Field Operations
1008,Age,,29
1008,DOB,,1994
1008,JobFunctionGroup,Labor & Site Work,Field Operations
1008,TenureDays,1600,884
1009,Age,,29
1009,DOB,,1994
1009,JobFunctionGroup,Labor & Site Work,Field Operations
1009,TenureDays,1145,429
1010,Age,,29
1010,DOB,,1994
1010,JobFunctionGroup,Project / Site Management,Field Operations
1010,TenureDays,1874,1158
1011,Age,,29
1011,DOB,,1994
1011,IsActive,False,True
1011,JobFunctionGroup,Project / Site Management,Field Operations
1012,Age,,29
1012,DOB,,1994
1012,IsActive,False,True
1012,JobFunctionGroup,Labor & Site Work,Field Operations
1013,Age,,29
1013,DOB,,1994
1013,JobFunctionGroup,Other,Field Operations
1013,TenureDays,865,149
1014,Age,,29
1014,DOB,,1994
1014,IsActive,False,True
1014,JobFunctionGroup,Labor & Site Work,Field Operations
1015,Age,32.435318275154,29
1015,DOB,1993-07-10,1994
1015,JobFunctionGroup,Health & Safety,Field Operations
1015,TenureDays,2637,1921
1016,Age,,29
1016,DOB,,1994
1016,TenureDays,2326,1610
1017,Age,,29
1017,DOB,,1994
1017,JobFunctionGroup,Labor & Site Work,Field Operations
1017,TenureDays,2266,1550
1018,Age,,29
1018,DOB,,1994
1018,JobFunctionGroup,Labor & Site Work,Field Operations
1019,Age,28.684462696783022,29
1019,DOB,1997-04-10,1994
1019,JobFunctionGroup,Other,Field Operations
1020,Age,,29
1020,DOB,,1994
1020,JobFunctionGroup,Project / Site Management,Field Operations
1021,Age,,29
1021,DOB,,1994
1021,TenureDays,1920,1204
1022,Age,,29
1022,DOB,,1994
1022,JobFunctionGroup,Admin & Support,Field Operations
1022,TenureDays,1127,411
1023,Age,,29
1023,DOB,,1994
1023,JobFunctionGroup,Project / Site Management,Field Operations
1024,Age,,29
1024,DOB,,1994
1024,TenureDays,1081,365
1025,Age,,29
1025,DOB,,1994
1025,JobFunctionGroup,Other,Field Operations
1025,TenureDays,2457,1741
1026,Age,,29
1026,DOB,,1994
1026,JobFunctionGroup,Engineering,Field Operations
1026,TenureDays,1000,284
1027,Age,48.76386036960986,29
1027,DOB,1977-03-12,1994
1028,Age,,29
1028,DOB,,1994
1028,JobFunctionGroup,Admin & Support,Field Operations
1028,TenureDays,2181,1465
1029,Age,69.18822724161534,29
1029,DOB,1956-10-08,1994
1029,IsActive,False,True
1029,JobFunctionGroup,Engineering,Field Operations
1030,Age,48.369609856262834,29
1030,DOB,1977-08-03,1994
1030,TenureDays,2580,1864
1031,Age,,29
1031,DOB,,1994
1031,JobFunctionGroup,Project / Site Management,Field Operations
1031,TenureDays,1794,1078
1032,Age,79.34565366187543,29
1032,DOB,1946-08-12,1994
1032,TenureDays,1560,844
1033,Age,,29
1033,DOB,,1994
1033,IsActive,False,True
1033,JobFunctionGroup,Project / Site Management,Field Operations
1034,Age,24.78850102669405,29
1034,DOB,2001-03-03,1994
1034,IsActive,False,True
1035,Age,65.77686516084873,29
1035,DOB,1960-03-07,1994
1035,JobFunctionGroup,Engineering,Field Operations
1035,TenureDays,887,171
1036,Age,,29
1036,DOB,,1994
1036,TenureDays,1898,1182
1037,Age,68.20807665982204,29
1037,DOB,1957-10-01,1994
1037,JobFunctionGroup,Project / Site Management,Field Operations
1037,TenureDays,2515,1799
1038,Age,,29
1038,DOB,,1994
1038,IsActive,False,True
1038,JobFunctionGroup,Finance & Analysis,Field Operations
1039,Age,36.77481177275838,29
1039,DOB,1989-03-08,1994
1039,JobFunctionGroup,Engineering,Field Operations
1039,TenureDays,1748,1032
1040,Age,,29
1040,DOB,,1994
1040,JobFunctionGroup,HR / Talent,Field Operations
1040,TenureDays,992,276
1041,Age,,29
1041,DOB,,1994
1041,JobFunctionGroup,Labor & Site Work,Field Operations
1041,TenureDays,2546,1830
1042,Age,,29
1042,DOB,,1994
1042,TenureDays,1548,832
1043,Age,,29
1043,DOB,,1994
1043,JobFunctionGroup,Admin & Support,Field Operations
1043,TenureDays,1042,326
1044,Age,65.68651608487338,29
1044,DOB,1960-04-09,1994
1045,Age,,29
1045,DOB,,1994
1045,TenureDays,1568,852
1046,Age,83.19507186858316,29
1046,DOB,1942-10-06,1994
1046,JobFunctionGroup,Labor & Site Work,Field Operations
1046,TenureDays,1908,1192
1047,Age,,29
1047,DOB,,1994
1047,JobFunctionGroup,Engineering,Field Operations
1048,Age,,29
1048,DOB,,1994
1048,IsActive,False,True
1048,JobFunctionGroup,Labor & Site Work,Field Operations
1049,Age,63.10746064339494,29
1049,DOB,1962-11-07,1994
1049,JobFunctionGroup,Project / Site Management,Field Operations
1050,Age,62.26146475017112,29
1050,DOB,1963-09-12,1994
1050,IsActive,False,True
1050,JobFunctionGroup,Labor & Site Work,Field Operations
1051,Age,,29
1051,DOB,,1994
1051,IsActive,False,True
1051,JobFunctionGroup,Other,Field Operations
1052,Age,74.03422313483915,29
1052,DOB,1951-12-04,1994
1052,JobFunctionGroup,Project / Site Management,Field Operations
1052,TenureDays,1805,1089
1053,Age,,29
1053,DOB,,1994
1053,JobFunctionGroup,Maintenance & Logistics,Field Operations
1053,TenureDays,2524,1808
1054,Age,25.437371663244356,29
1054,DOB,2000-07-09,1994
1054,TenureDays,1007,291
1055,Age,73.86995208761122,29
1055,DOB,1952-02-02,1994
1055,JobFunctionGroup,Executive & Leadership,Field Operations
1055,TenureDays,2227,1511
1056,Age,,29
1056,DOB,,1994
1056,IsActive,False,True
1056,JobFunctionGroup,Maintenance & Logistics,Field Operations
1057,Age,34.458590006844624,29
1057,DOB,1991-07-02,1994
1057,JobFunctionGroup,Labor & Site Work,Field Operations
1057,TenureDays,2051,1335
1058,Age,,29
1058,DOB,,1994
1058,IsActive,False,True
1058,JobFunctionGroup,Labor & Site Work,Field Operations
1059,Age,,29
1059,DOB,,1994
1059,JobFunctionGroup,Engineering,Field Operations
1059,TenureDays,2476,1760
1060,Age,,29
1060,DOB,,1994
1060,IsActive,False,True
1061,Age,,29
1061,DOB,,1994
1061,JobFunctionGroup,Project / Site Management,Field Operations
1062,Age,,29
1062,DOB,,1994
1062,TenureDays,1841,1125
1063,Age,,29
1063,DOB,,1994
1063,JobFunctionGroup,Executive & Leadership,Field Operations
1063,TenureDays,2317,1601
1064,Age,,29
1064,DOB,,1994
1064,JobFunctionGroup,Project / Site Management,Field Operations
1064,TenureDays,2108,1392
1065,Age,70.02327173169063,29
1065,DOB,1955-12-08,1994
1065,JobFunctionGroup,Engineering,Field Operations
1065,TenureDays,2050,1334
1066,Age,,29
1066,DOB,,1994
1066,JobFunctionGroup,Labor & Site Work,Field Operations
1066,TenureDays,1231,515
1067,Age,76.76386036960986,29
1067,DOB,1949-03-12,1994
1067,JobFunctionGroup,Project / Site Management,Field Operations
1068,Age,54.92950034223135,29
1068,DOB,1971-01-11,1994
1068,JobFunctionGroup,Labor & Site Work,Field Operations
1068,TenureDays,1626,910
1069,Age,,29
1069,DOB,,1994
1069,IsActive,False,True
1070,Age,30.015058179329227,29
1070,DOB,1995-12-11,1994
1070,JobFunctionGroup,Engineering,Field Operations
1070,TenureDays,1869,1153
1071,Age,,29
1071,DOB,,1994
1071,IsActive,False,True
1071,JobFunctionGroup,Executive & Leadership,Field Operations
1072,Age,,29
1072,DOB,,1994
1072,IsActive,False,True
1073,Age,40.86789869952088,29
1073,DOB,1985-02-02,1994
1073,TenureDays,2409,1693
1074,Age,26.209445585215605,29
1074,DOB,1999-10-01,1994
1074,IsActive,False,True
1075,Age,,29
1075,DOB,,1994
1075,IsActive,False,True
1075,JobFunctionGroup,Admin & Support,Field Operations
1076,Age,,29
1076,DOB,,1994
1076,IsActive,False,True
1076,JobFunctionGroup,Other,Field Operations
1077,Age,,29
1077,DOB,,1994
1077,IsActive,False,True
1078,Age,,29
1078,DOB,,1994
1078,JobFunctionGroup,Project / Site Management,Field Operations
1078,TenureDays,2148,1432
1079,Age,,29
1079,DOB,,1994
1079,IsActive,False,True
1079,JobFunctionGroup,Engineering,Field Operations
1080,Age,,29
1080,DOB,,1994
1080,JobFunctionGroup,Admin & Support,Field Operations
1080,TenureDays,1609,893
1081,Age,,29
1081,DOB,,1994
1081,TenureDays,941,225
1082,Age,,29
1082,DOB,,1994
1082,JobFunctionGroup,Admin & Support,Field Operations
1082,TenureDays,1310,594
1083,Age,,29
1083,DOB,,1994
1083,TenureDays,1737,1021
1084,Age,30.45037645448323,29
1084,DOB,1995-07-05,1994
1084,JobFunctionGroup,Labor & Site Work,Field Operations
1085,Age,,29
1085,DOB,,1994
1085,JobFunctionGroup,Labor & Site Work,Field Operations
1086,Age,32.20260095824778,29
1086,DOB,1993-10-03,1994
1086,JobFunctionGroup,Engineering,Field Operations
1086,TenureDays,2187,1471
1087,Age,42.03148528405202,29
1087,DOB,1983-12-05,1994
1087,JobFunctionGroup,Project / Site Management,Field Operations
1087,TenureDays,1250,534
1088,Age,,29
1088,DOB,,1994
1088,JobFunctionGroup,Labor & Site Work,Field Operations
1088,TenureDays,2638,1922
1089,Age,82.53251197809719,29
1089,DOB,1943-06-05,1994
1089,JobFunctionGroup,Project / Site Management,Field Operations
1089,TenureDays,1157,441
1090,Age,39.78370978781656,29
1090,DOB,1986-03-05,1994
1090,IsActive,False,True
1090,JobFunctionGroup,Other,Field Operations
1091,Age,,29
1091,DOB,,1994
1091,JobFunctionGroup,Engineering,Field Operations
1092,Age,,29
1092,DOB,,1994
1092,IsActive,False,True
1092,JobFunctionGroup,Project / Site Management,Field Operations
1093,Age,49.451060917180016,29
1093,DOB,1976-07-04,1994
1093,IsActive,False,True
1093,JobFunctionGroup,Executive & Leadership,Field Operations
1094,Age,,29
1094,DOB,,1994
1094,IsActive,False,True
1094,JobFunctionGroup,Labor & Site Work,Field Operations
1095,Age,,29
1095,DOB,,1994
1095,TenureDays,1765,1049
1096,Age,,29
1096,DOB,,1994
1096,IsActive,False,True
1096,JobFunctionGroup,Executive & Leadership,Field Operations
1097,Age,,29
1097,DOB,,1994
1097,JobFunctionGroup,Engineering,Field Operations
1097,TenureDays,1006,290
1098,Age,,29
1098,DOB,,1994
1098,IsActive,False,True
1098,JobFunctionGroup,Labor & Site Work,Field Operations
1099,Age,38.70225872689939,29
1099,DOB,1987-04-04,1994
1099,JobFunctionGroup,Project / Site Management,Field Operations
1099,TenureDays,1698,982
1100,Age,,29
1100,DOB,,1994
1100,IsActive,False,True
1100,JobFunctionGroup,Engineering,Field Operations
1101,Age,,29
1101,DOB,,1994
1101,JobFunctionGroup,Labor & Site Work,Field Operations
1101,TenureDays,1123,407
1102,Age,,29
1102,DOB,,1994
1102,JobFunctionGroup,Labor & Site Work,Field Operations
1102,TenureDays,977,261
1103,Age,25.869952087611225,29
1103,DOB,2000-02-02,1994
1103,JobFunctionGroup,Other,Field Operations
1103,TenureDays,1099,383
1104,Age,40.27926078028747,29
1104,DOB,1985-09-05,1994
1105,Age,81.76865160848733,29
1105,DOB,1944-03-10,1994
1106,Age,,29
1106,DOB,,1994
1107,Age,61.097878165639976,29
1107,DOB,1964-11-10,1994
1107,TenureDays,1388,672
1108,Age,25.09514031485284,29
1108,DOB,2000-11-11,1994
1108,JobFunctionGroup,Project / Site Management,Field Operations
1108,TenureDays,1683,967
1109,Age,,29
1109,DOB,,1994
1109,JobFunctionGroup,Other,Field Operations
1109,TenureDays,1085,369
1110,Age,75.92607802874743,29
1110,DOB,1950-01-12,1994
1110,JobFunctionGroup,Executive & Leadership,Field Operations
1110,TenureDays,1948,1232
1111,Age,,29
1111,DOB,,1994
1111,JobFunctionGroup,Other,Field Operations
1111,TenureDays,1061,345
1112,Age,64.79123887748118,29
1112,DOB,1961-03-02,1994
1112,JobFunctionGroup,Labor & Site Work,Field Operations
1113,Age,,29
1113,DOB,,1994
1113,JobFunctionGroup,Executive & Leadership,Field Operations
1113,TenureDays,1762,1046
1114,Age,,29
1114,DOB,,1994
1114,JobFunctionGroup,Admin & Support,Field Operations
1114,TenureDays,1795,1079
1115,Age,33.01300479123888,29
1115,DOB,1992-12-11,1994
1115,JobFunctionGroup,Project / Site Management,Field Operations
1115,TenureDays,1349,633
1116,Age,,29
1116,DOB,,1994
1116,IsActive,False,True
1116,JobFunctionGroup,Labor & Site Work,Field Operations
1117,Age,,29
1117,DOB,,1994
1117,IsActive,False,True
1118,Age,68.60780287474333,29
1118,DOB,1957-05-08,1994
1118,JobFunctionGroup,Labor & Site Work,Field Operations
1118,TenureDays,2644,1928
1119,Age,,29
1119,DOB,,1994
1119,IsActive,False,True
1119,JobFunctionGroup,Project / Site Management,Field Operations
1120,Age,,29
1120,DOB,,1994
1120,IsActive,False,True
1120,JobFunctionGroup,Internship,Field Operations
1121,Age,61.37440109514032,29
1121,DOB,1964-08-01,1994
1121,JobFunctionGroup,Engineering,Field Operations
1121,TenureDays,2380,1664
1122,Age,,29
1122,DOB,,1994
1122,JobFunctionGroup,Executive & Leadership,Field Operations
1122,TenureDays,1321,605
1123,Age,,29
1123,DOB,,1994
1123,IsActive,False,True
1124,Age,,29
1124,DOB,,1994
1124,JobFunctionGroup,Project / Site Management,Field Operations
1125,Age,72.70362765229295,29
1125,DOB,1953-04-03,1994
1125,JobFunctionGroup,Labor & Site Work,Field Operations
1126,Age,65.19917864476386,29
1126,DOB,1960-10-04,1994
1126,TenureDays,1095,379
1127,Age,,29
1127,DOB,,1994
1127,JobFunctionGroup,Project / Site Management,Field Operations
1128,Age,,29
1128,DOB,,1994
1128,TenureDays,2456,1740
1129,Age,32.84325804243669,29
1129,DOB,1993-02-11,1994
1129,JobFunctionGroup,Project / Site Management,Field Operations
1129,TenureDays,953,237
1130,Age,,29
1130,DOB,,1994
1130,JobFunctionGroup,Project / Site Management,Field Operations
1131,Age,,29
1131,DOB,,1994
1131,JobFunctionGroup,Project / Site Management,Field Operations
1131,TenureDays,1939,1223
1132,Age,60.03832991101985,29
1132,DOB,1965-12-02,1994
1132,JobFunctionGroup,Project / Site Management,Field Operations
1133,Age,78.27241615331964,29
1133,DOB,1947-09-08,1994
1133,JobFunctionGroup,Admin & Support,Field Operations
1134,Age,,29
1134,DOB,,1994
1134,JobFunctionGroup,Admin & Support,Field Operations
1134,TenureDays,1768,1052
1135,Age,81.77138945927447,29
1135,DOB,1944-03-09,1994
1135,IsActive,False,True
1135,JobFunctionGroup,Admin & Support,Field Operations
1136,Age,,29
1136,DOB,,1994
1136,IsActive,False,True
1136,JobFunctionGroup,Engineering,Field Operations
1137,Age,34.78713210130048,29
1137,DOB,1991-03-04,1994
1137,IsActive,False,True
1138,Age,,29
1138,DOB,,1994
1138,IsActive,False,True
1138,JobFunctionGroup,Project / Site Management,Field Operations
1139,Age,,29
1139,DOB,,1994
1139,IsActive,False,True
1140,Age,,29
1140,DOB,,1994
1140,IsActive,False,True
1140,JobFunctionGroup,Project / Site Management,Field Operations
1141,Age,,29
1141,DOB,,1994
1141,JobFunctionGroup,Project / Site Management,Field Operations
1141,TenureDays,1049,333
1142,Age,,29
1142,DOB,,1994
1142,JobFunctionGroup,Engineering,Field Operations
1142,TenureDays,1775,1059
1143,Age,33.95756331279945,29
1143,DOB,1992-01-01,1994
1143,IsActive,False,True
1143,JobFunctionGroup,Labor & Site Work,Field Operations
1144,Age,39.26078028747433,29
1144,DOB,1986-09-12,1994
1144,JobFunctionGroup,Other,Field Operations
1144,TenureDays,1667,951
1145,Age,74.69130732375086,29
1145,DOB,1951-04-08,1994
1145,IsActive,False,True
1145,JobFunctionGroup,Engineering,Field Operations
1146,Age,,29
1146,DOB,,1994
1146,JobFunctionGroup,Project / Site Management,Field Operations
1146,TenureDays,1735,1019
1147,Age,,29
1147,DOB,,1994
1147,JobFunctionGroup,Project / Site Management,Field Operations
1148,Age,,29
1148,DOB,,1994
1148,JobFunctionGroup,Labor & Site Work,Field Operations
1149,Age,,29
1149,DOB,,1994
1150,Age,,29
1150,DOB,,1994
1150,JobFunctionGroup,Executive & Leadership,Field Operations
1150,TenureDays,1827,1111
1151,Age,,29
1151,DOB,,1994
1152,Age,,29
1152,DOB,,1994
1152,JobFunctionGroup,Project / Site Management,Field Operations
1152,TenureDays,1622,906
1153,Age,53.68377823408624,29
1153,DOB,1972-04-10,1994
1153,JobFunctionGroup,Admin & Support,Field Operations
1153,TenureDays,987,271
1154,Age,,29
1154,DOB,,1994
1154,JobFunctionGroup,Project / Site Management,Field Operations
1155,Age,30.71047227926078,29
1155,DOB,1995-04-01,1994
1155,JobFunctionGroup,Engineering,Field Operations
1156,Age,52.4599589322382,29
1156,DOB,1973-07-01,1994
1156,JobFunctionGroup,Project / Site Management,Field Operations
1157,Age,,29
1157,DOB,,1994
1157,JobFunctionGroup,Engineering,Field Operations
1157,TenureDays,2077,1361
1158,Age,69.61806981519507,29
1158,DOB,1956-05-04,1994
1158,IsActive,False,True
1158,JobFunctionGroup,Other,Field Operations
1159,Age,52.94455852156057,29
1159,DOB,1973-01-05,1994
1159,TenureDays,1431,715
1160,Age,41.01026694045174,29
1160,DOB,1984-12-12,1994
1160,JobFunctionGroup,Other,Field Operations
1160,TenureDays,1303,587
1161,Age,,29
1161,DOB,,1994
1161,TenureDays,1615,899
1162,Age,29.45653661875428,29
1162,DOB,1996-07-02,1994
1162,IsActive,False,True
1163,Age,42.26967830253251,29
1163,DOB,1983-09-09,1994
1163,JobFunctionGroup,Project / Site Management,Field Operations
1163,TenureDays,1559,843
1164,Age,,29
1164,DOB,,1994
1164,IsActive,False,True
1165,Age,,29
1165,DOB,,1994
1165,IsActive,False,True
1165,JobFunctionGroup,Engineering,Field Operations
1166,Age,,29
1166,DOB,,1994
1166,JobFunctionGroup,Labor & Site Work,Field Operations
1166,TenureDays,1837,1121
1167,Age,,29
1167,DOB,,1994
1167,TenureDays,1249,533
1168,Age,56.26283367556468,29
1168,DOB,1969-09-11,1994
1168,JobFunctionGroup,Admin & Support,Field Operations
1168,TenureDays,921,205
1169,Age,,29
1169,DOB,,1994
1169,JobFunctionGroup,Admin & Support,Field Operations
1170,Age,,29
1170,DOB,,1994
1170,JobFunctionGroup,Project / Site Management,Field Operations
1171,Age,47.78370978781656,29
1171,DOB,1978-03-05,1994
1171,JobFunctionGroup,Labor & Site Work,Field Operations
1172,Age,,29
1172,DOB,,1994
1172,JobFunctionGroup,Labor & Site Work,Field Operations
1173,Age,,29
1173,DOB,,1994
1173,TenureDays,2597,1881
1174,Age,35.1895961670089,29
1174,DOB,1990-10-08,1994
1174,IsActive,False,True
1174,JobFunctionGroup,Engineering,Field Operations
1175,Age,25.182751540041068,29
1175,DOB,2000-10-10,1994
1175,IsActive,False,True
1176,Age,,29
1176,DOB,,1994
1176,JobFunctionGroup,Other,Field Operations
1176,TenureDays,964,248
1177,Age,,29
1177,DOB,,1994
1177,TenureDays,2109,1393
1178,Age,,29
1178,DOB,,1994
1178,JobFunctionGroup,Labor & Site Work,Field Operations
1179,Age,81.77960301163587,29
1179,DOB,1944-03-06,1994
1179,JobFunctionGroup,Labor & Site Work,Field Operations
1179,TenureDays,2411,1695
1180,Age,38.01779603011636,29
1180,DOB,1987-12-10,1994
1180,JobFunctionGroup,Maintenance & Logistics,Field Operations
1180,TenureDays,1743,1027
1181,Age,,29
1181,DOB,,1994
1181,TenureDays,1867,1151
1182,Age,,29
1182,DOB,,1994
1182,IsActive,False,True
1182,JobFunctionGroup,Engineering,Field Operations
1183,Age,,29
1183,DOB,,1994
1183,IsActive,False,True
1183,JobFunctionGroup,Labor & Site Work,Field Operations
1184,Age,,29
1184,DOB,,1994
1184,IsActive,False,True
1184,JobFunctionGroup,Project / Site Management,Field Operations
1185,Age,,29
1185,DOB,,1994
1185,IsActive,False,True
1186,Age,30.455852156057496,29
1186,DOB,1995-07-03,1994
1186,IsActive,False,True
1186,JobFunctionGroup,Labor & Site Work,Field Operations
1187,Age,,29
1187,DOB,,1994
1187,JobFunctionGroup,Executive & Leadership,Field Operations
1187,TenureDays,1089,373
1188,Age,,29
1188,DOB,,1994
1188,JobFunctionGroup,Project / Site Management,Field Operations
1188,TenureDays,1062,346
1189,Age,34.53798767967146,29
1189,DOB,1991-06-03,1994
1189,JobFunctionGroup,Labor & Site Work,Field Operations
1189,TenureDays,2633,1917
1190,Age,,29
1190,DOB,,1994
1190,TenureDays,1397,681
1191,Age,,29
1191,DOB,,1994
1191,JobFunctionGroup,Labor & Site Work,Field Operations
1191,TenureDays,1468,752
1192,Age,61.35523613963039,29
1192,DOB,1964-08-08,1994
1192,JobFunctionGroup,Project / Site Management,Field Operations
1193,Age,58.78713210130048,29
1193,DOB,1967-03-04,1994
1193,JobFunctionGroup,Executive & Leadership,Field Operations
1193,TenureDays,2029,1313
1194,Age,50.02053388090349,29
1194,DOB,1975-12-09,1994
1194,IsActive,False,True
1194,JobFunctionGroup,Project / Site Management,Other
1195,Age,,29
1195,DOB,,1994
1195,IsActive,False,True
1195,JobFunctionGroup,Executive & Leadership,Other
1196,Age,,29
1196,DOB,,1994
1196,IsActive,False,True
1196,JobFunctionGroup,Internship,Other
1197,Age,,29
1197,DOB,,1994
1197,IsActive,False,True
1198,Age,,29
1198,DOB,,1994
1198,JobFunctionGroup,Project / Site Management,Other
1198,TenureDays,1290,574
1199,Age,78.59822039698837,29
1199,DOB,1947-05-12,1994
1199,IsActive,False,True
1199,JobFunctionGroup,Field Operations,Other
1200,Age,,29
1200,DOB,,1994
1200,JobFunctionGroup,Field Operations,Other
1200,TenureDays,946,230
1201,Age,51.67967145790554,29
1201,DOB,1974-04-12,1994
1201,IsActive,False,True
1201,JobFunctionGroup,Project / Site Management,Other
1202,Age,79.94798083504449,29
1202,DOB,1946-01-04,1994
1202,JobFunctionGroup,Engineering,Other
1203,Age,81.86173853524983,29
1203,DOB,1944-02-05,1994
1203,JobFunctionGroup,Project / Site Management,Other
1204,Age,,29
1204,DOB,,1994
1204,JobFunctionGroup,Executive & Leadership,Other
1205,Age,55.36208076659822,29
1205,DOB,1970-08-06,1994
1205,JobFunctionGroup,Field Operations,Other
1205,TenureDays,1432,716
1206,Age,31.616700889801507,28
1206,DOB,1994-05-05,1995
1206,IsActive,False,True
1206,JobFunctionGroup,Labor & Site Work,Project / Site Management
1207,Age,,28
1207,DOB,,1995
1207,IsActive,False,True
1207,JobFunctionGroup,Admin & Support,Project / Site Management
1208,Age,,28
1208,DOB,,1995
1208,IsActive,False,True
1208,JobFunctionGroup,Health & Safety,Project / Site Management
1209,Age,27.107460643394933,28
1209,DOB,1998-11-07,1995
1209,IsActive,False,True
1209,JobFunctionGroup,Field Operations,Project / Site Management
1210,Age,,28
1210,DOB,,1995
1210,IsActive,False,True
1211,Age,,28
1211,DOB,,1995
1211,IsActive,False,True
1211,JobFunctionGroup,Finance & Analysis,Project / Site Management
1212,Age,67.9315537303217,30
1212,DOB,1958-01-10,1993
1212,JobFunctionGroup,Field Operations,Executive & Leadership
1213,Age,,29
1213,DOB,,1994
1213,JobFunctionGroup,Field Operations,Other
1214,Age,36.19438740588638,29
1214,DOB,1989-10-06,1994
1214,JobFunctionGroup,Labor & Site Work,Other
1215,Age,,29
1215,DOB,,1994
1215,JobFunctionGroup,Project / Site Management,Other
1216,Age,,28
1216,DOB,,1995
1216,IsActive,False,True
1217,Age,25.196440793976727,28
1217,DOB,2000-10-05,1995
1217,IsActive,False,True
1218,Age,,28
1218,DOB,,1995
1218,IsActive,False,True
1218,JobFunctionGroup,Engineering,Project / Site Management
1219,Age,,28
1219,DOB,,1995
1219,IsActive,False,True
1219,JobFunctionGroup,Engineering,Project / Site Management
1220,Age,39.865845311430526,28
1220,DOB,1986-02-03,1995
1220,IsActive,False,True
1221,Age,,28
1221,DOB,,1995
1221,JobFunctionGroup,Other,Project / Site Management
1221,TenureDays,1677,961
1222,Age,61.76865160848734,37
1222,DOB,1964-03-10,1986
1222,JobFunctionGroup,Labor & Site Work,Executive & Leadership
1222,TenureDays,2464,1748
1223,Age,,30
1223,DOB,,1993
1223,JobFunctionGroup,Field Operations,Executive & Leadership
1224,Age,,29
1224,DOB,,1994
1224,JobFunctionGroup,Labor & Site Work,Other
1225,Age,40.54209445585216,29
1225,DOB,1985-06-01,1994
1226,Age,68.93908281998631,28
1226,DOB,1957-01-07,1995
1226,IsActive,False,True
1227,Age,,28
1227,DOB,,1995
1227,IsActive,False,True
1227,JobFunctionGroup,Admin & Support,Project / Site Management
1228,Age,83.29089664613278,28
1228,DOB,1942-09-01,1995
1228,TenureDays,882,166
1229,Age,,29
1229,DOB,,1994
1229,JobFunctionGroup,Field Operations,Other
1229,TenureDays,1199,483
1230,Age,,28
1230,DOB,,1995
1230,JobFunctionGroup,Engineering,Project / Site Management
1230,TenureDays,2398,1682
1231,Age,,28
1231,DOB,,1995
1231,JobFunctionGroup,Labor & Site Work,Project / Site Management
1231,TenureDays,2235,1519
1232,Age,,28
1232,DOB,,1995
1232,IsActive,False,True
1232,JobFunctionGroup,Labor & Site Work,Project / Site Management
1233,Age,54.458590006844624,37
1233,DOB,1971-07-02,1986
1233,JobFunctionGroup,Field Operations,Executive & Leadership
1234,Age,,30
1234,DOB,,1993
1234,JobFunctionGroup,Admin & Support,Executive & Leadership
1234,TenureDays,2464,1748
1235,Age,62.11635865845312,29
1235,DOB,1963-11-04,1994
1235,JobFunctionGroup,Engineering,Other
1235,TenureDays,2578,1862
1236,Age,,29
1236,DOB,,1994
1236,JobFunctionGroup,Field Operations,Other
1237,Age,34.26694045174538,28
1237,DOB,1991-09-10,1995
1237,JobFunctionGroup,Labor & Site Work,Project / Site Management
1237,TenureDays,1719,1003
1238,Age,62.43668720054757,28
1238,DOB,1963-07-10,1995
1238,TenureDays,2186,1470
1239,Age,,28
1239,DOB,,1995
1239,JobFunctionGroup,Other,Project / Site Management
1239,TenureDays,1585,869
1240,Age,,29
1240,DOB,,1994
1240,TenureDays,2667,1951
1241,Age,78.27515400410678,29
1241,DOB,1947-09-07,1994
1241,JobFunctionGroup,Labor & Site Work,Other
1241,TenureDays,890,174
1242,Age,,28
1242,DOB,,1995
1242,JobFunctionGroup,Executive & Leadership,Project / Site Management
1242,TenureDays,1915,1199
1243,Age,65.10882956878851,28
1243,DOB,1960-11-06,1995
1243,JobFunctionGroup,Labor & Site Work,Project / Site Management
1243,TenureDays,2343,1627
1244,Age,61.18275154004107,28
1244,DOB,1964-10-10,1995
1244,IsActive,False,True
1245,Age,,37
1245,DOB,,1986
1245,JobFunctionGroup,Other,Executive & Leadership
1245,TenureDays,1744,1028
1246,Age,75.10746064339493,30
1246,DOB,1950-11-07,1993
1246,JobFunctionGroup,Labor & Site Work,Executive & Leadership
1246,TenureDays,2309,1593
1247,Age,,29
1247,DOB,,1994
1247,JobFunctionGroup,Labor & Site Work,Other
1248,Age,66.12183436002738,28
1248,DOB,1959-11-02,1995
1248,IsActive,False,True
1248,JobFunctionGroup,Field Operations,Project / Site Management
1249,Age,62.34633812457221,28
1249,DOB,1963-08-12,1995
1249,TenureDays,953,237
1250,Age,,28
1250,DOB,,1995
1250,TenureDays,1236,520
1251,Age,,29
1251,DOB,,1994
1251,IsActive,False,True
1251,JobFunctionGroup,Field Operations,Other
1252,Age,,29
1252,DOB,,1994
1252,IsActive,False,True
1252,JobFunctionGroup,Project / Site Management,Other
1253,Age,49.28952772073922,29
1253,DOB,1976-09-01,1994
1253,IsActive,False,True
1253,JobFunctionGroup,Labor & Site Work,Other
1254,Age,51.18412046543463,28
1254,DOB,1974-10-10,1995
1254,IsActive,False,True
1254,JobFunctionGroup,Engineering,Project / Site Management
1255,Age,,28
1255,DOB,,1995
1255,TenureDays,1659,943
1256,Age,,28
1256,DOB,,1995
1256,JobFunctionGroup,Field Operations,Project / Site Management
1257,Age,62.77891854893908,37
1257,DOB,1963-03-07,1986
1257,JobFunctionGroup,Engineering,Executive & Leadership
1258,Age,,30
1258,DOB,,1993
1258,JobFunctionGroup,Project / Site Management,Executive & Leadership
1259,Age,71.78097193702943,29
1259,DOB,1954-03-06,1994
1259,IsActive,False,True
1259,JobFunctionGroup,Internship,Other
1260,Age,,28
1260,DOB,,1995
1260,JobFunctionGroup,Engineering,Project / Site Management
1260,TenureDays,1117,401
1261,Age,,28
1261,DOB,,1995
1261,IsActive,False,True
1261,JobFunctionGroup,Maintenance & Logistics,Project / Site Management
1262,Age,40.03285420944559,29
1262,DOB,1985-12-04,1994
1262,IsActive,False,True
1262,JobFunctionGroup,Field Operations,Other
1263,Age,,29
1263,DOB,,1994
1263,IsActive,False,True
1263,JobFunctionGroup,Admin & Support,Other
1264,Age,,29
1264,DOB,,1994
1264,JobFunctionGroup,Field Operations,Other
1264,TenureDays,2263,1547
1265,Age,,28
1265,DOB,,1995
1265,IsActive,False,True
1265,JobFunctionGroup,Engineering,Project / Site Management
1266,Age,,28
1266,DOB,,1995
1266,JobFunctionGroup,Field Operations,Project / Site Management
1266,TenureDays,1088,372
1267,Age,64.19986310746064,37
1267,DOB,1961-10-04,1986
1267,JobFunctionGroup,Project / Site Management,Executive & Leadership
1268,Age,,30
1268,DOB,,1993
1268,JobFunctionGroup,Other,Executive & Leadership
1269,Age,,29
1269,DOB,,1994
1269,JobFunctionGroup,Project / Site Management,Other
1269,TenureDays,1500,784
1270,Age,,29
1270,DOB,,1994
1270,IsActive,False,True
1270,JobFunctionGroup,Project / Site Management,Other
1271,Age,,28
1271,DOB,,1995
1271,IsActive,False,True
1271,JobFunctionGroup,Engineering,Project / Site Management
1272,Age,,29
1272,DOB,,1994
1272,IsActive,False,True
1272,JobFunctionGroup,Project / Site Management,Other
1273,Age,67.69062286105407,29
1273,DOB,1958-04-08,1994
1273,JobFunctionGroup,Engineering,Other
1273,TenureDays,2644,1928
1274,Age,71.11019849418207,29
1274,DOB,1954-11-06,1994
1274,IsActive,False,True
1274,JobFunctionGroup,Labor & Site Work,Other
1275,Age,36.27104722792608,28
1275,DOB,1989-09-08,1995
1275,JobFunctionGroup,Other,Project / Site Management
1275,TenureDays,1314,598
1276,Age,,28
1276,DOB,,1995
1276,JobFunctionGroup,Field Operations,Project / Site Management
1276,TenureDays,2631,1915
1277,Age,,37
1277,DOB,,1986
1277,JobFunctionGroup,Project / Site Management,Executive & Leadership
1277,TenureDays,1846,1130
1278,Age,,30
1278,DOB,,1993
1278,JobFunctionGroup,Internship,Executive & Leadership
1278,TenureDays,2630,1914
1279,Age,35.70431211498973,29
1279,DOB,1990-04-03,1994
1279,IsActive,False,True
1279,JobFunctionGroup,Project / Site Management,Other
1280,Age,,29
1280,DOB,,1994
1280,IsActive,False,True
1280,JobFunctionGroup,Admin & Support,Other
1281,Age,35.59753593429158,29
1281,DOB,1990-05-12,1994
1281,IsActive,False,True
1282,Age,,28
1282,DOB,,1995
1282,IsActive,False,True
1283,Age,,29
1283,DOB,,1994
1283,IsActive,False,True
1283,JobFunctionGroup,Field Operations,Other
1284,Age,,29
1284,DOB,,1994
1284,IsActive,False,True
1284,JobFunctionGroup,Labor & Site Work,Other
1285,Age,,29
1285,DOB,,1994
1285,JobFunctionGroup,Engineering,Other
1285,TenureDays,2561,1845
1286,Age,,28
1286,DOB,,1995
1286,JobFunctionGroup,Labor & Site Work,Project / Site Management
1286,TenureDays,1476,760
1287,Age,,28
1287,DOB,,1995
1287,JobFunctionGroup,Labor & Site Work,Project / Site Management
1287,TenureDays,1434,718
1288,Age,59.931553730321696,37
1288,DOB,1966-01-10,1986
1288,IsActive,False,True
1288,JobFunctionGroup,Project / Site Management,Executive & Leadership
1289,Age,,30
1289,DOB,,1993
1289,IsActive,False,True
1289,JobFunctionGroup,Labor & Site Work,Executive & Leadership
1290,Age,,29
1290,DOB,,1994
1290,IsActive,False,True
1290,JobFunctionGroup,Admin & Support,Other
1291,Age,24.947296372347708,29
1291,DOB,2001-01-04,1994
1291,IsActive,False,True
1291,JobFunctionGroup,Field Operations,Other
1292,Age,32.602327173169066,29
1292,DOB,1993-05-10,1994
1292,JobFunctionGroup,Labor & Site Work,Other
1292,TenureDays,1615,899
1293,Age,60.77481177275838,29
1293,DOB,1965-03-08,1994
1293,JobFunctionGroup,Labor & Site Work,Other
1293,TenureDays,910,194
1294,Age,,29
1294,DOB,,1994
1294,IsActive,False,True
1294,JobFunctionGroup,Admin & Support,Other
1295,Age,,29
1295,DOB,,1994
1295,JobFunctionGroup,Labor & Site Work,Other
1295,TenureDays,1393,677
1296,Age,56.69267624914442,28
1296,DOB,1969-04-07,1995
1296,IsActive,False,True
1297,Age,,37
1297,DOB,,1986
1297,IsActive,False,True
1297,JobFunctionGroup,Project / Site Management,Executive & Leadership
1298,Age,,29
1298,DOB,,1994
1298,JobFunctionGroup,Field Operations,Other
1298,TenureDays,1661,945
1299,Age,,29
1299,DOB,,1994
1299,JobFunctionGroup,Admin & Support,Other
1299,TenureDays,2357,1641
1300,Age,,29
1300,DOB,,1994
1300,IsActive,False,True
1300,JobFunctionGroup,Project / Site Management,Other
1301,Age,53.93018480492813,29
1301,DOB,1972-01-11,1994
1301,JobFunctionGroup,Project / Site Management,Field Operations
1301,TenureDays,2104,1388
1302,Age,,29
1302,DOB,,1994
1302,JobFunctionGroup,Project / Site Management,Field Operations
1303,Age,49.51676933607119,29
1303,DOB,1976-06-10,1994
1303,TenureDays,961,245
1304,Age,,29
1304,DOB,,1994
1304,IsActive,False,True
1304,JobFunctionGroup,Engineering,Field Operations
1305,Age,,29
1305,DOB,,1994
1305,JobFunctionGroup,Engineering,Field Operations
1306,Age,,29
1306,DOB,,1994
1306,IsActive,False,True
1306,JobFunctionGroup,Labor & Site Work,Field Operations
1307,Age,,29
1307,DOB,,1994
1307,JobFunctionGroup,Other,Field Operations
1307,TenureDays,2523,1807
1308,Age,83.69062286105407,29
1308,DOB,1942-04-08,1994
1308,JobFunctionGroup,Maintenance & Logistics,Field Operations
1309,Age,,29
1309,DOB,,1994
1309,IsActive,False,True
1310,Age,,29
1310,DOB,,1994
1310,JobFunctionGroup,Engineering,Field Operations
1310,TenureDays,2607,1891
1311,Age,,29
1311,DOB,,1994
1311,JobFunctionGroup,Project / Site Management,Field Operations
1312,Age,43.92881587953457,29
1312,DOB,1982-01-11,1994
1312,IsActive,False,True
1312,JobFunctionGroup,Labor & Site Work,Field Operations
1313,Age,62.70499657768652,29
1313,DOB,1963-04-03,1994
1313,IsActive,False,True
1313,JobFunctionGroup,Labor & Site Work,Field Operations
1314,Age,44.92813141683778,29
1314,DOB,1981-01-11,1994
1314,JobFunctionGroup,Engineering,Field Operations
1314,TenureDays,1187,471
1315,Age,54.79260780287474,29
1315,DOB,1971-03-02,1994
1315,JobFunctionGroup,Labor & Site Work,Field Operations
1315,TenureDays,1807,1091
1316,Age,24.53661875427789,29
1316,DOB,2001-06-03,1994
1316,JobFunctionGroup,Project / Site Management,Field Operations
1316,TenureDays,2573,1857
1317,Age,78.61738535249829,29
1317,DOB,1947-05-05,1994
1317,TenureDays,1241,525
1318,Age,,29
1318,DOB,,1994
1318,JobFunctionGroup,Project / Site Management,Field Operations
1318,TenureDays,1410,694
1319,Age,63.696098562628336,29
1319,DOB,1962-04-06,1994
1319,IsActive,False,True
1319,JobFunctionGroup,Executive & Leadership,Field Operations
1320,Age,33.37166324435318,29
1320,DOB,1992-08-02,1994
1320,JobFunctionGroup,Other,Field Operations
1321,Age,52.93360711841205,29
1321,DOB,1973-01-09,1994
1321,IsActive,False,True
1321,JobFunctionGroup,Labor & Site Work,Field Operations
1322,Age,61.86721423682409,29
1322,DOB,1964-02-03,1994
1322,JobFunctionGroup,Project / Site Management,Field Operations
1322,TenureDays,1846,1130
1323,Age,48.681724845995895,29
1323,DOB,1977-04-11,1994
1323,TenureDays,2566,1850
1324,Age,,29
1324,DOB,,1994
1324,TenureDays,972,256
1325,Age,43.115674195756334,29
1325,DOB,1982-11-04,1994
1325,IsActive,False,True
1325,JobFunctionGroup,Maintenance & Logistics,Field Operations
1326,Age,82.77891854893909,29
1326,DOB,1943-03-07,1994
1326,IsActive,False,True
1326,JobFunctionGroup,Admin & Support,Field Operations
1327,Age,,29
1327,DOB,,1994
1327,JobFunctionGroup,Project / Site Management,Field Operations
1327,TenureDays,1190,474
1328,Age,31.19780971937029,29
1328,DOB,1994-10-05,1994
1328,JobFunctionGroup,Project / Site Management,Field Operations
1328,TenureDays,2540,1824
1329,Age,,29
1329,DOB,,1994
1329,TenureDays,1289,573
1330,Age,40.87063655030801,29
1330,DOB,1985-02-01,1994
1330,JobFunctionGroup,Executive & Leadership,Field Operations
1330,TenureDays,2168,1452
1331,Age,,29
1331,DOB,,1994
1331,JobFunctionGroup,Admin & Support,Field Operations
1331,TenureDays,2539,1823
1332,Age,78.01505817932923,29
1332,DOB,1947-12-11,1994
1332,IsActive,False,True
1332,JobFunctionGroup,Project / Site Management,Field Operations
1333,Age,,29
1333,DOB,,1994
1333,IsActive,False,True
1333,JobFunctionGroup,Project / Site Management,Field Operations
1334,Age,,29
1334,DOB,,1994
1335,Age,,29
1335,DOB,,1994
1335,JobFunctionGroup,Project / Site Management,Field Operations
1336,Age,,29
1336,DOB,,1994
1336,JobFunctionGroup,Admin & Support,Field Operations
1336,TenureDays,985,269
1337,Age,76.95277207392198,29
1337,DOB,1949-01-02,1994
1337,JobFunctionGroup,Engineering,Field Operations
1337,TenureDays,1064,348
1338,Age,34.275154004106774,29
1338,DOB,1991-09-07,1994
1338,TenureDays,2252,1536
1339,Age,,29
1339,DOB,,1994
1339,IsActive,False,True
1339,JobFunctionGroup,Labor & Site Work,Field Operations
1340,Age,,29
1340,DOB,,1994
1340,IsActive,False,True
1340,JobFunctionGroup,Project / Site Management,Field Operations
1341,Age,,29
1341,DOB,,1994
1341,IsActive,False,True
1342,Age,,29
1342,DOB,,1994
1342,IsActive,False,True
1343,Age,54.784394250513344,29
1343,DOB,1971-03-05,1994
1343,JobFunctionGroup,Executive & Leadership,Field Operations
1343,TenureDays,2652,1936
1344,Age,,29
1344,DOB,,1994
1344,JobFunctionGroup,Maintenance & Logistics,Field Operations
1344,TenureDays,1998,1282
1345,Age,,29
1345,DOB,,1994
1345,IsActive,False,True
1345,JobFunctionGroup,Labor & Site Work,Field Operations
1346,Age,,29
1346,DOB,,1994
1346,IsActive,False,True
1346,JobFunctionGroup,Admin & Support,Field Operations
1347,Age,,29
1347,DOB,,1994
1347,IsActive,False,True
1348,Age,28.59958932238193,29
1348,DOB,1997-05-11,1994
1348,IsActive,False,True
1348,JobFunctionGroup,Engineering,Field Operations
1349,Age,70.76796714579055,29
1349,DOB,1955-03-11,1994
1349,IsActive,False,True
1349,JobFunctionGroup,Engineering,Field Operations
1350,Age,,29
1350,DOB,,1994
1350,IsActive,False,True
1350,JobFunctionGroup,Other,Field Operations
1351,Age,,29
1351,DOB,,1994
1351,JobFunctionGroup,Project / Site Management,Field Operations
1351,TenureDays,2427,1711
1352,Age,64.61875427789185,29
1352,DOB,1961-05-04,1994
1352,JobFunctionGroup,Executive & Leadership,Field Operations
1352,TenureDays,885,169
1353,Age,32.43258042436687,29
1353,DOB,1993-07-11,1994
1353,IsActive,False,True
1353,JobFunctionGroup,Engineering,Field Operations
1354,Age,42.01505817932922,29
1354,DOB,1983-12-11,1994
1354,JobFunctionGroup,Project / Site Management,Field Operations
1354,TenureDays,2420,1704
1355,Age,75.1895961670089,29
1355,DOB,1950-10-08,1994
1355,JobFunctionGroup,Labor & Site Work,Field Operations
1356,Age,44.02464065708419,29
1356,DOB,1981-12-07,1994
1356,JobFunctionGroup,Labor & Site Work,Field Operations
1356,TenureDays,1651,935
1357,Age,,29
1357,DOB,,1994
1357,IsActive,False,True
1358,Age,,29
1358,DOB,,1994
1358,JobFunctionGroup,Executive & Leadership,Field Operations
1358,TenureDays,913,197
1359,Age,46.09993155373032,29
1359,DOB,1979-11-10,1994
1359,IsActive,False,True
1359,JobFunctionGroup,Labor & Site Work,Field Operations
1360,Age,69.43463381245722,29
1360,DOB,1956-07-10,1994
1360,IsActive,False,True
1360,JobFunctionGroup,Engineering,Field Operations
1361,Age,49.85352498288843,29
1361,DOB,1976-02-08,1994
1361,JobFunctionGroup,Engineering,Field Operations
1361,TenureDays,1984,1268
1362,Age,,29
1362,DOB,,1994
1362,JobFunctionGroup,Engineering,Field Operations
1362,TenureDays,969,253
1363,Age,69.77138945927447,29
1363,DOB,1956-03-09,1994
1363,IsActive,False,True
1364,Age,44.37234770704997,29
1364,DOB,1981-08-02,1994
1364,IsActive,False,True
1364,JobFunctionGroup,Admin & Support,Field Operations
1365,Age,75.70704996577686,29
1365,DOB,1950-04-02,1994
1365,JobFunctionGroup,Engineering,Field Operations
1365,TenureDays,2401,1685
1366,Age,,29
1366,DOB,,1994
1366,IsActive,False,True
1366,JobFunctionGroup,Executive & Leadership,Field Operations
1367,Age,,29
1367,DOB,,1994
1367,JobFunctionGroup,Admin & Support,Field Operations
1367,TenureDays,1665,949
1368,Age,65.70020533880904,29
1368,DOB,1960-04-04,1994
1368,JobFunctionGroup,Project / Site Management,Field Operations
1369,Age,,29
1369,DOB,,1994
1369,JobFunctionGroup,Other,Field Operations
1370,Age,,29
1370,DOB,,1994
1370,IsActive,False,True
1370,JobFunctionGroup,Labor & Site Work,Field Operations
1371,Age,40.02464065708419,29
1371,DOB,1985-12-07,1994
1371,JobFunctionGroup,Other,Field Operations
1371,TenureDays,1143,427
1372,Age,,29
1372,DOB,,1994
1373,Age,49.6974674880219,29
1373,DOB,1976-04-05,1994
1373,IsActive,False,True
1374,Age,36.36139630390144,29
1374,DOB,1989-08-06,1994
1374,IsActive,False,True
1375,Age,,29
1375,DOB,,1994
1375,TenureDays,2086,1370
1376,Age,43.60027378507871,29
1376,DOB,1982-05-11,1994
1376,IsActive,False,True
1376,JobFunctionGroup,Finance & Analysis,Field Operations
1377,Age,,29
1377,DOB,,1994
1377,IsActive,False,True
1377,JobFunctionGroup,Labor & Site Work,Field Operations
1378,Age,56.865160848733744,29
1378,DOB,1969-02-03,1994
1378,IsActive,False,True
1378,JobFunctionGroup,Labor & Site Work,Field Operations
1379,Age,,29
1379,DOB,,1994
1379,JobFunctionGroup,Labor & Site Work,Field Operations
1379,TenureDays,1381,665
1380,Age,,29
1380,DOB,,1994
1380,TenureDays,2295,1579
1381,Age,,29
1381,DOB,,1994
1381,JobFunctionGroup,Project / Site Management,Field Operations
1381,TenureDays,874,158
1382,Age,,29
1382,DOB,,1994
1382,IsActive,False,True
1382,JobFunctionGroup,Project / Site Management,Field Operations
1383,Age,,29
1383,DOB,,1994
1383,JobFunctionGroup,Engineering,Field Operations
1383,TenureDays,1582,866
1384,Age,48.01368925393566,29
1384,DOB,1977-12-11,1994
1384,JobFunctionGroup,Project / Site Management,Field Operations
1384,TenureDays,1284,568
1385,Age,,29
1385,DOB,,1994
1385,JobFunctionGroup,Project / Site Management,Field Operations
1386,Age,45.927446954141,29
1386,DOB,1980-01-12,1994
1386,TenureDays,1960,1244
1387,Age,45.7741273100616,29
1387,DOB,1980-03-08,1994
1387,JobFunctionGroup,Labor & Site Work,Field Operations
1387,TenureDays,1404,688
1388,Age,,29
1388,DOB,,1994
1388,JobFunctionGroup,Project / Site Management,Field Operations
1388,TenureDays,2003,1287
1389,Age,74.60369609856262,29
1389,DOB,1951-05-10,1994
1389,JobFunctionGroup,Project / Site Management,Field Operations
1389,TenureDays,1936,1220
1390,Age,38.94045174537988,29
1390,DOB,1987-01-07,1994
1390,IsActive,False,True
1391,Age,69.94113620807666,29
1391,DOB,1956-01-07,1994
1391,JobFunctionGroup,Labor & Site Work,Field Operations
1391,TenureDays,1622,906
1392,Age,,29
1392,DOB,,1994
1392,TenureDays,1263,547
1393,Age,45.87268993839836,29
1393,DOB,1980-02-01,1994
1393,JobFunctionGroup,Maintenance & Logistics,Field Operations
1393,TenureDays,957,241
1394,Age,,29
1394,DOB,,1994
1394,JobFunctionGroup,Finance & Analysis,Field Operations
1394,TenureDays,1093,377
1395,Age,,29
1395,DOB,,1994
1395,JobFunctionGroup,Labor & Site Work,Field Operations
1395,TenureDays,1361,645
1396,Age,,29
1396,DOB,,1994
1396,IsActive,False,True
1396,JobFunctionGroup,Admin & Support,Field Operations
1397,Age,65.7905544147844,29
1397,DOB,1960-03-02,1994
1397,IsActive,False,True
1397,JobFunctionGroup,Executive & Leadership,Field Operations
1398,Age,29.02943189596167,29
1398,DOB,1996-12-05,1994
1398,IsActive,False,True
1398,JobFunctionGroup,Labor & Site Work,Field Operations
1399,Age,,29
1399,DOB,,1994
1399,IsActive,False,True
1399,JobFunctionGroup,Project / Site Management,Field Operations
1400,Age,,29
1400,DOB,,1994
1400,IsActive,False,True
1401,Age,42.68856947296372,29
1401,DOB,1983-04-09,1994
1401,IsActive,False,True
1401,JobFunctionGroup,Project / Site Management,Field Operations
1402,Age,,29
1402,DOB,,1994
1402,JobFunctionGroup,Project / Site Management,Field Operations
1402,TenureDays,2117,1401
1403,Age,,29
1403,DOB,,1994
1403,JobFunctionGroup,Admin & Support,Field Operations
1403,TenureDays,2565,1849
1404,Age,,29
1404,DOB,,1994
1405,Age,69.54140999315537,29
1405,DOB,1956-06-01,1994
1405,JobFunctionGroup,Engineering,Field Operations
1405,TenureDays,2235,1519
1406,Age,,29
1406,DOB,,1994
1406,TenureDays,1080,364
1407,Age,,29
1407,DOB,,1994
1407,IsActive,False,True
1407,JobFunctionGroup,Project / Site Management,Field Operations
1408,Age,,29
1408,DOB,,1994
1408,IsActive,False,True
1408,JobFunctionGroup,Labor & Site Work,Field Operations
1409,Age,,29
1409,DOB,,1994
1409,JobFunctionGroup,Labor & Site Work,Field Operations
1409,TenureDays,2372,1656
1410,Age,,29
1410,DOB,,1994
1410,TenureDays,1583,867
1411,Age,,29
1411,DOB,,1994
1411,JobFunctionGroup,Labor & Site Work,Field Operations
1411,TenureDays,2353,1637
1412,Age,,29
1412,DOB,,1994
1412,IsActive,False,True
1412,JobFunctionGroup,Admin & Support,Field Operations
1413,Age,56.3586584531143,29
1413,DOB,1969-08-07,1994
1413,JobFunctionGroup,Engineering,Field Operations
1413,TenureDays,1803,1087
1414,Age,,29
1414,DOB,,1994
1414,TenureDays,2681,1965
1415,Age,27.603011635865844,29
1415,DOB,1998-05-10,1994
1415,JobFunctionGroup,Project / Site Management,Field Operations
1415,TenureDays,1600,884
1416,Age,62.926762491444215,29
1416,DOB,1963-01-12,1994
1416,JobFunctionGroup,Engineering,Field Operations
1416,TenureDays,983,267
1417,Age,,29
1417,DOB,,1994
1417,JobFunctionGroup,Admin & Support,Field Operations
1417,TenureDays,2288,1572
1418,Age,,29
1418,DOB,,1994
1418,IsActive,False,True
1418,JobFunctionGroup,Labor & Site Work,Field Operations
1419,Age,,29
1419,DOB,,1994
1419,JobFunctionGroup,Project / Site Management,Field Operations
1419,TenureDays,2206,1490
1420,Age,,29
1420,DOB,,1994
1420,IsActive,False,True
1420,JobFunctionGroup,Project / Site Management,Field Operations
1421,Age,,29
1421,DOB,,1994
1421,JobFunctionGroup,Engineering,Field Operations
1421,TenureDays,1454,738
1422,Age,,29
1422,DOB,,1994
1422,JobFunctionGroup,Project / Site Management,Field Operations
1422,TenureDays,1418,702
1423,Age,,29
1423,DOB,,1994
1424,Age,,29
1424,DOB,,1994
1424,JobFunctionGroup,Labor & Site Work,Field Operations
1425,Age,,29
1425,DOB,,1994
1426,Age,,29
1426,DOB,,1994
1426,TenureDays,1356,640
1427,Age,,29
1427,DOB,,1994
1427,IsActive,False,True
1427,JobFunctionGroup,Maintenance & Logistics,Field Operations
1428,Age,,29
1428,DOB,,1994
1428,JobFunctionGroup,Other,Field Operations
1429,Age,,29
1429,DOB,,1994
1429,TenureDays,1597,881
1430,Age,69.53319644079397,29
1430,DOB,1956-06-04,1994
1430,JobFunctionGroup,Engineering,Field Operations
1431,Age,,29
1431,DOB,,1994
1431,IsActive,False,True
1432,Age,,29
1432,DOB,,1994
1432,IsActive,False,True
1433,Age,25.51950718685832,29
1433,DOB,2000-06-09,1994
1433,JobFunctionGroup,Project / Site Management,Field Operations
1434,Age,74.09719370294319,29
1434,DOB,1951-11-11,1994
1434,JobFunctionGroup,Other,Field Operations
1434,TenureDays,2014,1298
1435,Age,,29
1435,DOB,,1994
1435,JobFunctionGroup,Labor & Site Work,Field Operations
1435,TenureDays,1569,853
1436,Age,,29
1436,DOB,,1994
1436,IsActive,False,True
1436,JobFunctionGroup,Engineering,Field Operations
1437,Age,,29
1437,DOB,,1994
1437,IsActive,False,True
1437,JobFunctionGroup,Other,Field Operations
1438,Age,,29
1438,DOB,,1994
1438,TenureDays,1766,1050
1439,Age,,29
1439,DOB,,1994
1439,TenureDays,1022,306
1440,Age,83.12388774811772,29
1440,DOB,1942-11-01,1994
1440,IsActive,False,True
1441,Age,,29
1441,DOB,,1994
1441,IsActive,False,True
1441,JobFunctionGroup,Labor & Site Work,Field Operations
1442,Age,,29
1442,DOB,,1994
1442,JobFunctionGroup,Project / Site Management,Field Operations
1442,TenureDays,2227,1511
1443,Age,,29
1443,DOB,,1994
1443,JobFunctionGroup,Engineering,Field Operations
1443,TenureDays,1169,453
1444,Age,29.352498288843258,29
1444,DOB,1996-08-09,1994
1444,JobFunctionGroup,Labor & Site Work,Field Operations
1444,TenureDays,1576,860
1445,Age,,29
1445,DOB,,1994
1445,IsActive,False,True
1445,JobFunctionGroup,Labor & Site Work,Field Operations
1446,Age,,29
1446,DOB,,1994
1446,IsActive,False,True
1447,Age,65.02121834360027,29
1447,DOB,1960-12-08,1994
1447,TenureDays,1502,786
1448,Age,72.3750855578371,29
1448,DOB,1953-08-01,1994
1448,JobFunctionGroup,Project / Site Management,Field Operations
1449,Age,,29
1449,DOB,,1994
1450,Age,,29
1450,DOB,,1994
1450,JobFunctionGroup,Project / Site Management,Field Operations
1450,TenureDays,1508,792
1451,Age,,29
1451,DOB,,1994
1451,IsActive,False,True
1451,JobFunctionGroup,Project / Site Management,Field Operations
1452,Age,,29
1452,DOB,,1994
1452,JobFunctionGroup,Engineering,Field Operations
1453,Age,59.93976728268309,29
1453,DOB,1966-01-07,1994
1453,JobFunctionGroup,Project / Site Management,Field Operations
1454,Age,,29
1454,DOB,,1994
1454,TenureDays,2421,1705
1455,Age,80.85694729637235,29
1455,DOB,1945-02-06,1994
1455,IsActive,False,True
1455,JobFunctionGroup,Engineering,Field Operations
1456,Age,58.455852156057496,29
1456,DOB,1967-07-03,1994
1456,IsActive,False,True
1456,JobFunctionGroup,Project / Site Management,Field Operations
1457,Age,,29
1457,DOB,,1994
1457,JobFunctionGroup,Engineering,Field Operations
1457,TenureDays,2467,1751
1458,Age,,29
1458,DOB,,1994
1458,TenureDays,1439,723
1459,Age,41.02669404517454,29
1459,DOB,1984-12-06,1994
1459,IsActive,False,True
1459,JobFunctionGroup,Admin & Support,Field Operations
1460,Age,,29
1460,DOB,,1994
1460,TenureDays,1364,648
1461,Age,,29
1461,DOB,,1994
1461,IsActive,False,True
1461,JobFunctionGroup,Engineering,Field Operations
1462,Age,,29
1462,DOB,,1994
1462,JobFunctionGroup,Labor & Site Work,Field Operations
1462,TenureDays,1849,1133
1463,Age,,29
1463,DOB,,1994
1463,JobFunctionGroup,Labor & Site Work,Field Operations
1463,TenureDays,1359,643
1464,Age,,29
1464,DOB,,1994
1464,JobFunctionGroup,Labor & Site Work,Field Operations
1464,TenureDays,2092,1376
1465,Age,,29
1465,DOB,,1994
1465,TenureDays,2688,1972
1466,Age,,29
1466,DOB,,1994
1466,JobFunctionGroup,Admin & Support,Field Operations
1466,TenureDays,2135,1419
1467,Age,,29
1467,DOB,,1994
1467,JobFunctionGroup,Labor & Site Work,Field Operations
1467,TenureDays,1080,364
1468,Age,,29
1468,DOB,,1994
1468,TenureDays,1105,389
1469,Age,,29
1469,DOB,,1994
1469,JobFunctionGroup,Engineering,Field Operations
1469,TenureDays,1009,293
1470,Age,,29
1470,DOB,,1994
1470,JobFunctionGroup,Labor & Site Work,Field Operations
1470,TenureDays,1493,777
1471,Age,,29
1471,DOB,,1994
1471,IsActive,False,True
1471,JobFunctionGroup,Labor & Site Work,Field Operations
1472,Age,43.27720739219713,29
1472,DOB,1982-09-06,1994
1472,IsActive,False,True
1472,JobFunctionGroup,Labor & Site Work,Field Operations
1473,Age,,29
1473,DOB,,1994
1473,JobFunctionGroup,Admin & Support,Field Operations
1473,TenureDays,2080,1364
1474,Age,66.35455167693361,29
1474,DOB,1959-08-09,1994
1474,JobFunctionGroup,Engineering,Field Operations
1474,TenureDays,1051,335
1475,Age,73.84531143052703,29
1475,DOB,1952-02-11,1994
1475,IsActive,False,True
1475,JobFunctionGroup,Project / Site Management,Field Operations
1476,Age,65.6810403832991,29
1476,DOB,1960-04-11,1994
1476,IsActive,False,True
1476,JobFunctionGroup,Project / Site Management,Field Operations
1477,Age,43.181382614647504,29
1477,DOB,1982-10-11,1994
1477,JobFunctionGroup,Labor & Site Work,Field Operations
1477,TenureDays,1135,419
1478,Age,53.76865160848734,29
1478,DOB,1972-03-10,1994
1478,JobFunctionGroup,Executive & Leadership,Field Operations
1478,TenureDays,1350,634
1479,Age,78.3709787816564,29
1479,DOB,1947-08-03,1994
1479,JobFunctionGroup,Labor & Site Work,Field Operations
1479,TenureDays,1758,1042
1480,Age,37.11430527036276,29
1480,DOB,1988-11-04,1994
1480,TenureDays,1310,594
1481,Age,,29
1481,DOB,,1994
1481,TenureDays,2159,1443
1482,Age,,29
1482,DOB,,1994
1482,JobFunctionGroup,Labor & Site Work,Field Operations
1482,TenureDays,1517,801
1483,Age,83.10746064339493,29
1483,DOB,1942-11-07,1994
1483,JobFunctionGroup,Engineering,Field Operations
1483,TenureDays,2537,1821
1484,Age,34.51334702258727,29
1484,DOB,1991-06-12,1994
1484,JobFunctionGroup,Labor & Site Work,Field Operations
1485,Age,,29
1485,DOB,,1994
1485,IsActive,False,True
1485,JobFunctionGroup,Engineering,Field Operations
1486,Age,,29
1486,DOB,,1994
1487,Age,44.70088980150582,29
1487,DOB,1981-04-04,1994
1487,JobFunctionGroup,Project / Site Management,Field Operations
1488,Age,,29
1488,DOB,,1994
1488,JobFunctionGroup,Labor & Site Work,Field Operations
1489,Age,,29
1489,DOB,,1994
1490,Age,65.11704312114989,29
1490,DOB,1960-11-03,1994
1490,JobFunctionGroup,Engineering,Field Operations
1490,TenureDays,2393,1677
1491,Age,35.26078028747433,29
1491,DOB,1990-09-12,1994
1491,IsActive,False,True
1491,JobFunctionGroup,Project / Site Management,Field Operations
1492,Age,,29
1492,DOB,,1994
1492,JobFunctionGroup,Maintenance & Logistics,Field Operations
1493,Age,77.36892539356604,29
1493,DOB,1948-08-03,1994
1494,Age,,29
1494,DOB,,1994
1494,IsActive,False,True
1494,JobFunctionGroup,Engineering,Field Operations
1495,Age,67.84394250513347,29
1495,DOB,1958-02-11,1994
1495,TenureDays,1966,1250
1496,Age,59.1129363449692,29
1496,DOB,1966-11-05,1994
1496,IsActive,False,True
1496,JobFunctionGroup,Executive & Leadership,Field Operations
1497,Age,,29
1497,DOB,,1994
1497,IsActive,False,True
1497,JobFunctionGroup,Project / Site Management,Field Operations
1498,Age,,29
1498,DOB,,1994
1498,IsActive,False,True
1498,JobFunctionGroup,Labor & Site Work,Field Operations
1499,Age,25.95482546201232,29
1499,DOB,2000-01-02,1994
1499,JobFunctionGroup,Executive & Leadership,Field Operations
1499,TenureDays,2211,1495
1500,Age,49.69472963723477,29
1500,DOB,1976-04-06,1994
1500,IsActive,False,True
1501,Age,,29
1501,DOB,,1994
1501,JobFunctionGroup,Labor & Site Work,Field Operations
1501,TenureDays,1226,510
1502,Age,37.78781656399726,29
1502,DOB,1988-03-03,1994
1502,JobFunctionGroup,Project / Site Management,Field Operations
1502,TenureDays,873,157
1503,Age,,29
1503,DOB,,1994
1503,TenureDays,885,169
1504,Age,,29
1504,DOB,,1994
1504,JobFunctionGroup,Engineering,Field Operations
1504,TenureDays,1133,417
1505,Age,,28
1505,DOB,,1995
1505,IsActive,False,True
1506,Age,36.12320328542094,28
1506,DOB,1989-11-01,1995
1506,JobFunctionGroup,Field Operations,Project / Site Management
1506,TenureDays,2475,1759
1507,Age,,28
1507,DOB,,1995
1508,Age,51.04175222450377,29
1508,DOB,1974-12-01,1994
1508,JobFunctionGroup,Project / Site Management,Field Operations
1508,TenureDays,2539,1823
1509,Age,,29
1509,DOB,,1994
1509,TenureDays,1048,332
1510,Age,,29
1510,DOB,,1994
1511,Age,,29
1511,DOB,,1994
1511,TenureDays,2094,1378
1512,Age,83.78370978781656,29
1512,DOB,1942-03-05,1994
1512,JobFunctionGroup,Engineering,Field Operations
1512,TenureDays,2385,1669
1513,Age,83.35934291581108,29
1513,DOB,1942-08-07,1994
1513,JobFunctionGroup,Project / Site Management,Field Operations
1513,TenureDays,933,217
1514,Age,84.19438740588637,29
1514,DOB,1941-10-06,1994
1514,JobFunctionGroup,Engineering,Field Operations
1514,TenureDays,1777,1061
1515,Age,61.84531143052703,29
1515,DOB,1964-02-11,1994
1515,JobFunctionGroup,Labor & Site Work,Field Operations
1516,Age,,29
1516,DOB,,1994
1516,JobFunctionGroup,Maintenance & Logistics,Field Operations
1517,Age,,29
1517,DOB,,1994
1517,TenureDays,2044,1328
1518,Age,,28
1518,DOB,,1995
1518,JobFunctionGroup,Engineering,Project / Site Management
1519,Age,,29
1519,DOB,,1994
1519,TenureDays,2339,1623
1520,Age,,28
1520,DOB,,1995
1520,TenureDays,1916,1200
1521,Age,62.02327173169062,29
1521,DOB,1963-12-08,1994
1521,JobFunctionGroup,Other,Field Operations
1522,Age,75.7015742642026,28
1522,DOB,1950-04-04,1995
1522,JobFunctionGroup,Field Operations,Project / Site Management
1522,TenureDays,2208,1492
1523,Age,,29
1523,DOB,,1994
1523,JobFunctionGroup,Other,Field Operations
1524,Age,65.1854893908282,28
1524,DOB,1960-10-09,1995
1525,Age,,28
1525,DOB,,1995
1525,JobFunctionGroup,Labor & Site Work,Project / Site Management
1525,TenureDays,2040,1324
1526,Age,,29
1526,DOB,,1994
1526,IsActive,False,True
1526,JobFunctionGroup,Executive & Leadership,Field Operations
1527,Age,,29
1527,DOB,,1994
1527,JobFunctionGroup,Admin & Support,Field Operations
1528,Age,27.7015742642026,29
1528,DOB,1998-04-04,1994
1528,JobFunctionGroup,Engineering,Field Operations
1528,TenureDays,1893,1177
1529,Age,,29
1529,DOB,,1994
1529,JobFunctionGroup,Engineering,Field Operations
1529,TenureDays,1676,960
1530,Age,,29
1530,DOB,,1994
1530,JobFunctionGroup,Project / Site Management,Field Operations
1531,Age,,29
1531,DOB,,1994
1531,JobFunctionGroup,Admin & Support,Field Operations
1531,TenureDays,2357,1641
1532,Age,36.37234770704997,29
1532,DOB,1989-08-02,1994
1532,IsActive,False,True
1532,JobFunctionGroup,Project / Site Management,Field Operations
1533,Age,,29
1533,DOB,,1994
1533,JobFunctionGroup,Admin & Support,Field Operations
1533,TenureDays,2600,1884
1534,Age,,29
1534,DOB,,1994
1534,JobFunctionGroup,Engineering,Field Operations
1535,Age,,29
1535,DOB,,1994
1535,IsActive,False,True
1535,JobFunctionGroup,Admin & Support,Field Operations
1536,Age,53.60711841204655,29
1536,DOB,1972-05-08,1994
1537,Age,,29
1537,DOB,,1994
1537,JobFunctionGroup,Project / Site Management,Field Operations
1538,Age,,29
1538,DOB,,1994
1538,JobFunctionGroup,Other,Field Operations
1538,TenureDays,1392,676
1539,Age,54.78713210130048,29
1539,DOB,1971-03-04,1994
1539,TenureDays,2391,1675
1540,Age,31.014373716632445,29
1540,DOB,1994-12-11,1994
1540,JobFunctionGroup,Labor & Site Work,Field Operations
1540,TenureDays,2513,1797
1541,Age,,29
1541,DOB,,1994
1541,JobFunctionGroup,Labor & Site Work,Field Operations
1541,TenureDays,2298,1582
1542,Age,50.847364818617386,29
1542,DOB,1975-02-10,1994
1542,JobFunctionGroup,Project / Site Management,Field Operations
1543,Age,,29
1543,DOB,,1994
1543,IsActive,False,True
1543,JobFunctionGroup,Project / Site Management,Field Operations
1544,Age,31.8466803559206,29
1544,DOB,1994-02-10,1994
1545,Age,,29
1545,DOB,,1994
1545,IsActive,False,True
1545,JobFunctionGroup,Labor & Site Work,Field Operations
1546,Age,34.18480492813142,29
1546,DOB,1991-10-10,1994
1546,JobFunctionGroup,Labor & Site Work,Field Operations
1546,TenureDays,2224,1508
1547,Age,,29
1547,DOB,,1994
1547,JobFunctionGroup,Project / Site Management,Field Operations
1547,TenureDays,1707,991
1548,Age,,29
1548,DOB,,1994
1548,JobFunctionGroup,Project / Site Management,Field Operations
1548,TenureDays,2438,1722
1549,Age,,29
1549,DOB,,1994
1549,JobFunctionGroup,Admin & Support,Field Operations
1549,TenureDays,1802,1086
1550,Age,,29
1550,DOB,,1994
1551,Age,,29
1551,DOB,,1994
1551,JobFunctionGroup,Admin & Support,Field Operations
1552,Age,,29
1552,DOB,,1994
1552,IsActive,False,True
1552,JobFunctionGroup,Engineering,Field Operations
1553,Age,,29
1553,DOB,,1994
1553,JobFunctionGroup,Project / Site Management,Field Operations
1553,TenureDays,1497,781
1554,Age,,29
1554,DOB,,1994
1554,IsActive,False,True
1554,JobFunctionGroup,Project / Site Management,Field Operations
1555,Age,,29
1555,DOB,,1994
1555,JobFunctionGroup,Project / Site Management,Field Operations
1555,TenureDays,2589,1873
1556,Age,,29
1556,DOB,,1994
1556,IsActive,False,True
1556,JobFunctionGroup,Labor & Site Work,Field Operations
1557,Age,77.84531143052703,29
1557,DOB,1948-02-11,1994
1557,JobFunctionGroup,Other,Field Operations
1557,TenureDays,2001,1285
1558,Age,62.10266940451746,29
1558,DOB,1963-11-09,1994
1558,IsActive,False,True
1559,Age,,29
1559,DOB,,1994
1559,JobFunctionGroup,Executive & Leadership,Field Operations
1559,TenureDays,1219,503
1560,Age,,29
1560,DOB,,1994
1560,JobFunctionGroup,Admin & Support,Field Operations
1560,TenureDays,2594,1878
1561,Age,,29
1561,DOB,,1994
1561,IsActive,False,True
1561,JobFunctionGroup,Labor & Site Work,Field Operations
1562,Age,,29
1562,DOB,,1994
1562,JobFunctionGroup,Labor & Site Work,Field Operations
1562,TenureDays,2121,1405
1563,Age,,29
1563,DOB,,1994
1563,IsActive,False,True
1563,JobFunctionGroup,Labor & Site Work,Field Operations
1564,Age,76.9555099247091,29
1564,DOB,1949-01-01,1994
1564,IsActive,False,True
1565,Age,,29
1565,DOB,,1994
1565,IsActive,False,True
1565,JobFunctionGroup,Labor & Site Work,Field Operations
1566,Age,,29
1566,DOB,,1994
1566,IsActive,False,True
1567,Age,,29
1567,DOB,,1994
1567,IsActive,False,True
1568,Age,47.36208076659822,29
1568,DOB,1978-08-06,1994
1568,TenureDays,1095,379
1569,Age,33.43463381245722,29
1569,DOB,1992-07-10,1994
1569,IsActive,False,True
1570,Age,35.520876112251884,29
1570,DOB,1990-06-09,1994
1570,IsActive,False,True
1570,JobFunctionGroup,Project / Site Management,Field Operations
1571,Age,,29
1571,DOB,,1994
1571,JobFunctionGroup,Labor & Site Work,Field Operations
1571,TenureDays,1363,647
1572,Age,,29
1572,DOB,,1994
1572,IsActive,False,True
1572,JobFunctionGroup,Other,Field Operations
1573,Age,62.44490075290896,29
1573,DOB,1963-07-07,1994
1573,IsActive,False,True
1573,JobFunctionGroup,Labor & Site Work,Field Operations
1574,Age,,29
1574,DOB,,1994
1574,JobFunctionGroup,Project / Site Management,Field Operations
1575,Age,,29
1575,DOB,,1994
1575,JobFunctionGroup,Labor & Site Work,Field Operations
1576,Age,40.4599589322382,29
1576,DOB,1985-07-01,1994
1576,JobFunctionGroup,Other,Field Operations
1577,Age,24.698151950718685,29
1577,DOB,2001-04-05,1994
1577,JobFunctionGroup,Engineering,Field Operations
1577,TenureDays,1696,980
1578,Age,78.77344284736482,29
1578,DOB,1947-03-09,1994
1578,IsActive,False,True
1578,JobFunctionGroup,Labor & Site Work,Field Operations
1579,Age,,29
1579,DOB,,1994
1579,JobFunctionGroup,Executive & Leadership,Field Operations
1579,TenureDays,1549,833
1580,Age,46.61738535249829,29
1580,DOB,1979-05-05,1994
1580,JobFunctionGroup,Other,Field Operations
1580,TenureDays,1827,1111
1581,Age,84.28473648186174,29
1581,DOB,1941-09-03,1994
1581,IsActive,False,True
1582,Age,28.20807665982204,29
1582,DOB,1997-10-01,1994
1582,JobFunctionGroup,Engineering,Field Operations
1582,TenureDays,1490,774
1583,Age,76.77754962354551,29
1583,DOB,1949-03-07,1994
1583,IsActive,False,True
1583,JobFunctionGroup,Labor & Site Work,Field Operations
1584,Age,31.362080766598226,29
1584,DOB,1994-08-06,1994
1584,IsActive,False,True
1584,JobFunctionGroup,Admin & Support,Field Operations
1585,Age,41.52772073921971,29
1585,DOB,1984-06-06,1994
1585,IsActive,False,True
1585,JobFunctionGroup,Executive & Leadership,Field Operations
1586,Age,73.6892539356605,29
1586,DOB,1952-04-08,1994
1586,IsActive,False,True
1586,JobFunctionGroup,Project / Site Management,Field Operations
1587,Age,41.09514031485284,29
1587,DOB,1984-11-11,1994
1587,TenureDays,1374,658
1588,Age,33.782340862423,29
1588,DOB,1992-03-05,1994
1588,JobFunctionGroup,Engineering,Field Operations
1588,TenureDays,928,212
1589,Age,67.20876112251882,29
1589,DOB,1958-10-01,1994
1589,TenureDays,1713,997
1590,Age,,29
1590,DOB,,1994
1590,JobFunctionGroup,Labor & Site Work,Field Operations
1590,TenureDays,2206,1490
1591,Age,,29
1591,DOB,,1994
1591,IsActive,False,True
1591,JobFunctionGroup,Admin & Support,Field Operations
1592,Age,48.936344969199176,29
1592,DOB,1977-01-08,1994
1592,JobFunctionGroup,Labor & Site Work,Field Operations
1592,TenureDays,1361,645
1593,Age,,29
1593,DOB,,1994
1593,IsActive,False,True
1593,JobFunctionGroup,Finance & Analysis,Field Operations
1594,Age,70.01505817932923,29
1594,DOB,1955-12-11,1994
1594,JobFunctionGroup,Project / Site Management,Field Operations
1594,TenureDays,1113,397
1595,Age,,29
1595,DOB,,1994
1595,TenureDays,2398,1682
1596,Age,63.36755646817249,29
1596,DOB,1962-08-04,1994
1596,IsActive,False,True
1596,JobFunctionGroup,Project / Site Management,Field Operations
1597,Age,,29
1597,DOB,,1994
1597,IsActive,False,True
1597,JobFunctionGroup,Project / Site Management,Field Operations
1598,Age,50.68309377138946,29
1598,DOB,1975-04-11,1994
1598,IsActive,False,True
1598,JobFunctionGroup,Labor & Site Work,Field Operations
1599,Age,,29
1599,DOB,,1994
1599,IsActive,False,True
1599,JobFunctionGroup,Other,Field Operations
1600,Age,51.36755646817249,29
1600,DOB,1974-08-04,1994
1600,JobFunctionGroup,Engineering,Field Operations
1600,TenureDays,2400,1684
1601,Age,44.62422997946612,29
1601,DOB,1981-05-02,1994
1602,Age,,29
1602,DOB,,1994
1602,JobFunctionGroup,Finance & Analysis,Field Operations
1602,TenureDays,2290,1574
1603,Age,,29
1603,DOB,,1994
1603,IsActive,False,True
1604,Age,,29
1604,DOB,,1994
1604,IsActive,False,True
1604,JobFunctionGroup,Project / Site Management,Field Operations
1605,Age,29.111567419575632,29
1605,DOB,1996-11-05,1994
1605,IsActive,False,True
1606,Age,,29
1606,DOB,,1994
1606,JobFunctionGroup,Labor & Site Work,Field Operations
1606,TenureDays,1314,598
1607,Age,,29
1607,DOB,,1994
1607,IsActive,False,True
1607,JobFunctionGroup,Other,Field Operations
1608,Age,,29
1608,DOB,,1994
1608,IsActive,False,True
1609,Age,,29
1609,DOB,,1994
1609,JobFunctionGroup,Labor & Site Work,Field Operations
1609,TenureDays,1269,553
1610,Age,,29
1610,DOB,,1994
1610,IsActive,False,True
1610,JobFunctionGroup,Admin & Support,Field Operations
1611,Age,24.618754277891856,29
1611,DOB,2001-05-04,1994
1611,JobFunctionGroup,Project / Site Management,Field Operations
1611,TenureDays,2662,1946
1612,Age,68.19986310746064,29
1612,DOB,1957-10-04,1994
1612,TenureDays,1334,618
1613,Age,76.03285420944559,29
1613,DOB,1949-12-04,1994
1614,Age,,29
1614,DOB,,1994
1614,JobFunctionGroup,Labor & Site Work,Field Operations
1614,TenureDays,1190,474
1615,Age,,29
1615,DOB,,1994
1615,TenureDays,2214,1498
1616,Age,,29
1616,DOB,,1994
1616,TenureDays,2098,1382
1617,Age,,29
1617,DOB,,1994
1617,TenureDays,1189,473
1618,Age,,29
1618,DOB,,1994
1618,JobFunctionGroup,Engineering,Field Operations
1618,TenureDays,1547,831
1619,Age,,29
1619,DOB,,1994
1619,JobFunctionGroup,Project / Site Management,Field Operations
1619,TenureDays,2034,1318
1620,Age,,29
1620,DOB,,1994
1620,JobFunctionGroup,Labor & Site Work,Field Operations
1620,TenureDays,1099,383
1621,Age,30.69678302532512,29
1621,DOB,1995-04-06,1994
1621,JobFunctionGroup,Labor & Site Work,Field Operations
1621,TenureDays,1408,692
1622,Age,83.61122518822724,29
1622,DOB,1942-05-07,1994
1622,JobFunctionGroup,Labor & Site Work,Field Operations
1622,TenureDays,1897,1181
1623,Age,72.86516084873374,29
1623,DOB,1953-02-03,1994
1623,IsActive,False,True
1623,JobFunctionGroup,Health & Safety,Field Operations
1624,Age,,29
1624,DOB,,1994
1624,JobFunctionGroup,Labor & Site Work,Field Operations
1624,TenureDays,1389,673
1625,Age,69.59616700889802,29
1625,DOB,1956-05-12,1994
1625,IsActive,False,True
1625,JobFunctionGroup,Labor & Site Work,Field Operations
1626,Age,36.84873374401095,29
1626,DOB,1989-02-09,1994
1626,JobFunctionGroup,Engineering,Field Operations
1626,TenureDays,1541,825
1627,Age,,29
1627,DOB,,1994
1627,IsActive,False,True
1627,JobFunctionGroup,Project / Site Management,Field Operations
1628,Age,,29
1628,DOB,,1994
1628,JobFunctionGroup,Executive & Leadership,Field Operations
1628,TenureDays,1847,1131
1629,Age,,29
1629,DOB,,1994
1629,IsActive,False,True
1629,JobFunctionGroup,Labor & Site Work,Field Operations
1630,Age,,29
1630,DOB,,1994
1630,JobFunctionGroup,Labor & Site Work,Field Operations
1630,TenureDays,1706,990
1631,Age,,29
1631,DOB,,1994
1631,IsActive,False,True
1631,JobFunctionGroup,Labor & Site Work,Field Operations
1632,Age,,29
1632,DOB,,1994
1632,JobFunctionGroup,Labor & Site Work,Field Operations
1633,Age,,29
1633,DOB,,1994
1633,TenureDays,1055,339
1634,Age,79.36208076659823,29
1634,DOB,1946-08-06,1994
1634,TenureDays,2561,1845
1635,Age,,29
1635,DOB,,1994
1635,JobFunctionGroup,Labor & Site Work,Field Operations
1635,TenureDays,2609,1893
1636,Age,,29
1636,DOB,,1994
1636,JobFunctionGroup,Labor & Site Work,Field Operations
1636,TenureDays,1671,955
1637,Age,61.60164271047228,29
1637,DOB,1964-05-10,1994
1637,IsActive,False,True
1637,JobFunctionGroup,Executive & Leadership,Field Operations
1638,Age,,29
1638,DOB,,1994
1638,JobFunctionGroup,Labor & Site Work,Field Operations
1638,TenureDays,2046,1330
1639,Age,,29
1639,DOB,,1994
1639,IsActive,False,True
1639,JobFunctionGroup,Project / Site Management,Field Operations
1640,Age,,29
1640,DOB,,1994
1640,JobFunctionGroup,Project / Site Management,Field Operations
1640,TenureDays,1334,618
1641,Age,63.27446954140999,29
1641,DOB,1962-09-07,1994
1641,JobFunctionGroup,Labor & Site Work,Field Operations
1641,TenureDays,1655,939
1642,Age,,29
1642,DOB,,1994
1642,JobFunctionGroup,Project / Site Management,Field Operations
1642,TenureDays,1266,550
1643,Age,,29
1643,DOB,,1994
1643,TenureDays,1263,547
1644,Age,,29
1644,DOB,,1994
1644,JobFunctionGroup,Labor & Site Work,Field Operations
1644,TenureDays,1077,361
1645,Age,45.27310061601643,29
1645,DOB,1980-09-07,1994
1645,JobFunctionGroup,Engineering,Field Operations
1645,TenureDays,892,176
1646,Age,,29
1646,DOB,,1994
1646,IsActive,False,True
1646,JobFunctionGroup,Project / Site Management,Field Operations
1647,Age,,29
1647,DOB,,1994
1647,JobFunctionGroup,Project / Site Management,Field Operations
1647,TenureDays,2311,1595
1648,Age,,29
1648,DOB,,1994
1648,JobFunctionGroup,Project / Site Management,Field Operations
1648,TenureDays,2604,1888
1649,Age,,29
1649,DOB,,1994
1649,IsActive,False,True
1649,JobFunctionGroup,Project / Site Management,Field Operations
1650,Age,,29
1650,DOB,,1994
1650,IsActive,False,True
1650,JobFunctionGroup,Project / Site Management,Field Operations
1651,Age,,29
1651,DOB,,1994
1651,JobFunctionGroup,Labor & Site Work,Field Operations
1652,Age,69.51129363449692,29
1652,DOB,1956-06-12,1994
1652,JobFunctionGroup,Labor & Site Work,Field Operations
1652,TenureDays,1276,560
1653,Age,65.11704312114989,29
1653,DOB,1960-11-03,1994
1653,IsActive,False,True
1653,JobFunctionGroup,Project / Site Management,Field Operations
1654,Age,37.52224503764545,29
1654,DOB,1988-06-08,1994
1654,JobFunctionGroup,Project / Site Management,Field Operations
1654,TenureDays,2047,1331
1655,Age,64.93634496919918,29
1655,DOB,1961-01-08,1994
1655,JobFunctionGroup,Labor & Site Work,Field Operations
1655,TenureDays,1763,1047
1656,Age,,29
1656,DOB,,1994
1656,TenureDays,2074,1358
1657,Age,54.85831622176591,29
1657,DOB,1971-02-06,1994
1657,JobFunctionGroup,Admin & Support,Field Operations
1657,TenureDays,1722,1006
1658,Age,26.431211498973305,29
1658,DOB,1999-07-12,1994
1658,IsActive,False,True
1658,JobFunctionGroup,Engineering,Field Operations
1659,Age,,29
1659,DOB,,1994
1659,IsActive,False,True
1659,JobFunctionGroup,Labor & Site Work,Field Operations
1660,Age,,29
1660,DOB,,1994
1660,IsActive,False,True
1660,JobFunctionGroup,Labor & Site Work,Field Operations
1661,Age,,29
1661,DOB,,1994
1661,JobFunctionGroup,Project / Site Management,Field Operations
1661,TenureDays,2342,1626
1662,Age,59.53456536618754,29
1662,DOB,1966-06-04,1994
1662,IsActive,False,True
1662,JobFunctionGroup,Executive & Leadership,Field Operations
1663,Age,,29
1663,DOB,,1994
1663,JobFunctionGroup,Admin & Support,Field Operations
1663,TenureDays,1069,353
1664,Age,,29
1664,DOB,,1994
1664,JobFunctionGroup,Other,Field Operations
1664,TenureDays,1117,401
1665,Age,38.26967830253251,29
1665,DOB,1987-09-09,1994
1665,JobFunctionGroup,Labor & Site Work,Field Operations
1665,TenureDays,2225,1509
1666,Age,77.6125941136208,29
1666,DOB,1948-05-06,1994
1666,IsActive,False,True
1667,Age,61.927446954141,29
1667,DOB,1964-01-12,1994
1667,IsActive,False,True
1667,JobFunctionGroup,Labor & Site Work,Field Operations
1668,Age,,29
1668,DOB,,1994
1668,IsActive,False,True
1668,JobFunctionGroup,Project / Site Management,Field Operations
1669,Age,,29
1669,DOB,,1994
1669,JobFunctionGroup,Project / Site Management,Field Operations
1669,TenureDays,882,166
1670,Age,,29
1670,DOB,,1994
1670,IsActive,False,True
1671,Age,,29
1671,DOB,,1994
1671,JobFunctionGroup,Labor & Site Work,Field Operations
1671,TenureDays,1980,1264
1672,Age,,29
1672,DOB,,1994
1672,JobFunctionGroup,Executive & Leadership,Field Operations
1672,TenureDays,2604,1888
1673,Age,,29
1673,DOB,,1994
1673,JobFunctionGroup,Project / Site Management,Field Operations
1673,TenureDays,1190,474
1674,Age,,29
1674,DOB,,1994
1674,JobFunctionGroup,Engineering,Field Operations
1675,Age,,29
1675,DOB,,1994
1675,TenureDays,998,282
1676,Age,,29
1676,DOB,,1994
1676,JobFunctionGroup,Project / Site Management,Field Operations
1676,TenureDays,1901,1185
1677,Age,,29
1677,DOB,,1994
1677,JobFunctionGroup,Labor & Site Work,Field Operations
1677,TenureDays,1919,1203
1678,Age,,29
1678,DOB,,1994
1678,JobFunctionGroup,Project / Site Management,Field Operations
1678,TenureDays,2158,1442
1679,Age,,29
1679,DOB,,1994
1679,IsActive,False,True
1679,JobFunctionGroup,Project / Site Management,Field Operations
1680,Age,,29
1680,DOB,,1994
1680,IsActive,False,True
1680,JobFunctionGroup,Project / Site Management,Field Operations
1681,Age,,29
1681,DOB,,1994
1682,Age,,29
1682,DOB,,1994
1682,TenureDays,1757,1041
1683,Age,,29
1683,DOB,,1994
1683,JobFunctionGroup,Executive & Leadership,Field Operations
1683,TenureDays,1656,940
1684,Age,,29
1684,DOB,,1994
1684,IsActive,False,True
1685,Age,,29
1685,DOB,,1994
1685,IsActive,False,True
1686,Age,,29
1686,DOB,,1994
1686,IsActive,False,True
1686,JobFunctionGroup,Admin & Support,Field Operations
1687,Age,,29
1687,DOB,,1994
1687,JobFunctionGroup,Project / Site Management,Field Operations
1687,TenureDays,2306,1590
1688,Age,,29
1688,DOB,,1994
1688,IsActive,False,True
1688,JobFunctionGroup,Engineering,Field Operations
1689,Age,79.28542094455852,29
1689,DOB,1946-09-03,1994
1689,JobFunctionGroup,Engineering,Field Operations
1689,TenureDays,1578,862
1690,Age,,29
1690,DOB,,1994
1690,JobFunctionGroup,Labor & Site Work,Field Operations
1690,TenureDays,2003,1287
1691,Age,25.1088295687885,29
1691,DOB,2000-11-06,1994
1691,JobFunctionGroup,Project / Site Management,Field Operations
1691,TenureDays,2149,1433
1692,Age,84.26557152635182,29
1692,DOB,1941-09-10,1994
1692,JobFunctionGroup,Project / Site Management,Field Operations
1692,TenureDays,2454,1738
1693,Age,,29
1693,DOB,,1994
1693,TenureDays,2629,1913
1694,Age,27.263518138261464,29
1694,DOB,1998-09-11,1994
1694,JobFunctionGroup,Other,Field Operations
1694,TenureDays,1944,1228
1695,Age,,29
1695,DOB,,1994
1695,IsActive,False,True
1695,JobFunctionGroup,Other,Field Operations
1696,Age,46.84188911704312,29
1696,DOB,1979-02-12,1994
1696,JobFunctionGroup,Project / Site Management,Field Operations
1696,TenureDays,1558,842
1697,Age,75.35386721423683,29
1697,DOB,1950-08-09,1994
1697,JobFunctionGroup,Labor & Site Work,Field Operations
1698,Age,,29
1698,DOB,,1994
1698,JobFunctionGroup,Project / Site Management,Field Operations
1698,TenureDays,2321,1605
1699,Age,,29
1699,DOB,,1994
1699,IsActive,False,True
1699,JobFunctionGroup,Other,Field Operations
1700,Age,,29
1700,DOB,,1994
1700,JobFunctionGroup,Project / Site Management,Field Operations
1700,TenureDays,2341,1625
1701,Age,70.20670773442848,29
1701,DOB,1955-10-02,1994
1701,JobFunctionGroup,Project / Site Management,Field Operations
1701,TenureDays,995,279
1702,Age,37.869952087611225,29
1702,DOB,1988-02-02,1994
1702,TenureDays,2262,1546
1703,Age,,29
1703,DOB,,1994
1703,TenureDays,1099,383
1704,Age,74.76522929500342,29
1704,DOB,1951-03-12,1994
1704,JobFunctionGroup,Labor & Site Work,Field Operations
1705,Age,,29
1705,DOB,,1994
1705,TenureDays,1331,615
1706,Age,,29
1706,DOB,,1994
1706,TenureDays,1967,1251
1707,Age,24.438056125941134,29
1707,DOB,2001-07-09,1994
1707,IsActive,False,True
1707,JobFunctionGroup,Project / Site Management,Field Operations
1708,Age,,29
1708,DOB,,1994
1708,IsActive,False,True
1709,Age,34.19028062970568,29
1709,DOB,1991-10-08,1994
1709,IsActive,False,True
1709,JobFunctionGroup,Labor & Site Work,Field Operations
1710,Age,,29
1710,DOB,,1994
1710,JobFunctionGroup,Labor & Site Work,Field Operations
1711,Age,59.34839151266256,29
1711,DOB,1966-08-11,1994
1711,IsActive,False,True
1711,JobFunctionGroup,Executive & Leadership,Field Operations
1712,Age,,29
1712,DOB,,1994
1712,JobFunctionGroup,Labor & Site Work,Field Operations
1712,TenureDays,2051,1335
1713,Age,,29
1713,DOB,,1994
1713,JobFunctionGroup,Project / Site Management,Field Operations
1713,TenureDays,1834,1118
1714,Age,,29
1714,DOB,,1994
1714,IsActive,False,True
1714,JobFunctionGroup,Project / Site Management,Field Operations
1715,Age,,29
1715,DOB,,1994
1715,IsActive,False,True
1715,JobFunctionGroup,Engineering,Field Operations
1716,Age,,29
1716,DOB,,1994
1716,JobFunctionGroup,Project / Site Management,Field Operations
1717,Age,,29
1717,DOB,,1994
1717,JobFunctionGroup,Labor & Site Work,Field Operations
1717,TenureDays,1209,493
1718,Age,36.19986310746064,29
1718,DOB,1989-10-04,1994
1718,JobFunctionGroup,Project / Site Management,Field Operations
1718,TenureDays,2484,1768
1719,Age,82.11909650924025,29
1719,DOB,1943-11-03,1994
1719,JobFunctionGroup,Admin & Support,Field Operations
1720,Age,44.10951403148528,29
1720,DOB,1981-11-06,1994
1720,IsActive,False,True
1721,Age,,29
1721,DOB,,1994
1721,JobFunctionGroup,Other,Field Operations
1721,TenureDays,1600,884
1722,Age,,29
1722,DOB,,1994
1722,JobFunctionGroup,Project / Site Management,Field Operations
1723,Age,54.195756331279945,29
1723,DOB,1971-10-06,1994
1723,IsActive,False,True
1723,JobFunctionGroup,Other,Field Operations
1724,Age,75.03080082135524,29
1724,DOB,1950-12-05,1994
1724,IsActive,False,True
1724,JobFunctionGroup,Engineering,Field Operations
1725,Age,69.94113620807666,29
1725,DOB,1956-01-07,1994
1725,JobFunctionGroup,Project / Site Management,Field Operations
1725,TenureDays,1896,1180
1726,Age,81.26488706365502,29
1726,DOB,1944-09-10,1994
1726,JobFunctionGroup,Admin & Support,Field Operations
1726,TenureDays,2376,1660
1727,Age,50.27241615331965,29
1727,DOB,1975-09-08,1994
1727,TenureDays,1328,612
1728,Age,,29
1728,DOB,,1994
1728,JobFunctionGroup,Project / Site Management,Field Operations
1729,Age,,29
1729,DOB,,1994
1729,IsActive,False,True
1729,JobFunctionGroup,Project / Site Management,Field Operations
1730,Age,75.86858316221766,29
1730,DOB,1950-02-02,1994
1730,IsActive,False,True
1730,JobFunctionGroup,Admin & Support,Field Operations
1731,Age,63.44421629021218,29
1731,DOB,1962-07-07,1994
1731,JobFunctionGroup,Project / Site Management,Field Operations
1731,TenureDays,1027,311
1732,Age,,29
1732,DOB,,1994
1732,IsActive,False,True
1733,Age,,29
1733,DOB,,1994
1733,IsActive,False,True
1733,JobFunctionGroup,Labor & Site Work,Field Operations
1734,Age,,29
1734,DOB,,1994
1734,JobFunctionGroup,Engineering,Field Operations
1734,TenureDays,1672,956
1735,Age,55.69883641341547,29
1735,DOB,1970-04-05,1994
1735,JobFunctionGroup,Project / Site Management,Field Operations
1735,TenureDays,1809,1093
1736,Age,,29
1736,DOB,,1994
1736,TenureDays,2457,1741
1737,Age,,29
1737,DOB,,1994
1737,TenureDays,1905,1189
1738,Age,77.8590006844627,29
1738,DOB,1948-02-06,1994
1738,IsActive,False,True
1738,JobFunctionGroup,Labor & Site Work,Field Operations
1739,Age,28.268309377138944,29
1739,DOB,1997-09-09,1994
1739,TenureDays,2463,1747
1740,Age,,29
1740,DOB,,1994
1740,JobFunctionGroup,Admin & Support,Field Operations
1741,Age,,29
1741,DOB,,1994
1741,TenureDays,2687,1971
1742,Age,,29
1742,DOB,,1994
1742,IsActive,False,True
1742,JobFunctionGroup,Labor & Site Work,Field Operations
1743,Age,,29
1743,DOB,,1994
1743,JobFunctionGroup,Finance & Analysis,Field Operations
1743,TenureDays,1052,336
1744,Age,33.84531143052703,29
1744,DOB,1992-02-11,1994
1744,IsActive,False,True
1744,JobFunctionGroup,Executive & Leadership,Field Operations
1745,Age,31.54277891854894,29
1745,DOB,1994-06-01,1994
1745,JobFunctionGroup,Labor & Site Work,Field Operations
1746,Age,38.20123203285421,29
1746,DOB,1987-10-04,1994
1746,JobFunctionGroup,Engineering,Field Operations
1747,Age,,29
1747,DOB,,1994
1747,JobFunctionGroup,Project / Site Management,Field Operations
1747,TenureDays,1407,691
1748,Age,38.20670773442848,29
1748,DOB,1987-10-02,1994
1748,IsActive,False,True
1749,Age,,29
1749,DOB,,1994
1749,JobFunctionGroup,Project / Site Management,Field Operations
1749,TenureDays,1531,815
1750,Age,74.28884325804243,29
1750,DOB,1951-09-02,1994
1750,JobFunctionGroup,Project / Site Management,Field Operations
1750,TenureDays,1819,1103
1751,Age,,29
1751,DOB,,1994
1751,JobFunctionGroup,Engineering,Field Operations
1751,TenureDays,1141,425
1752,Age,29.949349760438057,29
1752,DOB,1996-01-04,1994
1752,JobFunctionGroup,Project / Site Management,Field Operations
1753,Age,45.34976043805612,29
1753,DOB,1980-08-10,1994
1753,IsActive,False,True
1754,Age,,29
1754,DOB,,1994
1754,IsActive,False,True
1754,JobFunctionGroup,Project / Site Management,Field Operations
1755,Age,,29
1755,DOB,,1994
1755,JobFunctionGroup,Engineering,Field Operations
1755,TenureDays,1738,1022
1756,Age,76.26009582477755,29
1756,DOB,1949-09-12,1994
1756,JobFunctionGroup,Project / Site Management,Field Operations
1756,TenureDays,2560,1844
1757,Age,,29
1757,DOB,,1994
1757,IsActive,False,True
1757,JobFunctionGroup,Labor & Site Work,Field Operations
1758,Age,,29
1758,DOB,,1994
1758,JobFunctionGroup,Labor & Site Work,Field Operations
1759,Age,,29
1759,DOB,,1994
1759,IsActive,False,True
1760,Age,,29
1760,DOB,,1994
1760,JobFunctionGroup,Project / Site Management,Field Operations
1760,TenureDays,2118,1402
1761,Age,,29
1761,DOB,,1994
1761,IsActive,False,True
1761,JobFunctionGroup,Labor & Site Work,Field Operations
1762,Age,81.45106091718002,29
1762,DOB,1944-07-04,1994
1762,JobFunctionGroup,Maintenance & Logistics,Field Operations
1762,TenureDays,2517,1801
1763,Age,,29
1763,DOB,,1994
1763,IsActive,False,True
1763,JobFunctionGroup,Labor & Site Work,Field Operations
1764,Age,,29
1764,DOB,,1994
1764,IsActive,False,True
1764,JobFunctionGroup,Engineering,Field Operations
1765,Age,,29
1765,DOB,,1994
1765,IsActive,False,True
1765,JobFunctionGroup,Admin & Support,Field Operations
1766,Age,62.37645448323067,29
1766,DOB,1963-08-01,1994
1766,JobFunctionGroup,Labor & Site Work,Field Operations
1767,Age,,29
1767,DOB,,1994
1767,JobFunctionGroup,Labor & Site Work,Field Operations
1767,TenureDays,2334,1618
1768,Age,,29
1768,DOB,,1994
1768,IsActive,False,True
1768,JobFunctionGroup,Labor & Site Work,Field Operations
1769,Age,,29
1769,DOB,,1994
1770,Age,42.68035592060232,29
1770,DOB,1983-04-12,1994
1771,Age,62.46132785763176,29
1771,DOB,1963-07-01,1994
1771,IsActive,False,True
1771,JobFunctionGroup,Other,Field Operations
1772,Age,48.435318275154,29
1772,DOB,1977-07-10,1994
1772,JobFunctionGroup,Project / Site Management,Field Operations
1772,TenureDays,2025,1309
1773,Age,,29
1773,DOB,,1994
1773,JobFunctionGroup,Labor & Site Work,Field Operations
1773,TenureDays,1246,530
1774,Age,,29
1774,DOB,,1994
1774,TenureDays,1994,1278
1775,Age,56.95550992470911,29
1775,DOB,1969-01-01,1994
1775,JobFunctionGroup,Project / Site Management,Field Operations
1775,TenureDays,1854,1138
1776,Age,39.69883641341547,29
1776,DOB,1986-04-05,1994
1777,Age,,29
1777,DOB,,1994
1777,IsActive,False,True
1777,JobFunctionGroup,Project / Site Management,Field Operations
1778,Age,,29
1778,DOB,,1994
1778,IsActive,False,True
1778,JobFunctionGroup,Admin & Support,Field Operations
1779,Age,83.93429158110882,29
1779,DOB,1942-01-09,1994
1779,TenureDays,1148,432
1780,Age,72.5284052019165,29
1780,DOB,1953-06-06,1994
1780,JobFunctionGroup,Other,Field Operations
1780,TenureDays,1784,1068
1781,Age,,29
1781,DOB,,1994
1781,JobFunctionGroup,Field Operations,Admin & Support
1781,TenureDays,2643,1927
1782,Age,,29
1782,DOB,,1994
1782,JobFunctionGroup,Labor & Site Work,Admin & Support
1782,TenureDays,2072,1356
1783,Age,60.84052019164955,29
1783,DOB,1965-02-12,1994
1783,IsActive,False,True
1783,JobFunctionGroup,Executive & Leadership,Admin & Support
1784,Age,,29
1784,DOB,,1994
1784,TenureDays,2076,1360
1785,Age,34.600958247775495,29
1785,DOB,1991-05-11,1994
1785,IsActive,False,True
1785,JobFunctionGroup,Executive & Leadership,Admin & Support
1786,Age,60.284736481861735,29
1786,DOB,1965-09-03,1994
1786,IsActive,False,True
1786,JobFunctionGroup,Maintenance & Logistics,Admin & Support
1787,Age,,29
1787,DOB,,1994
1787,IsActive,False,True
1787,JobFunctionGroup,Field Operations,Admin & Support
1788,Age,,29
1788,DOB,,1994
1788,IsActive,False,True
1788,JobFunctionGroup,Engineering,Admin & Support
1789,Age,53.84804928131417,29
1789,DOB,1972-02-10,1994
1789,JobFunctionGroup,Field Operations,Project / Site Management
1789,TenureDays,1133,417
1790,Age,,29
1790,DOB,,1994
1790,IsActive,False,True
1790,JobFunctionGroup,Executive & Leadership,Project / Site Management
1791,Age,58.10540725530458,29
1791,DOB,1967-11-08,1994
1791,IsActive,False,True
1792,Age,,29
1792,DOB,,1994
1792,IsActive,False,True
1792,JobFunctionGroup,Labor & Site Work,Admin & Support
1793,Age,64.28473648186174,29
1793,DOB,1961-09-03,1994
1793,JobFunctionGroup,Engineering,Admin & Support
1793,TenureDays,1186,470
1794,Age,,29
1794,DOB,,1994
1794,JobFunctionGroup,Labor & Site Work,Admin & Support
1794,TenureDays,2391,1675
1795,Age,,29
1795,DOB,,1994
1795,IsActive,False,True
1795,JobFunctionGroup,Labor & Site Work,Admin & Support
1796,Age,,29
1796,DOB,,1994
1796,JobFunctionGroup,Executive & Leadership,Project / Site Management
1796,TenureDays,1991,1275
1797,Age,,29
1797,DOB,,1994
1797,JobFunctionGroup,Labor & Site Work,Project / Site Management
1797,TenureDays,1890,1174
1798,Age,54.03696098562629,29
1798,DOB,1971-12-03,1994
1798,TenureDays,960,244
1799,Age,65.27310061601642,29
1799,DOB,1960-09-07,1994
1799,IsActive,False,True
1800,Age,30.532511978097197,29
1800,DOB,1995-06-05,1994
1800,JobFunctionGroup,Field Operations,Admin & Support
1800,TenureDays,1450,734
1801,Age,,29
1801,DOB,,1994
1801,IsActive,False,True
1801,JobFunctionGroup,Labor & Site Work,Admin & Support
1802,Age,48.20807665982204,29
1802,DOB,1977-10-01,1994
1802,JobFunctionGroup,Labor & Site Work,Admin & Support
1802,TenureDays,1084,368
1803,Age,,29
1803,DOB,,1994
1803,TenureDays,2578,1862
1804,Age,,29
1804,DOB,,1994
1804,JobFunctionGroup,Labor & Site Work,Project / Site Management
1804,TenureDays,1816,1100
1805,Age,83.1978097193703,29
1805,DOB,1942-10-05,1994
1805,JobFunctionGroup,Engineering,Project / Site Management
1805,TenureDays,1096,380
1806,Age,,29
1806,DOB,,1994
1806,JobFunctionGroup,Field Operations,Admin & Support
1806,TenureDays,2272,1556
1807,Age,,29
1807,DOB,,1994
1807,IsActive,False,True
1807,JobFunctionGroup,Labor & Site Work,Admin & Support
1808,Age,,29
1808,DOB,,1994
1808,TenureDays,1389,673
1809,Age,,29
1809,DOB,,1994
1809,IsActive,False,True
1809,JobFunctionGroup,Project / Site Management,Admin & Support
1810,Age,,29
1810,DOB,,1994
1810,IsActive,False,True
1810,JobFunctionGroup,Labor & Site Work,Project / Site Management
1811,Age,,29
1811,DOB,,1994
1811,IsActive,False,True
1811,JobFunctionGroup,Finance & Analysis,Project / Site Management
1812,Age,63.01437371663244,29
1812,DOB,1962-12-11,1994
1812,IsActive,False,True
1813,Age,,29
1813,DOB,,1994
1813,JobFunctionGroup,Finance & Analysis,Admin & Support
1813,TenureDays,2568,1852
1814,Age,44.54209445585216,29
1814,DOB,1981-06-01,1994
1814,JobFunctionGroup,Engineering,Admin & Support
1814,TenureDays,1636,920
1815,Age,,29
1815,DOB,,1994
1815,IsActive,False,True
1816,Age,,29
1816,DOB,,1994
1816,IsActive,False,True
1816,JobFunctionGroup,Finance & Analysis,Admin & Support
1817,Age,76.02190280629706,29
1817,DOB,1949-12-08,1994
1817,JobFunctionGroup,Field Operations,Project / Site Management
1817,TenureDays,1230,514
1818,Age,,29
1818,DOB,,1994
1818,IsActive,False,True
1819,Age,,29
1819,DOB,,1994
1819,IsActive,False,True
1819,JobFunctionGroup,Field Operations,Project / Site Management
1820,Age,42.68583162217659,29
1820,DOB,1983-04-10,1994
1820,IsActive,False,True
1820,JobFunctionGroup,Engineering,Admin & Support
1821,Age,,29
1821,DOB,,1994
1821,IsActive,False,True
1821,JobFunctionGroup,Labor & Site Work,Admin & Support
1822,Age,31.107460643394933,29
1822,DOB,1994-11-07,1994
1822,IsActive,False,True
1822,JobFunctionGroup,Labor & Site Work,Admin & Support
1823,Age,63.28815879534565,29
1823,DOB,1962-09-02,1994
1823,IsActive,False,True
1823,JobFunctionGroup,Labor & Site Work,Admin & Support
1824,Age,47.20328542094456,29
1824,DOB,1978-10-03,1994
1824,TenureDays,1434,718
1825,Age,52.09308692676249,29
1825,DOB,1973-11-12,1994
1825,TenureDays,1834,1118
1826,Age,43.86036960985626,29
1826,DOB,1982-02-05,1994
1826,JobFunctionGroup,Field Operations,Admin & Support
1826,TenureDays,1855,1139
1827,Age,,29
1827,DOB,,1994
1827,TenureDays,1793,1077
1828,Age,,29
1828,DOB,,1994
1828,IsActive,False,True
1828,JobFunctionGroup,Field Operations,Admin & Support
1829,Age,,29
1829,DOB,,1994
1829,JobFunctionGroup,Field Operations,Admin & Support
1829,TenureDays,2197,1481
1830,Age,,29
1830,DOB,,1994
1830,IsActive,False,True
1830,JobFunctionGroup,Admin & Support,Project / Site Management
1831,Age,,29
1831,DOB,,1994
1831,JobFunctionGroup,Engineering,Project / Site Management
1831,TenureDays,1718,1002
1832,Age,,29
1832,DOB,,1994
1832,JobFunctionGroup,Engineering,Admin & Support
1832,TenureDays,1414,698
1833,Age,,29
1833,DOB,,1994
1833,IsActive,False,True
1833,JobFunctionGroup,Finance & Analysis,Admin & Support
1834,Age,67.54277891854893,29
1834,DOB,1958-06-01,1994
1834,JobFunctionGroup,Project / Site Management,Admin & Support
1834,TenureDays,1294,578
1835,Age,75.20328542094455,29
1835,DOB,1950-10-03,1994
1835,JobFunctionGroup,Engineering,Admin & Support
1835,TenureDays,2466,1750
1836,Age,60.18617385352498,29
1836,DOB,1965-10-09,1994
1836,JobFunctionGroup,Admin & Support,Project / Site Management
1836,TenureDays,2170,1454
1837,Age,46.784394250513344,29
1837,DOB,1979-03-05,1994
1837,IsActive,False,True
1838,Age,,29
1838,DOB,,1994
1838,JobFunctionGroup,Project / Site Management,Admin & Support
1838,TenureDays,2178,1462
1839,Age,50.847364818617386,29
1839,DOB,1975-02-10,1994
1839,IsActive,False,True
1839,JobFunctionGroup,Project / Site Management,Admin & Support
1840,Age,,29
1840,DOB,,1994
1840,JobFunctionGroup,Field Operations,Admin & Support
1840,TenureDays,987,271
1841,Age,62.362765229295,29
1841,DOB,1963-08-06,1994
1841,IsActive,False,True
1841,JobFunctionGroup,Field Operations,Admin & Support
1842,Age,,29
1842,DOB,,1994
1842,IsActive,False,True
1842,JobFunctionGroup,Executive & Leadership,Project / Site Management
1843,Age,,29
1843,DOB,,1994
1843,IsActive,False,True
1843,JobFunctionGroup,Project / Site Management,Admin & Support
1844,Age,,29
1844,DOB,,1994
1844,JobFunctionGroup,Field Operations,Admin & Support
1844,TenureDays,1256,540
1845,Age,38.70225872689939,29
1845,DOB,1987-04-04,1994
1845,IsActive,False,True
1845,JobFunctionGroup,Labor & Site Work,Admin & Support
1846,Age,,29
1846,DOB,,1994
1846,IsActive,False,True
1846,JobFunctionGroup,Engineering,Admin & Support
1847,Age,,29
1847,DOB,,1994
1847,JobFunctionGroup,Field Operations,Project / Site Management
1847,TenureDays,2128,1412
1848,Age,75.0198494182067,28
1848,DOB,1950-12-09,1995
1848,JobFunctionGroup,Admin & Support,Project / Site Management
1848,TenureDays,1421,705
1849,Age,,28
1849,DOB,,1995
1849,TenureDays,890,174
1850,Age,,28
1850,DOB,,1995
1850,JobFunctionGroup,Field Operations,Project / Site Management
1850,TenureDays,1342,626
1851,Age,,28
1851,DOB,,1995
1851,JobFunctionGroup,Field Operations,Project / Site Management
1851,TenureDays,1255,539
1852,Age,48.84052019164955,28
1852,DOB,1977-02-12,1995
1852,JobFunctionGroup,Health & Safety,Project / Site Management
1852,TenureDays,1268,552
1853,Age,40.780287474332646,28
1853,DOB,1985-03-06,1995
1854,Age,27.260780287474333,28
1854,DOB,1998-09-12,1995
1854,JobFunctionGroup,Labor & Site Work,Project / Site Management
1854,TenureDays,2289,1573
1855,Age,,28
1855,DOB,,1995
1855,JobFunctionGroup,Engineering,Project / Site Management
1855,TenureDays,2427,1711
1856,Age,,28
1856,DOB,,1995
1856,JobFunctionGroup,Field Operations,Project / Site Management
1857,Age,,37
1857,DOB,,1986
1857,JobFunctionGroup,Project / Site Management,Executive & Leadership
1857,TenureDays,1281,565
1858,Age,,28
1858,DOB,,1995
1858,TenureDays,1400,684
1859,Age,44.18343600273785,28
1859,DOB,1981-10-10,1995
1859,IsActive,False,True
1859,JobFunctionGroup,Other,Project / Site Management
1860,Age,,28
1860,DOB,,1995
1860,IsActive,False,True
1860,JobFunctionGroup,Field Operations,Project / Site Management
1861,Age,41.267624914442166,28
1861,DOB,1984-09-09,1995
1861,IsActive,False,True
1861,JobFunctionGroup,Engineering,Project / Site Management
1862,Age,63.78370978781656,28
1862,DOB,1962-03-05,1995
1862,JobFunctionGroup,Labor & Site Work,Project / Site Management
1862,TenureDays,2299,1583
1863,Age,,28
1863,DOB,,1995
1863,IsActive,False,True
1863,JobFunctionGroup,Labor & Site Work,Executive & Leadership
1864,Age,,28
1864,DOB,,1995
1864,JobFunctionGroup,Field Operations,Executive & Leadership
1864,TenureDays,1988,1272
1865,Age,62.69404517453799,28
1865,DOB,1963-04-07,1995
1865,TenureDays,2166,1450
1866,Age,27.709787816564,28
1866,DOB,1998-04-01,1995
1866,IsActive,False,True
1866,JobFunctionGroup,Labor & Site Work,Project / Site Management
1867,Age,50.03696098562629,28
1867,DOB,1975-12-03,1995
1867,JobFunctionGroup,Engineering,Project / Site Management
1867,TenureDays,1893,1177
1868,Age,,28
1868,DOB,,1995
1868,IsActive,False,True
1868,JobFunctionGroup,Field Operations,Project / Site Management
1869,Age,,28
1869,DOB,,1995
1869,JobFunctionGroup,Field Operations,Project / Site Management
1869,TenureDays,1574,858
1870,Age,,28
1870,DOB,,1995
1870,JobFunctionGroup,Labor & Site Work,Project / Site Management
1871,Age,,28
1871,DOB,,1995
1871,JobFunctionGroup,Labor & Site Work,Project / Site Management
1871,TenureDays,864,148
1872,Age,,28
1872,DOB,,1995
1872,IsActive,False,True
1872,JobFunctionGroup,Labor & Site Work,Project / Site Management
1873,Age,78.28336755646818,28
1873,DOB,1947-09-04,1995
1873,JobFunctionGroup,Labor & Site Work,Project / Site Management
1873,TenureDays,1907,1191
1874,Age,79.34565366187543,28
1874,DOB,1946-08-12,1995
1874,IsActive,False,True
1874,JobFunctionGroup,Field Operations,Project / Site Management
1875,Age,,28
1875,DOB,,1995
1875,JobFunctionGroup,Field Operations,Project / Site Management
1876,Age,,28
1876,DOB,,1995
1876,JobFunctionGroup,Other,Project / Site Management
1877,Age,,37
1877,DOB,,1986
1877,JobFunctionGroup,Project / Site Management,Executive & Leadership
1877,TenureDays,1710,994
1878,Age,55.20328542094456,29
1878,DOB,1970-10-03,1994
1878,IsActive,False,True
1878,JobFunctionGroup,Labor & Site Work,Engineering
1879,Age,26.11088295687885,29
1879,DOB,1999-11-06,1994
1879,IsActive,False,True
1879,JobFunctionGroup,Field Operations,Engineering
1880,Age,37.61533196440794,29
1880,DOB,1988-05-05,1994
1880,JobFunctionGroup,Project / Site Management,Engineering
1880,TenureDays,2048,1332
1881,Age,26.60643394934976,29
1881,DOB,1999-05-09,1994
1881,IsActive,False,True
1881,JobFunctionGroup,Project / Site Management,Finance & Analysis
1882,Age,34.69404517453799,29
1882,DOB,1991-04-07,1994
1882,JobFunctionGroup,Field Operations,Finance & Analysis
1882,TenureDays,2386,1670
1883,Age,,29
1883,DOB,,1994
1883,JobFunctionGroup,Engineering,Finance & Analysis
1883,TenureDays,1335,619
1884,Age,,29
1884,DOB,,1994
1884,IsActive,False,True
1884,JobFunctionGroup,Labor & Site Work,Finance & Analysis
1885,Age,74.01505817932923,29
1885,DOB,1951-12-11,1994
1885,JobFunctionGroup,Labor & Site Work,Finance & Analysis
1885,TenureDays,2212,1496
1886,Age,,29
1886,DOB,,1994
1886,JobFunctionGroup,Maintenance & Logistics,Finance & Analysis
1886,TenureDays,1555,839
1887,Age,,29
1887,DOB,,1994
1887,JobFunctionGroup,Field Operations,Finance & Analysis
1887,TenureDays,2311,1595
1888,Age,,28
1888,DOB,,1995
1888,IsActive,False,True
1889,Age,,28
1889,DOB,,1995
1889,JobFunctionGroup,Field Operations,Project / Site Management
1889,TenureDays,1609,893
1890,Age,,28
1890,DOB,,1995
1890,TenureDays,1859,1143
1891,Age,,28
1891,DOB,,1995
1891,JobFunctionGroup,Labor & Site Work,Project / Site Management
1891,TenureDays,1395,679
1892,Age,,28
1892,DOB,,1995
1892,JobFunctionGroup,Admin & Support,Project / Site Management
1893,Age,61.267624914442166,28
1893,DOB,1964-09-09,1995
1893,JobFunctionGroup,Engineering,Project / Site Management
1894,Age,,28
1894,DOB,,1995
1894,IsActive,False,True
1894,JobFunctionGroup,Field Operations,Project / Site Management
1895,Age,,28
1895,DOB,,1995
1895,JobFunctionGroup,Field Operations,Project / Site Management
1895,TenureDays,1202,486
1896,Age,66.45037645448323,28
1896,DOB,1959-07-05,1995
1896,IsActive,False,True
1897,Age,,28
1897,DOB,,1995
1897,JobFunctionGroup,Other,Project / Site Management
1898,Age,,28
1898,DOB,,1995
1898,JobFunctionGroup,Labor & Site Work,Project / Site Management
1898,TenureDays,1813,1097
1899,Age,,37
1899,DOB,,1986
1899,JobFunctionGroup,Health & Safety,Executive & Leadership
1899,TenureDays,1226,510
1900,Age,,29
1900,DOB,,1994
1900,JobFunctionGroup,Labor & Site Work,Engineering
1900,TenureDays,1965,1249
1901,Age,,29
1901,DOB,,1994
1901,JobFunctionGroup,Other,Engineering
1901,TenureDays,2465,1749
1902,Age,,29
1902,DOB,,1994
1902,IsActive,False,True
1902,JobFunctionGroup,Field Operations,Engineering
1903,Age,,29
1903,DOB,,1994
1903,JobFunctionGroup,Executive & Leadership,Finance & Analysis
1903,TenureDays,1522,806
1904,Age,,29
1904,DOB,,1994
1904,IsActive,False,True
1904,JobFunctionGroup,Project / Site Management,Finance & Analysis
1905,Age,,29
1905,DOB,,1994
1905,IsActive,False,True
1905,JobFunctionGroup,Engineering,Finance & Analysis
1906,Age,,29
1906,DOB,,1994
1906,JobFunctionGroup,Other,Finance & Analysis
1906,TenureDays,2449,1733
1907,Age,,29
1907,DOB,,1994
1907,IsActive,False,True
1907,JobFunctionGroup,Engineering,Finance & Analysis
1908,Age,,29
1908,DOB,,1994
1908,JobFunctionGroup,Project / Site Management,Finance & Analysis
1908,TenureDays,1238,522
1909,Age,41.61259411362081,28
1909,DOB,1984-05-06,1995
1909,TenureDays,2263,1547
1910,Age,,28
1910,DOB,,1995
1910,JobFunctionGroup,Engineering,Project / Site Management
1910,TenureDays,1705,989
1911,Age,54.362765229295,28
1911,DOB,1971-08-06,1995
1911,IsActive,False,True
1912,Age,53.360711841204655,28
1912,DOB,1972-08-06,1995
1912,JobFunctionGroup,Admin & Support,Project / Site Management
1913,Age,,28
1913,DOB,,1995
1913,JobFunctionGroup,Labor & Site Work,Project / Site Management
1914,Age,41.11978097193703,28
1914,DOB,1984-11-02,1995
1914,JobFunctionGroup,Maintenance & Logistics,Project / Site Management
1914,TenureDays,2621,1905
1915,Age,,28
1915,DOB,,1995
1915,JobFunctionGroup,Labor & Site Work,Project / Site Management
1915,TenureDays,2168,1452
1916,Age,,28
1916,DOB,,1995
1916,JobFunctionGroup,Field Operations,Project / Site Management
1916,TenureDays,2281,1565
1917,Age,,28
1917,DOB,,1995
1917,IsActive,False,True
1917,JobFunctionGroup,Engineering,Project / Site Management
1918,Age,54.93223819301848,28
1918,DOB,1971-01-10,1995
1918,JobFunctionGroup,Other,Project / Site Management
1919,Age,,28
1919,DOB,,1995
1919,JobFunctionGroup,Field Operations,Project / Site Management
1919,TenureDays,982,266
1920,Age,48.10677618069816,37
1920,DOB,1977-11-07,1986
1920,JobFunctionGroup,Labor & Site Work,Executive & Leadership
1920,TenureDays,2244,1528
1921,Age,,29
1921,DOB,,1994
1921,JobFunctionGroup,Field Operations,Engineering
1921,TenureDays,1270,554
1922,Age,69.53593429158111,29
1922,DOB,1956-06-03,1994
1922,IsActive,False,True
1922,JobFunctionGroup,Labor & Site Work,Engineering
1923,Age,,29
1923,DOB,,1994
1923,JobFunctionGroup,Labor & Site Work,Engineering
1923,TenureDays,2127,1411
1924,Age,,29
1924,DOB,,1994
1924,IsActive,False,True
1924,JobFunctionGroup,Field Operations,Finance & Analysis
1925,Age,,29
1925,DOB,,1994
1925,IsActive,False,True
1925,JobFunctionGroup,Field Operations,Finance & Analysis
1926,Age,,29
1926,DOB,,1994
1926,JobFunctionGroup,Project / Site Management,Finance & Analysis
1926,TenureDays,2657,1941
1927,Age,54.288843258042434,29
1927,DOB,1971-09-02,1994
1927,IsActive,False,True
1927,JobFunctionGroup,Admin & Support,Finance & Analysis
1928,Age,,29
1928,DOB,,1994
1928,IsActive,False,True
1928,JobFunctionGroup,Labor & Site Work,Finance & Analysis
1929,Age,,29
1929,DOB,,1994
1929,IsActive,False,True
1929,JobFunctionGroup,Labor & Site Work,Finance & Analysis
1930,Age,,28
1930,DOB,,1995
1930,IsActive,False,True
1931,Age,,28
1931,DOB,,1995
1931,IsActive,False,True
1931,JobFunctionGroup,Executive & Leadership,Project / Site Management
1932,Age,29.45927446954141,28
1932,DOB,1996-07-01,1995
1932,IsActive,False,True
1933,Age,35.19507186858316,28
1933,DOB,1990-10-06,1995
1933,JobFunctionGroup,Engineering,Project / Site Management
1934,Age,29.02943189596167,28
1934,DOB,1996-12-05,1995
1935,Age,51.61396303901437,28
1935,DOB,1974-05-06,1995
1935,IsActive,False,True
1936,Age,,28
1936,DOB,,1995
1936,IsActive,False,True
1937,Age,,28
1937,DOB,,1995
1937,JobFunctionGroup,Field Operations,Project / Site Management
1937,TenureDays,2325,1609
1938,Age,,28
1938,DOB,,1995
1938,JobFunctionGroup,Field Operations,Project / Site Management
1939,Age,,28
1939,DOB,,1995
1939,JobFunctionGroup,Engineering,Project / Site Management
1940,Age,,28
1940,DOB,,1995
1940,IsActive,False,True
1941,Age,,37
1941,DOB,,1986
1941,IsActive,False,True
1941,JobFunctionGroup,Other,Executive & Leadership
1942,Age,,29
1942,DOB,,1994
1942,IsActive,False,True
1943,Age,,29
1943,DOB,,1994
1943,IsActive,False,True
1943,JobFunctionGroup,Other,Engineering
1944,Age,,29
1944,DOB,,1994
1944,JobFunctionGroup,Project / Site Management,Finance & Analysis
1944,TenureDays,1121,405
1945,Age,33.76865160848734,29
1945,DOB,1992-03-10,1994
1945,IsActive,False,True
1945,JobFunctionGroup,Field Operations,Finance & Analysis
1946,Age,,29
1946,DOB,,1994
1946,IsActive,False,True
1946,JobFunctionGroup,Project / Site Management,Finance & Analysis
1947,Age,63.35386721423682,29
1947,DOB,1962-08-09,1994
1947,IsActive,False,True
1947,JobFunctionGroup,Labor & Site Work,Finance & Analysis
1948,Age,67.1211498973306,29
1948,DOB,1958-11-02,1994
1948,JobFunctionGroup,Project / Site Management,Finance & Analysis
1948,TenureDays,2651,1935
1949,Age,42.18480492813142,28
1949,DOB,1983-10-10,1995
1949,IsActive,False,True
1949,JobFunctionGroup,Field Operations,Project / Site Management
1950,Age,,28
1950,DOB,,1995
1950,JobFunctionGroup,Executive & Leadership,Project / Site Management
1950,TenureDays,1802,1086
1951,Age,,28
1951,DOB,,1995
1951,JobFunctionGroup,Admin & Support,Project / Site Management
1951,TenureDays,2094,1378
1952,Age,,28
1952,DOB,,1995
1952,JobFunctionGroup,Field Operations,Project / Site Management
1953,Age,,28
1953,DOB,,1995
1953,IsActive,False,True
1953,JobFunctionGroup,Labor & Site Work,Project / Site Management
1954,Age,37.68925393566051,28
1954,DOB,1988-04-08,1995
1954,TenureDays,2301,1585
1955,Age,82.01779603011636,28
1955,DOB,1943-12-10,1995
1955,IsActive,False,True
1955,JobFunctionGroup,Labor & Site Work,Project / Site Management
1956,Age,52.68993839835729,28
1956,DOB,1973-04-08,1995
1956,JobFunctionGroup,Labor & Site Work,Project / Site Management
1956,TenureDays,2144,1428
1957,Age,46.26420260095825,28
1957,DOB,1979-09-11,1995
1958,Age,,28
1958,DOB,,1995
1958,JobFunctionGroup,Other,Project / Site Management
1958,TenureDays,2076,1360
1959,Age,,28
1959,DOB,,1995
1959,JobFunctionGroup,Admin & Support,Project / Site Management
1959,TenureDays,2559,1843
1960,Age,,37
1960,DOB,,1986
1960,IsActive,False,True
1960,JobFunctionGroup,Health & Safety,Executive & Leadership
1961,Age,,29
1961,DOB,,1994
1961,TenureDays,1926,1210
1962,Age,,29
1962,DOB,,1994
1962,IsActive,False,True
1962,JobFunctionGroup,Admin & Support,Finance & Analysis
1963,Age,,29
1963,DOB,,1994
1963,IsActive,False,True
1963,JobFunctionGroup,Project / Site Management,Finance & Analysis
1964,Age,61.84531143052703,29
1964,DOB,1964-02-11,1994
1964,IsActive,False,True
1964,JobFunctionGroup,Other,Finance & Analysis
1965,Age,,29
1965,DOB,,1994
1965,JobFunctionGroup,Other,Finance & Analysis
1965,TenureDays,2325,1609
1966,Age,32.28199863107461,28
1966,DOB,1993-09-04,1995
1966,IsActive,False,True
1966,JobFunctionGroup,Engineering,Project / Site Management
1967,Age,,28
1967,DOB,,1995
1967,IsActive,False,True
1967,JobFunctionGroup,Labor & Site Work,Project / Site Management
1968,Age,,28
1968,DOB,,1995
1968,JobFunctionGroup,Engineering,Project / Site Management
1968,TenureDays,2198,1482
1969,Age,,28
1969,DOB,,1995
1969,JobFunctionGroup,Engineering,Project / Site Management
1970,Age,,28
1970,DOB,,1995
1970,IsActive,False,True
1970,JobFunctionGroup,Labor & Site Work,Project / Site Management
1971,Age,66.5160848733744,28
1971,DOB,1959-06-11,1995
1971,IsActive,False,True
1972,Age,,28
1972,DOB,,1995
1972,IsActive,False,True
1972,JobFunctionGroup,Other,Project / Site Management
1973,Age,64.5119780971937,28
1973,DOB,1961-06-12,1995
1973,TenureDays,2600,1884
1974,Age,,28
1974,DOB,,1995
1974,JobFunctionGroup,Field Operations,Project / Site Management
1975,Age,,28
1975,DOB,,1995
1976,Age,,28
1976,DOB,,1995
1976,IsActive,False,True
1976,JobFunctionGroup,Admin & Support,Project / Site Management
1977,Age,,28
1977,DOB,,1995
1977,IsActive,False,True
1978,Age,75.69609856262834,37
1978,DOB,1950-04-06,1986
1978,JobFunctionGroup,Field Operations,Executive & Leadership
1979,Age,,29
1979,DOB,,1994
1979,JobFunctionGroup,Field Operations,Engineering
1979,TenureDays,2590,1874
1980,Age,,29
1980,DOB,,1994
1980,IsActive,False,True
1980,JobFunctionGroup,Admin & Support,Finance & Analysis
1981,Age,63.931553730321696,29
1981,DOB,1962-01-10,1994
1981,JobFunctionGroup,Project / Site Management,Finance & Analysis
1981,TenureDays,1553,837
1982,Age,,29
1982,DOB,,1994
1982,JobFunctionGroup,Project / Site Management,Finance & Analysis
1982,TenureDays,2140,1424
1983,Age,,29
1983,DOB,,1994
1983,JobFunctionGroup,Project / Site Management,Finance & Analysis
1983,TenureDays,1152,436
1984,Age,,28
1984,DOB,,1995
1984,JobFunctionGroup,Field Operations,Project / Site Management
1984,TenureDays,1162,446
1985,Age,,28
1985,DOB,,1995
1985,IsActive,False,True
1985,JobFunctionGroup,Engineering,Project / Site Management
1986,Age,83.68514715947981,28
1986,DOB,1942-04-10,1995
1986,IsActive,False,True
1986,JobFunctionGroup,Other,Project / Site Management
1987,Age,,28
1987,DOB,,1995
1987,JobFunctionGroup,Labor & Site Work,Project / Site Management
1987,TenureDays,1300,584
1988,Age,73.26488706365502,28
1988,DOB,1952-09-10,1995
1988,IsActive,False,True
1988,JobFunctionGroup,Field Operations,Project / Site Management
1989,Age,31.52361396303901,28
1989,DOB,1994-06-08,1995
1989,JobFunctionGroup,Labor & Site Work,Project / Site Management
1989,TenureDays,1289,573
1990,Age,39.09924709103354,28
1990,DOB,1986-11-10,1995
1990,IsActive,False,True
1991,Age,,28
1991,DOB,,1995
1992,Age,,28
1992,DOB,,1995
1992,JobFunctionGroup,Other,Project / Site Management
1992,TenureDays,2085,1369
1993,Age,76.70910335386722,28
1993,DOB,1949-04-01,1995
1993,TenureDays,2022,1306
1994,Age,39.28542094455853,28
1994,DOB,1986-09-03,1995
1994,JobFunctionGroup,Engineering,Project / Site Management
1994,TenureDays,1487,771
1995,Age,,28
1995,DOB,,1995
1995,JobFunctionGroup,Labor & Site Work,Project / Site Management
1996,Age,48.09856262833676,37
1996,DOB,1977-11-10,1986
1996,JobFunctionGroup,Labor & Site Work,Executive & Leadership
1996,TenureDays,2624,1908
1997,Age,,29
1997,DOB,,1994
1997,IsActive,False,True
1997,JobFunctionGroup,Field Operations,Engineering
1998,Age,,28
1998,DOB,,1995
1998,IsActive,False,True
1998,JobFunctionGroup,Other,Executive & Leadership
1999,Age,66.78986995208761,29
1999,DOB,1959-03-03,1994
1999,IsActive,False,True
1999,JobFunctionGroup,Project / Site Management,Finance & Analysis
2000,Age,,29
2000,DOB,,1994
2000,IsActive,False,True
2000,JobFunctionGroup,Other,Finance & Analysis
2001,Age,,29
2001,DOB,,1994
2001,IsActive,False,True
2001,JobFunctionGroup,Maintenance & Logistics,Finance & Analysis
2002,Age,26.628336755646817,28
2002,DOB,1999-05-01,1995
2002,IsActive,False,True
2002,JobFunctionGroup,Labor & Site Work,Project / Site Management
2003,Age,,28
2003,DOB,,1995
2003,IsActive,False,True
2003,JobFunctionGroup,Field Operations,Project / Site Management
2004,Age,83.76454483230664,28
2004,DOB,1942-03-12,1995
2004,IsActive,False,True
2004,JobFunctionGroup,Labor & Site Work,Project / Site Management
2005,Age,,28
2005,DOB,,1995
2005,JobFunctionGroup,Maintenance & Logistics,Project / Site Management
2006,Age,,28
2006,DOB,,1995
2006,IsActive,False,True
2007,Age,,28
2007,DOB,,1995
2007,IsActive,False,True
2008,Age,43.53182751540041,28
2008,DOB,1982-06-05,1995
2008,JobFunctionGroup,Engineering,Project / Site Management
2009,Age,,28
2009,DOB,,1995
2009,JobFunctionGroup,Field Operations,Project / Site Management
2010,Age,,28
2010,DOB,,1995
2010,JobFunctionGroup,Maintenance & Logistics,Project / Site Management
2011,Age,,28
2011,DOB,,1995
2011,JobFunctionGroup,Field Operations,Project / Site Management
2011,TenureDays,1374,658
2012,Age,81.60164271047228,28
2012,DOB,1944-05-10,1995
2012,JobFunctionGroup,Engineering,Project / Site Management
2012,TenureDays,1578,862
2013,Age,,28
2013,DOB,,1995
2013,JobFunctionGroup,Labor & Site Work,Project / Site Management
2013,TenureDays,1676,960
2014,Age,,37
2014,DOB,,1986
2014,JobFunctionGroup,HR / Talent,Executive & Leadership
2014,TenureDays,1616,900
2015,Age,,28
2015,DOB,,1995
2015,IsActive,False,True
2016,Age,,29
2016,DOB,,1994
2016,JobFunctionGroup,Project / Site Management,Finance & Analysis
2016,TenureDays,1968,1252
2017,Age,68.2737850787132,29
2017,DOB,1957-09-07,1994
2017,JobFunctionGroup,Other,Finance & Analysis
2017,TenureDays,975,259
2018,Age,,28
2018,DOB,,1995
2018,JobFunctionGroup,Field Operations,Project / Site Management
2018,TenureDays,2178,1462
2019,Age,,28
2019,DOB,,1995
2019,IsActive,False,True
2020,Age,,28
2020,DOB,,1995
2020,IsActive,False,True
2020,JobFunctionGroup,Admin & Support,Project / Site Management
2021,Age,,28
2021,DOB,,1995
2021,JobFunctionGroup,Other,Project / Site Management
2022,Age,39.84668035592061,28
2022,DOB,1986-02-10,1995
2022,JobFunctionGroup,Field Operations,Project / Site Management
2023,Age,,28
2023,DOB,,1995
2023,IsActive,False,True
2023,JobFunctionGroup,Field Operations,Project / Site Management
2024,Age,,28
2024,DOB,,1995
2024,TenureDays,1925,1209
2025,Age,,28
2025,DOB,,1995
2025,JobFunctionGroup,Executive & Leadership,Project / Site Management
2025,TenureDays,1159,443
2026,Age,,28
2026,DOB,,1995
2026,JobFunctionGroup,Labor & Site Work,Project / Site Management
2026,TenureDays,948,232
2027,Age,36.76386036960986,28
2027,DOB,1989-03-12,1995
2027,JobFunctionGroup,Engineering,Project / Site Management
2027,TenureDays,1752,1036
2028,Age,34.02874743326489,28
2028,DOB,1991-12-06,1995
2028,JobFunctionGroup,Other,Project / Site Management
2028,TenureDays,2114,1398
2029,Age,,28
2029,DOB,,1995
2029,JobFunctionGroup,Labor & Site Work,Project / Site Management
2029,TenureDays,1478,762
2030,Age,,28
2030,DOB,,1995
2030,JobFunctionGroup,Labor & Site Work,Project / Site Management
2030,TenureDays,2671,1955
2031,Age,46.770704996577685,37
2031,DOB,1979-03-10,1986
2031,IsActive,False,True
2031,JobFunctionGroup,Field Operations,Executive & Leadership
2032,Age,30.43668720054757,28
2032,DOB,1995-07-10,1995
2032,IsActive,False,True
2032,JobFunctionGroup,Labor & Site Work,Executive & Leadership
2033,Age,,29
2033,DOB,,1994
2033,IsActive,False,True
2034,Age,46.53251197809719,28
2034,DOB,1979-06-05,1995
2034,JobFunctionGroup,Other,Project / Site Management
2034,TenureDays,1541,825
2035,Age,77.11704312114989,28
2035,DOB,1948-11-03,1995
2035,IsActive,False,True
2036,Age,39.70431211498973,28
2036,DOB,1986-04-03,1995
2036,JobFunctionGroup,Engineering,Project / Site Management
2036,TenureDays,2567,1851
2037,Age,,28
2037,DOB,,1995
2037,JobFunctionGroup,Field Operations,Project / Site Management
2037,TenureDays,1223,507
2038,Age,64.10130047912389,28
2038,DOB,1961-11-09,1995
2038,IsActive,False,True
2038,JobFunctionGroup,Labor & Site Work,Project / Site Management
2039,Age,,28
2039,DOB,,1995
2039,JobFunctionGroup,Engineering,Project / Site Management
2040,Age,46.954140999315534,28
2040,DOB,1979-01-02,1995
2040,JobFunctionGroup,Engineering,Project / Site Management
2041,Age,,28
2041,DOB,,1995
2041,JobFunctionGroup,Labor & Site Work,Project / Site Management
2041,TenureDays,2416,1700
2042,Age,24.862422997946613,28
2042,DOB,2001-02-04,1995
2042,IsActive,False,True
2043,Age,,28
2043,DOB,,1995
2043,JobFunctionGroup,Labor & Site Work,Project / Site Management
2043,TenureDays,1771,1055
2044,Age,,28
2044,DOB,,1995
2044,JobFunctionGroup,Engineering,Project / Site Management
2044,TenureDays,1440,724
2045,Age,,28
2045,DOB,,1995
2045,TenureDays,872,156
2046,Age,,28
2046,DOB,,1995
2046,IsActive,False,True
2046,JobFunctionGroup,Admin & Support,Project / Site Management
2047,Age,,28
2047,DOB,,1995
2047,IsActive,False,True
2047,JobFunctionGroup,Field Operations,Project / Site Management
2048,Age,,28
2048,DOB,,1995
2048,JobFunctionGroup,Other,Project / Site Management
2049,Age,58.43394934976044,37
2049,DOB,1967-07-11,1986
2049,IsActive,False,True
2049,JobFunctionGroup,Admin & Support,Executive & Leadership
2050,Age,,28
2050,DOB,,1995
2050,JobFunctionGroup,Labor & Site Work,Executive & Leadership
2050,TenureDays,1415,699
2051,Age,,28
2051,DOB,,1995
2051,JobFunctionGroup,Labor & Site Work,Executive & Leadership
2051,TenureDays,2024,1308
2052,Age,,29
2052,DOB,,1994
2052,IsActive,False,True
2052,JobFunctionGroup,Labor & Site Work,Finance & Analysis
2053,Age,,28
2053,DOB,,1995
2053,JobFunctionGroup,Field Operations,Executive & Leadership
2053,TenureDays,1970,1254
2054,Age,28.45448323066393,29
2054,DOB,1997-07-03,1994
2054,JobFunctionGroup,Field Operations,Project / Site Management
2054,TenureDays,2561,1845
2055,Age,,29
2055,DOB,,1994
2055,IsActive,False,True
2056,Age,,29
2056,DOB,,1994
2056,JobFunctionGroup,Engineering,Project / Site Management
2056,TenureDays,2214,1498
2057,Age,,30
2057,DOB,,1993
2057,JobFunctionGroup,Labor & Site Work,Executive & Leadership
2057,TenureDays,1451,735
2058,Age,,28
2058,DOB,,1995
2058,IsActive,False,True
2058,JobFunctionGroup,Project / Site Management,Engineering
2059,Age,,29
2059,DOB,,1994
2059,TenureDays,2053,1337
2060,Age,47.01984941820671,29
2060,DOB,1978-12-09,1994
2060,JobFunctionGroup,Labor & Site Work,Project / Site Management
2060,TenureDays,2341,1625
2061,Age,,28
2061,DOB,,1995
2061,IsActive,False,True
2061,JobFunctionGroup,Field Operations,Executive & Leadership
2062,Age,,28
2062,DOB,,1995
2062,JobFunctionGroup,Field Operations,Executive & Leadership
2062,TenureDays,1606,890
2063,Age,,28
2063,DOB,,1995
2063,JobFunctionGroup,Labor & Site Work,Executive & Leadership
2063,TenureDays,1541,825
2064,Age,,29
2064,DOB,,1994
2064,JobFunctionGroup,Labor & Site Work,Engineering
2064,TenureDays,2445,1729
2065,Age,68.03285420944559,29
2065,DOB,1957-12-04,1994
2065,JobFunctionGroup,Labor & Site Work,Engineering
2065,TenureDays,2341,1625
2066,Age,,29
2066,DOB,,1994
2066,IsActive,False,True
2066,JobFunctionGroup,Field Operations,Engineering
2067,Age,47.36755646817249,29
2067,DOB,1978-08-04,1994
2067,IsActive,False,True
2067,JobFunctionGroup,Labor & Site Work,Project / Site Management
2068,Age,,28
2068,DOB,,1995
2068,IsActive,False,True
2068,JobFunctionGroup,Engineering,Executive & Leadership
2069,Age,,28
2069,DOB,,1995
2069,IsActive,False,True
2069,JobFunctionGroup,Field Operations,Executive & Leadership
2070,Age,70.28062970568104,28
2070,DOB,1955-09-05,1995
2070,IsActive,False,True
2070,JobFunctionGroup,Field Operations,Executive & Leadership
2071,Age,26.272416153319643,29
2071,DOB,1999-09-08,1994
2071,JobFunctionGroup,Project / Site Management,Other
2072,Age,36.28199863107461,29
2072,DOB,1989-09-04,1994
2072,IsActive,False,True
2072,JobFunctionGroup,Project / Site Management,Engineering
2073,Age,,29
2073,DOB,,1994
2073,JobFunctionGroup,Labor & Site Work,Engineering
2073,TenureDays,2336,1620
2074,Age,73.1772758384668,29
2074,DOB,1952-10-12,1994
2074,JobFunctionGroup,Project / Site Management,Engineering
2074,TenureDays,1087,371
2075,Age,26.529774127310063,29
2075,DOB,1999-06-06,1994
2075,JobFunctionGroup,Project / Site Management,Engineering
2075,TenureDays,2515,1799
2076,Age,,29
2076,DOB,,1994
2076,IsActive,False,True
2076,JobFunctionGroup,Admin & Support,Project / Site Management
2077,Age,,28
2077,DOB,,1995
2077,JobFunctionGroup,Engineering,Executive & Leadership
2077,TenureDays,1069,353
2078,Age,37.62628336755647,28
2078,DOB,1988-05-01,1995
2078,JobFunctionGroup,Other,Executive & Leadership
2078,TenureDays,2359,1643
2079,Age,78.43121149897331,28
2079,DOB,1947-07-12,1995
2079,JobFunctionGroup,Labor & Site Work,Executive & Leadership
2079,TenureDays,1265,549
2080,Age,40.276522929500345,29
2080,DOB,1985-09-06,1994
2080,JobFunctionGroup,Project / Site Management,Other
2081,Age,,29
2081,DOB,,1994
2081,JobFunctionGroup,Field Operations,Other
2081,TenureDays,2585,1869
2082,Age,,29
2082,DOB,,1994
2082,IsActive,False,True
2083,Age,,29
2083,DOB,,1994
2083,IsActive,False,True
2083,JobFunctionGroup,Field Operations,Engineering
2084,Age,,29
2084,DOB,,1994
2084,IsActive,False,True
2084,JobFunctionGroup,Field Operations,Engineering
2085,Age,58.78165639972622,29
2085,DOB,1967-03-06,1994
2085,IsActive,False,True
2085,JobFunctionGroup,Labor & Site Work,Engineering
2086,Age,,29
2086,DOB,,1994
2086,IsActive,False,True
2086,JobFunctionGroup,Engineering,Project / Site Management
2087,Age,68.26830937713895,28
2087,DOB,1957-09-09,1995
2087,JobFunctionGroup,Engineering,Executive & Leadership
2087,TenureDays,1432,716
2088,Age,29.516769336071185,28
2088,DOB,1996-06-10,1995
2088,JobFunctionGroup,Admin & Support,Executive & Leadership
2088,TenureDays,2653,1937
2089,Age,,28
2089,DOB,,1995
2089,JobFunctionGroup,Labor & Site Work,Executive & Leadership
2089,TenureDays,1397,681
2090,Age,62.847364818617386,29
2090,DOB,1963-02-10,1994
2090,IsActive,False,True
2090,JobFunctionGroup,Labor & Site Work,Other
2091,Age,,29
2091,DOB,,1994
2091,IsActive,False,True
2091,JobFunctionGroup,Labor & Site Work,Other
2092,Age,,29
2092,DOB,,1994
2092,JobFunctionGroup,Other,Engineering
2092,TenureDays,1494,778
2093,Age,,29
2093,DOB,,1994
2093,JobFunctionGroup,Project / Site Management,Engineering
2093,TenureDays,1906,1190
2094,Age,,29
2094,DOB,,1994
2094,TenureDays,1200,484
2095,Age,,29
2095,DOB,,1994
2095,IsActive,False,True
2095,JobFunctionGroup,Field Operations,Project / Site Management
2096,Age,55.27173169062286,28
2096,DOB,1970-09-08,1995
2096,JobFunctionGroup,Field Operations,Executive & Leadership
2096,TenureDays,1501,785
2097,Age,,28
2097,DOB,,1995
2097,JobFunctionGroup,Project / Site Management,Executive & Leadership
2097,TenureDays,906,190
2098,Age,73.85626283367556,28
2098,DOB,1952-02-07,1995
2098,IsActive,False,True
2098,JobFunctionGroup,Field Operations,Executive & Leadership
2099,Age,,29
2099,DOB,,1994
2099,JobFunctionGroup,Engineering,Other
2099,TenureDays,1159,443
2100,Age,,29
2100,DOB,,1994
2100,JobFunctionGroup,Project / Site Management,Other
2100,TenureDays,2339,1623
2101,Age,40.5201916495551,29
2101,DOB,1985-06-09,1994
2101,IsActive,False,True
2101,JobFunctionGroup,Project / Site Management,Other
2102,Age,,29
2102,DOB,,1994
2102,JobFunctionGroup,Field Operations,Engineering
2102,TenureDays,1324,608
2103,Age,45.68104038329911,29
2103,DOB,1980-04-11,1994
2103,IsActive,False,True
2103,JobFunctionGroup,Other,Engineering
2104,Age,,29
2104,DOB,,1994
2104,IsActive,False,True
2104,JobFunctionGroup,Project / Site Management,Engineering
2105,Age,53.28131416837783,29
2105,DOB,1972-09-04,1994
2105,JobFunctionGroup,Field Operations,Project / Site Management
2105,TenureDays,1977,1261
2106,Age,,29
2106,DOB,,1994
2106,JobFunctionGroup,Field Operations,Project / Site Management
2106,TenureDays,1686,970
2107,Age,65.44832306639289,28
2107,DOB,1960-07-05,1995
2107,IsActive,False,True
2107,JobFunctionGroup,Project / Site Management,Executive & Leadership
2108,Age,,28
2108,DOB,,1995
2108,IsActive,False,True
2108,JobFunctionGroup,Engineering,Executive & Leadership
2109,Age,74.86652977412732,28
2109,DOB,1951-02-03,1995
2109,JobFunctionGroup,Field Operations,Executive & Leadership
2109,TenureDays,1081,365
2110,Age,,29
2110,DOB,,1994
2110,IsActive,False,True
2110,JobFunctionGroup,Field Operations,Other
2111,Age,,29
2111,DOB,,1994
2111,JobFunctionGroup,Labor & Site Work,Other
2111,TenureDays,2285,1569
2112,Age,72.19986310746064,29
2112,DOB,1953-10-04,1994
2112,JobFunctionGroup,Project / Site Management,Other
2112,TenureDays,2464,1748
2113,Age,,28
2113,DOB,,1995
2113,IsActive,False,True
2113,JobFunctionGroup,Executive & Leadership,Engineering
2114,Age,52.93360711841205,29
2114,DOB,1973-01-09,1994
2114,TenureDays,1234,518
2115,Age,66.29158110882958,29
2115,DOB,1959-09-01,1994
2115,TenureDays,1016,300
2116,Age,,29
2116,DOB,,1994
2116,JobFunctionGroup,Field Operations,Engineering
2117,Age,,29
2117,DOB,,1994
2117,IsActive,False,True
2117,JobFunctionGroup,Labor & Site Work,Project / Site Management
2118,Age,74.19028062970568,29
2118,DOB,1951-10-08,1994
2118,TenureDays,2551,1835
2119,Age,,28
2119,DOB,,1995
2119,JobFunctionGroup,Admin & Support,Executive & Leadership
2119,TenureDays,1134,418
2120,Age,,28
2120,DOB,,1995
2120,JobFunctionGroup,Labor & Site Work,Executive & Leadership
2120,TenureDays,1627,911
2121,Age,,29
2121,DOB,,1994
2121,IsActive,False,True
2121,JobFunctionGroup,Project / Site Management,Other
2122,Age,62.45311430527036,29
2122,DOB,1963-07-04,1994
2122,JobFunctionGroup,Project / Site Management,Other
2122,TenureDays,1550,834
2123,Age,,28
2123,DOB,,1995
2123,IsActive,False,True
2123,JobFunctionGroup,Labor & Site Work,Engineering
2124,Age,37.596167008898014,29
2124,DOB,1988-05-12,1994
2124,IsActive,False,True
2124,JobFunctionGroup,Project / Site Management,Engineering
2125,Age,71.11841204654347,29
2125,DOB,1954-11-03,1994
2125,JobFunctionGroup,Project / Site Management,Engineering
2125,TenureDays,1060,344
2126,Age,52.18617385352498,29
2126,DOB,1973-10-09,1994
2126,IsActive,False,True
2126,JobFunctionGroup,Labor & Site Work,Project / Site Management
2127,Age,34.20396988364134,29
2127,DOB,1991-10-03,1994
2127,IsActive,False,True
2127,JobFunctionGroup,Engineering,Project / Site Management
2128,Age,,28
2128,DOB,,1995
2128,IsActive,False,True
2128,JobFunctionGroup,Project / Site Management,Executive & Leadership
2129,Age,,28
2129,DOB,,1995
2129,IsActive,False,True
2129,JobFunctionGroup,Project / Site Management,Executive & Leadership
2130,Age,,29
2130,DOB,,1994
2130,JobFunctionGroup,Engineering,Other
2130,TenureDays,2279,1563
2131,Age,,28
2131,DOB,,1995
2131,IsActive,False,True
2131,JobFunctionGroup,Field Operations,Engineering
2132,Age,,29
2132,DOB,,1994
2132,JobFunctionGroup,Field Operations,Engineering
2132,TenureDays,1327,611
2133,Age,48.94455852156057,29
2133,DOB,1977-01-05,1994
2133,IsActive,False,True
2133,JobFunctionGroup,Executive & Leadership,Project / Site Management
2134,Age,69.51403148528405,29
2134,DOB,1956-06-11,1994
2134,JobFunctionGroup,Labor & Site Work,Project / Site Management
2134,TenureDays,1615,899
2135,Age,,29
2135,DOB,,1994
2135,IsActive,False,True
2135,JobFunctionGroup,Field Operations,Project / Site Management
2136,Age,,28
2136,DOB,,1995
2136,JobFunctionGroup,Engineering,Executive & Leadership
2136,TenureDays,1834,1118
2137,Age,30.43394934976044,28
2137,DOB,1995-07-11,1995
2137,IsActive,False,True
2137,JobFunctionGroup,Labor & Site Work,Executive & Leadership
2138,Age,,29
2138,DOB,,1994
2138,JobFunctionGroup,Field Operations,Other
2138,TenureDays,2155,1439
2139,Age,,28
2139,DOB,,1995
2139,JobFunctionGroup,Project / Site Management,Engineering
2139,TenureDays,1183,467
2140,Age,,29
2140,DOB,,1994
2140,IsActive,False,True
2141,Age,,29
2141,DOB,,1994
2141,JobFunctionGroup,Field Operations,Project / Site Management
2141,TenureDays,2471,1755
2142,Age,,29
2142,DOB,,1994
2142,IsActive,False,True
2142,JobFunctionGroup,Labor & Site Work,Project / Site Management
2143,Age,,28
2143,DOB,,1995
2143,IsActive,False,True
2143,JobFunctionGroup,Labor & Site Work,Executive & Leadership
2144,Age,36.84325804243669,30
2144,DOB,1989-02-11,1993
2144,IsActive,False,True
2144,JobFunctionGroup,Field Operations,Executive & Leadership
2145,Age,,29
2145,DOB,,1994
2145,IsActive,False,True
2145,JobFunctionGroup,Field Operations,Other
2146,Age,38.954140999315534,28
2146,DOB,1987-01-02,1995
2146,JobFunctionGroup,Labor & Site Work,Project / Site Management
2147,Age,,28
2147,DOB,,1995
2147,IsActive,False,True
2147,JobFunctionGroup,Engineering,Project / Site Management
2148,Age,,28
2148,DOB,,1995
2148,IsActive,False,True
2148,JobFunctionGroup,Other,Project / Site Management
2149,Age,,28
2149,DOB,,1995
2149,IsActive,False,True
2150,Age,,28
2150,DOB,,1995
2150,IsActive,False,True
2150,JobFunctionGroup,Field Operations,Project / Site Management
2151,Age,,28
2151,DOB,,1995
2151,JobFunctionGroup,Admin & Support,Project / Site Management
2151,TenureDays,931,215
2152,Age,,28
2152,DOB,,1995
2152,JobFunctionGroup,Admin & Support,Project / Site Management
2152,TenureDays,1797,1081
2153,Age,71.69336071184121,28
2153,DOB,1954-04-07,1995
2153,IsActive,False,True
2153,JobFunctionGroup,Admin & Support,Project / Site Management
2154,Age,55.09377138945928,28
2154,DOB,1970-11-12,1995
2154,JobFunctionGroup,Labor & Site Work,Project / Site Management
2154,TenureDays,1623,907
2155,Age,,28
2155,DOB,,1995
2155,JobFunctionGroup,Labor & Site Work,Project / Site Management
2155,TenureDays,1967,1251
2156,Age,,28
2156,DOB,,1995
2156,TenureDays,1917,1201
2157,Age,,28
2157,DOB,,1995
2157,JobFunctionGroup,Engineering,Project / Site Management
2157,TenureDays,968,252
2158,Age,,28
2158,DOB,,1995
2158,JobFunctionGroup,Labor & Site Work,Project / Site Management
2158,TenureDays,1656,940
2159,Age,,28
2159,DOB,,1995
2159,JobFunctionGroup,Labor & Site Work,Project / Site Management
2159,TenureDays,2071,1355
2160,Age,,28
2160,DOB,,1995
2160,IsActive,False,True
2160,JobFunctionGroup,Field Operations,Project / Site Management
2161,Age,,28
2161,DOB,,1995
2161,JobFunctionGroup,Labor & Site Work,Project / Site Management
2161,TenureDays,1946,1230
2162,Age,,28
2162,DOB,,1995
2162,JobFunctionGroup,Engineering,Project / Site Management
2162,TenureDays,1837,1121
2163,Age,27.854893908282,28
2163,DOB,1998-02-07,1995
2163,IsActive,False,True
2163,JobFunctionGroup,Engineering,Project / Site Management
2164,Age,32.355920602327174,28
2164,DOB,1993-08-08,1995
2164,JobFunctionGroup,Labor & Site Work,Project / Site Management
2164,TenureDays,2282,1566
2165,Age,76.5119780971937,28
2165,DOB,1949-06-12,1995
2165,JobFunctionGroup,Other,Project / Site Management
2165,TenureDays,1888,1172
2166,Age,53.85352498288843,28
2166,DOB,1972-02-08,1995
2166,IsActive,False,True
2166,JobFunctionGroup,Labor & Site Work,Project / Site Management
2167,Age,,28
2167,DOB,,1995
2167,JobFunctionGroup,Engineering,Project / Site Management
2167,TenureDays,876,160
2168,Age,,28
2168,DOB,,1995
2168,JobFunctionGroup,Admin & Support,Project / Site Management
2168,TenureDays,2261,1545
2169,Age,,28
2169,DOB,,1995
2169,IsActive,False,True
2169,JobFunctionGroup,Admin & Support,Project / Site Management
2170,Age,,28
2170,DOB,,1995
2170,JobFunctionGroup,Field Operations,Project / Site Management
2170,TenureDays,2083,1367
2171,Age,61.27857631759069,28
2171,DOB,1964-09-05,1995
2171,JobFunctionGroup,Other,Project / Site Management
2171,TenureDays,2169,1453
2172,Age,83.43326488706366,30
2172,DOB,1942-07-11,1993
2172,IsActive,False,True
2173,Age,,30
2173,DOB,,1993
2173,JobFunctionGroup,Field Operations,Admin & Support
2173,TenureDays,2646,1930
2174,Age,24.791238877481177,30
2174,DOB,2001-03-02,1993
2174,IsActive,False,True
2174,JobFunctionGroup,Labor & Site Work,Admin & Support
2175,Age,43.35934291581109,29
2175,DOB,1982-08-07,1994
2175,IsActive,False,True
2175,JobFunctionGroup,Admin & Support,Finance & Analysis
2176,Age,26.5242984257358,28
2176,DOB,1999-06-08,1995
2176,IsActive,False,True
2176,JobFunctionGroup,Other,Project / Site Management
2177,Age,38.770704996577685,28
2177,DOB,1987-03-10,1995
2177,IsActive,False,True
2177,JobFunctionGroup,Engineering,Project / Site Management
2178,Age,57.347022587269,28
2178,DOB,1968-08-11,1995
2178,IsActive,False,True
2179,Age,74.37371663244353,28
2179,DOB,1951-08-02,1995
2179,TenureDays,1880,1164
2180,Age,,28
2180,DOB,,1995
2180,JobFunctionGroup,Engineering,Project / Site Management
2180,TenureDays,2454,1738
2181,Age,48.04106776180698,28
2181,DOB,1977-12-01,1995
2181,JobFunctionGroup,Field Operations,Project / Site Management
2181,TenureDays,1878,1162
2182,Age,,28
2182,DOB,,1995
2182,IsActive,False,True
2182,JobFunctionGroup,Admin & Support,Project / Site Management
2183,Age,,28
2183,DOB,,1995
2183,IsActive,False,True
2184,Age,,28
2184,DOB,,1995
2184,IsActive,False,True
2185,Age,62.46132785763176,28
2185,DOB,1963-07-01,1995
2185,IsActive,False,True
2185,JobFunctionGroup,Field Operations,Project / Site Management
2186,Age,,28
2186,DOB,,1995
2186,IsActive,False,True
2187,Age,,28
2187,DOB,,1995
2187,TenureDays,1678,962
2188,Age,,30
2188,DOB,,1993
2188,JobFunctionGroup,Finance & Analysis,Admin & Support
2188,TenureDays,1721,1005
2189,Age,,30
2189,DOB,,1993
2189,IsActive,False,True
2189,JobFunctionGroup,Engineering,Admin & Support
2190,Age,,30
2190,DOB,,1993
2190,IsActive,False,True
2190,JobFunctionGroup,Project / Site Management,Admin & Support
2191,Age,,29
2191,DOB,,1994
2191,JobFunctionGroup,Labor & Site Work,Finance & Analysis
2191,TenureDays,2387,1671
2192,Age,79.69609856262834,28
2192,DOB,1946-04-06,1995
2192,IsActive,False,True
2192,JobFunctionGroup,Labor & Site Work,Project / Site Management
2193,Age,52.205338809034906,28
2193,DOB,1973-10-02,1995
2193,JobFunctionGroup,Labor & Site Work,Project / Site Management
2193,TenureDays,1748,1032
2194,Age,83.36208076659823,28
2194,DOB,1942-08-06,1995
2194,TenureDays,2650,1934
2195,Age,,28
2195,DOB,,1995
2195,JobFunctionGroup,Executive & Leadership,Project / Site Management
2195,TenureDays,1975,1259
2196,Age,,28
2196,DOB,,1995
2196,IsActive,False,True
2196,JobFunctionGroup,Field Operations,Project / Site Management
2197,Age,,28
2197,DOB,,1995
2197,IsActive,False,True
2198,Age,82.10266940451746,28
2198,DOB,1943-11-09,1995
2198,IsActive,False,True
2198,JobFunctionGroup,Field Operations,Project / Site Management
2199,Age,49.28131416837783,28
2199,DOB,1976-09-04,1995
2199,IsActive,False,True
2200,Age,,28
2200,DOB,,1995
2200,IsActive,False,True
2201,Age,,28
2201,DOB,,1995
2201,JobFunctionGroup,Executive & Leadership,Project / Site Management
2201,TenureDays,1470,754
2202,Age,50.86379192334018,28
2202,DOB,1975-02-04,1995
2202,IsActive,False,True
2202,JobFunctionGroup,Labor & Site Work,Project / Site Management
2203,Age,31.11567419575633,28
2203,DOB,1994-11-04,1995
2203,IsActive,False,True
2203,JobFunctionGroup,Labor & Site Work,Project / Site Management
2204,Age,27.68788501026694,28
2204,DOB,1998-04-09,1995
2204,TenureDays,1749,1033
2205,Age,,30
2205,DOB,,1993
2205,JobFunctionGroup,Project / Site Management,Admin & Support
2205,TenureDays,1381,665
2206,Age,40.26830937713895,30
2206,DOB,1985-09-09,1993
2206,JobFunctionGroup,Project / Site Management,Admin & Support
2206,TenureDays,1226,510
2207,Age,,30
2207,DOB,,1993
2207,JobFunctionGroup,Field Operations,Admin & Support
2207,TenureDays,1010,294
2208,Age,,29
2208,DOB,,1994
2208,IsActive,False,True
2208,JobFunctionGroup,Other,Finance & Analysis
2209,Age,,28
2209,DOB,,1995
2209,IsActive,False,True
2209,JobFunctionGroup,Field Operations,Project / Site Management
2210,Age,58.20123203285421,28
2210,DOB,1967-10-04,1995
2210,TenureDays,1126,410
2211,Age,68.93086926762491,28
2211,DOB,1957-01-10,1995
2211,IsActive,False,True
2212,Age,,28
2212,DOB,,1995
2212,TenureDays,1904,1188
2213,Age,63.11019849418207,28
2213,DOB,1962-11-06,1995
2213,IsActive,False,True
2214,Age,,28
2214,DOB,,1995
2214,IsActive,False,True
2214,JobFunctionGroup,Labor & Site Work,Project / Site Management
2215,Age,,28
2215,DOB,,1995
2215,IsActive,False,True
2215,JobFunctionGroup,Labor & Site Work,Project / Site Management
2216,Age,,28
2216,DOB,,1995
2216,IsActive,False,True
2216,JobFunctionGroup,Admin & Support,Project / Site Management
2217,Age,,28
2217,DOB,,1995
2217,IsActive,False,True
2217,JobFunctionGroup,Field Operations,Project / Site Management
2218,Age,,28
2218,DOB,,1995
2218,TenureDays,1993,1277
2219,Age,,28
2219,DOB,,1995
2219,TenureDays,2326,1610
2220,Age,75.11841204654347,28
2220,DOB,1950-11-03,1995
2220,TenureDays,2533,1817
2221,Age,31.449691991786448,28
2221,DOB,1994-07-05,1995
2221,JobFunctionGroup,Engineering,Project / Site Management
2221,TenureDays,1172,456
2222,Age,,28
2222,DOB,,1995
2222,IsActive,False,True
2223,Age,,30
2223,DOB,,1993
2223,JobFunctionGroup,Project / Site Management,Admin & Support
2223,TenureDays,2588,1872
2224,Age,33.790554414784395,30
2224,DOB,1992-03-02,1993
2224,JobFunctionGroup,Project / Site Management,Admin & Support
2224,TenureDays,1848,1132
2225,Age,71.77549623545517,30
2225,DOB,1954-03-08,1993
2225,IsActive,False,True
2225,JobFunctionGroup,Project / Site Management,Admin & Support
2226,Age,,28
2226,DOB,,1995
2226,IsActive,False,True
2226,JobFunctionGroup,Field Operations,Project / Site Management
2227,Age,70.43942505133471,28
2227,DOB,1955-07-09,1995
2227,IsActive,False,True
2227,JobFunctionGroup,Field Operations,Project / Site Management
2228,Age,61.10335386721424,28
2228,DOB,1964-11-08,1995
2228,IsActive,False,True
2229,Age,68.84599589322382,28
2229,DOB,1957-02-10,1995
2229,IsActive,False,True
2229,JobFunctionGroup,Other,Project / Site Management
2230,Age,30.529774127310063,28
2230,DOB,1995-06-06,1995
2230,IsActive,False,True
2231,Age,,28
2231,DOB,,1995
2231,IsActive,False,True
2231,JobFunctionGroup,Field Operations,Project / Site Management
2232,Age,,28
2232,DOB,,1995
2232,JobFunctionGroup,Admin & Support,Project / Site Management
2232,TenureDays,1247,531
2233,Age,,28
2233,DOB,,1995
2233,JobFunctionGroup,Maintenance & Logistics,Project / Site Management
2233,TenureDays,2321,1605
2234,Age,55.34839151266256,28
2234,DOB,1970-08-11,1995
2234,JobFunctionGroup,Admin & Support,Project / Site Management
2234,TenureDays,1624,908
2235,Age,80.26009582477755,28
2235,DOB,1945-09-12,1995
2235,TenureDays,1778,1062
2236,Age,,28
2236,DOB,,1995
2236,IsActive,False,True
2236,JobFunctionGroup,Field Operations,Project / Site Management
2237,Age,,28
2237,DOB,,1995
2237,TenureDays,1494,778
2238,Age,,28
2238,DOB,,1995
2238,JobFunctionGroup,Other,Project / Site Management
2238,TenureDays,2102,1386
2239,Age,,28
2239,DOB,,1995
2239,IsActive,False,True
2239,JobFunctionGroup,Admin & Support,Project / Site Management
2240,Age,60.18891170431211,30
2240,DOB,1965-10-08,1993
2240,IsActive,False,True
2240,JobFunctionGroup,Engineering,Admin & Support
2241,Age,47.09377138945928,30
2241,DOB,1978-11-12,1993
2241,IsActive,False,True
2241,JobFunctionGroup,Field Operations,Admin & Support
2242,Age,,30
2242,DOB,,1993
2242,JobFunctionGroup,Project / Site Management,Admin & Support
2242,TenureDays,2551,1835
2243,Age,31.78097193702943,28
2243,DOB,1994-03-06,1995
2243,JobFunctionGroup,Engineering,Project / Site Management
2243,TenureDays,1725,1009
2244,Age,,28
2244,DOB,,1995
2244,TenureDays,1247,531
2245,Age,,28
2245,DOB,,1995
2245,IsActive,False,True
2245,JobFunctionGroup,Engineering,Project / Site Management
2246,Age,,28
2246,DOB,,1995
2246,JobFunctionGroup,Other,Project / Site Management
2246,TenureDays,1439,723
2247,Age,,28
2247,DOB,,1995
2247,JobFunctionGroup,Engineering,Project / Site Management
2247,TenureDays,1250,534
2248,Age,79.52635181382615,28
2248,DOB,1946-06-07,1995
2248,IsActive,False,True
2248,JobFunctionGroup,Engineering,Project / Site Management
2249,Age,53.37440109514032,28
2249,DOB,1972-08-01,1995
2249,IsActive,False,True
2249,JobFunctionGroup,Engineering,Project / Site Management
2250,Age,,28
2250,DOB,,1995
2250,IsActive,False,True
2250,JobFunctionGroup,Executive & Leadership,Project / Site Management
2251,Age,59.62765229295003,28
2251,DOB,1966-05-01,1995
2251,JobFunctionGroup,Labor & Site Work,Project / Site Management
2251,TenureDays,1661,945
2252,Age,,28
2252,DOB,,1995
2252,TenureDays,1125,409
2253,Age,,28
2253,DOB,,1995
2253,IsActive,False,True
2253,JobFunctionGroup,Engineering,Project / Site Management
2254,Age,41.86447638603696,28
2254,DOB,1984-02-04,1995
2254,IsActive,False,True
2254,JobFunctionGroup,Field Operations,Project / Site Management
2255,Age,49.530458590006845,28
2255,DOB,1976-06-05,1995
2255,TenureDays,1967,1251
2256,Age,,28
2256,DOB,,1995
2256,JobFunctionGroup,Labor & Site Work,Project / Site Management
2256,TenureDays,1446,730
2257,Age,42.19301848049281,30
2257,DOB,1983-10-07,1993
2257,IsActive,False,True
2257,JobFunctionGroup,Project / Site Management,Admin & Support
2258,Age,61.35523613963039,30
2258,DOB,1964-08-08,1993
2258,IsActive,False,True
2258,JobFunctionGroup,Project / Site Management,Admin & Support
2259,Age,70.60643394934976,28
2259,DOB,1955-05-09,1995
2259,JobFunctionGroup,Field Operations,Project / Site Management
2259,TenureDays,1584,868
2260,Age,,28
2260,DOB,,1995
2260,JobFunctionGroup,Engineering,Project / Site Management
2260,TenureDays,1639,923
2261,Age,58.85010266940452,28
2261,DOB,1967-02-09,1995
2261,JobFunctionGroup,Engineering,Project / Site Management
2261,TenureDays,1767,1051
2262,Age,71.60574948665298,28
2262,DOB,1954-05-09,1995
2262,TenureDays,1814,1098
2263,Age,,28
2263,DOB,,1995
2263,IsActive,False,True
2263,JobFunctionGroup,Field Operations,Project / Site Management
2264,Age,,28
2264,DOB,,1995
2264,TenureDays,2540,1824
2265,Age,,28
2265,DOB,,1995
2265,IsActive,False,True
2266,Age,,28
2266,DOB,,1995
2266,JobFunctionGroup,Admin & Support,Project / Site Management
2266,TenureDays,1889,1173
2267,Age,,28
2267,DOB,,1995
2267,IsActive,False,True
2267,JobFunctionGroup,Executive & Leadership,Project / Site Management
2268,Age,,28
2268,DOB,,1995
2268,IsActive,False,True
2268,JobFunctionGroup,Labor & Site Work,Project / Site Management
2269,Age,72.77207392197126,28
2269,DOB,1953-03-09,1995
2269,IsActive,False,True
2270,Age,61.85352498288843,28
2270,DOB,1964-02-08,1995
2270,JobFunctionGroup,Labor & Site Work,Project / Site Management
2270,TenureDays,2124,1408
2271,Age,56.87063655030801,28
2271,DOB,1969-02-01,1995
2271,JobFunctionGroup,Field Operations,Project / Site Management
2271,TenureDays,1717,1001
2272,Age,,28
2272,DOB,,1995
2272,JobFunctionGroup,Engineering,Project / Site Management
2272,TenureDays,864,148
2273,Age,33.28952772073922,30
2273,DOB,1992-09-01,1993
2273,IsActive,False,True
2273,JobFunctionGroup,Project / Site Management,Admin & Support
2274,Age,66.27789185489391,30
2274,DOB,1959-09-06,1993
2274,JobFunctionGroup,Finance & Analysis,Admin & Support
2274,TenureDays,2433,1717
2275,Age,,28
2275,DOB,,1995
2275,TenureDays,2267,1551
2276,Age,39.6933607118412,28
2276,DOB,1986-04-07,1995
2276,JobFunctionGroup,Labor & Site Work,Project / Site Management
2276,TenureDays,2589,1873
2277,Age,,28
2277,DOB,,1995
2277,IsActive,False,True
2277,JobFunctionGroup,Field Operations,Project / Site Management
2278,Age,,28
2278,DOB,,1995
2278,TenureDays,2599,1883
2279,Age,,28
2279,DOB,,1995
2279,IsActive,False,True
2279,JobFunctionGroup,Other,Project / Site Management
2280,Age,,28
2280,DOB,,1995
2280,TenureDays,1114,398
2281,Age,,28
2281,DOB,,1995
2281,IsActive,False,True
2282,Age,,28
2282,DOB,,1995
2282,JobFunctionGroup,Other,Project / Site Management
2282,TenureDays,1353,637
2283,Age,,28
2283,DOB,,1995
2283,TenureDays,1387,671
2284,Age,52.5201916495551,28
2284,DOB,1973-06-09,1995
2284,JobFunctionGroup,Field Operations,Project / Site Management
2284,TenureDays,1580,864
2285,Age,33.440109514031484,28
2285,DOB,1992-07-08,1995
2285,TenureDays,2676,1960
2286,Age,28.84873374401095,28
2286,DOB,1997-02-09,1995
2286,TenureDays,2254,1538
2287,Age,53.43189596167009,28
2287,DOB,1972-07-11,1995
2287,IsActive,False,True
2287,JobFunctionGroup,Field Operations,Project / Site Management
2288,Age,,28
2288,DOB,,1995
2288,TenureDays,1049,333
2289,Age,,30
2289,DOB,,1993
2289,JobFunctionGroup,Executive & Leadership,Admin & Support
2289,TenureDays,954,238
2290,Age,30.11362080766598,28
2290,DOB,1995-11-05,1995
2290,TenureDays,2030,1314
2291,Age,,28
2291,DOB,,1995
2291,JobFunctionGroup,Labor & Site Work,Project / Site Management
2291,TenureDays,1406,690
2292,Age,29.84531143052704,28
2292,DOB,1996-02-11,1995
2292,IsActive,False,True
2292,JobFunctionGroup,Internship,Project / Site Management
2293,Age,,28
2293,DOB,,1995
2293,IsActive,False,True
2293,JobFunctionGroup,Other,Project / Site Management
2294,Age,,28
2294,DOB,,1995
2294,TenureDays,2116,1400
2295,Age,46.039698836413415,28
2295,DOB,1979-12-02,1995
2295,JobFunctionGroup,Field Operations,Project / Site Management
2295,TenureDays,1898,1182
2296,Age,,28
2296,DOB,,1995
2296,IsActive,False,True
2296,JobFunctionGroup,Field Operations,Project / Site Management
2297,Age,,28
2297,DOB,,1995
2297,IsActive,False,True
2298,Age,,28
2298,DOB,,1995
2298,JobFunctionGroup,Labor & Site Work,Project / Site Management
2298,TenureDays,2220,1504
2299,Age,,28
2299,DOB,,1995
2299,IsActive,False,True
2299,JobFunctionGroup,Labor & Site Work,Project / Site Management
2300,Age,41.177275838466805,28
2300,DOB,1984-10-12,1995
2300,IsActive,False,True
2300,JobFunctionGroup,Field Operations,Project / Site Management
2301,Age,69.27310061601642,28
2301,DOB,1956-09-07,1995
2301,IsActive,False,True
2302,Age,77.76865160848733,28
2302,DOB,1948-03-10,1995
2302,JobFunctionGroup,Engineering,Project / Site Management
2302,TenureDays,2563,1847
2303,Age,,28
2303,DOB,,1995
2303,JobFunctionGroup,Field Operations,Project / Site Management
2303,TenureDays,1469,753
2304,Age,,30
2304,DOB,,1993
2304,JobFunctionGroup,Field Operations,Admin & Support
2304,TenureDays,2511,1795
2305,Age,36.69267624914442,28
2305,DOB,1989-04-07,1995
2305,IsActive,False,True
2305,JobFunctionGroup,Maintenance & Logistics,Project / Site Management
2306,Age,29.94661190965092,28
2306,DOB,1996-01-05,1995
2306,JobFunctionGroup,Admin & Support,Project / Site Management
2306,TenureDays,1414,698
2307,Age,77.03490759753593,28
2307,DOB,1948-12-03,1995
2307,JobFunctionGroup,Labor & Site Work,Project / Site Management
2307,TenureDays,1840,1124
2308,Age,24.684462696783022,28
2308,DOB,2001-04-10,1995
2308,JobFunctionGroup,Labor & Site Work,Project / Site Management
2308,TenureDays,1887,1171
2309,Age,,28
2309,DOB,,1995
2309,JobFunctionGroup,Labor & Site Work,Project / Site Management
2309,TenureDays,2029,1313
2310,Age,,28
2310,DOB,,1995
2310,IsActive,False,True
2310,JobFunctionGroup,Field Operations,Project / Site Management
2311,Age,,28
2311,DOB,,1995
2311,IsActive,False,True
2311,JobFunctionGroup,Labor & Site Work,Project / Site Management
2312,Age,,28
2312,DOB,,1995
2312,IsActive,False,True
2312,JobFunctionGroup,Field Operations,Project / Site Management
2313,Age,,28
2313,DOB,,1995
2313,TenureDays,1110,394
2314,Age,,28
2314,DOB,,1995
2314,IsActive,False,True
2314,JobFunctionGroup,Field Operations,Project / Site Management
2315,Age,34.18754277891855,28
2315,DOB,1991-10-09,1995
2315,IsActive,False,True
2316,Age,,28
2316,DOB,,1995
2316,IsActive,False,True
2316,JobFunctionGroup,Other,Project / Site Management
2317,Age,,28
2317,DOB,,1995
2317,JobFunctionGroup,Labor & Site Work,Project / Site Management
2317,TenureDays,2013,1297
2318,Age,,28
2318,DOB,,1995
2318,JobFunctionGroup,Executive & Leadership,Project / Site Management
2318,TenureDays,2517,1801
2319,Age,,30
2319,DOB,,1993
2319,JobFunctionGroup,Project / Site Management,Admin & Support
2320,Age,,29
2320,DOB,,1994
2320,IsActive,False,True
2321,Age,,29
2321,DOB,,1994
2321,JobFunctionGroup,Labor & Site Work,Field Operations
2321,TenureDays,1254,538
2322,Age,76.68993839835728,29
2322,DOB,1949-04-08,1994
2322,JobFunctionGroup,Admin & Support,Field Operations
2323,Age,76.70362765229295,29
2323,DOB,1949-04-03,1994
2323,JobFunctionGroup,Labor & Site Work,Field Operations
2323,TenureDays,1291,575
2324,Age,,29
2324,DOB,,1994
2324,JobFunctionGroup,Labor & Site Work,Field Operations
2325,Age,,29
2325,DOB,,1994
2325,IsActive,False,True
2325,JobFunctionGroup,Labor & Site Work,Field Operations
2326,Age,41.51403148528405,29
2326,DOB,1984-06-11,1994
2326,IsActive,False,True
2326,JobFunctionGroup,Other,Field Operations
2327,Age,48.616016427104725,29
2327,DOB,1977-05-05,1994
2327,JobFunctionGroup,Engineering,Field Operations
2327,TenureDays,2081,1365
2328,Age,,29
2328,DOB,,1994
2328,TenureDays,1300,584
2329,Age,,29
2329,DOB,,1994
2329,TenureDays,1686,970
2330,Age,,29
2330,DOB,,1994
2330,JobFunctionGroup,Project / Site Management,Field Operations
2331,Age,79.84120465434634,29
2331,DOB,1946-02-12,1994
2332,Age,36.61875427789185,29
2332,DOB,1989-05-04,1994
2332,TenureDays,2669,1953
2333,Age,,29
2333,DOB,,1994
2333,IsActive,False,True
2333,JobFunctionGroup,Engineering,Field Operations
2334,Age,28.854209445585216,29
2334,DOB,1997-02-07,1994
2334,IsActive,False,True
2334,JobFunctionGroup,Labor & Site Work,Field Operations
2335,Age,81.01848049281314,29
2335,DOB,1944-12-09,1994
2335,JobFunctionGroup,Labor & Site Work,Field Operations
2336,Age,,29
2336,DOB,,1994
2336,JobFunctionGroup,Project / Site Management,Field Operations
2336,TenureDays,2250,1534
2337,Age,,29
2337,DOB,,1994
2337,IsActive,False,True
2337,JobFunctionGroup,Engineering,Field Operations
2338,Age,58.4394250513347,29
2338,DOB,1967-07-09,1994
2338,JobFunctionGroup,Admin & Support,Field Operations
2338,TenureDays,2311,1595
2339,Age,,29
2339,DOB,,1994
2339,JobFunctionGroup,Engineering,Field Operations
2340,Age,,29
2340,DOB,,1994
2340,TenureDays,1322,606
2341,Age,,29
2341,DOB,,1994
2341,TenureDays,1283,567
2342,Age,,29
2342,DOB,,1994
2342,JobFunctionGroup,Project / Site Management,Field Operations
2342,TenureDays,2595,1879
2343,Age,,29
2343,DOB,,1994
2343,JobFunctionGroup,Labor & Site Work,Field Operations
2343,TenureDays,1625,909
2344,Age,75.77002053388091,29
2344,DOB,1950-03-10,1994
2344,JobFunctionGroup,Labor & Site Work,Field Operations
2345,Age,,29
2345,DOB,,1994
2345,JobFunctionGroup,Labor & Site Work,Field Operations
2345,TenureDays,2104,1388
2346,Age,,29
2346,DOB,,1994
2346,JobFunctionGroup,Labor & Site Work,Field Operations
2346,TenureDays,1084,368
2347,Age,32.53114305270363,29
2347,DOB,1993-06-05,1994
2347,JobFunctionGroup,Labor & Site Work,Field Operations
2347,TenureDays,2100,1384
2348,Age,,29
2348,DOB,,1994
2348,TenureDays,1074,358
2349,Age,50.85831622176591,29
2349,DOB,1975-02-06,1994
2349,JobFunctionGroup,Engineering,Field Operations
2349,TenureDays,1455,739
2350,Age,,29
2350,DOB,,1994
2350,IsActive,False,True
2350,JobFunctionGroup,Labor & Site Work,Field Operations
2351,Age,,29
2351,DOB,,1994
2351,JobFunctionGroup,Project / Site Management,Field Operations
2351,TenureDays,1840,1124
2352,Age,,29
2352,DOB,,1994
2352,IsActive,False,True
2352,JobFunctionGroup,Labor & Site Work,Field Operations
2353,Age,,29
2353,DOB,,1994
2353,IsActive,False,True
2353,JobFunctionGroup,Project / Site Management,Field Operations
2354,Age,,29
2354,DOB,,1994
2355,Age,,29
2355,DOB,,1994
2355,JobFunctionGroup,Labor & Site Work,Field Operations
2355,TenureDays,2452,1736
2356,Age,,29
2356,DOB,,1994
2356,IsActive,False,True
2357,Age,44.77481177275838,29
2357,DOB,1981-03-08,1994
2357,IsActive,False,True
2357,JobFunctionGroup,Project / Site Management,Field Operations
2358,Age,58.4476386036961,29
2358,DOB,1967-07-06,1994
2358,JobFunctionGroup,Other,Field Operations
2358,TenureDays,1858,1142
2359,Age,,29
2359,DOB,,1994
2359,JobFunctionGroup,Labor & Site Work,Field Operations
2359,TenureDays,2544,1828
2360,Age,77.01574264202601,29
2360,DOB,1948-12-10,1994
2360,JobFunctionGroup,Executive & Leadership,Field Operations
2360,TenureDays,1699,983
2361,Age,76.85420944558521,29
2361,DOB,1949-02-07,1994
2361,JobFunctionGroup,Project / Site Management,Field Operations
2362,Age,83.53456536618754,29
2362,DOB,1942-06-04,1994
2362,IsActive,False,True
2362,JobFunctionGroup,Project / Site Management,Field Operations
2363,Age,66.35728952772074,29
2363,DOB,1959-08-08,1994
2363,IsActive,False,True
2363,JobFunctionGroup,Labor & Site Work,Field Operations
2364,Age,,29
2364,DOB,,1994
2364,IsActive,False,True
2365,Age,72.60232717316906,29
2365,DOB,1953-05-10,1994
2365,TenureDays,1026,310
2366,Age,,29
2366,DOB,,1994
2366,JobFunctionGroup,Project / Site Management,Field Operations
2366,TenureDays,1750,1034
2367,Age,,29
2367,DOB,,1994
2367,JobFunctionGroup,Labor & Site Work,Field Operations
2367,TenureDays,1450,734
2368,Age,,29
2368,DOB,,1994
2368,IsActive,False,True
2368,JobFunctionGroup,Engineering,Field Operations
2369,Age,34.29158110882957,29
2369,DOB,1991-09-01,1994
2369,IsActive,False,True
2369,JobFunctionGroup,Project / Site Management,Field Operations
2370,Age,,29
2370,DOB,,1994
2370,TenureDays,1661,945
2371,Age,,29
2371,DOB,,1994
2371,JobFunctionGroup,Engineering,Field Operations
2371,TenureDays,2079,1363
2372,Age,,29
2372,DOB,,1994
2372,IsActive,False,True
2372,JobFunctionGroup,Engineering,Field Operations
2373,Age,77.43463381245722,29
2373,DOB,1948-07-10,1994
2373,JobFunctionGroup,Project / Site Management,Field Operations
2373,TenureDays,2328,1612
2374,Age,,29
2374,DOB,,1994
2374,TenureDays,1435,719
2375,Age,48.34770704996578,29
2375,DOB,1977-08-11,1994
2375,TenureDays,1857,1141
2376,Age,60.284736481861735,29
2376,DOB,1965-09-03,1994
2376,JobFunctionGroup,Project / Site Management,Field Operations
2376,TenureDays,2048,1332
2377,Age,72.7939767282683,29
2377,DOB,1953-03-01,1994
2377,JobFunctionGroup,Project / Site Management,Field Operations
2377,TenureDays,2473,1757
2378,Age,,29
2378,DOB,,1994
2378,JobFunctionGroup,Other,Field Operations
2378,TenureDays,1337,621
2379,Age,,29
2379,DOB,,1994
2379,JobFunctionGroup,Project / Site Management,Field Operations
2379,TenureDays,2208,1492
2380,Age,,29
2380,DOB,,1994
2380,JobFunctionGroup,Other,Field Operations
2381,Age,,29
2381,DOB,,1994
2381,JobFunctionGroup,Engineering,Field Operations
2381,TenureDays,2576,1860
2382,Age,,29
2382,DOB,,1994
2382,JobFunctionGroup,Other,Field Operations
2382,TenureDays,1051,335
2383,Age,66.6858316221766,29
2383,DOB,1959-04-10,1994
2383,IsActive,False,True
2383,JobFunctionGroup,Labor & Site Work,Field Operations
2384,Age,29.949349760438057,29
2384,DOB,1996-01-04,1994
2384,IsActive,False,True
2384,JobFunctionGroup,Labor & Site Work,Field Operations
2385,Age,,29
2385,DOB,,1994
2385,JobFunctionGroup,Project / Site Management,Field Operations
2386,Age,,29
2386,DOB,,1994
2386,JobFunctionGroup,Executive & Leadership,Field Operations
2386,TenureDays,1267,551
2387,Age,,29
2387,DOB,,1994
2387,TenureDays,2517,1801
2388,Age,,29
2388,DOB,,1994
2388,JobFunctionGroup,Project / Site Management,Field Operations
2388,TenureDays,877,161
2389,Age,33.0321697467488,29
2389,DOB,1992-12-04,1994
2389,JobFunctionGroup,Other,Field Operations
2389,TenureDays,1240,524
2390,Age,27.260780287474333,29
2390,DOB,1998-09-12,1994
2390,JobFunctionGroup,Labor & Site Work,Field Operations
2390,TenureDays,1070,354
2391,Age,,29
2391,DOB,,1994
2391,IsActive,False,True
2391,JobFunctionGroup,Engineering,Field Operations
2392,Age,25.867214236824093,29
2392,DOB,2000-02-03,1994
2392,JobFunctionGroup,Labor & Site Work,Field Operations
2392,TenureDays,955,239
2393,Age,46.4394250513347,29
2393,DOB,1979-07-09,1994
2393,JobFunctionGroup,Labor & Site Work,Field Operations
2393,TenureDays,1185,469
2394,Age,,29
2394,DOB,,1994
2394,IsActive,False,True
2395,Age,,29
2395,DOB,,1994
2395,TenureDays,2300,1584
2396,Age,40.02464065708419,29
2396,DOB,1985-12-07,1994
2396,TenureDays,939,223
2397,Age,,29
2397,DOB,,1994
2397,JobFunctionGroup,Labor & Site Work,Field Operations
2397,TenureDays,1750,1034
2398,Age,,29
2398,DOB,,1994
2398,JobFunctionGroup,Project / Site Management,Field Operations
2398,TenureDays,1037,321
2399,Age,,29
2399,DOB,,1994
2400,Age,45.35249828884326,29
2400,DOB,1980-08-09,1994
2400,JobFunctionGroup,Other,Field Operations
2401,Age,81.59890485968515,29
2401,DOB,1944-05-11,1994
2402,Age,,29
2402,DOB,,1994
2402,JobFunctionGroup,Executive & Leadership,Field Operations
2402,TenureDays,1126,410
2403,Age,,29
2403,DOB,,1994
2403,IsActive,False,True
2403,JobFunctionGroup,Admin & Support,Field Operations
2404,Age,,29
2404,DOB,,1994
2404,TenureDays,1602,886
2405,Age,50.95140314852841,29
2405,DOB,1975-01-03,1994
2405,JobFunctionGroup,Labor & Site Work,Field Operations
2405,TenureDays,1486,770
2406,Age,,29
2406,DOB,,1994
2406,JobFunctionGroup,Labor & Site Work,Field Operations
2406,TenureDays,1891,1175
2407,Age,,29
2407,DOB,,1994
2407,IsActive,False,True
2408,Age,30.68309377138946,29
2408,DOB,1995-04-11,1994
2408,IsActive,False,True
2408,JobFunctionGroup,Project / Site Management,Field Operations
2409,Age,37.19096509240247,29
2409,DOB,1988-10-07,1994
2409,TenureDays,1343,627
2410,Age,81.43463381245722,29
2410,DOB,1944-07-10,1994
2410,IsActive,False,True
2410,JobFunctionGroup,Internship,Field Operations
2411,Age,,29
2411,DOB,,1994
2411,IsActive,False,True
2411,JobFunctionGroup,Executive & Leadership,Field Operations
2412,Age,56.276522929500345,29
2412,DOB,1969-09-06,1994
2412,IsActive,False,True
2412,JobFunctionGroup,Project / Site Management,Field Operations
2413,Age,,29
2413,DOB,,1994
2413,IsActive,False,True
2413,JobFunctionGroup,Engineering,Field Operations
2414,Age,,29
2414,DOB,,1994
2414,JobFunctionGroup,Project / Site Management,Field Operations
2414,TenureDays,2446,1730
2415,Age,,29
2415,DOB,,1994
2415,JobFunctionGroup,Labor & Site Work,Field Operations
2416,Age,83.03901437371663,29
2416,DOB,1942-12-02,1994
2416,TenureDays,1485,769
2417,Age,83.27446954141,29
2417,DOB,1942-09-07,1994
2418,Age,,29
2418,DOB,,1994
2418,JobFunctionGroup,Project / Site Management,Field Operations
2418,TenureDays,1930,1214
2419,Age,70.28884325804243,29
2419,DOB,1955-09-02,1994
2420,Age,,29
2420,DOB,,1994
2420,JobFunctionGroup,Labor & Site Work,Field Operations
2421,Age,,29
2421,DOB,,1994
2421,JobFunctionGroup,Project / Site Management,Field Operations
2422,Age,,29
2422,DOB,,1994
2422,TenureDays,2632,1916
2423,Age,,29
2423,DOB,,1994
2423,IsActive,False,True
2424,Age,58.784394250513344,29
2424,DOB,1967-03-05,1994
2424,JobFunctionGroup,Project / Site Management,Field Operations
2424,TenureDays,1912,1196
2425,Age,,29
2425,DOB,,1994
2425,JobFunctionGroup,Labor & Site Work,Field Operations
2425,TenureDays,1471,755
2426,Age,31.696098562628336,29
2426,DOB,1994-04-06,1994
2427,Age,,29
2427,DOB,,1994
2427,IsActive,False,True
2427,JobFunctionGroup,Executive & Leadership,Field Operations
2428,Age,,29
2428,DOB,,1994
2428,JobFunctionGroup,Admin & Support,Field Operations
2428,TenureDays,1427,711
2429,Age,,29
2429,DOB,,1994
2429,JobFunctionGroup,Executive & Leadership,Field Operations
2429,TenureDays,1347,631
2430,Age,51.12388774811773,29
2430,DOB,1974-11-01,1994
2430,IsActive,False,True
2430,JobFunctionGroup,Labor & Site Work,Field Operations
2431,Age,,29
2431,DOB,,1994
2431,IsActive,False,True
2431,JobFunctionGroup,Engineering,Field Operations
2432,Age,80.77754962354551,29
2432,DOB,1945-03-07,1994
2432,JobFunctionGroup,Engineering,Field Operations
2432,TenureDays,2510,1794
2433,Age,,29
2433,DOB,,1994
2433,IsActive,False,True
2433,JobFunctionGroup,Labor & Site Work,Field Operations
2434,Age,,29
2434,DOB,,1994
2434,TenureDays,2628,1912
2435,Age,,29
2435,DOB,,1994
2435,IsActive,False,True
2435,JobFunctionGroup,Engineering,Field Operations
2436,Age,82.02053388090349,29
2436,DOB,1943-12-09,1994
2436,JobFunctionGroup,Project / Site Management,Field Operations
2436,TenureDays,1530,814
2437,Age,,29
2437,DOB,,1994
2437,TenureDays,1310,594
2438,Age,,29
2438,DOB,,1994
2438,JobFunctionGroup,Project / Site Management,Field Operations
2439,Age,74.27515400410678,29
2439,DOB,1951-09-07,1994
2439,TenureDays,1491,775
2440,Age,,29
2440,DOB,,1994
2440,JobFunctionGroup,Project / Site Management,Field Operations
2440,TenureDays,2486,1770
2441,Age,,29
2441,DOB,,1994
2441,JobFunctionGroup,Executive & Leadership,Field Operations
2441,TenureDays,1264,548
2442,Age,,29
2442,DOB,,1994
2442,TenureDays,1095,379
2443,Age,75.27173169062286,29
2443,DOB,1950-09-08,1994
2443,IsActive,False,True
2443,JobFunctionGroup,Executive & Leadership,Field Operations
2444,Age,,29
2444,DOB,,1994
2444,IsActive,False,True
2444,JobFunctionGroup,Project / Site Management,Field Operations
2445,Age,58.03696098562629,29
2445,DOB,1967-12-03,1994
2445,IsActive,False,True
2446,Age,27.260780287474333,29
2446,DOB,1998-09-12,1994
2446,JobFunctionGroup,Project / Site Management,Field Operations
2446,TenureDays,1359,643
2447,Age,72.01095140314852,29
2447,DOB,1953-12-12,1994
2447,JobFunctionGroup,Engineering,Field Operations
2447,TenureDays,1401,685
2448,Age,44.53661875427789,29
2448,DOB,1981-06-03,1994
2448,IsActive,False,True
2448,JobFunctionGroup,Admin & Support,Field Operations
2449,Age,68.68720054757016,29
2449,DOB,1957-04-09,1994
2449,TenureDays,964,248
2450,Age,,29
2450,DOB,,1994
2450,IsActive,False,True
2450,JobFunctionGroup,Project / Site Management,Field Operations
2451,Age,68.34770704996578,29
2451,DOB,1957-08-11,1994
2451,IsActive,False,True
2451,JobFunctionGroup,Other,Field Operations
2452,Age,,29
2452,DOB,,1994
2452,JobFunctionGroup,Executive & Leadership,Field Operations
2452,TenureDays,2553,1837
2453,Age,,29
2453,DOB,,1994
2453,IsActive,False,True
2453,JobFunctionGroup,Project / Site Management,Field Operations
2454,Age,,29
2454,DOB,,1994
2454,JobFunctionGroup,Labor & Site Work,Field Operations
2454,TenureDays,923,207
2455,Age,,29
2455,DOB,,1994
2455,JobFunctionGroup,Other,Field Operations
2456,Age,65.45653661875428,29
2456,DOB,1960-07-02,1994
2456,TenureDays,2482,1766
2457,Age,,29
2457,DOB,,1994
2457,TenureDays,1389,673
2458,Age,,29
2458,DOB,,1994
2458,JobFunctionGroup,Labor & Site Work,Field Operations
2459,Age,,29
2459,DOB,,1994
2459,JobFunctionGroup,Project / Site Management,Field Operations
2459,TenureDays,1958,1242
2460,Age,,29
2460,DOB,,1994
2460,JobFunctionGroup,Maintenance & Logistics,Field Operations
2461,Age,,29
2461,DOB,,1994
2461,JobFunctionGroup,Project / Site Management,Field Operations
2462,Age,,29
2462,DOB,,1994
2462,JobFunctionGroup,Engineering,Field Operations
2463,Age,,29
2463,DOB,,1994
2463,JobFunctionGroup,Executive & Leadership,Field Operations
2463,TenureDays,1166,450
2464,Age,,29
2464,DOB,,1994
2464,IsActive,False,True
2464,JobFunctionGroup,Labor & Site Work,Field Operations
2465,Age,65.02669404517454,29
2465,DOB,1960-12-06,1994
2465,IsActive,False,True
2466,Age,,29
2466,DOB,,1994
2466,JobFunctionGroup,Project / Site Management,Field Operations
2466,TenureDays,1391,675
2467,Age,,29
2467,DOB,,1994
2467,JobFunctionGroup,Project / Site Management,Field Operations
2467,TenureDays,1264,548
2468,Age,27.68240930869268,29
2468,DOB,1998-04-11,1994
2468,JobFunctionGroup,Other,Field Operations
2469,Age,,29
2469,DOB,,1994
2469,JobFunctionGroup,Labor & Site Work,Field Operations
2469,TenureDays,1513,797
2470,Age,62.51882272416153,29
2470,DOB,1963-06-10,1994
2470,IsActive,False,True
2470,JobFunctionGroup,Maintenance & Logistics,Field Operations
2471,Age,38.93497604380561,29
2471,DOB,1987-01-09,1994
2471,JobFunctionGroup,Project / Site Management,Field Operations
2471,TenureDays,2188,1472
2472,Age,,29
2472,DOB,,1994
2472,IsActive,False,True
2472,JobFunctionGroup,Project / Site Management,Field Operations
2473,Age,73.20739219712526,29
2473,DOB,1952-10-01,1994
2473,IsActive,False,True
2473,JobFunctionGroup,Other,Field Operations
2474,Age,,29
2474,DOB,,1994
2474,IsActive,False,True
2474,JobFunctionGroup,Project / Site Management,Field Operations
2475,Age,64.76659822039699,29
2475,DOB,1961-03-11,1994
2475,JobFunctionGroup,Labor & Site Work,Field Operations
2475,TenureDays,1804,1088
2476,Age,,29
2476,DOB,,1994
2476,IsActive,False,True
2476,JobFunctionGroup,Engineering,Field Operations
2477,Age,79.1978097193703,29
2477,DOB,1946-10-05,1994
2478,Age,52.03011635865845,29
2478,DOB,1973-12-05,1994
2478,JobFunctionGroup,Maintenance & Logistics,Field Operations
2478,TenureDays,1159,443
2479,Age,46.84462696783025,29
2479,DOB,1979-02-11,1994
2479,TenureDays,2632,1916
2480,Age,63.7864476386037,29
2480,DOB,1962-03-04,1994
2480,JobFunctionGroup,Project / Site Management,Field Operations
2480,TenureDays,2003,1287
2481,Age,45.69472963723477,29
2481,DOB,1980-04-06,1994
2481,JobFunctionGroup,Project / Site Management,Field Operations
2481,TenureDays,1733,1017
2482,Age,84.20533880903491,29
2482,DOB,1941-10-02,1994
2482,JobFunctionGroup,Labor & Site Work,Field Operations
2482,TenureDays,2455,1739
2483,Age,79.9315537303217,29
2483,DOB,1946-01-10,1994
2483,JobFunctionGroup,Labor & Site Work,Field Operations
2483,TenureDays,1325,609
2484,Age,,29
2484,DOB,,1994
2484,JobFunctionGroup,Admin & Support,Field Operations
2484,TenureDays,2688,1972
2485,Age,,29
2485,DOB,,1994
2485,TenureDays,1325,609
2486,Age,,29
2486,DOB,,1994
2486,JobFunctionGroup,Other,Field Operations
2486,TenureDays,2205,1489
2487,Age,53.03764544832307,29
2487,DOB,1972-12-02,1994
2487,IsActive,False,True
2487,JobFunctionGroup,Labor & Site Work,Field Operations
2488,Age,33.28405201916495,29
2488,DOB,1992-09-03,1994
2489,Age,,29
2489,DOB,,1994
2489,JobFunctionGroup,Admin & Support,Field Operations
2490,Age,,29
2490,DOB,,1994
2490,TenureDays,2141,1425
2491,Age,46.60917180013689,29
2491,DOB,1979-05-08,1994
2491,IsActive,False,True
2492,Age,37.106091718001366,29
2492,DOB,1988-11-07,1994
2492,JobFunctionGroup,Admin & Support,Field Operations
2492,TenureDays,2431,1715
2493,Age,66.84462696783025,29
2493,DOB,1959-02-11,1994
2493,TenureDays,2083,1367
2494,Age,68.35592060232717,29
2494,DOB,1957-08-08,1994
2494,IsActive,False,True
2495,Age,,29
2495,DOB,,1994
2495,IsActive,False,True
2495,JobFunctionGroup,Labor & Site Work,Field Operations
2496,Age,45.45927446954141,29
2496,DOB,1980-07-01,1994
2496,IsActive,False,True
2497,Age,,29
2497,DOB,,1994
2497,JobFunctionGroup,Project / Site Management,Field Operations
2498,Age,,29
2498,DOB,,1994
2498,IsActive,False,True
2498,JobFunctionGroup,Admin & Support,Field Operations
2499,Age,26.023271731690624,29
2499,DOB,1999-12-08,1994
2499,JobFunctionGroup,Other,Field Operations
2500,Age,,29
2500,DOB,,1994
2500,JobFunctionGroup,Project / Site Management,Field Operations
2501,Age,53.67830253251198,29
2501,DOB,1972-04-12,1994
2501,TenureDays,1801,1085
2502,Age,39.53182751540041,29
2502,DOB,1986-06-05,1994
2502,JobFunctionGroup,Labor & Site Work,Field Operations
2503,Age,,29
2503,DOB,,1994
2503,JobFunctionGroup,Project / Site Management,Field Operations
2503,TenureDays,970,254
2504,Age,56.43258042436687,29
2504,DOB,1969-07-11,1994
2505,Age,,29
2505,DOB,,1994
2505,JobFunctionGroup,Internship,Field Operations
2506,Age,,29
2506,DOB,,1994
2506,JobFunctionGroup,Labor & Site Work,Field Operations
2506,TenureDays,1734,1018
2507,Age,,29
2507,DOB,,1994
2507,IsActive,False,True
2507,JobFunctionGroup,Labor & Site Work,Field Operations
2508,Age,30.02053388090349,29
2508,DOB,1995-12-09,1994
2508,IsActive,False,True
2508,JobFunctionGroup,Labor & Site Work,Field Operations
2509,Age,,29
2509,DOB,,1994
2509,TenureDays,1029,313
2510,Age,,29
2510,DOB,,1994
2510,JobFunctionGroup,Project / Site Management,Field Operations
2510,TenureDays,1963,1247
2511,Age,53.01300479123888,29
2511,DOB,1972-12-11,1994
2511,IsActive,False,True
2512,Age,,29
2512,DOB,,1994
2512,IsActive,False,True
2512,JobFunctionGroup,Admin & Support,Field Operations
2513,Age,53.02943189596167,29
2513,DOB,1972-12-05,1994
2513,IsActive,False,True
2513,JobFunctionGroup,Project / Site Management,Field Operations
2514,Age,,29
2514,DOB,,1994
2514,IsActive,False,True
2514,JobFunctionGroup,Engineering,Field Operations
2515,Age,76.7939767282683,29
2515,DOB,1949-03-01,1994
2515,IsActive,False,True
2516,Age,,29
2516,DOB,,1994
2516,JobFunctionGroup,Labor & Site Work,Field Operations
2516,TenureDays,2199,1483
2517,Age,73.6892539356605,29
2517,DOB,1952-04-08,1994
2517,JobFunctionGroup,Engineering,Field Operations
2517,TenureDays,2412,1696
2518,Age,,29
2518,DOB,,1994
2518,JobFunctionGroup,Project / Site Management,Field Operations
2519,Age,,29
2519,DOB,,1994
2519,TenureDays,2651,1935
2520,Age,,29
2520,DOB,,1994
2520,JobFunctionGroup,Project / Site Management,Field Operations
2520,TenureDays,1650,934
2521,Age,,29
2521,DOB,,1994
2521,JobFunctionGroup,Project / Site Management,Field Operations
2522,Age,68.11498973305955,29
2522,DOB,1957-11-04,1994
2522,JobFunctionGroup,Other,Field Operations
2523,Age,82.94866529774127,29
2523,DOB,1943-01-04,1994
2523,JobFunctionGroup,Project / Site Management,Field Operations
2524,Age,82.19849418206708,29
2524,DOB,1943-10-05,1994
2524,JobFunctionGroup,Project / Site Management,Field Operations
2524,TenureDays,2396,1680
2525,Age,,29
2525,DOB,,1994
2525,TenureDays,2356,1640
2526,Age,,29
2526,DOB,,1994
2526,TenureDays,2233,1517
2527,Age,70.35181382614647,29
2527,DOB,1955-08-10,1994
2527,IsActive,False,True
2527,JobFunctionGroup,Project / Site Management,Field Operations
2528,Age,,29
2528,DOB,,1994
2528,IsActive,False,True
2529,Age,,29
2529,DOB,,1994
2529,JobFunctionGroup,Project / Site Management,Field Operations
2529,TenureDays,2227,1511
2530,Age,,29
2530,DOB,,1994
2530,JobFunctionGroup,Project / Site Management,Field Operations
2530,TenureDays,1772,1056
2531,Age,80.68720054757016,29
2531,DOB,1945-04-09,1994
2531,JobFunctionGroup,Admin & Support,Field Operations
2531,TenureDays,2024,1308
2532,Age,,29
2532,DOB,,1994
2533,Age,,29
2533,DOB,,1994
2533,IsActive,False,True
2534,Age,,29
2534,DOB,,1994
2534,IsActive,False,True
2534,JobFunctionGroup,Labor & Site Work,Field Operations
2535,Age,43.20328542094456,29
2535,DOB,1982-10-03,1994
2535,TenureDays,2196,1480
2536,Age,50.28336755646817,29
2536,DOB,1975-09-04,1994
2536,JobFunctionGroup,Other,Field Operations
2536,TenureDays,1478,762
2537,Age,67.5400410677618,29
2537,DOB,1958-06-02,1994
2537,TenureDays,1676,960
2538,Age,68.94729637234771,29
2538,DOB,1957-01-04,1994
2538,IsActive,False,True
2539,Age,,29
2539,DOB,,1994
2539,IsActive,False,True
2539,JobFunctionGroup,Labor & Site Work,Field Operations
2540,Age,42.02874743326489,29
2540,DOB,1983-12-06,1994
2540,IsActive,False,True
2540,JobFunctionGroup,Admin & Support,Field Operations
2541,Age,44.53114305270363,29
2541,DOB,1981-06-05,1994
2541,TenureDays,2550,1834
2542,Age,,29
2542,DOB,,1994
2542,JobFunctionGroup,Labor & Site Work,Field Operations
2543,Age,,29
2543,DOB,,1994
2543,IsActive,False,True
2543,JobFunctionGroup,Admin & Support,Field Operations
2544,Age,29.190965092402465,29
2544,DOB,1996-10-07,1994
2544,IsActive,False,True
2544,JobFunctionGroup,Other,Field Operations
2545,Age,77.70294318959617,29
2545,DOB,1948-04-03,1994
2545,JobFunctionGroup,Labor & Site Work,Field Operations
2545,TenureDays,1037,321
2546,Age,,29
2546,DOB,,1994
2546,JobFunctionGroup,Labor & Site Work,Field Operations
2546,TenureDays,2207,1491
2547,Age,80.85694729637235,29
2547,DOB,1945-02-06,1994
2547,JobFunctionGroup,Labor & Site Work,Field Operations
2547,TenureDays,1138,422
2548,Age,,29
2548,DOB,,1994
2548,IsActive,False,True
2548,JobFunctionGroup,Engineering,Field Operations
2549,Age,,29
2549,DOB,,1994
2549,JobFunctionGroup,Labor & Site Work,Field Operations
2550,Age,38.01779603011636,29
2550,DOB,1987-12-10,1994
2550,JobFunctionGroup,Project / Site Management,Field Operations
2550,TenureDays,1936,1220
2551,Age,44.26283367556468,29
2551,DOB,1981-09-11,1994
2551,JobFunctionGroup,Project / Site Management,Field Operations
2551,TenureDays,1218,502
2552,Age,,29
2552,DOB,,1994
2552,JobFunctionGroup,Labor & Site Work,Field Operations
2552,TenureDays,1389,673
2553,Age,68.26830937713895,29
2553,DOB,1957-09-09,1994
2553,TenureDays,2178,1462
2554,Age,,29
2554,DOB,,1994
2554,IsActive,False,True
2554,JobFunctionGroup,Project / Site Management,Field Operations
2555,Age,,29
2555,DOB,,1994
2555,TenureDays,2620,1904
2556,Age,,29
2556,DOB,,1994
2556,TenureDays,1760,1044
2557,Age,50.70499657768652,29
2557,DOB,1975-04-03,1994
2557,IsActive,False,True
2557,JobFunctionGroup,Engineering,Field Operations
2558,Age,,29
2558,DOB,,1994
2558,IsActive,False,True
2558,JobFunctionGroup,Project / Site Management,Field Operations
2559,Age,54.92950034223135,29
2559,DOB,1971-01-11,1994
2559,JobFunctionGroup,Project / Site Management,Field Operations
2559,TenureDays,972,256
2560,Age,,29
2560,DOB,,1994
2560,JobFunctionGroup,Other,Field Operations
2560,TenureDays,1909,1193
2561,Age,,29
2561,DOB,,1994
2561,IsActive,False,True
2562,Age,,29
2562,DOB,,1994
2562,JobFunctionGroup,Project / Site Management,Field Operations
2562,TenureDays,1552,836
2563,Age,,29
2563,DOB,,1994
2563,JobFunctionGroup,Labor & Site Work,Field Operations
2563,TenureDays,2431,1715
2564,Age,,29
2564,DOB,,1994
2564,TenureDays,2104,1388
2565,Age,,29
2565,DOB,,1994
2565,IsActive,False,True
2565,JobFunctionGroup,Labor & Site Work,Field Operations
2566,Age,79.93976728268309,29
2566,DOB,1946-01-07,1994
2566,IsActive,False,True
2567,Age,72.60232717316906,29
2567,DOB,1953-05-10,1994
2567,JobFunctionGroup,Engineering,Field Operations
2567,TenureDays,1397,681
2568,Age,,29
2568,DOB,,1994
2568,IsActive,False,True
2569,Age,,29
2569,DOB,,1994
2569,IsActive,False,True
2569,JobFunctionGroup,Other,Field Operations
2570,Age,,29
2570,DOB,,1994
2570,TenureDays,1401,685
2571,Age,57.53867214236824,29
2571,DOB,1968-06-02,1994
2571,JobFunctionGroup,Labor & Site Work,Field Operations
2571,TenureDays,891,175
2572,Age,,29
2572,DOB,,1994
2572,IsActive,False,True
2572,JobFunctionGroup,Project / Site Management,Field Operations
2573,Age,,29
2573,DOB,,1994
2573,TenureDays,1256,540
2574,Age,,29
2574,DOB,,1994
2574,IsActive,False,True
2574,JobFunctionGroup,Labor & Site Work,Field Operations
2575,Age,,29
2575,DOB,,1994
2575,JobFunctionGroup,Labor & Site Work,Field Operations
2575,TenureDays,1876,1160
2576,Age,,29
2576,DOB,,1994
2576,JobFunctionGroup,Labor & Site Work,Field Operations
2576,TenureDays,1537,821
2577,Age,,29
2577,DOB,,1994
2577,IsActive,False,True
2577,JobFunctionGroup,Labor & Site Work,Field Operations
2578,Age,,29
2578,DOB,,1994
2578,TenureDays,1813,1097
2579,Age,,29
2579,DOB,,1994
2579,JobFunctionGroup,Labor & Site Work,Field Operations
2579,TenureDays,1169,453
2580,Age,,29
2580,DOB,,1994
2580,IsActive,False,True
2581,Age,48.780287474332646,29
2581,DOB,1977-03-06,1994
2581,IsActive,False,True
2581,JobFunctionGroup,Project / Site Management,Field Operations
2582,Age,28.62696783025325,29
2582,DOB,1997-05-01,1994
2582,IsActive,False,True
2582,JobFunctionGroup,Engineering,Field Operations
2583,Age,,29
2583,DOB,,1994
2583,JobFunctionGroup,Labor & Site Work,Field Operations
2584,Age,71.84394250513347,29
2584,DOB,1954-02-11,1994
2584,JobFunctionGroup,Engineering,Field Operations
2585,Age,,29
2585,DOB,,1994
2585,JobFunctionGroup,Project / Site Management,Field Operations
2586,Age,,29
2586,DOB,,1994
2586,JobFunctionGroup,Other,Field Operations
2586,TenureDays,2404,1688
2587,Age,,29
2587,DOB,,1994
2587,IsActive,False,True
2587,JobFunctionGroup,Labor & Site Work,Field Operations
2588,Age,,29
2588,DOB,,1994
2588,JobFunctionGroup,Admin & Support,Field Operations
2588,TenureDays,1840,1124
2589,Age,25.45653661875428,29
2589,DOB,2000-07-02,1994
2589,JobFunctionGroup,Finance & Analysis,Field Operations
2589,TenureDays,1441,725
2590,Age,31.01163586584531,29
2590,DOB,1994-12-12,1994
2590,IsActive,False,True
2590,JobFunctionGroup,Labor & Site Work,Field Operations
2591,Age,,29
2591,DOB,,1994
2591,IsActive,False,True
2591,JobFunctionGroup,Project / Site Management,Field Operations
2592,Age,,29
2592,DOB,,1994
2592,IsActive,False,True
2592,JobFunctionGroup,Admin & Support,Field Operations
2593,Age,81.94113620807666,29
2593,DOB,1944-01-07,1994
2593,TenureDays,875,159
2594,Age,,29
2594,DOB,,1994
2594,JobFunctionGroup,Admin & Support,Field Operations
2594,TenureDays,1933,1217
2595,Age,,29
2595,DOB,,1994
2595,IsActive,False,True
2595,JobFunctionGroup,Labor & Site Work,Field Operations
2596,Age,,29
2596,DOB,,1994
2597,Age,,29
2597,DOB,,1994
2597,JobFunctionGroup,Project / Site Management,Field Operations
2597,TenureDays,1451,735
2598,Age,,29
2598,DOB,,1994
2598,TenureDays,1303,587
2599,Age,82.36550308008214,29
2599,DOB,1943-08-05,1994
2599,TenureDays,1211,495
2600,Age,82.60917180013689,29
2600,DOB,1943-05-08,1994
2600,IsActive,False,True
2600,JobFunctionGroup,Admin & Support,Field Operations
2601,Age,25.623545516769337,29
2601,DOB,2000-05-02,1994
2601,JobFunctionGroup,Engineering,Field Operations
2602,Age,,29
2602,DOB,,1994
2602,IsActive,False,True
2602,JobFunctionGroup,Admin & Support,Field Operations
2603,Age,72.3504449007529,29
2603,DOB,1953-08-10,1994
2603,IsActive,False,True
2603,JobFunctionGroup,Labor & Site Work,Field Operations
2604,Age,,29
2604,DOB,,1994
2604,IsActive,False,True
2604,JobFunctionGroup,Project / Site Management,Field Operations
2605,Age,84.09856262833675,29
2605,DOB,1941-11-10,1994
2605,JobFunctionGroup,Project / Site Management,Field Operations
2606,Age,,29
2606,DOB,,1994
2607,Age,58.620123203285424,29
2607,DOB,1967-05-04,1994
2607,JobFunctionGroup,Project / Site Management,Field Operations
2607,TenureDays,1522,806
2608,Age,,29
2608,DOB,,1994
2608,JobFunctionGroup,Executive & Leadership,Field Operations
2608,TenureDays,2377,1661
2609,Age,,29
2609,DOB,,1994
2609,JobFunctionGroup,Admin & Support,Field Operations
2609,TenureDays,1990,1274
2610,Age,36.19438740588638,29
2610,DOB,1989-10-06,1994
2610,JobFunctionGroup,Executive & Leadership,Field Operations
2610,TenureDays,2115,1399
2611,Age,,29
2611,DOB,,1994
2611,IsActive,False,True
2611,JobFunctionGroup,Labor & Site Work,Field Operations
2612,Age,,29
2612,DOB,,1994
2612,JobFunctionGroup,Project / Site Management,Field Operations
2612,TenureDays,2186,1470
2613,Age,41.87268993839836,29
2613,DOB,1984-02-01,1994
2613,JobFunctionGroup,Labor & Site Work,Field Operations
2613,TenureDays,1828,1112
2614,Age,,29
2614,DOB,,1994
2614,JobFunctionGroup,Labor & Site Work,Field Operations
2614,TenureDays,2005,1289
2615,Age,,29
2615,DOB,,1994
2615,IsActive,False,True
2615,JobFunctionGroup,Engineering,Field Operations
2616,Age,62.78165639972622,29
2616,DOB,1963-03-06,1994
2616,JobFunctionGroup,Project / Site Management,Field Operations
2616,TenureDays,1178,462
2617,Age,,29
2617,DOB,,1994
2617,IsActive,False,True
2617,JobFunctionGroup,Labor & Site Work,Field Operations
2618,Age,57.84804928131417,29
2618,DOB,1968-02-10,1994
2618,JobFunctionGroup,Engineering,Field Operations
2618,TenureDays,2302,1586
2619,Age,42.53251197809719,29
2619,DOB,1983-06-05,1994
2619,JobFunctionGroup,Project / Site Management,Field Operations
2620,Age,60.20260095824778,29
2620,DOB,1965-10-03,1994
2620,JobFunctionGroup,Admin & Support,Field Operations
2620,TenureDays,2652,1936
2621,Age,,29
2621,DOB,,1994
2621,JobFunctionGroup,Other,Field Operations
2621,TenureDays,885,169
2622,Age,77.59616700889802,29
2622,DOB,1948-05-12,1994
2622,IsActive,False,True
2622,JobFunctionGroup,Labor & Site Work,Field Operations
2623,Age,,29
2623,DOB,,1994
2623,JobFunctionGroup,Other,Field Operations
2623,TenureDays,2136,1420
2624,Age,,29
2624,DOB,,1994
2625,Age,77.51950718685832,29
2625,DOB,1948-06-09,1994
2625,IsActive,False,True
2625,JobFunctionGroup,Project / Site Management,Field Operations
2626,Age,67.94798083504449,29
2626,DOB,1958-01-04,1994
2626,IsActive,False,True
2627,Age,,29
2627,DOB,,1994
2627,JobFunctionGroup,Labor & Site Work,Field Operations
2627,TenureDays,1880,1164
2628,Age,38.11635865845312,29
2628,DOB,1987-11-04,1994
2629,Age,,29
2629,DOB,,1994
2629,JobFunctionGroup,Project / Site Management,Field Operations
2629,TenureDays,1274,558
2630,Age,37.87268993839836,29
2630,DOB,1988-02-01,1994
2630,JobFunctionGroup,Labor & Site Work,Field Operations
2631,Age,,29
2631,DOB,,1994
2631,JobFunctionGroup,Project / Site Management,Field Operations
2632,Age,53.36344969199179,29
2632,DOB,1972-08-05,1994
2632,JobFunctionGroup,Project / Site Management,Field Operations
2632,TenureDays,1724,1008
2633,Age,74.9514031485284,29
2633,DOB,1951-01-03,1994
2633,JobFunctionGroup,Project / Site Management,Field Operations
2633,TenureDays,1935,1219
2634,Age,,29
2634,DOB,,1994
2634,IsActive,False,True
2634,JobFunctionGroup,Project / Site Management,Field Operations
2635,Age,,29
2635,DOB,,1994
2635,JobFunctionGroup,Project / Site Management,Field Operations
2635,TenureDays,1114,398
2636,Age,,29
2636,DOB,,1994
2636,IsActive,False,True
2636,JobFunctionGroup,Project / Site Management,Field Operations
2637,Age,,29
2637,DOB,,1994
2637,JobFunctionGroup,Labor & Site Work,Field Operations
2637,TenureDays,892,176
2638,Age,49.19096509240247,29
2638,DOB,1976-10-07,1994
2638,IsActive,False,True
2639,Age,58.68035592060232,29
2639,DOB,1967-04-12,1994
2639,IsActive,False,True
2640,Age,,29
2640,DOB,,1994
2640,TenureDays,2233,1517
2641,Age,78.62559890485969,29
2641,DOB,1947-05-02,1994
2641,JobFunctionGroup,Admin & Support,Field Operations
2642,Age,,29
2642,DOB,,1994
2642,IsActive,False,True
2642,JobFunctionGroup,Admin & Support,Field Operations
2643,Age,53.61533196440794,29
2643,DOB,1972-05-05,1994
2643,IsActive,False,True
2643,JobFunctionGroup,Labor & Site Work,Field Operations
2644,Age,,29
2644,DOB,,1994
2644,IsActive,False,True
2645,Age,,29
2645,DOB,,1994
2645,IsActive,False,True
2645,JobFunctionGroup,Project / Site Management,Field Operations
2646,Age,,29
2646,DOB,,1994
2646,JobFunctionGroup,Labor & Site Work,Field Operations
2647,Age,62.20123203285421,29
2647,DOB,1963-10-04,1994
2647,JobFunctionGroup,Other,Field Operations
2648,Age,56.93360711841205,29
2648,DOB,1969-01-09,1994
2648,JobFunctionGroup,Engineering,Field Operations
2648,TenureDays,1010,294
2649,Age,,29
2649,DOB,,1994
2649,JobFunctionGroup,Project / Site Management,Field Operations
2649,TenureDays,965,249
2650,Age,,29
2650,DOB,,1994
2650,IsActive,False,True
2650,JobFunctionGroup,Admin & Support,Field Operations
2651,Age,,29
2651,DOB,,1994
2651,IsActive,False,True
2651,JobFunctionGroup,Project / Site Management,Field Operations
2652,Age,52.43805612594114,29
2652,DOB,1973-07-09,1994
2652,JobFunctionGroup,Engineering,Field Operations
2653,Age,,29
2653,DOB,,1994
2654,Age,,29
2654,DOB,,1994
2654,JobFunctionGroup,Finance & Analysis,Field Operations
2654,TenureDays,1883,1167
2655,Age,37.19917864476386,29
2655,DOB,1988-10-04,1994
2655,JobFunctionGroup,Project / Site Management,Field Operations
2655,TenureDays,1124,408
2656,Age,,29
2656,DOB,,1994
2656,JobFunctionGroup,Labor & Site Work,Field Operations
2656,TenureDays,1067,351
2657,Age,,29
2657,DOB,,1994
2657,IsActive,False,True
2657,JobFunctionGroup,Admin & Support,Field Operations
2658,Age,62.78713210130048,29
2658,DOB,1963-03-04,1994
2658,TenureDays,1935,1219
2659,Age,,29
2659,DOB,,1994
2659,IsActive,False,True
2659,JobFunctionGroup,Project / Site Management,Field Operations
2660,Age,77.85352498288843,29
2660,DOB,1948-02-08,1994
2660,JobFunctionGroup,Project / Site Management,Field Operations
2660,TenureDays,897,181
2661,Age,,29
2661,DOB,,1994
2661,TenureDays,1177,461
2662,Age,,29
2662,DOB,,1994
2662,IsActive,False,True
2662,JobFunctionGroup,Labor & Site Work,Field Operations
2663,Age,,29
2663,DOB,,1994
2663,JobFunctionGroup,Project / Site Management,Field Operations
2663,TenureDays,1014,298
2664,Age,67.78097193702943,29
2664,DOB,1958-03-06,1994
2665,Age,46.01779603011636,29
2665,DOB,1979-12-10,1994
2665,IsActive,False,True
2666,Age,,29
2666,DOB,,1994
2666,IsActive,False,True
2666,JobFunctionGroup,Labor & Site Work,Field Operations
2667,Age,,29
2667,DOB,,1994
2667,IsActive,False,True
2667,JobFunctionGroup,Engineering,Field Operations
2668,Age,82.76796714579055,29
2668,DOB,1943-03-11,1994
2668,JobFunctionGroup,Admin & Support,Field Operations
2668,TenureDays,1215,499
2669,Age,51.27446954140999,29
2669,DOB,1974-09-07,1994
2670,Age,64.51471594798083,29
2670,DOB,1961-06-11,1994
2670,JobFunctionGroup,Admin & Support,Field Operations
2671,Age,81.51950718685832,29
2671,DOB,1944-06-09,1994
2671,TenureDays,1581,865
2672,Age,60.28747433264887,29
2672,DOB,1965-09-02,1994
2672,JobFunctionGroup,Engineering,Field Operations
2672,TenureDays,1095,379
2673,Age,75.52361396303901,29
2673,DOB,1950-06-08,1994
2673,IsActive,False,True
2673,JobFunctionGroup,Labor & Site Work,Field Operations
2674,Age,64.77207392197126,29
2674,DOB,1961-03-09,1994
2674,TenureDays,1058,342
2675,Age,33.18275154004107,29
2675,DOB,1992-10-10,1994
2675,JobFunctionGroup,Labor & Site Work,Field Operations
2676,Age,,29
2676,DOB,,1994
2676,JobFunctionGroup,Project / Site Management,Field Operations
2677,Age,,29
2677,DOB,,1994
2677,TenureDays,1297,581
2678,Age,82.59822039698837,29
2678,DOB,1943-05-12,1994
2678,IsActive,False,True
2678,JobFunctionGroup,Engineering,Field Operations
2679,Age,,29
2679,DOB,,1994
2679,JobFunctionGroup,Project / Site Management,Field Operations
2679,TenureDays,2096,1380
2680,Age,,29
2680,DOB,,1994
2680,IsActive,False,True
2681,Age,80.44900752908967,29
2681,DOB,1945-07-05,1994
2681,IsActive,False,True
2681,JobFunctionGroup,Labor & Site Work,Field Operations
2682,Age,,29
2682,DOB,,1994
2682,JobFunctionGroup,Engineering,Field Operations
2682,TenureDays,2614,1898
2683,Age,69.84531143052703,29
2683,DOB,1956-02-11,1994
2683,JobFunctionGroup,Other,Field Operations
2683,TenureDays,1371,655
2684,Age,67.61122518822724,29
2684,DOB,1958-05-07,1994
2684,TenureDays,2560,1844
2685,Age,,29
2685,DOB,,1994
2685,JobFunctionGroup,Maintenance & Logistics,Field Operations
2686,Age,44.45722108145106,29
2686,DOB,1981-07-02,1994
2686,IsActive,False,True
2686,JobFunctionGroup,Project / Site Management,Field Operations
2687,Age,68.44626967830253,29
2687,DOB,1957-07-06,1994
2687,TenureDays,2634,1918
2688,Age,61.95756331279945,29
2688,DOB,1964-01-01,1994
2688,IsActive,False,True
2688,JobFunctionGroup,Project / Site Management,Field Operations
2689,Age,,29
2689,DOB,,1994
2689,TenureDays,1748,1032
2690,Age,,29
2690,DOB,,1994
2690,TenureDays,2242,1526
2691,Age,,29
2691,DOB,,1994
2692,Age,32.53114305270363,29
2692,DOB,1993-06-05,1994
2692,JobFunctionGroup,Labor & Site Work,Field Operations
2692,TenureDays,1801,1085
2693,Age,79.86584531143053,29
2693,DOB,1946-02-03,1994
2693,IsActive,False,True
2694,Age,,29
2694,DOB,,1994
2694,IsActive,False,True
2694,JobFunctionGroup,Project / Site Management,Field Operations
2695,Age,,29
2695,DOB,,1994
2695,JobFunctionGroup,Project / Site Management,Field Operations
2696,Age,74.62286105407256,29
2696,DOB,1951-05-03,1994
2696,JobFunctionGroup,Project / Site Management,Field Operations
2696,TenureDays,1618,902
2697,Age,,29
2697,DOB,,1994
2698,Age,33.270362765229294,29
2698,DOB,1992-09-08,1994
2698,JobFunctionGroup,Labor & Site Work,Field Operations
2699,Age,47.45790554414784,29
2699,DOB,1978-07-02,1994
2699,JobFunctionGroup,Project / Site Management,Field Operations
2699,TenureDays,1329,613
2700,Age,,29
2700,DOB,,1994
2700,IsActive,False,True
2700,JobFunctionGroup,Project / Site Management,Field Operations
2701,Age,,29
2701,DOB,,1994
2701,TenureDays,2529,1813
2702,Age,40.43258042436687,29
2702,DOB,1985-07-11,1994
2702,JobFunctionGroup,Labor & Site Work,Field Operations
2702,TenureDays,2370,1654
2703,Age,44.60506502395619,29
2703,DOB,1981-05-09,1994
2703,IsActive,False,True
2703,JobFunctionGroup,Project / Site Management,Field Operations
2704,Age,,29
2704,DOB,,1994
2704,IsActive,False,True
2704,JobFunctionGroup,Labor & Site Work,Field Operations
2705,Age,,29
2705,DOB,,1994
2705,IsActive,False,True
2705,JobFunctionGroup,Labor & Site Work,Field Operations
2706,Age,,29
2706,DOB,,1994
2706,JobFunctionGroup,Project / Site Management,Field Operations
2707,Age,,29
2707,DOB,,1994
2707,IsActive,False,True
2707,JobFunctionGroup,Engineering,Field Operations
2708,Age,,29
2708,DOB,,1994
2708,IsActive,False,True
2708,JobFunctionGroup,Admin & Support,Field Operations
2709,Age,,29
2709,DOB,,1994
2709,JobFunctionGroup,Project / Site Management,Field Operations
2709,TenureDays,1126,410
2710,Age,30.537987679671456,29
2710,DOB,1995-06-03,1994
2710,JobFunctionGroup,Labor & Site Work,Field Operations
2711,Age,38.69404517453799,29
2711,DOB,1987-04-07,1994
2711,JobFunctionGroup,Labor & Site Work,Field Operations
2712,Age,54.34907597535934,29
2712,DOB,1971-08-11,1994
2712,TenureDays,1488,772
2713,Age,35.70704996577687,29
2713,DOB,1990-04-02,1994
2713,JobFunctionGroup,Labor & Site Work,Field Operations
2713,TenureDays,1386,670
2714,Age,55.43600273785079,29
2714,DOB,1970-07-10,1994
2714,JobFunctionGroup,Project / Site Management,Field Operations
2714,TenureDays,1735,1019
2715,Age,,29
2715,DOB,,1994
2715,JobFunctionGroup,Labor & Site Work,Field Operations
2715,TenureDays,1770,1054
2716,Age,,29
2716,DOB,,1994
2716,TenureDays,2636,1920
2717,Age,,29
2717,DOB,,1994
2717,JobFunctionGroup,Engineering,Field Operations
2717,TenureDays,1771,1055
2718,Age,,29
2718,DOB,,1994
2719,Age,,29
2719,DOB,,1994
2719,JobFunctionGroup,Project / Site Management,Field Operations
2719,TenureDays,2557,1841
2720,Age,,29
2720,DOB,,1994
2720,IsActive,False,True
2720,JobFunctionGroup,Engineering,Field Operations
2721,Age,75.79466119096509,29
2721,DOB,1950-03-01,1994
2721,IsActive,False,True
2721,JobFunctionGroup,Project / Site Management,Field Operations
2722,Age,,29
2722,DOB,,1994
2722,IsActive,False,True
2722,JobFunctionGroup,Labor & Site Work,Field Operations
2723,Age,70.37371663244353,29
2723,DOB,1955-08-02,1994
2723,JobFunctionGroup,Project / Site Management,Field Operations
2723,TenureDays,1403,687
2724,Age,,29
2724,DOB,,1994
2724,JobFunctionGroup,Engineering,Field Operations
2724,TenureDays,1389,673
2725,Age,,29
2725,DOB,,1994
2725,IsActive,False,True
2725,JobFunctionGroup,Labor & Site Work,Field Operations
2726,Age,,29
2726,DOB,,1994
2726,IsActive,False,True
2727,Age,,29
2727,DOB,,1994
2727,JobFunctionGroup,Engineering,Field Operations
2727,TenureDays,2489,1773
2728,Age,,29
2728,DOB,,1994
2729,Age,,29
2729,DOB,,1994
2730,Age,,29
2730,DOB,,1994
2730,IsActive,False,True
2730,JobFunctionGroup,Engineering,Field Operations
2731,Age,,29
2731,DOB,,1994
2731,IsActive,False,True
2731,JobFunctionGroup,Executive & Leadership,Field Operations
2732,Age,,29
2732,DOB,,1994
2732,IsActive,False,True
2732,JobFunctionGroup,Labor & Site Work,Field Operations
2733,Age,,29
2733,DOB,,1994
2733,JobFunctionGroup,Other,Field Operations
2733,TenureDays,2477,1761
2734,Age,,29
2734,DOB,,1994
2734,JobFunctionGroup,Labor & Site Work,Field Operations
2735,Age,,29
2735,DOB,,1994
2735,IsActive,False,True
2735,JobFunctionGroup,Project / Site Management,Field Operations
2736,Age,,29
2736,DOB,,1994
2736,JobFunctionGroup,Labor & Site Work,Field Operations
2736,TenureDays,2273,1557
2737,Age,,29
2737,DOB,,1994
2737,JobFunctionGroup,Project / Site Management,Field Operations
2738,Age,,29
2738,DOB,,1994
2738,IsActive,False,True
2738,JobFunctionGroup,Labor & Site Work,Field Operations
2739,Age,32.120465434633815,29
2739,DOB,1993-11-02,1994
2739,IsActive,False,True
2739,JobFunctionGroup,Labor & Site Work,Field Operations
2740,Age,,29
2740,DOB,,1994
2740,TenureDays,2372,1656
2741,Age,,29
2741,DOB,,1994
2741,JobFunctionGroup,Admin & Support,Field Operations
2742,Age,74.70499657768652,29
2742,DOB,1951-04-03,1994
2742,IsActive,False,True
2743,Age,,29
2743,DOB,,1994
2743,IsActive,False,True
2744,Age,,29
2744,DOB,,1994
2744,IsActive,False,True
2744,JobFunctionGroup,Engineering,Field Operations
2745,Age,42.4394250513347,29
2745,DOB,1983-07-09,1994
2745,JobFunctionGroup,Maintenance & Logistics,Field Operations
2745,TenureDays,2430,1714
2746,Age,,29
2746,DOB,,1994
2746,IsActive,False,True
2746,JobFunctionGroup,Engineering,Field Operations
2747,Age,,29
2747,DOB,,1994
2747,IsActive,False,True
2747,JobFunctionGroup,Project / Site Management,Field Operations
2748,Age,78.43394934976044,29
2748,DOB,1947-07-11,1994
2748,IsActive,False,True
2748,JobFunctionGroup,Engineering,Field Operations
2749,Age,,29
2749,DOB,,1994
2749,IsActive,False,True
2749,JobFunctionGroup,Project / Site Management,Field Operations
2750,Age,,29
2750,DOB,,1994
2750,JobFunctionGroup,Project / Site Management,Field Operations
2751,Age,,29
2751,DOB,,1994
2751,JobFunctionGroup,Admin & Support,Field Operations
2752,Age,,29
2752,DOB,,1994
2752,IsActive,False,True
2753,Age,,29
2753,DOB,,1994
2754,Age,,29
2754,DOB,,1994
2754,IsActive,False,True
2754,JobFunctionGroup,Project / Site Management,Field Operations
2755,Age,,29
2755,DOB,,1994
2755,TenureDays,1055,339
2756,Age,,29
2756,DOB,,1994
2757,Age,,29
2757,DOB,,1994
2757,TenureDays,1313,597
2758,Age,26.09993155373032,29
2758,DOB,1999-11-10,1994
2758,JobFunctionGroup,Admin & Support,Field Operations
2759,Age,58.62286105407255,29
2759,DOB,1967-05-03,1994
2759,IsActive,False,True
2759,JobFunctionGroup,Project / Site Management,Field Operations
2760,Age,63.69062286105408,29
2760,DOB,1962-04-08,1994
2760,IsActive,False,True
2760,JobFunctionGroup,Project / Site Management,Field Operations
2761,Age,47.115674195756334,29
2761,DOB,1978-11-04,1994
2761,JobFunctionGroup,Labor & Site Work,Field Operations
2761,TenureDays,1136,420
2762,Age,,29
2762,DOB,,1994
2762,JobFunctionGroup,Project / Site Management,Field Operations
2762,TenureDays,865,149
2763,Age,27.8466803559206,29
2763,DOB,1998-02-10,1994
2763,JobFunctionGroup,Admin & Support,Field Operations
2763,TenureDays,1857,1141
2764,Age,,29
2764,DOB,,1994
2764,IsActive,False,True
2765,Age,28.92539356605065,29
2765,DOB,1997-01-12,1994
2765,IsActive,False,True
2765,JobFunctionGroup,Labor & Site Work,Field Operations
2766,Age,,29
2766,DOB,,1994
2766,JobFunctionGroup,Labor & Site Work,Field Operations
2766,TenureDays,1571,855
2767,Age,30.349075975359344,29
2767,DOB,1995-08-11,1994
2767,JobFunctionGroup,Labor & Site Work,Field Operations
2767,TenureDays,1727,1011
2768,Age,,29
2768,DOB,,1994
2768,IsActive,False,True
2769,Age,51.09377138945928,29
2769,DOB,1974-11-12,1994
2769,IsActive,False,True
2769,JobFunctionGroup,Project / Site Management,Field Operations
2770,Age,,29
2770,DOB,,1994
2770,TenureDays,2364,1648
2771,Age,,29
2771,DOB,,1994
2771,JobFunctionGroup,Labor & Site Work,Field Operations
2771,TenureDays,1077,361
2772,Age,,29
2772,DOB,,1994
2772,JobFunctionGroup,Engineering,Field Operations
2772,TenureDays,2581,1865
2773,Age,,29
2773,DOB,,1994
2773,JobFunctionGroup,Engineering,Field Operations
2773,TenureDays,1803,1087
2774,Age,,29
2774,DOB,,1994
2774,TenureDays,1124,408
2775,Age,,29
2775,DOB,,1994
2775,JobFunctionGroup,Engineering,Field Operations
2776,Age,64.26557152635182,29
2776,DOB,1961-09-10,1994
2776,JobFunctionGroup,Admin & Support,Field Operations
2777,Age,66.09445585215606,29
2777,DOB,1959-11-12,1994
2777,JobFunctionGroup,Admin & Support,Field Operations
2777,TenureDays,926,210
2778,Age,37.869952087611225,29
2778,DOB,1988-02-02,1994
2779,Age,,29
2779,DOB,,1994
2779,JobFunctionGroup,Labor & Site Work,Field Operations
2779,TenureDays,2293,1577
2780,Age,,29
2780,DOB,,1994
2780,JobFunctionGroup,Project / Site Management,Field Operations
2780,TenureDays,1360,644
2781,Age,52.28199863107461,29
2781,DOB,1973-09-04,1994
2782,Age,,29
2782,DOB,,1994
2782,TenureDays,1697,981
2783,Age,,29
2783,DOB,,1994
2783,TenureDays,2044,1328
2784,Age,,29
2784,DOB,,1994
2784,JobFunctionGroup,Admin & Support,Field Operations
2784,TenureDays,938,222
2785,Age,,29
2785,DOB,,1994
2785,JobFunctionGroup,Project / Site Management,Field Operations
2786,Age,,29
2786,DOB,,1994
2786,IsActive,False,True
2786,JobFunctionGroup,Labor & Site Work,Field Operations
2787,Age,,29
2787,DOB,,1994
2787,JobFunctionGroup,Labor & Site Work,Field Operations
2787,TenureDays,2345,1629
2788,Age,52.53661875427789,29
2788,DOB,1973-06-03,1994
2788,JobFunctionGroup,Admin & Support,Field Operations
2788,TenureDays,2152,1436
2789,Age,,29
2789,DOB,,1994
2789,JobFunctionGroup,Engineering,Field Operations
2789,TenureDays,1583,867
2790,Age,,29
2790,DOB,,1994
2791,Age,,29
2791,DOB,,1994
2791,JobFunctionGroup,Labor & Site Work,Field Operations
2791,TenureDays,2660,1944
2792,Age,,29
2792,DOB,,1994
2792,JobFunctionGroup,Admin & Support,Field Operations
2792,TenureDays,2279,1563
2793,Age,45.18001368925393,29
2793,DOB,1980-10-11,1994
2793,TenureDays,876,160
2794,Age,,29
2794,DOB,,1994
2794,JobFunctionGroup,Project / Site Management,Field Operations
2794,TenureDays,895,179
2795,Age,,29
2795,DOB,,1994
2795,JobFunctionGroup,Project / Site Management,Field Operations
2795,TenureDays,1800,1084
2796,Age,73.1772758384668,29
2796,DOB,1952-10-12,1994
2796,JobFunctionGroup,Other,Field Operations
2796,TenureDays,1136,420
2797,Age,55.85763175906913,29
2797,DOB,1970-02-06,1994
2797,JobFunctionGroup,Project / Site Management,Field Operations
2797,TenureDays,988,272
2798,Age,,29
2798,DOB,,1994
2798,IsActive,False,True
2798,JobFunctionGroup,Project / Site Management,Field Operations
2799,Age,,29
2799,DOB,,1994
2799,TenureDays,2522,1806
2800,Age,56.440793976728266,29
2800,DOB,1969-07-08,1994
2800,JobFunctionGroup,Labor & Site Work,Field Operations
2801,Age,79.53730321697468,29
2801,DOB,1946-06-03,1994
2802,Age,,29
2802,DOB,,1994
2802,JobFunctionGroup,Project / Site Management,Field Operations
2802,TenureDays,1094,378
2803,Age,,29
2803,DOB,,1994
2803,JobFunctionGroup,Labor & Site Work,Field Operations
2804,Age,,29
2804,DOB,,1994
2804,JobFunctionGroup,Maintenance & Logistics,Field Operations
2804,TenureDays,1667,951
2805,Age,,29
2805,DOB,,1994
2805,JobFunctionGroup,Labor & Site Work,Field Operations
2806,Age,56.851471594798085,29
2806,DOB,1969-02-08,1994
2806,JobFunctionGroup,Engineering,Field Operations
2807,Age,,29
2807,DOB,,1994
2807,JobFunctionGroup,Admin & Support,Field Operations
2807,TenureDays,1576,860
2808,Age,62.37645448323067,29
2808,DOB,1963-08-01,1994
2808,IsActive,False,True
2808,JobFunctionGroup,Engineering,Field Operations
2809,Age,46.535249828884325,29
2809,DOB,1979-06-04,1994
2809,IsActive,False,True
2809,JobFunctionGroup,Other,Field Operations
2810,Age,38.02327173169062,29
2810,DOB,1987-12-08,1994
2810,JobFunctionGroup,Engineering,Field Operations
2810,TenureDays,1121,405
2811,Age,25.281314168377826,29
2811,DOB,2000-09-04,1994
2811,JobFunctionGroup,Executive & Leadership,Field Operations
2812,Age,,29
2812,DOB,,1994
2812,TenureDays,2389,1673
2813,Age,45.782340862423,29
2813,DOB,1980-03-05,1994
2813,JobFunctionGroup,Maintenance & Logistics,Field Operations
2814,Age,78.01505817932923,29
2814,DOB,1947-12-11,1994
2814,JobFunctionGroup,Admin & Support,Field Operations
2814,TenureDays,1311,595
2815,Age,,29
2815,DOB,,1994
2816,Age,70.85284052019165,29
2816,DOB,1955-02-08,1994
2816,TenureDays,1829,1113
2817,Age,,29
2817,DOB,,1994
2817,JobFunctionGroup,Maintenance & Logistics,Field Operations
2817,TenureDays,1602,886
2818,Age,77.68377823408625,29
2818,DOB,1948-04-10,1994
2818,JobFunctionGroup,Labor & Site Work,Field Operations
2819,Age,,29
2819,DOB,,1994
2819,JobFunctionGroup,Health & Safety,Field Operations
2820,Age,,29
2820,DOB,,1994
2820,IsActive,False,True
2821,Age,,29
2821,DOB,,1994
2821,IsActive,False,True
2821,JobFunctionGroup,Admin & Support,Field Operations
2822,Age,,29
2822,DOB,,1994
2822,JobFunctionGroup,Labor & Site Work,Field Operations
2822,TenureDays,2567,1851
2823,Age,28.51471594798084,29
2823,DOB,1997-06-11,1994
2823,JobFunctionGroup,Project / Site Management,Field Operations
2823,TenureDays,1727,1011
2824,Age,69.67830253251198,29
2824,DOB,1956-04-12,1994
2824,JobFunctionGroup,Labor & Site Work,Field Operations
2825,Age,32.120465434633815,29
2825,DOB,1993-11-02,1994
2825,JobFunctionGroup,Maintenance & Logistics,Field Operations
2825,TenureDays,1008,292
2826,Age,,29
2826,DOB,,1994
2827,Age,,29
2827,DOB,,1994
2827,JobFunctionGroup,Admin & Support,Field Operations
2828,Age,64.6132785763176,29
2828,DOB,1961-05-06,1994
2828,JobFunctionGroup,Admin & Support,Field Operations
2828,TenureDays,1000,284
2829,Age,,29
2829,DOB,,1994
2829,JobFunctionGroup,Labor & Site Work,Field Operations
2829,TenureDays,2518,1802
2830,Age,39.68514715947981,29
2830,DOB,1986-04-10,1994
2830,JobFunctionGroup,Labor & Site Work,Field Operations
2830,TenureDays,1853,1137
2831,Age,,29
2831,DOB,,1994
2831,JobFunctionGroup,Project / Site Management,Field Operations
2831,TenureDays,1035,319
2832,Age,,29
2832,DOB,,1994
2833,Age,,29
2833,DOB,,1994
2833,JobFunctionGroup,Other,Field Operations
2833,TenureDays,1532,816
2834,Age,77.79329226557152,29
2834,DOB,1948-03-01,1994
2834,JobFunctionGroup,Admin & Support,Field Operations
2835,Age,,29
2835,DOB,,1994
2835,JobFunctionGroup,Labor & Site Work,Field Operations
2835,TenureDays,1365,649
2836,Age,,29
2836,DOB,,1994
2836,JobFunctionGroup,Engineering,Field Operations
2837,Age,75.52087611225188,29
2837,DOB,1950-06-09,1994
2837,JobFunctionGroup,Engineering,Field Operations
2838,Age,,29
2838,DOB,,1994
2838,JobFunctionGroup,Labor & Site Work,Field Operations
2838,TenureDays,2603,1887
2839,Age,,29
2839,DOB,,1994
2839,JobFunctionGroup,Labor & Site Work,Field Operations
2839,TenureDays,1971,1255
2840,Age,62.10814510609172,29
2840,DOB,1963-11-07,1994
2840,IsActive,False,True
2840,JobFunctionGroup,Labor & Site Work,Field Operations
2841,Age,,29
2841,DOB,,1994
2841,JobFunctionGroup,Other,Field Operations
2841,TenureDays,908,192
2842,Age,25.689253935660503,29
2842,DOB,2000-04-08,1994
2842,JobFunctionGroup,Labor & Site Work,Field Operations
2842,TenureDays,1640,924
2843,Age,67.68788501026694,29
2843,DOB,1958-04-09,1994
2843,TenureDays,2238,1522
2844,Age,,29
2844,DOB,,1994
2844,JobFunctionGroup,Engineering,Field Operations
2845,Age,,29
2845,DOB,,1994
2845,JobFunctionGroup,Labor & Site Work,Field Operations
2845,TenureDays,1040,324
2846,Age,27.02258726899384,29
2846,DOB,1998-12-08,1994
2846,JobFunctionGroup,Project / Site Management,Field Operations
2846,TenureDays,1187,471
2847,Age,,29
2847,DOB,,1994
2847,JobFunctionGroup,Project / Site Management,Field Operations
2848,Age,,29
2848,DOB,,1994
2848,JobFunctionGroup,Project / Site Management,Field Operations
2848,TenureDays,1126,410
2849,Age,,29
2849,DOB,,1994
2849,JobFunctionGroup,Project / Site Management,Field Operations
2849,TenureDays,1786,1070
2850,Age,,29
2850,DOB,,1994
2850,IsActive,False,True
2850,JobFunctionGroup,Project / Site Management,Field Operations
2851,Age,,29
2851,DOB,,1994
2851,IsActive,False,True
2851,JobFunctionGroup,Labor & Site Work,Field Operations
2852,Age,,29
2852,DOB,,1994
2852,IsActive,False,True
2852,JobFunctionGroup,Project / Site Management,Field Operations
2853,Age,42.4394250513347,29
2853,DOB,1983-07-09,1994
2853,JobFunctionGroup,Project / Site Management,Field Operations
2854,Age,,29
2854,DOB,,1994
2854,JobFunctionGroup,Labor & Site Work,Field Operations
2854,TenureDays,2314,1598
2855,Age,,29
2855,DOB,,1994
2855,TenureDays,2021,1305
2856,Age,,29
2856,DOB,,1994
2856,TenureDays,1974,1258
2857,Age,,29
2857,DOB,,1994
2858,Age,,29
2858,DOB,,1994
2858,JobFunctionGroup,Labor & Site Work,Field Operations
2859,Age,,29
2859,DOB,,1994
2859,JobFunctionGroup,Project / Site Management,Field Operations
2859,TenureDays,2232,1516
2860,Age,46.51882272416153,29
2860,DOB,1979-06-10,1994
2860,JobFunctionGroup,Labor & Site Work,Field Operations
2860,TenureDays,1810,1094
2861,Age,,29
2861,DOB,,1994
2861,JobFunctionGroup,Project / Site Management,Field Operations
2861,TenureDays,2275,1559
2862,Age,45.1088295687885,29
2862,DOB,1980-11-06,1994
2862,JobFunctionGroup,Labor & Site Work,Field Operations
2862,TenureDays,2039,1323
2863,Age,30.026009582477755,29
2863,DOB,1995-12-07,1994
2863,JobFunctionGroup,Maintenance & Logistics,Field Operations
2863,TenureDays,2688,1972
2864,Age,68.35318275154005,29
2864,DOB,1957-08-09,1994
2864,JobFunctionGroup,Labor & Site Work,Field Operations
2864,TenureDays,868,152
2865,Age,,29
2865,DOB,,1994
2865,JobFunctionGroup,Engineering,Field Operations
2866,Age,58.29158110882957,29
2866,DOB,1967-09-01,1994
2867,Age,60.5284052019165,29
2867,DOB,1965-06-06,1994
2868,Age,,29
2868,DOB,,1994
2868,JobFunctionGroup,Labor & Site Work,Field Operations
2868,TenureDays,2391,1675
2869,Age,78.19301848049281,29
2869,DOB,1947-10-07,1994
2869,JobFunctionGroup,Project / Site Management,Field Operations
2870,Age,70.17932922655716,29
2870,DOB,1955-10-12,1994
2870,JobFunctionGroup,Engineering,Field Operations
2871,Age,29.76865160848734,29
2871,DOB,1996-03-10,1994
2871,IsActive,False,True
2872,Age,50.51882272416153,29
2872,DOB,1975-06-10,1994
2872,JobFunctionGroup,Project / Site Management,Field Operations
2872,TenureDays,1132,416
2873,Age,,29
2873,DOB,,1994
2873,IsActive,False,True
2874,Age,,29
2874,DOB,,1994
2874,JobFunctionGroup,Project / Site Management,Field Operations
2875,Age,,29
2875,DOB,,1994
2876,Age,44.09582477754962,29
2876,DOB,1981-11-11,1994
2876,JobFunctionGroup,Labor & Site Work,Field Operations
2876,TenureDays,1032,316
2877,Age,41.02395619438741,29
2877,DOB,1984-12-07,1994
2877,JobFunctionGroup,Project / Site Management,Field Operations
2877,TenureDays,2450,1734
2878,Age,33.43737166324436,29
2878,DOB,1992-07-09,1994
2878,JobFunctionGroup,Project / Site Management,Field Operations
2879,Age,,29
2879,DOB,,1994
2879,JobFunctionGroup,Labor & Site Work,Field Operations
2880,Age,,29
2880,DOB,,1994
2880,JobFunctionGroup,Executive & Leadership,Field Operations
2880,TenureDays,2370,1654
2881,Age,,29
2881,DOB,,1994
2881,JobFunctionGroup,Admin & Support,Field Operations
2881,TenureDays,1285,569
2882,Age,,29
2882,DOB,,1994
2882,JobFunctionGroup,Admin & Support,Field Operations
2882,TenureDays,1885,1169
2883,Age,,29
2883,DOB,,1994
2883,IsActive,False,True
2883,JobFunctionGroup,Executive & Leadership,Field Operations
2884,Age,51.76454483230664,29
2884,DOB,1974-03-12,1994
2884,IsActive,False,True
2884,JobFunctionGroup,Project / Site Management,Field Operations
2885,Age,,29
2885,DOB,,1994
2885,JobFunctionGroup,Engineering,Field Operations
2885,TenureDays,2572,1856
2886,Age,,29
2886,DOB,,1994
2886,JobFunctionGroup,Admin & Support,Field Operations
2886,TenureDays,1682,966
2887,Age,,29
2887,DOB,,1994
2887,JobFunctionGroup,Project / Site Management,Field Operations
2887,TenureDays,2541,1825
2888,Age,,29
2888,DOB,,1994
2888,JobFunctionGroup,Other,Field Operations
2889,Age,50.09719370294319,29
2889,DOB,1975-11-11,1994
2890,Age,42.691307323750856,29
2890,DOB,1983-04-08,1994
2890,JobFunctionGroup,Other,Field Operations
2890,TenureDays,1370,654
2891,Age,29.021218343600275,29
2891,DOB,1996-12-08,1994
2891,JobFunctionGroup,Admin & Support,Field Operations
2892,Age,,29
2892,DOB,,1994
2892,JobFunctionGroup,Labor & Site Work,Field Operations
2892,TenureDays,2260,1544
2893,Age,56.446269678302535,29
2893,DOB,1969-07-06,1994
2893,JobFunctionGroup,Project / Site Management,Field Operations
2893,TenureDays,2038,1322
2894,Age,39.92881587953457,29
2894,DOB,1986-01-11,1994
2894,TenureDays,2494,1778
2895,Age,82.18754277891856,29
2895,DOB,1943-10-09,1994
2896,Age,63.53456536618754,29
2896,DOB,1962-06-04,1994
2896,JobFunctionGroup,Labor & Site Work,Field Operations
2897,Age,73.11430527036276,29
2897,DOB,1952-11-04,1994
2897,JobFunctionGroup,Other,Field Operations
2898,Age,,29
2898,DOB,,1994
2899,Age,84.28473648186174,29
2899,DOB,1941-09-03,1994
2899,JobFunctionGroup,Labor & Site Work,Field Operations
2899,TenureDays,1432,716
2900,Age,,29
2900,DOB,,1994
2900,TenureDays,2176,1460
2901,Age,64.85694729637235,29
2901,DOB,1961-02-06,1994
2901,JobFunctionGroup,Engineering,Field Operations
2902,Age,47.1895961670089,29
2902,DOB,1978-10-08,1994
2902,JobFunctionGroup,Project / Site Management,Field Operations
2902,TenureDays,1879,1163
2903,Age,,29
2903,DOB,,1994
2903,JobFunctionGroup,Engineering,Field Operations
2903,TenureDays,1955,1239
2904,Age,62.11088295687885,29
2904,DOB,1963-11-06,1994
2904,IsActive,False,True
2905,Age,64.78028747433265,29
2905,DOB,1961-03-06,1994
2905,JobFunctionGroup,Other,Field Operations
2905,TenureDays,1144,428
2906,Age,,29
2906,DOB,,1994
2906,JobFunctionGroup,Admin & Support,Field Operations
2906,TenureDays,945,229
2907,Age,,29
2907,DOB,,1994
2907,JobFunctionGroup,Engineering,Field Operations
2907,TenureDays,931,215
2908,Age,33.69199178644764,29
2908,DOB,1992-04-07,1994
2909,Age,,29
2909,DOB,,1994
2909,JobFunctionGroup,Project / Site Management,Field Operations
2910,Age,,29
2910,DOB,,1994
2910,JobFunctionGroup,Project / Site Management,Field Operations
2910,TenureDays,1208,492
2911,Age,75.78370978781656,29
2911,DOB,1950-03-05,1994
2911,JobFunctionGroup,Labor & Site Work,Field Operations
2911,TenureDays,2223,1507
2912,Age,74.01505817932923,29
2912,DOB,1951-12-11,1994
2912,JobFunctionGroup,Engineering,Field Operations
2912,TenureDays,1577,861
2913,Age,64.60232717316906,29
2913,DOB,1961-05-10,1994
2913,TenureDays,1113,397
2914,Age,,29
2914,DOB,,1994
2914,IsActive,False,True
2914,JobFunctionGroup,Other,Field Operations
2915,Age,,29
2915,DOB,,1994
2915,TenureDays,1599,883
2916,Age,,29
2916,DOB,,1994
2916,IsActive,False,True
2916,JobFunctionGroup,Maintenance & Logistics,Field Operations
2917,Age,67.76454483230664,29
2917,DOB,1958-03-12,1994
2917,TenureDays,1570,854
2918,Age,44.68720054757016,29
2918,DOB,1981-04-09,1994
2918,JobFunctionGroup,Executive & Leadership,Field Operations
2919,Age,68.69267624914443,29
2919,DOB,1957-04-07,1994
2920,Age,,29
2920,DOB,,1994
2921,Age,38.04243668720055,29
2921,DOB,1987-12-01,1994
2921,JobFunctionGroup,Labor & Site Work,Field Operations
2921,TenureDays,2238,1522
2922,Age,,29
2922,DOB,,1994
2922,JobFunctionGroup,Engineering,Field Operations
2922,TenureDays,1135,419
2923,Age,52.93908281998631,29
2923,DOB,1973-01-07,1994
2923,TenureDays,1122,406
2924,Age,51.27173169062286,29
2924,DOB,1974-09-08,1994
2924,JobFunctionGroup,Maintenance & Logistics,Field Operations
2925,Age,39.69883641341547,29
2925,DOB,1986-04-05,1994
2925,JobFunctionGroup,Labor & Site Work,Field Operations
2925,TenureDays,1028,312
2926,Age,47.51540041067762,29
2926,DOB,1978-06-11,1994
2926,TenureDays,2088,1372
2927,Age,,29
2927,DOB,,1994
2927,IsActive,False,True
2927,JobFunctionGroup,Labor & Site Work,Field Operations
2928,Age,,29
2928,DOB,,1994
2928,IsActive,False,True
2929,Age,,29
2929,DOB,,1994
2929,TenureDays,2593,1877
2930,Age,83.35386721423683,29
2930,DOB,1942-08-09,1994
2930,JobFunctionGroup,Executive & Leadership,Field Operations
2930,TenureDays,1204,488
2931,Age,,29
2931,DOB,,1994
2931,JobFunctionGroup,Labor & Site Work,Field Operations
2932,Age,45.85352498288843,29
2932,DOB,1980-02-08,1994
2932,JobFunctionGroup,Labor & Site Work,Field Operations
2932,TenureDays,1843,1127
2933,Age,,29
2933,DOB,,1994
2933,JobFunctionGroup,Health & Safety,Field Operations
2933,TenureDays,1728,1012
2934,Age,82.20123203285421,29
2934,DOB,1943-10-04,1994
2935,Age,58.09993155373032,29
2935,DOB,1967-11-10,1994
2935,JobFunctionGroup,Labor & Site Work,Field Operations
2935,TenureDays,1597,881
2936,Age,,29
2936,DOB,,1994
2936,JobFunctionGroup,Labor & Site Work,Field Operations
2936,TenureDays,1357,641
2937,Age,65.53045859000684,29
2937,DOB,1960-06-05,1994
2937,IsActive,False,True
2938,Age,,29
2938,DOB,,1994
2938,JobFunctionGroup,Labor & Site Work,Field Operations
2938,TenureDays,1840,1124
2939,Age,,29
2939,DOB,,1994
2939,JobFunctionGroup,Project / Site Management,Field Operations
2940,Age,,29
2940,DOB,,1994
2940,JobFunctionGroup,Labor & Site Work,Field Operations
2941,Age,35.854893908282,29
2941,DOB,1990-02-07,1994
2941,JobFunctionGroup,Other,Field Operations
2942,Age,,29
2942,DOB,,1994
2942,JobFunctionGroup,Other,Field Operations
2943,Age,,29
2943,DOB,,1994
2943,JobFunctionGroup,Labor & Site Work,Field Operations
2943,TenureDays,1275,559
2944,Age,,29
2944,DOB,,1994
2944,JobFunctionGroup,Project / Site Management,Field Operations
2945,Age,,29
2945,DOB,,1994
2945,JobFunctionGroup,Project / Site Management,Field Operations
2946,Age,36.85694729637235,29
2946,DOB,1989-02-06,1994
2946,JobFunctionGroup,Project / Site Management,Field Operations
2946,TenureDays,2642,1926
2947,Age,26.034223134839152,29
2947,DOB,1999-12-04,1994
2947,JobFunctionGroup,Labor & Site Work,Field Operations
2948,Age,,29
2948,DOB,,1994
2948,JobFunctionGroup,Project / Site Management,Field Operations
2949,Age,39.096509240246405,29
2949,DOB,1986-11-11,1994
2949,TenureDays,894,178
2950,Age,36.276522929500345,29
2950,DOB,1989-09-06,1994
2950,IsActive,False,True
2950,JobFunctionGroup,Project / Site Management,Field Operations
2951,Age,32.28199863107461,29
2951,DOB,1993-09-04,1994
2951,TenureDays,1665,949
2952,Age,,29
2952,DOB,,1994
2952,JobFunctionGroup,Other,Field Operations
2953,Age,,29
2953,DOB,,1994
2953,TenureDays,903,187
2954,Age,,29
2954,DOB,,1994
2954,JobFunctionGroup,Project / Site Management,Field Operations
2954,TenureDays,1092,376
2955,Age,,29
2955,DOB,,1994
2955,JobFunctionGroup,Admin & Support,Field Operations
2955,TenureDays,2593,1877
2956,Age,40.709103353867214,29
2956,DOB,1985-04-01,1994
2956,JobFunctionGroup,Other,Field Operations
2957,Age,,29
2957,DOB,,1994
2957,TenureDays,2476,1760
2958,Age,47.43600273785079,29
2958,DOB,1978-07-10,1994
2958,TenureDays,1374,658
2959,Age,,29
2959,DOB,,1994
2959,IsActive,False,True
2959,JobFunctionGroup,Labor & Site Work,Field Operations
2960,Age,,29
2960,DOB,,1994
2960,JobFunctionGroup,Project / Site Management,Field Operations
2960,TenureDays,2477,1761
2961,Age,,29
2961,DOB,,1994
2961,TenureDays,2433,1717
2962,Age,,29
2962,DOB,,1994
2962,JobFunctionGroup,Labor & Site Work,Field Operations
2962,TenureDays,1952,1236
2963,Age,56.930869267624914,29
2963,DOB,1969-01-10,1994
2963,JobFunctionGroup,Engineering,Field Operations
2964,Age,34.11635865845312,29
2964,DOB,1991-11-04,1994
2964,JobFunctionGroup,Project / Site Management,Field Operations
2964,TenureDays,2164,1448
2965,Age,,29
2965,DOB,,1994
2966,Age,83.53456536618754,29
2966,DOB,1942-06-04,1994
2966,JobFunctionGroup,Labor & Site Work,Field Operations
2966,TenureDays,2670,1954
2967,Age,76.5366187542779,29
2967,DOB,1949-06-03,1994
2967,TenureDays,1667,951
2968,Age,50.85010266940452,29
2968,DOB,1975-02-09,1994
2968,JobFunctionGroup,Other,Field Operations
2969,Age,,29
2969,DOB,,1994
2969,JobFunctionGroup,Project / Site Management,Field Operations
2970,Age,,29
2970,DOB,,1994
2970,TenureDays,1137,421
2971,Age,69.01300479123887,29
2971,DOB,1956-12-11,1994
2971,IsActive,False,True
2972,Age,,29
2972,DOB,,1994
2972,IsActive,False,True
2973,Age,55.53456536618754,29
2973,DOB,1970-06-04,1994
2973,JobFunctionGroup,Maintenance & Logistics,Field Operations
2973,TenureDays,1547,831
2974,Age,52.681724845995895,29
2974,DOB,1973-04-11,1994
2974,JobFunctionGroup,Labor & Site Work,Field Operations
2975,Age,,29
2975,DOB,,1994
2975,JobFunctionGroup,Engineering,Field Operations
2976,Age,50.286105407255306,29
2976,DOB,1975-09-03,1994
2976,JobFunctionGroup,Labor & Site Work,Field Operations
2977,Age,,29
2977,DOB,,1994
2978,Age,46.79260780287474,29
2978,DOB,1979-03-02,1994
2978,JobFunctionGroup,Engineering,Field Operations
2979,Age,,29
2979,DOB,,1994
2979,JobFunctionGroup,Admin & Support,Field Operations
2980,Age,,29
2980,DOB,,1994
2980,IsActive,False,True
2980,JobFunctionGroup,Project / Site Management,Field Operations
2981,Age,60.93908281998631,29
2981,DOB,1965-01-07,1994
2981,JobFunctionGroup,Project / Site Management,Field Operations
2982,Age,,29
2982,DOB,,1994
2982,IsActive,False,True
2982,JobFunctionGroup,Labor & Site Work,Field Operations
2983,Age,45.44284736481862,29
2983,DOB,1980-07-07,1994
2983,JobFunctionGroup,Project / Site Management,Field Operations
2983,TenureDays,2555,1839
2984,Age,,29
2984,DOB,,1994
2984,JobFunctionGroup,Admin & Support,Field Operations
2984,TenureDays,1167,451
2985,Age,,29
2985,DOB,,1994
2985,JobFunctionGroup,Maintenance & Logistics,Field Operations
2985,TenureDays,2180,1464
2986,Age,,29
2986,DOB,,1994
2986,JobFunctionGroup,Labor & Site Work,Field Operations
2986,TenureDays,2213,1497
2987,Age,27.61943874058864,29
2987,DOB,1998-05-04,1994
2987,JobFunctionGroup,Project / Site Management,Field Operations
2987,TenureDays,1292,576
2988,Age,,29
2988,DOB,,1994
2988,JobFunctionGroup,Other,Field Operations
2989,Age,,29
2989,DOB,,1994
2989,JobFunctionGroup,Executive & Leadership,Field Operations
2989,TenureDays,1901,1185
2990,Age,,29
2990,DOB,,1994
2990,JobFunctionGroup,Other,Field Operations
2990,TenureDays,1408,692
2991,Age,29.34428473648186,29
2991,DOB,1996-08-12,1994
2991,JobFunctionGroup,Project / Site Management,Field Operations
2991,TenureDays,1159,443
2992,Age,73.02943189596166,29
2992,DOB,1952-12-05,1994
2992,JobFunctionGroup,Project / Site Management,Field Operations
2992,TenureDays,2255,1539
2993,Age,81.34976043805612,29
2993,DOB,1944-08-10,1994
2993,IsActive,False,True
2993,JobFunctionGroup,Labor & Site Work,Field Operations
2994,Age,66.5160848733744,29
2994,DOB,1959-06-11,1994
2994,IsActive,False,True
2994,JobFunctionGroup,Project / Site Management,Field Operations
2995,Age,,29
2995,DOB,,1994
2995,JobFunctionGroup,Admin & Support,Field Operations
2996,Age,24.517453798767967,29
2996,DOB,2001-06-10,1994
2996,JobFunctionGroup,Engineering,Field Operations
2996,TenureDays,1814,1098
2997,Age,,29
2997,DOB,,1994
2997,JobFunctionGroup,Labor & Site Work,Field Operations
2998,Age,,29
2998,DOB,,1994
2998,JobFunctionGroup,Project / Site Management,Field Operations
2999,Age,35.26351813826147,29
2999,DOB,1990-09-11,1994
2999,TenureDays,1329,613
