Supervisor,EmpID,JobFamily,DepartmentType,BusinessUnit,NumOfReports
Peter Oneill,3427,Production,Production       ,CCDR,1
Renee Mccormick,3428,Production,Production       ,EW,1
Crystal Walker,3429,Sales,Sales,PL,1
Rebekah Wright,3430,Sales,Sales,CCDR,1
Jason Kim,3431,Sales,Sales,TNS,1
Sheri Campos,3432,Sales,Sales,BPC,1
Jacob Braun,3433,Sales,Sales,WBL,1
Tracy Marquez,3434,Sales,Sales,CCDR,1
Sharon Becker,3435,Sales,Sales,NEL,1
George Jenkins,3436,Sales,Sales,BPC,1
Troy White,3437,Sales,Sales,SVG,1
Brian Miller,3438,Sales,Sales,MSC,1
Charles Parks,3439,Sales,Sales,EW,1
Gregory Walker,3440,Sales,Sales,CCDR,1
Tyler Lewis,3441,Sales,Sales,BPC,1
Ashley Scott,3442,Sales,IT/IS,PYZ,1
Lauren Jones,3443,Sales,IT/IS,WBL,1
Matthew Jackson,3444,Sales,Sales,NEL,1
Michelle Mitchell,3445,Sales,Sales,PL,1
Sydney French,3446,Sales,Sales,BPC,1
Michelle Evans MD,3447,Sales,Sales,CCDR,1
Patricia Cook,3448,Sales,Sales,SVG,1
Ashley Reeves,3449,Sales,Sales,EW,1
Stanley Harvey,3450,Sales,Sales,MSC,1
Michael Bradshaw,3451,Sales,Sales,TNS,1
Debbie Crosby,3452,Sales,Sales,PYZ,1
Elizabeth Taylor,3453,Sales,Sales,WBL,1
Brian Dunlap,3454,Sales,IT/IS,PYZ,1
Daniel Rodriguez,3455,Sales,Sales,WBL,1
Martin Hammond,3456,Sales,Sales,NEL,1
Sara Bell,3457,Sales,Sales,PL,1
Elizabeth Anderson,3458,Sales,Sales,BPC,1
Erin Bailey,3459,Sales,Sales,CCDR,1
Dennis Henderson,3460,Sales,Sales,SVG,1
Tammy Conner,3461,Sales,Sales,EW,1
Brianna Mathews,3462,Sales,Sales,MSC,1
Jessica Peters,3463,Sales,Sales,TNS,2
Mark Harris,3464,Sales,Sales,PYZ,1
Elizabeth Tapia,3465,Sales,Sales,WBL,1
Jon Holden,3466,Sales,IT/IS,PYZ,1
Michael Odonnell,3467,Sales,Sales,WBL,1
Andres Parker,3468,Sales,Sales,NEL,1
James Berry,3469,Sales,Sales,PL,1
Gail Ali,3470,Sales,Sales,BPC,1
John Marshall,3471,Sales,Sales,CCDR,1
Jessica Chang,3472,Sales,Sales,SVG,1
Desiree Vang,3473,Sales,Sales,EW,1
Andrew Goodman,3474,Sales,Sales,MSC,1
Rebecca Simpson,3475,Sales,Sales,TNS,1
Samantha Cardenas,3476,Sales,Sales,PYZ,1
Nancy Johnson,3477,Sales,IT/IS,PYZ,1
Richard Hodges,3478,Sales,Sales,WBL,1
Madison Wilson,3479,Sales,Sales,NEL,1
Eric King,3480,Sales,Sales,PL,1
Brandon Harris,3481,Sales,Sales,BPC,1
Matthew Flores,3482,Sales,Sales,CCDR,1
Krystal Hamilton,3483,Sales,Sales,SVG,1
Amber Hernandez,3484,Sales,Sales,EW,1
Patricia Smith,3485,Sales,Sales,MSC,1
Victoria Krause,3486,Sales,Sales,TNS,1
Jesse Hunt,3487,Sales,Sales,BPC,1
Shane Jones,3488,Sales,Sales,CCDR,1
Jessica Murphy,3489,Sales,Sales,EW,1
Crystal Wallace,3490,Sales,Sales,MSC,1
Tina Nelson,3491,Sales,Sales,NEL,1
Ashley Smith,3492,Sales,Sales,PL,1
Eric Taylor,3493,Sales,Sales,PYZ,1
Jacob Snyder,3494,Sales,Sales,SVG,1
Daniel Cabrera,3495,Sales,Sales,TNS,1
Barbara Garcia,3496,Sales,Sales,WBL,1
Kendra Murray,3497,Sales,Sales,TNS,1
Peter Harvey,3498,Sales,Sales,PYZ,1
Patrick Daniel,3499,Sales,Sales,WBL,1
Bryan Douglas,3500,Sales,Sales,NEL,1
Destiny Hopkins,3501,Sales,Sales,PL,1
Angela Morris,3502,Sales,Sales,BPC,1
Erica Franklin,3503,Sales,Sales,CCDR,1
Gabriela Orr,3504,Sales,Sales,SVG,1
Michael Wilkins,3505,Sales,Sales,EW,1
Jordan Vega,3506,Sales,Sales,MSC,1
John Miller,3507,Sales,Sales,TNS,1
Trevor Adkins,3508,Sales,Sales,CCDR,1
Marcus Hunt,3509,Sales,Sales,BPC,1
Jennifer King,3510,Sales,Sales,PYZ,1
Shawn Dudley,3511,Sales,Sales,WBL,1
Lindsay Chang,3512,Sales,Sales,NEL,1
Sharon Ruiz,3513,Sales,Sales,PL,1
April Randolph,3514,Sales,Sales,BPC,1
Mary Reilly,3515,Sales,Sales,CCDR,1
Eric Goodman,3516,Sales,Sales,SVG,1
Caleb Schneider,3517,Sales,Sales,EW,1
Cheryl Henry,3518,Sales,Sales,MSC,1
Dan Hernandez,3519,Sales,Sales,TNS,1
Teresa Daniel,3520,Sales,Sales,TNS,1
Melissa Decker,3521,Sales,Sales,WBL,1
Michael Nguyen,3522,Sales,Sales,BPC,1
Tony Mcconnell,3523,Sales,Sales,CCDR,1
Adam Gibson,3524,Sales,Sales,EW,1
Stephanie Duke,3525,Sales,Sales,MSC,1
Paige Flores MD,3526,Sales,Sales,NEL,1
Hannah Snyder,3527,Sales,Sales,PL,1
William Ayala,3528,Sales,Sales,PYZ,1
Samuel Moore,3529,Sales,Sales,SVG,1
Jenna Weaver,3530,Sales,Sales,TNS,1
Dylan Blake,3531,Sales,Sales,WBL,1
Monique Anderson,3532,Sales,IT/IS,EW,1
Kelsey Gibson,3533,Sales,Sales,MSC,1
Sonia Diaz,3534,Sales,Sales,TNS,1
Brian Morton,3535,Sales,Sales,PYZ,1
Thomas Holmes,3536,Sales,Sales,WBL,1
Dawn Perez,3537,Sales,Sales,NEL,1
Diane Parker,3538,Sales,Sales,PL,1
John Johnson,3539,Sales,Sales,BPC,1
Dakota Robinson,3540,Sales,Sales,CCDR,1
Melanie Garcia,3541,Sales,Sales,SVG,1
Amanda Knight,3542,Sales,Sales,EW,1
Kimberly Cardenas,3543,Sales,Sales,MSC,1
Laura Salinas,3544,Sales,Sales,TNS,1
Andres Jones,3545,Sales,IT/IS,EW,1
Jeffrey Huffman,3546,Sales,Sales,CCDR,1
Sara Edwards,3547,Sales,Sales,BPC,2
Stephen Garcia,3548,Sales,Sales,WBL,1
Tracy Castro MD,3549,Sales,Sales,TNS,1
Jennifer Hicks,3550,Sales,Sales,SVG,1
Victoria Bailey,3551,Sales,Sales,PYZ,1
Maria Chan,3552,Sales,Sales,PL,1
Regina Martinez,3553,Sales,Sales,NEL,1
Tonya Martin,3554,Sales,Sales,MSC,1
Daniel Wolf,3555,Sales,Sales,EW,1
Sarah Petersen,3556,Sales,Sales,CCDR,1
Victoria Christian DDS,3557,Sales,Sales,BPC,1
Erin Moore,3558,Production,Production       ,MSC,1
Andrea Gutierrez,3559,Production,Production       ,NEL,1
Wanda Ross DDS,3560,Production,Production       ,MSC,1
Steven King,3561,Production,Production       ,BPC,1
Stephen Rodriguez,3562,Production,Production       ,CCDR,1
Patricia Carter,3563,Production,Production       ,WBL,1
Diana Johnson,3564,Production,Production       ,SVG,1
Diana Good,3565,Production,Production       ,WBL,1
Desiree Stephens,3566,Production,Production       ,PL,1
Debra Garcia,3567,Production,Production       ,EW,1
Susan Brown,3568,Production,Production       ,EW,1
Margaret Hampton,3569,Production,Production       ,MSC,1
Brandon Miller,3570,Production,Production       ,TNS,1
Dr. Matthew Schmitt,3571,Production,Production       ,NEL,1
Shawn Berry,3572,Production,Production       ,WBL,1
Brittany Martin,3573,Production,Production       ,NEL,1
Timothy Weaver,3574,Production,Production       ,WBL,1
Amanda Smith,3575,Production,Production       ,MSC,1
Marc Cummings,3576,Production,Production       ,PL,1
James Rodriguez,3577,Production,Production       ,BPC,1
Elizabeth Sullivan MD,3578,Production,Production       ,WBL,1
Sean Marsh,3579,Production,Production       ,BPC,1
Kathryn Wilkinson,3580,Production,Production       ,PYZ,1
Paul Walker,3581,Production,Production       ,SVG,1
Elizabeth Robertson,3582,Production,Production       ,TNS,1
Tasha Mayer,3583,Production,Production       ,WBL,1
Chris Walker,3584,Production,Production       ,BPC,1
Traci Floyd,3585,Production,Production       ,CCDR,1
Veronica Wiley,3586,Production,Production       ,EW,1
Katherine Gay,3587,Production,Production       ,MSC,1
Paul Lopez,3588,Production,Production       ,NEL,1
Jay Bush,3589,Production,Production       ,PL,1
Jessica Allen,3590,Production,Production       ,PYZ,1
Dr. William Thompson,3591,Production,Production       ,SVG,1
Mrs. Audrey Gonzalez DDS,3592,Production,Production       ,TNS,1
Ashley Bradshaw,3593,Production,Production       ,WBL,1
Ashley Meyer,3594,Production,Production       ,PYZ,1
Nicole Delgado,3595,Production,Production       ,WBL,1
John Henry,3596,Production,Production       ,NEL,1
Autumn Decker,3597,Production,Production       ,PYZ,1
Alex Moore,3598,Production,Production       ,SVG,1
Dana Smith,3599,Production,Production       ,TNS,1
Bobby Serrano,3600,Production,Production       ,WBL,1
Robert Riley,3601,Production,Production       ,BPC,1
Crystal Mcneil,3602,Production,Production       ,CCDR,1
Christine Costa,3603,Production,Production       ,EW,1
Mark Hale,3604,Production,Production       ,MSC,1
Destiny Johnson,3605,Production,Production       ,CCDR,1
Eric Gonzales,3606,Production,Production       ,SVG,1
Christopher Murray,3607,Production,Production       ,EW,1
Ashley Williamson,3608,Production,Production       ,MSC,1
Frederick Harrison,3609,Production,Production       ,TNS,1
Brian Arnold,3610,Production,Production       ,PYZ,1
Lori Reed,3611,Production,Production       ,WBL,1
Trevor Rodriguez,3612,Production,Production       ,NEL,1
Jason Owens,3613,Production,Production       ,PL,1
Clifford Martinez,3614,Production,Production       ,BPC,1
Lee Hudson,3615,Production,Production       ,CCDR,1
Allison Tran,3616,Production,Production       ,SVG,1
Pamela Johnson,3617,Production,Production       ,EW,1
Erin Harris,3618,Production,Production       ,MSC,1
Robert Wright,3619,Production,Production       ,TNS,1
Mr. Nicholas Austin,3620,Production,Production       ,PYZ,1
Natalie Cannon,3621,Production,Production       ,WBL,1
Christopher Ayers,3622,Production,Production       ,SVG,1
Elizabeth Burton,3623,Production,Production       ,EW,1
Timothy Curtis,3624,Production,Production       ,MSC,1
Tammy Navarro,3625,Production,Production       ,TNS,1
Natalie Baker,3626,Production,Production       ,PYZ,1
Jesse Wilson,3627,Production,Production       ,WBL,1
Megan Small,3628,Production,Production       ,NEL,1
Dr. David Austin Jr.,3629,Production,Production       ,NEL,1
Scott Davis,3630,Production,Production       ,MSC,1
Kristin Salinas,3631,Production,Production       ,EW,1
Bridget Jones,3632,Production,Production       ,CCDR,1
Melissa Wilkinson,3633,Production,Production       ,BPC,1
Eric Cunningham,3634,Production,Production       ,PYZ,1
Stephen Barron,3635,Production,Production       ,WBL,1
Jennifer Soto,3636,Production,Production       ,NEL,1
John Jones,3637,Production,Production       ,PL,2
Ernest Evans,3638,Production,Production       ,BPC,1
Mark Knight,3639,Production,Production       ,CCDR,1
Gina Leon,3640,Production,Production       ,SVG,1
Eric Michael,3641,Production,Production       ,EW,1
Alexandra Martin,3642,Production,Production       ,MSC,1
Eric Calderon,3643,Production,Production       ,TNS,1
Thomas Jones,3644,Production,Production       ,PYZ,2
Bridget Mills,3645,Production,Production       ,WBL,1
Sara Bullock,3646,Production,Production       ,SVG,1
Craig Leblanc,3647,Production,Production       ,EW,1
Peter Smith,3648,Production,Production       ,MSC,2
Stephen Green,3649,Production,Production       ,TNS,2
Jason Jenkins,3650,Production,Production       ,PYZ,1
Chad Jones,3651,Production,Production       ,WBL,1
Victoria Maldonado,3652,Production,Production       ,NEL,1
William Watson,3653,Production,Production       ,PL,1
Jody Cox,3654,Production,Production       ,PYZ,1
Shelia Good,3655,Production,Production       ,SVG,1
Darlene Green,3656,Production,Production       ,TNS,1
Christine Mccarthy,3657,Production,Production       ,WBL,1
Thomas Jackson,3658,Production,Production       ,BPC,2
Eric Powell,3659,Production,Production       ,CCDR,1
Joel Browning,3660,Production,Production       ,EW,1
Denise Roman,3661,Production,Production       ,MSC,1
Linda Cummings,3662,Production,Production       ,NEL,1
Sean Kennedy,3663,Production,Production       ,PL,1
Robert Reid,3664,Production,Production       ,PYZ,1
Lucas Morse,3665,Production,Production       ,SVG,1
Melissa Shaw,3666,Production,Production       ,TNS,1
Brooke Meyer,3667,Production,Production       ,WBL,1
Christopher Clark,3668,Production,Production       ,BPC,2
Joshua Francis,3669,Production,Production       ,CCDR,1
Walter Shaw,3670,Production,Production       ,SVG,1
Alexander Roberts,3671,Production,Production       ,EW,1
Aaron Holland,3672,Production,Production       ,MSC,1
Casey Morris,3673,Production,Production       ,TNS,1
Sarah Williamson,3674,Production,Production       ,BPC,1
Melissa Torres,3675,Production,Production       ,CCDR,2
Craig Hawkins,3676,Production,Production       ,BPC,1
Matthew Hughes,3677,Production,Production       ,CCDR,1
Chad Ramirez,3678,Production,Production       ,SVG,1
Erica Moore,3679,Production,Production       ,EW,1
Felicia Ashley,3680,Production,Production       ,MSC,1
James Williams,3681,Production,Production       ,TNS,1
Michael Diaz MD,3682,Production,Production       ,PYZ,1
Mackenzie Porter,3683,Production,Production       ,WBL,1
Robert Simmons,3684,Production,Production       ,NEL,1
Jordan Harrison,3685,Production,Production       ,PL,1
Jesse Farmer,3686,Production,Production       ,BPC,1
Brianna Blake,3687,Production,Production       ,CCDR,1
Kathleen Clark,3688,Production,Production       ,SVG,1
Jonathan Gutierrez,3689,Production,Production       ,EW,1
Adam Barber,3690,Production,Production       ,MSC,1
David Valenzuela,3691,Production,Production       ,TNS,1
Lisa Jordan,3692,Production,Production       ,PYZ,1
Alexa Smith,3693,Production,Production       ,SVG,1
Sue Harper,3694,Production,Production       ,EW,1
Savannah Schneider,3695,Production,Production       ,MSC,1
Chase Ramirez,3696,Production,Production       ,TNS,1
Connor Galloway,3697,Production,Production       ,PYZ,1
Savannah Weber,3698,Production,Production       ,WBL,1
Justin Harris,3699,Production,Production       ,PYZ,1
Wendy Rogers,3700,Production,Production       ,PL,1
Bryan Greer,3701,Production,Production       ,NEL,1
David Brown,3702,Production,Production       ,MSC,1
Cory Lee,3703,Production,Production       ,EW,1
April Stevens,3704,Production,Production       ,CCDR,1
Bridget Little,3705,Production,Production       ,BPC,1
Lisa Hamilton,3706,Production,Production       ,WBL,1
Kenneth Keller,3707,Production,Production       ,TNS,1
Morgan Smith,3708,Production,Production       ,SVG,1
Donald Powell,3709,Production,Production       ,PYZ,1
Rebecca Henderson,3710,Production,Production       ,PL,1
David Bowman,3711,Production,Production       ,NEL,1
Christopher Robertson,3712,Production,Production       ,MSC,1
Michelle Miller,3713,Production,Production       ,EW,2
Kyle Turner,3714,Production,Production       ,CCDR,1
Dawn Mendoza,3715,Production,Production       ,BPC,1
David Goodman,3716,Production,Production       ,SVG,1
Samuel Turner,3717,Production,Production       ,EW,1
Claudia White,3718,Production,Production       ,MSC,1
David Ward,3719,Production,Production       ,TNS,1
Andrew Schneider,3720,Production,Production       ,PYZ,1
Loretta Gonzalez,3721,Production,Production       ,NEL,1
Alice Key,3722,Production,Production       ,PL,1
Ryan Downs,3723,Production,Production       ,BPC,1
Alyssa Johnson,3724,Production,Production       ,CCDR,1
Stephanie Patterson,3725,Production,Production       ,SVG,1
Sandra Richardson,3726,Production,Production       ,EW,1
Courtney Garcia,3727,Production,Production       ,MSC,1
Tamara Grant,3728,Production,Production       ,TNS,1
Natasha Spears,3729,Production,Production       ,BPC,1
Sharon Vincent,3730,Production,Production       ,CCDR,1
Kimberly Phelps,3731,Production,Production       ,EW,1
Charles Hoover,3732,Production,Production       ,MSC,1
Deborah Stevens,3733,Production,Production       ,NEL,1
Melissa Alvarez,3734,Production,Production       ,PL,1
Joel Nichols,3735,Production,Production       ,PYZ,1
Kimberly Soto,3736,Production,Production       ,SVG,2
John Hill,3737,Production,Production       ,TNS,1
Steven Carter,3738,Production,Production       ,SVG,1
Rachel Pham,3739,Production,Production       ,EW,1
Christopher Cunningham,3740,Production,Production       ,MSC,1
Brittany Marshall,3741,Production,Production       ,TNS,1
Ryan Anderson,3742,Production,Production       ,PYZ,1
Stephanie Valdez,3743,Production,Production       ,WBL,1
Christopher Garcia,3744,Production,Production       ,NEL,2
Sarah Cross,3745,Production,Production       ,PL,1
Judy Lambert,3746,Production,Production       ,BPC,1
Chelsea Bright,3747,Production,Production       ,CCDR,1
Shawn Mckay,3748,Production,Production       ,SVG,1
Samantha Pugh,3749,Production,Production       ,EW,1
Sheryl Curtis,3750,Production,Production       ,MSC,1
Eric Knight,3751,Production,Production       ,TNS,1
Morgan Ross,3752,Production,Production       ,PYZ,1
Laura Mcpherson,3753,Production,Production       ,WBL,1
Sarah Morgan,3754,Production,Production       ,NEL,1
Emily Church,3755,Production,Production       ,PL,1
Melissa Hernandez,3756,Production,Production       ,BPC,1
Debra Yang,3757,Production,Production       ,CCDR,1
Alejandro Palmer,3758,Production,Production       ,SVG,1
Emily Pugh,3759,Production,Production       ,EW,1
Sherry Morris,3760,Production,Production       ,MSC,1
Melissa Conrad,3761,Production,Production       ,CCDR,1
Lauren Villarreal,3762,Production,Production       ,SVG,1
Randall Williams,3763,Production,Production       ,EW,1
Tiffany Stone,3764,Production,Production       ,MSC,1
Eric Smith,3765,Production,Production       ,TNS,1
Taylor Morris,3766,Production,Production       ,PYZ,1
Zachary Nelson,3767,Production,Production       ,TNS,1
David Garcia,3768,Production,Production       ,SVG,2
Laura Chavez,3769,Production,Production       ,PYZ,1
Rachel Jones,3770,Production,Production       ,PL,1
Kathryn Jones,3771,Production,Production       ,NEL,1
Mrs. Rachel Henry,3772,Production,Production       ,MSC,1
Laura Hernandez,3773,Production,Production       ,EW,1
Justin Stanley,3774,Production,Production       ,CCDR,1
Amy Ross,3775,Production,Production       ,BPC,1
Benjamin Yates,3776,Production,Production       ,WBL,1
Penny Estrada,3777,Production,Production       ,TNS,1
Frank Freeman,3778,Production,Production       ,SVG,1
Regina Bryant MD,3779,Production,Production       ,PYZ,1
Samantha Roberts,3780,Production,Production       ,PL,1
Daniel Peterson,3781,Production,Production       ,NEL,1
Dr. Matthew Harrell,3782,Production,Production       ,MSC,1
Jared Whitehead,3783,Production,Production       ,EW,1
William Price,3784,Production,Production       ,CCDR,1
Sheri Jackson,3785,Production,Production       ,PL,1
Paul Richards,3786,Production,Production       ,PYZ,1
Alexis Gutierrez,3787,Production,Production       ,SVG,1
Michael Mcclure,3788,Production,Production       ,TNS,1
Randall Frey,3789,Production,Production       ,WBL,1
Matthew Le,3790,Production,Production       ,PYZ,1
Ashley Petty,3791,Production,Production       ,WBL,1
Angela Shaffer,3792,Production,Production       ,NEL,1
Steven Walton,3793,Production,Production       ,PL,1
Abigail Robinson,3794,Production,Production       ,BPC,1
Brandi Howell,3795,Production,Production       ,CCDR,1
Connie Blackburn,3796,Production,Production       ,SVG,1
Connie Martinez,3797,Production,Production       ,EW,1
Cheryl Martinez,3798,Production,Production       ,MSC,1
Ryan Carlson,3799,Production,Production       ,TNS,1
Jamie Henderson,3800,Production,Production       ,PYZ,1
Jamie Stark,3801,Production,Production       ,WBL,1
Michael Andrade,3802,Production,Production       ,NEL,1
Jason Haley,3803,Production,Production       ,PL,1
Virginia Short,3804,Production,Production       ,BPC,1
Heather Bell,3805,Production,Production       ,CCDR,1
Maria Obrien,3806,Production,Production       ,SVG,1
George Doyle,3807,Production,Production       ,EW,1
Jason Miller,3808,IT & Infrastructure,IT/IS,PYZ,1
Raymond Bird,3809,IT & Infrastructure,IT/IS,TNS,1
Thomas Wilson,3810,IT & Infrastructure,IT/IS,PL,1
Robin Wilson,3811,IT & Infrastructure,IT/IS,PL,1
Julie Lewis,3812,IT & Infrastructure,IT/IS,BPC,1
Joseph Mathews,3813,IT & Infrastructure,IT/IS,SVG,1
Karen Crawford,3814,IT & Infrastructure,IT/IS,EW,1
Mary Mcmillan,3815,IT & Infrastructure,IT/IS,SVG,1
Kyle Adams,3816,IT & Infrastructure,IT/IS,WBL,1
Jamie Baker,3817,IT & Infrastructure,IT/IS,CCDR,1
Daniel White,3818,IT & Infrastructure,IT/IS,CCDR,1
William Johnson,3819,IT & Infrastructure,IT/IS,MSC,1
George Tran,3820,IT & Infrastructure,IT/IS,EW,1
Jonathan Knight,3821,IT & Infrastructure,IT/IS,TNS,1
Calvin Williamson,3822,IT & Infrastructure,Executive Office,WBL,1
David Rodriguez,3823,IT & Infrastructure,Executive Office,TNS,1
Carolyn Richards,3824,IT & Infrastructure,IT/IS,SVG,1
Karen York,3825,IT & Infrastructure,IT/IS,PYZ,1
Jessica Hernandez,3826,IT & Infrastructure,IT/IS,PL,1
Dana Ballard,3827,IT & Infrastructure,IT/IS,NEL,1
Charles Duncan,3828,IT & Infrastructure,IT/IS,PL,1
Jesse Newman,3829,IT & Infrastructure,IT/IS,BPC,1
David Zavala,3830,Data & Analytics,IT/IS,CCDR,1
John Holt,3831,IT & Infrastructure,IT/IS,SVG,1
Melinda Mcintyre,3832,Data & Analytics,IT/IS,EW,1
Melissa Baker,3833,IT & Infrastructure,Executive Office,PYZ,1
Gregory Coleman,3834,IT & Infrastructure,Executive Office,WBL,1
Paul Smith,3835,IT & Infrastructure,IT/IS,NEL,2
Heather Farmer,3836,IT & Infrastructure,IT/IS,PL,1
Thomas Weaver,3837,IT & Infrastructure,IT/IS,BPC,1
Duane Le,3838,IT & Infrastructure,IT/IS,CCDR,1
Jason Morris DVM,3839,IT & Infrastructure,IT/IS,PL,1
Alex Lewis,3840,IT & Infrastructure,IT/IS,BPC,1
Kevin Gross,3841,Data & Analytics,IT/IS,CCDR,1
Clayton Robertson,3842,IT & Infrastructure,IT/IS,SVG,1
Melissa Pineda,3843,Data & Analytics,IT/IS,EW,1
Melissa Torres,3844,IT & Infrastructure,Executive Office,PYZ,2
Jordan Caldwell,3845,IT & Infrastructure,Executive Office,WBL,1
Anthony Neal,3846,IT & Infrastructure,IT/IS,NEL,1
Gregory Rodriguez,3847,IT & Infrastructure,IT/IS,PL,1
John Gordon,3848,IT & Infrastructure,IT/IS,BPC,1
Darryl Vargas,3849,IT & Infrastructure,IT/IS,CCDR,1
Cheryl Cook,3850,IT & Infrastructure,IT/IS,MSC,1
Thomas Hanson,3851,IT & Infrastructure,IT/IS,NEL,1
Dr. Eric Henderson,3852,Data & Analytics,IT/IS,PL,1
James Horn,3853,IT & Infrastructure,IT/IS,PYZ,1
Matthew Miranda,3854,IT & Infrastructure,Executive Office,WBL,1
Jason Patel,3855,IT & Infrastructure,Executive Office,WBL,1
Michael Young,3856,IT & Infrastructure,Executive Office,TNS,1
Lindsey Osborne,3857,IT & Infrastructure,IT/IS,SVG,1
Gerald Yu,3858,IT & Infrastructure,IT/IS,PYZ,1
Randall Keller,3859,IT & Infrastructure,IT/IS,PL,1
Ricky Banks,3860,IT & Infrastructure,IT/IS,NEL,1
Jessica Figueroa,3861,IT & Infrastructure,IT/IS,PL,1
Lindsey Gibson,3862,IT & Infrastructure,IT/IS,BPC,1
Jeremy Hanson,3863,Data & Analytics,IT/IS,CCDR,1
David Chung,3864,IT & Infrastructure,IT/IS,SVG,1
Jacob Russo,3865,IT & Infrastructure,Production       ,MSC,1
Harold Lee,3866,IT & Infrastructure,Executive Office,TNS,1
Heather Hill,3867,IT & Infrastructure,Executive Office,PYZ,1
Jasmine Smith,3868,IT & Infrastructure,IT/IS,WBL,1
Shawn Martin,3869,IT & Infrastructure,IT/IS,NEL,1
Mr. Todd Lawson,3870,IT & Infrastructure,IT/IS,PL,1
Laura Sanchez,3871,IT & Infrastructure,IT/IS,BPC,1
Jeffrey Ramos,3872,IT & Infrastructure,IT/IS,CCDR,1
Patricia Johnson,3873,IT & Infrastructure,IT/IS,NEL,1
Brandy Greer,3874,IT & Infrastructure,IT/IS,PL,1
Charles Velez,3875,IT & Infrastructure,IT/IS,BPC,1
Deborah Bell,3876,Data & Analytics,IT/IS,CCDR,1
Christian Ortega,3877,IT & Infrastructure,Executive Office,MSC,1
Michael Morton,3878,IT & Infrastructure,Executive Office,TNS,1
Brian Aguirre,3879,IT & Infrastructure,IT/IS,PYZ,1
Richard Gonzalez,3880,IT & Infrastructure,IT/IS,WBL,1
Karen Elliott,3881,IT & Infrastructure,IT/IS,NEL,1
Kelly Bean,3882,IT & Infrastructure,IT/IS,PL,1
Jacob Hamilton,3883,IT & Infrastructure,IT/IS,BPC,1
Barbara Skinner,3884,IT & Infrastructure,IT/IS,CCDR,1
Aaron Oconnor,3885,IT & Infrastructure,IT/IS,EW,1
Christine Mcgee,3886,IT & Infrastructure,IT/IS,MSC,1
Jose Moran,3887,IT & Infrastructure,IT/IS,NEL,1
Jimmy Beck,3888,Data & Analytics,IT/IS,PL,1
Lisa Chase,3889,IT & Infrastructure,Executive Office,TNS,1
Susan Livingston,3890,IT & Infrastructure,IT/IS,WBL,1
April Castillo,3891,IT & Infrastructure,IT/IS,BPC,1
Diane James,3892,IT & Infrastructure,IT/IS,CCDR,1
Allison Shannon,3893,IT & Infrastructure,IT/IS,EW,1
David Long,3894,IT & Infrastructure,IT/IS,MSC,1
Kelly Hall,3895,IT & Infrastructure,IT/IS,NEL,1
Rachel Sanchez,3896,IT & Infrastructure,IT/IS,PL,1
Hector Singleton,3897,IT & Infrastructure,IT/IS,NEL,1
Denise Oconnor,3898,IT & Infrastructure,IT/IS,PL,1
Ruben Cook,3899,IT & Infrastructure,IT/IS,BPC,1
Amy Duncan,3900,Data & Analytics,IT/IS,CCDR,1
Anthony Cruz MD,3901,IT & Infrastructure,Executive Office,EW,1
Michelle Perry,3902,IT & Infrastructure,Executive Office,MSC,1
Victoria Shaw,3903,IT & Infrastructure,IT/IS,TNS,1
Brad Lee,3904,IT & Infrastructure,IT/IS,PYZ,1
Todd Baker,3905,IT & Infrastructure,IT/IS,WBL,1
Samuel Padilla,3906,IT & Infrastructure,IT/IS,NEL,1
Michael Wright,3907,IT & Infrastructure,IT/IS,PL,1
Bryan Foley,3908,IT & Infrastructure,IT/IS,BPC,1
April Anderson MD,3909,IT & Infrastructure,IT/IS,CCDR,1
Matthew Calderon DDS,3910,IT & Infrastructure,IT/IS,WBL,1
Bryan Ramos,3911,IT & Infrastructure,IT/IS,NEL,1
Alan Harris,3912,IT & Infrastructure,IT/IS,PL,1
Rodney Hart,3913,IT & Infrastructure,IT/IS,BPC,1
Jorge Mayo,3914,IT & Infrastructure,Executive Office,SVG,1
Kimberly Good,3915,IT & Infrastructure,IT/IS,TNS,1
Stephanie Harris,3916,IT & Infrastructure,IT/IS,WBL,1
Ethan Allison,3917,IT & Infrastructure,IT/IS,PYZ,1
Christian Mullen,3918,IT & Infrastructure,IT/IS,WBL,1
Debra Oneal,3919,IT & Infrastructure,IT/IS,NEL,1
Cynthia Willis,3920,IT & Infrastructure,IT/IS,PL,1
Lauren Douglas,3921,IT & Infrastructure,IT/IS,BPC,1
Katherine Wright,3922,IT & Infrastructure,IT/IS,CCDR,1
Jennifer Lester,3923,IT & Infrastructure,IT/IS,WBL,1
Erin Tran,3924,IT & Infrastructure,IT/IS,NEL,1
Bill Barnes,3925,IT & Infrastructure,IT/IS,PL,1
Nicole Morales,3926,IT & Infrastructure,IT/IS,BPC,1
Gary Davidson,3927,IT & Infrastructure,Executive Office,SVG,1
Walter Powell,3928,IT & Infrastructure,IT/IS,TNS,1
Kimberly Wolf,3929,IT & Infrastructure,IT/IS,WBL,1
Patricia Andrews,3930,IT & Infrastructure,IT/IS,BPC,1
Michelle King,3931,IT & Infrastructure,IT/IS,CCDR,1
Kenneth Rodriguez,3932,IT & Infrastructure,IT/IS,EW,1
Kevin Hudson,3933,IT & Infrastructure,IT/IS,MSC,1
Dustin Sanchez,3934,IT & Infrastructure,IT/IS,NEL,1
Jennifer Flores,3935,IT & Infrastructure,IT/IS,PL,1
Stephen Rasmussen,3936,IT & Infrastructure,IT/IS,MSC,1
Christina Williams,3937,Data & Analytics,IT/IS,EW,1
Brittany Evans,3938,Data & Analytics,IT/IS,BPC,1
Nicole Hill,3939,Data & Analytics,IT/IS,CCDR,1
Kaitlyn Young,3940,Data & Analytics,IT/IS,EW,1
Alejandra Spencer,3941,Data & Analytics,IT/IS,BPC,1
Brian Gamble MD,3942,Data & Analytics,IT/IS,PYZ,1
Lauren Moore,3943,Data & Analytics,IT/IS,NEL,1
Joseph Owen,3944,Data & Analytics,IT/IS,SVG,1
Carla Wilson,3945,Data & Analytics,IT/IS,MSC,1
Valerie Moody,3946,Data & Analytics,IT/IS,NEL,1
Heather Phillips,3947,Data & Analytics,IT/IS,EW,1
Peggy Mccoy,3948,Data & Analytics,IT/IS,MSC,1
Natasha Walton,3949,Data & Analytics,IT/IS,SVG,1
George Willis,3950,Data & Analytics,IT/IS,CCDR,1
Joseph Jensen,3951,Data & Analytics,IT/IS,MSC,1
Donna Young,3952,Data & Analytics,IT/IS,EW,1
Nicole Elliott,3953,Data & Analytics,IT/IS,BPC,1
Gerald Carey,3954,Data & Analytics,IT/IS,CCDR,1
Aaron Richards,3955,Data & Analytics,IT/IS,SVG,1
Joseph Shelton,3956,Data & Analytics,IT/IS,EW,1
Rose Conner,3957,Data & Analytics,IT/IS,MSC,1
Jacqueline Huerta,3958,Data & Analytics,IT/IS,TNS,1
Douglas Chapman,3959,Data & Analytics,IT/IS,PYZ,1
Guy Hansen,3960,Executive & Leadership,IT/IS,WBL,1
Angela Gibson,3961,Data & Analytics,IT/IS,NEL,1
Joseph Patton,3962,Data & Analytics,IT/IS,MSC,1
Debra Mckenzie,3963,Finance & Accounting,IT/IS,TNS,1
Wendy Jackson,3964,Finance & Accounting,IT/IS,PYZ,1
Shaun Bell,3965,Operations / Shared Services,IT/IS,WBL,1
Ruth Myers,3966,Other,Software Engineering,NEL,1
Harold Jones,3967,Data & Analytics,IT/IS,MSC,1
Susan Smith,3968,Data & Analytics,IT/IS,NEL,2
Derrick Johnson,3969,Data & Analytics,IT/IS,PL,1
Cynthia Gardner,3970,Data & Analytics,IT/IS,PYZ,1
Joel Hodge II,3971,Data & Analytics,IT/IS,SVG,1
Raymond Wilson,3972,Data & Analytics,IT/IS,TNS,1
Jason Sims,3973,Data & Analytics,IT/IS,WBL,1
Ronnie Garcia,3974,Data & Analytics,IT/IS,BPC,1
Curtis Hill,3975,Executive & Leadership,IT/IS,CCDR,1
Curtis Mathis,3976,Data & Analytics,IT/IS,MSC,1
Bryan Sanchez,3977,Finance & Accounting,IT/IS,TNS,1
Mark Hines DDS,3978,Finance & Accounting,IT/IS,PYZ,1
Emma Allen,3979,Operations / Shared Services,IT/IS,WBL,1
John Hart,3980,Data & Analytics,IT/IS,PL,1
Richard Bailey,3981,Data & Analytics,IT/IS,BPC,1
Beverly Parker,3982,Data & Analytics,IT/IS,CCDR,1
Daniel Hart,3983,Data & Analytics,IT/IS,SVG,1
Thomas Ramirez,3984,Data & Analytics,IT/IS,EW,1
Melissa Turner,3985,Data & Analytics,IT/IS,MSC,1
Lynn Jackson,3986,Data & Analytics,IT/IS,TNS,1
Lindsay Nelson,3987,Data & Analytics,IT/IS,PYZ,1
Anthony Williams,3988,Data & Analytics,IT/IS,SVG,1
Mr. Jason Brock,3989,Data & Analytics,IT/IS,TNS,1
Caitlin Murphy,3990,Finance & Accounting,IT/IS,WBL,1
Ashley Cervantes,3991,Finance & Accounting,IT/IS,BPC,1
Roy Villegas,3992,Data & Analytics,IT/IS,SVG,1
Gregory Ramirez,3993,Data & Analytics,IT/IS,PYZ,1
Latoya Lam,3994,Data & Analytics,IT/IS,PL,1
Stuart White,3995,Data & Analytics,IT/IS,NEL,1
Summer Carter,3996,Data & Analytics,IT/IS,MSC,1
Jordan George,3997,Data & Analytics,IT/IS,EW,1
Brittany Rubio,3998,Data & Analytics,IT/IS,CCDR,1
John Henderson,3999,Data & Analytics,IT/IS,BPC,1
Eugene Morgan,4000,Data & Analytics,IT/IS,PYZ,1
Angela Carlson,1001,Other,Software Engineering,BPC,1
Angela Hayes,1002,Other,Software Engineering,NEL,1
Christina Copeland,1003,Other,Software Engineering,WBL,1
Jennifer Cohen,1004,Other,Software Engineering,PYZ,1
Mr. Jesus Richards,1005,Other,Software Engineering,SVG,1
Beth Johnson,1006,Other,Software Engineering,MSC,1
Raymond Adams,1007,Other,Software Engineering,SVG,1
Jessica Rhodes,1008,Other,Software Engineering,BPC,1
Steven Tran,1009,Other,Software Engineering,NEL,1
Kristen Collier,1010,Other,Software Engineering,EW,1
David Lopez,1011,Other,Software Engineering,MSC,1
Candice Schmidt,1012,Other,Software Engineering,TNS,1
Christy Craig,1013,Other,Software Engineering,PYZ,1
Jermaine Weaver,1014,Operations / Shared Services,Software Engineering,WBL,1
James Barajas,1015,Operations / Shared Services,Software Engineering,NEL,1
Tyler Davis,1016,Data & Analytics,Admin Offices,PL,1
Joshua Gonzalez,1017,Data & Analytics,Admin Offices,BPC,2
Justin Sherman,1018,Data & Analytics,Admin Offices,CCDR,1
Sara Holland,1019,Other,Software Engineering,EW,1
Shelia Graham,1020,Other,Software Engineering,MSC,1
Amanda Hayden,1021,Other,Software Engineering,TNS,1
Nicole Haynes,1022,Other,Software Engineering,PYZ,1
Debra Morales,1023,Operations / Shared Services,Software Engineering,WBL,1
Chad Andrews,1024,Operations / Shared Services,Software Engineering,NEL,1
John Wallace,1025,Data & Analytics,Admin Offices,PL,1
Benjamin Frederick,1026,Data & Analytics,Admin Offices,BPC,1
Michael Ramos,1027,Data & Analytics,Admin Offices,CCDR,1
Donna Boone,1028,Other,Software Engineering,PYZ,1
Jeffrey Johnston,1029,Other,Software Engineering,SVG,1
Sarah King,1030,Other,Software Engineering,TNS,1
Cynthia Delgado,1031,Other,Software Engineering,WBL,1
Dominique Bailey,1032,Other,Software Engineering,PYZ,1
Teresa Meyer,1033,Operations / Shared Services,Software Engineering,WBL,1
Sarah Carey,1034,Operations / Shared Services,Software Engineering,NEL,1
Taylor Wright,1035,Data & Analytics,Admin Offices,PL,1
Daniel Moore,1036,Data & Analytics,Admin Offices,BPC,1
Stacey Vargas,1037,Other,Software Engineering,CCDR,1
Beth Anderson,1038,Other,Software Engineering,SVG,1
Joshua Daniels,1039,Other,Software Engineering,EW,1
Mark Mays,1040,Other,Software Engineering,MSC,1
Brandon Ortiz,1041,Other,Software Engineering,TNS,1
Cheryl Swanson,1042,Other,Software Engineering,PYZ,1
Matthew Patel,1043,Operations / Shared Services,Software Engineering,WBL,1
Jennifer Adams,1044,Operations / Shared Services,Software Engineering,NEL,2
Kelly Williams,1045,Data & Analytics,Admin Offices,PL,1
Jose Daniel,1046,Other,Software Engineering,CCDR,1
Vanessa Ramirez,1047,Other,Software Engineering,SVG,1
Joshua Pittman,1048,Other,Software Engineering,EW,1
Patricia Brewer,1049,Other,Software Engineering,MSC,1
Jerry Suarez,1050,Other,Software Engineering,TNS,1
Allison York,1051,Other,Software Engineering,PYZ,1
Christopher Romero,1052,Operations / Shared Services,Software Engineering,WBL,2
Timothy Hansen,1053,Operations / Shared Services,Software Engineering,NEL,1
Christopher Romero,1054,Other,Software Engineering,PL,2
Alec Hernandez,1055,Other,Software Engineering,PYZ,1
Kari Bishop,1056,Other,Software Engineering,SVG,1
Justin Grant,1057,Other,Software Engineering,TNS,1
Sarah Sims,1058,Other,Software Engineering,WBL,1
Emily Brennan,1059,Other,Software Engineering,BPC,1
Sandra Black,1060,Operations / Shared Services,Software Engineering,CCDR,1
Laura Norman,1061,Operations / Shared Services,Software Engineering,EW,1
Amanda Hale,1062,Other,Software Engineering,BPC,1
James Baker,1063,Other,Software Engineering,CCDR,1
Terry Durham,1064,Other,Software Engineering,SVG,1
Erik Simon,1065,Other,Software Engineering,EW,1
Summer Moreno,1066,Other,Software Engineering,MSC,1
Carla Cox,1067,Other,Software Engineering,TNS,1
Mary Mendoza,1068,Other,Software Engineering,PYZ,1
Cassandra Smith,1069,Operations / Shared Services,Software Engineering,WBL,1
Warren Baker,1070,Operations / Shared Services,Software Engineering,NEL,1
Amy Bell,1071,Other,Software Engineering,PL,1
Teresa Lopez,1072,Other,Software Engineering,BPC,1
Kimberly Holland,1073,Other,Software Engineering,CCDR,1
Robert Garcia,1074,Other,Software Engineering,SVG,1
Nicholas Martinez,1075,Other,Software Engineering,EW,2
Carlos Barnes,1076,Other,Software Engineering,MSC,1
Allison Jacobs,1077,Other,Software Engineering,TNS,1
Angela Ramsey,1078,Other,Software Engineering,PYZ,1
Malik Smith,1079,Operations / Shared Services,Software Engineering,WBL,1
Jessica Lewis,1080,Operations / Shared Services,Software Engineering,NEL,1
Kayla Ibarra,1081,Other,Software Engineering,EW,1
Ryan Mathews,1082,Other,Software Engineering,MSC,1
Melissa Scott,1083,Other,Software Engineering,NEL,1
Robert Schmitt,1084,Other,Software Engineering,PL,1
Patricia Wallace,1085,Other,Software Engineering,PYZ,1
Justin Young,1086,Other,Software Engineering,SVG,1
Robert Salinas,1087,Other,Software Engineering,TNS,1
Mary Anderson,1088,Other,Software Engineering,WBL,1
Jennifer Stevens,1089,Other,Software Engineering,BPC,1
Jennifer Murphy,1090,Operations / Shared Services,Software Engineering,CCDR,1
Daniel Booth,1091,Production,Production       ,PYZ,1
Martin Jackson,1092,Production,Production       ,PYZ,1
Elizabeth Richards,1093,Production,Production       ,NEL,1
Jose Bray,1094,Production,Production       ,EW,1
Jamie Frye,1095,Production,Production       ,WBL,1
Adam Hunt,1096,Production,Production       ,PYZ,1
Jeffrey Saunders,1097,Production,Production       ,SVG,1
Stephanie Griffin,1098,Production,Production       ,PL,1
Robert Sullivan,1099,Production,Production       ,SVG,2
Charles Delacruz,1100,Production,Production       ,EW,1
John Alvarez,1101,Production,Production       ,TNS,1
Margaret Lee,1102,Production,Production       ,EW,1
Chad Moreno,1103,Production,Production       ,BPC,1
Matthew West,1104,Production,Production       ,PYZ,1
Mark Jacobs,1105,Production,Production       ,PL,1
Isaac Long,1106,Production,Production       ,BPC,1
Amanda Marshall,1107,Production,Production       ,BPC,1
Danielle Jones,1108,Production,Production       ,TNS,1
Timothy Moore,1109,Production,Production       ,EW,1
Joshua Vasquez,1110,Production,Production       ,NEL,1
Mark Hernandez,1111,Production,Production       ,BPC,2
Kristi Andrews,1112,Production,Production       ,MSC,1
Kenneth Carter,1113,Production,Production       ,NEL,1
John Smith,1114,Production,Production       ,PL,3
Bradley Butler,1115,Production,Production       ,PYZ,1
Ryan Jenkins,1116,Production,Production       ,SVG,1
Dennis Martinez,1117,Production,Production       ,TNS,1
Stephen Parks,1118,Production,Production       ,WBL,1
Brenda Garza DDS,1119,Production,Production       ,BPC,1
Ms. Diane Bradshaw DVM,1120,Production,Production       ,CCDR,1
Alyssa Gill,1121,Production,Production       ,EW,1
Miss Haley Duke DVM,1122,Production,Production       ,MSC,1
Barbara Gardner,1123,Production,Production       ,NEL,1
Monique Hudson DDS,1124,Production,Production       ,PL,1
Angela Peterson,1125,Production,Production       ,WBL,1
Tony Pratt,1126,Production,Production       ,NEL,1
Keith Lyons,1127,Production,Production       ,PL,1
Kevin Calderon,1128,Production,Production       ,BPC,1
Laura Reid,1129,Production,Production       ,CCDR,1
Stacey Fowler,1130,Production,Production       ,SVG,1
Stephen Hebert,1131,Production,Production       ,EW,1
James Burgess,1132,Production,Production       ,NEL,1
Jordan Robinson,1133,Production,Production       ,PL,1
Matthew Baker,1134,Production,Production       ,BPC,1
Anita Dudley,1135,Production,Production       ,CCDR,1
Marilyn Cook,1136,Production,Production       ,SVG,1
Brian Hamilton,1137,Production,Production       ,EW,1
David Park,1138,Production,Production       ,MSC,1
Victoria Campbell,1139,Production,Production       ,TNS,1
Anthony Steele,1140,Production,Production       ,PYZ,1
Terry Henson,1141,Production,Production       ,WBL,1
Katie Lucas,1142,Production,Production       ,NEL,1
Margaret Gamble,1143,Production,Production       ,PL,1
Heidi Wang,1144,Production,Production       ,BPC,1
David Moore,1145,Production,Production       ,TNS,2
Richard Harvey,1146,Production,Production       ,SVG,1
Lisa Shaw,1147,Production,Production       ,PYZ,1
Christopher Adams,1148,Production,Production       ,PL,1
Brittany Brown,1149,Production,Production       ,NEL,1
Riley Schultz,1150,Production,Production       ,MSC,1
Bradley Mitchell,1151,Production,Production       ,EW,1
Misty Mcknight,1152,Production,Production       ,CCDR,1
Brian Hudson,1153,Production,Production       ,EW,1
Andrew Perez,1154,Production,Production       ,MSC,1
Kimberly Marshall,1155,Production,Production       ,NEL,1
Ashley Washington,1156,Production,Production       ,PL,1
Kristen Chan,1157,Production,Production       ,PYZ,1
Sean Ellis,1158,Production,Production       ,SVG,1
Jennifer Cox,1159,Production,Production       ,TNS,1
Kevin Coleman,1160,Production,Production       ,WBL,1
Brian Henderson,1161,Production,Production       ,PYZ,1
Alyssa Myers DVM,1162,Production,Production       ,WBL,1
Julie Griffin,1163,Production,Production       ,NEL,1
Curtis Fitzpatrick,1164,Production,Production       ,PL,1
Elizabeth Garcia,1165,Production,Production       ,BPC,1
Michelle Castillo,1166,Production,Production       ,WBL,1
Caroline Grant,1167,Production,Production       ,NEL,1
Mark Ellis,1168,Production,Production       ,PL,1
Mrs. Danielle Dickerson DDS,1169,Production,Production       ,BPC,1
Stacy Ellis,1170,Production,Production       ,CCDR,1
Hannah Bailey,1171,Production,Production       ,SVG,1
Charles Rogers,1172,Production,Production       ,EW,1
Christine Foster,1173,Production,Production       ,BPC,1
Tyler Brown,1174,Production,Production       ,CCDR,1
Holly Nichols,1175,Production,Production       ,EW,1
Jennifer Phillips,1176,Production,Production       ,MSC,1
Shannon Cruz,1177,Production,Production       ,NEL,1
Jamie Lowe,1178,Production,Production       ,PL,1
Paige Calderon,1179,Production,Production       ,PYZ,1
Jacob Taylor,1180,Production,Production       ,SVG,1
Sandra Pollard,1181,Production,Production       ,TNS,1
Alex Cox,1182,Production,Production       ,WBL,1
Jon Adams,1183,Production,Production       ,BPC,1
Cassandra Cox,1184,Production,Production       ,CCDR,1
Lucas Duffy,1185,Production,Production       ,EW,1
Ashley Ellis,1186,Production,Production       ,MSC,1
Allison Figueroa,1187,Production,Production       ,NEL,1
Alex Bernard,1188,Production,Production       ,WBL,1
Micheal Bryant,1189,Production,Production       ,NEL,1
Bryan Simpson,1190,Production,Production       ,PL,1
Tamara Carter,1191,Production,Production       ,BPC,1
Bryan Harris,1192,Production,Production       ,CCDR,1
Anna Meyers,1193,Production,Production       ,SVG,1
Christopher Levy,1194,Production,Production       ,EW,1
David Maddox,1195,Production,Production       ,TNS,1
John Lambert,1196,Production,Production       ,PYZ,1
Anthony Cross,1197,Production,Production       ,WBL,1
Daniel Blackburn,1198,Production,Production       ,NEL,1
Richard Graves,1199,Production,Production       ,PL,1
Sheryl Scott,1200,Production,Production       ,BPC,1
Robert Hill,1201,Production,Production       ,CCDR,1
Emily Rogers,1202,Production,Production       ,SVG,1
Jasmine Johnson,1203,Production,Production       ,EW,1
Melissa Tucker,1204,Production,Production       ,MSC,1
Timothy Higgins,1205,Production,Production       ,TNS,1
Richard Scott,1206,Production,Production       ,PYZ,1
Hunter Hill,1207,Production,Production       ,WBL,1
Melissa Greene,1208,Production,Production       ,NEL,1
Edwin Guerrero,1209,Production,Production       ,PL,1
Ann Collins,1210,Production,Production       ,BPC,1
John Miles,1211,Production,Production       ,CCDR,1
Kevin Mendez,1212,Production,Production       ,EW,1
Joe Miller,1213,Production,Production       ,MSC,1
Joshua Barnes,1214,Production,Production       ,NEL,1
Daniel Benson,1215,Production,Production       ,PL,1
Andrea Smith,1216,Production,Production       ,PYZ,1
Joshua Johns,1217,Production,Production       ,SVG,1
Robert Watts,1218,Production,Production       ,WBL,1
Kelly Tate,1219,Production,Production       ,BPC,1
Terry Flores,1220,Production,Production       ,CCDR,1
Leslie Davis,1221,Production,Production       ,EW,1
Sarah Williams,1222,Production,Production       ,MSC,1
Luke Miller,1223,Production,Production       ,NEL,1
Jeremiah Smith,1224,Production,Production       ,PL,1
Krista Smith,1225,Production,Production       ,PYZ,1
Eric Greer,1226,Production,Production       ,SVG,1
Hannah Davis,1227,Production,Production       ,TNS,1
Anthony Murray,1228,Production,Production       ,WBL,1
Michael Torres,1229,Production,Production       ,BPC,1
Claire Baker,1230,Production,Production       ,CCDR,1
Michael Garcia,1231,Production,Production       ,EW,1
Mrs. Leslie Simmons,1232,Production,Production       ,MSC,1
Hannah Cruz,1233,Production,Production       ,WBL,1
Claudia Atkinson,1234,Production,Production       ,NEL,1
Virginia Castro,1235,Production,Production       ,PL,1
Tina Morgan,1236,Production,Production       ,BPC,1
Nancy Gutierrez,1237,Production,Production       ,CCDR,1
Brandon Bates,1238,Production,Production       ,SVG,1
Angela Brooks,1239,Production,Production       ,TNS,1
Katie Barry,1240,Production,Production       ,PYZ,1
Craig Arias,1241,Production,Production       ,WBL,1
Luke Carter,1242,Production,Production       ,NEL,1
Richard Oliver,1243,Production,Production       ,PL,1
Raymond Hernandez,1244,Production,Production       ,BPC,1
James Clay,1245,Production,Production       ,CCDR,1
Casey Dennis,1246,Production,Production       ,SVG,1
Lisa Gonzalez,1247,Production,Production       ,EW,1
Theresa Miller,1248,Production,Production       ,MSC,1
Christopher Stewart,1249,Production,Production       ,TNS,1
Sheri Pearson,1250,Production,Production       ,BPC,1
Dennis Davis,1251,Production,Production       ,CCDR,1
Timothy Hester,1252,Production,Production       ,EW,1
Thomas Baker,1253,Production,Production       ,MSC,1
Tracy Ramos,1254,Production,Production       ,WBL,1
Alicia Lindsey,1255,Production,Production       ,NEL,1
Adam Harmon,1256,Production,Production       ,PL,1
Brandon Lane,1257,Production,Production       ,BPC,1
Jeremy Thomas,1258,Production,Production       ,CCDR,1
Justin Phelps,1259,Production,Production       ,SVG,1
Tabitha Martin,1260,Production,Production       ,TNS,1
Katherine Huber,1261,Production,Production       ,PYZ,1
James Benson,1262,Production,Production       ,WBL,1
Thomas Rogers,1263,Production,Production       ,NEL,1
Veronica Alexander MD,1264,Production,Production       ,PL,1
Angela Jackson,1265,Production,Production       ,BPC,1
Lisa Campbell,1266,Production,Production       ,CCDR,1
Sophia Bowman,1267,Production,Production       ,SVG,1
Chelsey Crawford,1268,Production,Production       ,EW,1
Brianna Blanchard,1269,Production,Production       ,MSC,1
Adam Miller,1270,Production,Production       ,TNS,1
Brenda Johnson,1271,Production,Production       ,PYZ,1
Natalie Shaffer,1272,Production,Production       ,WBL,1
Rachel Wilkins,1273,Production,Production       ,NEL,1
Nicole Pierce,1274,Production,Production       ,PL,1
Nicole Gamble,1275,Production,Production       ,CCDR,1
Lauren Gonzales,1276,Production,Production       ,EW,1
Margaret Murphy,1277,Production,Production       ,MSC,1
Christine Oneill,1278,Production,Production       ,NEL,1
Regina Rogers,1279,Production,Production       ,PL,1
Timothy Blackwell,1280,Production,Production       ,MSC,1
Jeffrey Bowen,1281,Production,Production       ,TNS,1
Eileen Rodriguez,1282,Production,Production       ,BPC,1
Deborah Arnold,1283,Production,Production       ,CCDR,1
Chase Hardy,1284,Production,Production       ,EW,1
John Gonzalez,1285,Production,Production       ,MSC,1
Jennifer Randall,1286,Production,Production       ,NEL,1
Evelyn Diaz,1287,Production,Production       ,PL,1
Justin Johnson,1288,Production,Production       ,PYZ,1
Kevin Pearson,1289,Production,Production       ,SVG,1
Bryan Salas,1290,Production,Production       ,TNS,1
Jeffery Williams,1291,Production,Production       ,WBL,1
Amy Hess,1292,Production,Production       ,BPC,1
Ashley Craig,1293,Production,Production       ,CCDR,1
Lisa Ward,1294,Production,Production       ,EW,1
Richard Santos,1295,Production,Production       ,PYZ,1
Nathan Hill,1296,Production,Production       ,WBL,1
Cindy Smith,1297,Production,Production       ,NEL,1
Gerald Dunlap,1298,Production,Production       ,PL,1
Joseph Dixon,1299,Production,Production       ,BPC,1
Angela Garcia,1300,Production,Production       ,CCDR,1
Todd Nelson,1301,Production,Production       ,MSC,1
Aaron Mendoza,1302,Production,Production       ,TNS,1
Crystal Taylor,1303,Production,Production       ,PYZ,1
Amanda Barnes,1304,Production,Production       ,WBL,1
John Bradford,1305,Production,Production       ,NEL,1
Christopher Norris,1306,Production,Production       ,PL,1
Mr. Danny Snow,1307,Production,Production       ,BPC,1
Isaac Foley,1308,Production,Production       ,CCDR,1
Holly Pearson,1309,Production,Production       ,SVG,1
Adam Vang,1310,Production,Production       ,EW,1
Anna Townsend,1311,Production,Production       ,MSC,1
Edgar Moore,1312,Production,Production       ,TNS,1
Gary Nelson,1313,Production,Production       ,PYZ,1
Andrea Fowler,1314,Production,Production       ,WBL,1
Gina Williams,1315,Finance & Accounting,Admin Offices,NEL,1
Michael West,1316,Executive & Leadership,Executive Office,CCDR,1
Leslie Allen,1317,Finance & Accounting,Admin Offices,MSC,1
Donald Decker,1318,Admin & Support,Admin Offices,WBL,1
Donald Richardson,1319,Finance & Accounting,Admin Offices,EW,1
James Bell,1320,Admin & Support,Admin Offices,WBL,1
Adrienne Roth,1321,Finance & Accounting,Admin Offices,TNS,1
Jessica Blackwell,1322,Finance & Accounting,Admin Offices,TNS,1
Mary Walker,1323,Admin & Support,Admin Offices,PL,1
Derrick Garcia,1324,Finance & Accounting,Admin Offices,MSC,1
Jesus Golden,1325,Finance & Accounting,Admin Offices,TNS,1
Mark Greene,1326,IT & Infrastructure,Admin Offices,PYZ,1
Lisa Mills,1327,IT & Infrastructure,Admin Offices,WBL,1
Robert Sawyer,1328,IT & Infrastructure,IT/IS,NEL,1
Desiree Bender,1329,Other,Software Engineering,PL,1
Jeremy Smith,1330,Finance & Accounting,Admin Offices,MSC,1
Mary Taylor,1331,Finance & Accounting,Admin Offices,TNS,1
Barry Fitzgerald,1332,IT & Infrastructure,Admin Offices,PYZ,1
Tracey Clark,1333,IT & Infrastructure,IT/IS,WBL,1
Christina Knight,1334,IT & Infrastructure,IT/IS,NEL,1
Debra Garza,1335,Other,Software Engineering,NEL,1
Ashley Petersen,1336,Finance & Accounting,Admin Offices,TNS,1
Jamie Collins,1337,Finance & Accounting,Admin Offices,WBL,1
Stephen Ray,1338,IT & Infrastructure,Admin Offices,BPC,1
Michael Norton,1339,IT & Infrastructure,IT/IS,CCDR,1
Diane Ramirez,1340,IT & Infrastructure,IT/IS,EW,1
Ralph Sloan,1341,Operations / Shared Services,Software Engineering,CCDR,1
Mark Willis,1342,Finance & Accounting,Admin Offices,EW,1
Joshua Huber,1343,Finance & Accounting,Admin Offices,MSC,1
John Clark MD,1344,Finance & Accounting,Admin Offices,TNS,1
Amy Jones,1345,IT & Infrastructure,Admin Offices,PYZ,1
Maurice Krause,1346,IT & Infrastructure,IT/IS,WBL,1
Amy Griffin,1347,IT & Infrastructure,IT/IS,NEL,1
Debra Gomez,1348,Operations / Shared Services,Software Engineering,WBL,1
Jeremy Pope,1349,Finance & Accounting,Admin Offices,EW,1
Jeffrey Williams,1350,Finance & Accounting,Admin Offices,MSC,1
Daniel Cooper,1351,Finance & Accounting,Admin Offices,TNS,1
Chase Ho,1352,IT & Infrastructure,Admin Offices,PYZ,1
Felicia Bailey,1353,IT & Infrastructure,IT/IS,WBL,1
Christopher Jones,1354,Operations / Shared Services,Software Engineering,WBL,1
Alec Taylor,1355,Admin & Support,Admin Offices,SVG,1
Ronald Jones,1356,Finance & Accounting,Admin Offices,EW,1
Mrs. Tracy Cisneros DDS,1357,Finance & Accounting,Admin Offices,MSC,1
Isabella Hawkins,1358,Finance & Accounting,Admin Offices,TNS,1
Kendra Garcia,1359,IT & Infrastructure,Admin Offices,BPC,1
Dawn Williams,1360,IT & Infrastructure,IT/IS,CCDR,1
Rebecca Randolph,1361,Finance & Accounting,Admin Offices,BPC,1
William Page,1362,Admin & Support,Admin Offices,SVG,1
Deborah Johnson,1363,Finance & Accounting,Admin Offices,EW,1
Danny Williams,1364,Finance & Accounting,Admin Offices,MSC,1
Misty Collier,1365,Finance & Accounting,Admin Offices,TNS,1
Peter Ortiz,1366,IT & Infrastructure,IT/IS,PYZ,1
Jeremy Frye,1367,IT & Infrastructure,IT/IS,WBL,1
Leah Boyd,1368,Finance & Accounting,Admin Offices,PYZ,1
Darren Zimmerman,1369,Admin & Support,Sales,CCDR,1
Tommy Obrien,1370,Admin & Support,Admin Offices,SVG,1
Mrs. Nicole Garrison MD,1371,Finance & Accounting,Admin Offices,EW,1
Gary Clark,1372,Finance & Accounting,Admin Offices,MSC,1
Tina Shaw,1373,Finance & Accounting,Admin Offices,TNS,1
Stephen Myers,1374,IT & Infrastructure,IT/IS,PYZ,1
Jeremy Anderson,1375,Finance & Accounting,Admin Offices,PYZ,1
Linda Brown,1376,Admin & Support,Sales,CCDR,1
Harry Ellis,1377,Admin & Support,Admin Offices,SVG,1
Michael Mathis,1378,Finance & Accounting,Admin Offices,EW,1
Vincent Snyder,1379,Finance & Accounting,Admin Offices,MSC,1
Mr. Richard Hicks MD,1380,Finance & Accounting,Admin Offices,TNS,1
Chad Crawford,1381,IT & Infrastructure,IT/IS,PYZ,1
Ana Henry,1382,Finance & Accounting,Admin Offices,TNS,1
Alan Rios,1383,Finance & Accounting,Admin Offices,BPC,1
Mrs. Tammy Ballard,1384,Admin & Support,Admin Offices,CCDR,1
Brittany Glover,1385,Admin & Support,Admin Offices,SVG,1
Joseph Edwards,1386,Finance & Accounting,Admin Offices,EW,1
Sean Hall,1387,Finance & Accounting,Admin Offices,MSC,1
Jamie Gardner,1388,Finance & Accounting,Admin Offices,TNS,1
James Hines,1389,Production,Production       ,NEL,1
Matthew Allen,1390,Production,Production       ,SVG,1
Janet Jones,1391,Production,Production       ,MSC,1
David Stephens,1392,Production,Production       ,PL,1
Abigail Johnson,1393,Production,Production       ,SVG,1
Wesley Stephens,1394,Production,Production       ,NEL,1
Mr. Kevin Reid,1395,Production,Production       ,SVG,1
Jorge Taylor,1396,Production,Production       ,SVG,1
Robert Gonzalez,1397,Production,Production       ,MSC,1
Kristin Baird,1398,Production,Production       ,PYZ,1
Mrs. Sabrina Reed,1399,Production,Production       ,BPC,1
Larry Frost,1400,Production,Production       ,NEL,1
Michael Holland,1401,Production,Production       ,PL,1
Kirk Brooks,1402,Production,Production       ,MSC,1
Austin Dixon,1403,Production,Production       ,SVG,1
James Guzman,1404,Production,Production       ,BPC,1
Lisa Peters,1405,Production,Production       ,PL,1
Gloria Yang,1406,Production,Production       ,PYZ,1
Stephanie Kelly,1407,Production,Production       ,TNS,1
Dr. Michael Melendez,1408,Production,Production       ,PL,1
Amanda Perez,1409,Production,Production       ,MSC,1
Tina Griffin,1410,Production,Production       ,SVG,1
Joshua Gregory,1411,Production,Production       ,EW,1
Kathleen Patterson,1412,Production,Production       ,MSC,1
Maria Payne,1413,Production,Production       ,TNS,1
Samantha Salas,1414,Production,Production       ,BPC,1
James Wilson,1415,Production,Production       ,CCDR,1
Brandon Oconnell,1416,Production,Production       ,EW,1
Bobby Martinez,1417,Production,Production       ,MSC,1
Timothy Hill,1418,Production,Production       ,NEL,1
Michael Ingram,1419,Production,Production       ,PL,1
Jamie Ray,1420,Production,Production       ,PYZ,1
Michael Reese,1421,Production,Production       ,SVG,1
Justin Kent,1422,Production,Production       ,TNS,1
Thomas Leon,1423,Production,Production       ,WBL,1
Crystal Barnes,1424,Production,Production       ,BPC,1
Nicholas Oconnor,1425,Production,Production       ,CCDR,1
Sarah Stevenson,1426,Production,Production       ,EW,1
Barry Payne,1427,Production,Production       ,CCDR,1
Paula Ross,1428,Production,Production       ,SVG,1
Lisa Spencer,1429,Production,Production       ,EW,1
Joseph Smith,1430,Production,Production       ,MSC,1
Samantha Ross,1431,Production,Production       ,TNS,1
Timothy Johnston,1432,Production,Production       ,PYZ,1
Brandi Ruiz,1433,Production,Production       ,SVG,1
Desiree Martinez,1434,Production,Production       ,EW,2
Allison Sanders,1435,Production,Production       ,MSC,1
Kimberly Meyer,1436,Production,Production       ,TNS,2
James Kennedy,1437,Production,Production       ,PYZ,1
Brianna Coleman,1438,Production,Production       ,WBL,1
Daniel Mason,1439,Production,Production       ,NEL,1
Tommy Green,1440,Production,Production       ,PL,1
Holly Lee,1441,Production,Production       ,BPC,1
Jerome Warren,1442,Production,Production       ,CCDR,1
Robert Carter,1443,Production,Production       ,SVG,1
John Mccarty,1444,Production,Production       ,EW,1
Felicia Goodwin,1445,Production,Production       ,MSC,1
Joseph Riley,1446,Production,Production       ,TNS,1
Alexis Bell,1447,Production,Production       ,PYZ,1
Jesus Mejia,1448,Production,Production       ,WBL,1
Ashley Gamble,1449,Production,Production       ,PL,1
Michael Rodriguez,1450,Production,Production       ,PYZ,1
Miguel Whitehead,1451,Production,Production       ,SVG,1
Lindsey Carter PhD,1452,Production,Production       ,TNS,1
Sherry Jones,1453,Production,Production       ,WBL,1
Ryan Cooke,1454,Production,Production       ,WBL,1
Sara Farrell,1455,Production,Production       ,PL,1
Brittany Payne,1456,Production,Production       ,PYZ,1
Linda Boyer,1457,Production,Production       ,SVG,1
John Carter,1458,Production,Production       ,TNS,1
Joshua Watkins,1459,Production,Production       ,WBL,1
Adam Graves,1460,Production,Production       ,BPC,1
Shane Carr,1461,Production,Production       ,CCDR,1
Kelly Patel,1462,Production,Production       ,EW,1
Maria Young,1463,Production,Production       ,MSC,1
Karen Cooke,1464,Production,Production       ,NEL,1
Tammy Gardner,1465,Production,Production       ,PL,1
Jennifer Dillon,1466,Production,Production       ,PYZ,1
Andrew Brown,1467,Production,Production       ,SVG,1
Michael Flowers,1468,Production,Production       ,TNS,1
Juan Gordon,1469,Production,Production       ,WBL,1
Kimberly Green,1470,Production,Production       ,BPC,1
Connie Elliott,1471,Production,Production       ,CCDR,1
Chase Ali,1472,Production,Production       ,SVG,1
Teresa Wood,1473,Production,Production       ,EW,1
Timothy Powell,1474,Production,Production       ,MSC,1
Michelle Webb,1475,Production,Production       ,TNS,1
Jared Walsh,1476,Production,Production       ,PYZ,1
Jennifer Rivera,1477,Production,Production       ,CCDR,1
Susan Burns,1478,Production,Production       ,SVG,1
Sandra Blackwell,1479,Production,Production       ,EW,1
Eric Oliver,1480,Production,Production       ,MSC,1
Robyn Robbins,1481,Production,Production       ,TNS,1
Robert Hall,1482,Production,Production       ,PYZ,1
Jacob Smith,1483,Production,Production       ,WBL,2
Sarah Harper,1484,Production,Production       ,NEL,1
Dennis Yates,1485,Production,Production       ,PL,1
Christopher Smith,1486,Production,Production       ,BPC,1
Tracy Phillips,1487,Production,Production       ,CCDR,1
Barry Martinez,1488,Production,Production       ,SVG,1
David Young,1489,Production,Production       ,EW,1
Edwin Serrano,1490,Production,Production       ,MSC,1
Kevin Jones,1491,Production,Production       ,TNS,1
Ian Price,1492,Production,Production       ,CCDR,1
Kimberly Rivera,1493,Production,Production       ,SVG,1
Miranda Brown,1494,Production,Production       ,EW,1
Jorge Cunningham,1495,Production,Production       ,MSC,1
Sarah Fisher,1496,Production,Production       ,TNS,1
Melissa Moreno,1497,Production,Production       ,PYZ,1
Crystal Smith,1498,Production,Production       ,BPC,1
Lori Lopez DVM,1499,Production,Production       ,CCDR,1
Kevin Rodriguez,1500,Production,Production       ,SVG,1
Mary Higgins,1501,Production,Production       ,EW,1
Austin Salas,1502,Production,Production       ,MSC,1
Marissa Clarke,1503,Production,Production       ,TNS,1
Cindy Lopez,1504,Production,Production       ,PYZ,1
Nicole Harrington,1505,Production,Production       ,WBL,1
Christopher Garcia,1506,Production,Production       ,NEL,2
Jamie Wallace,1507,Production,Production       ,PL,1
Noah Woods,1508,Production,Production       ,BPC,1
Taylor Fleming,1509,Production,Production       ,CCDR,1
Stacy Blackwell,1510,Production,Production       ,SVG,1
Melissa Morse,1511,Production,Production       ,EW,1
Maria Huber,1512,Production,Production       ,MSC,1
Carol Knapp,1513,Production,Production       ,PL,1
Alan Anderson,1514,Production,Production       ,PYZ,1
Catherine Durham,1515,Production,Production       ,SVG,1
Travis Smith,1516,Production,Production       ,TNS,1
Deborah Clark,1517,Production,Production       ,WBL,1
Tonya Lewis,1518,Production,Production       ,BPC,1
Albert Wilson,1519,Production,Production       ,BPC,1
Timothy Anthony,1520,Production,Production       ,CCDR,1
Jackie Poole,1521,Production,Production       ,SVG,1
Dr. Daisy James,1522,Production,Production       ,EW,1
Amber Gutierrez,1523,Production,Production       ,MSC,1
Johnny Simpson,1524,Production,Production       ,TNS,1
Ashley Padilla,1525,Production,Production       ,BPC,1
Seth Parks,1526,Production,Production       ,CCDR,1
Timothy Robbins,1527,Production,Production       ,EW,1
Troy Moore,1528,Production,Production       ,MSC,1
Dale Morgan,1529,Production,Production       ,NEL,1
Melissa Carlson,1530,Production,Production       ,PL,1
Paula Flynn,1531,Production,Production       ,PYZ,1
Kendra Huerta,1532,Production,Production       ,SVG,1
Larry Miller,1533,Production,Production       ,TNS,1
Timothy Jennings,1534,Production,Production       ,CCDR,1
Mary Stokes,1535,Production,Production       ,SVG,1
Samuel Donovan,1536,Production,Production       ,EW,1
Eddie Herrera,1537,Production,Production       ,MSC,1
Michael Reed,1538,Production,Production       ,TNS,1
Luke Bright,1539,Production,Production       ,PYZ,1
Bonnie Myers,1540,Production,Production       ,BPC,1
Pamela Guzman,1541,Production,Production       ,CCDR,1
Brittany Sanchez,1542,Production,Production       ,SVG,1
Crystal Nelson,1543,Production,Production       ,EW,1
Jenna Martin,1544,Production,Production       ,MSC,1
Lacey Andrews,1545,Production,Production       ,TNS,1
Michelle Miller,1546,Production,Production       ,PYZ,2
Charles Massey,1547,Production,Production       ,WBL,1
Karen Marquez MD,1548,Production,Production       ,NEL,1
Valerie Gregory,1549,Production,Production       ,PL,1
David Bullock,1550,Production,Production       ,BPC,1
Matthew Mcdaniel,1551,Production,Production       ,CCDR,1
Cory Edwards,1552,Production,Production       ,SVG,1
Kelly Reyes,1553,Production,Production       ,EW,1
Dustin Alvarado,1554,Production,Production       ,MSC,1
Kenneth Reeves,1555,Production,Production       ,PL,1
Juan Spencer,1556,Production,Production       ,PYZ,1
Melissa Rodriguez,1557,Production,Production       ,SVG,1
Andrew Johnson,1558,Production,Production       ,TNS,1
Jodi Scott,1559,Production,Production       ,WBL,1
Tyler Jackson,1560,Production,Production       ,PYZ,1
Jordan Medina,1561,Production,Production       ,PL,1
Thomas Garner,1562,Production,Production       ,BPC,1
Anne Weaver,1563,Production,Production       ,CCDR,1
Todd Cooper,1564,Production,Production       ,SVG,1
Kathryn Drake,1565,Production,Production       ,EW,1
April Mcdonald,1566,Production,Production       ,MSC,1
Taylor Harris,1567,Production,Production       ,TNS,1
Amber Moody,1568,Production,Production       ,PYZ,1
Larry Ramirez,1569,Production,Production       ,WBL,1
Debra Freeman,1570,Production,Production       ,NEL,1
Lisa Walton,1571,Production,Production       ,PL,1
Julie Porter,1572,Production,Production       ,BPC,1
Kim Mcintyre,1573,Production,Production       ,CCDR,1
Stacy Hall,1574,Production,Production       ,SVG,1
Amanda Patterson,1575,Production,Production       ,EW,1
Bill Horn,1576,Production,Production       ,MSC,1
Kevin Hall,1577,Production,Production       ,PL,1
Robin Valdez,1578,Production,Production       ,PYZ,1
Zachary Santana,1579,Production,Production       ,SVG,1
Jennifer Campos,1580,Production,Production       ,TNS,1
Alicia Orr,1581,Production,Production       ,WBL,1
Edward Merritt II,1582,Production,Production       ,BPC,1
Katherine Morris,1583,Production,Production       ,NEL,1
Alexis Reed,1584,Production,Production       ,PL,1
Dr. Ray Austin,1585,Production,Production       ,BPC,1
Samuel Horton,1586,Production,Production       ,CCDR,1
Brenda Butler,1587,Production,Production       ,SVG,1
April Sanchez,1588,Production,Production       ,EW,1
Monica Hubbard,1589,Production,Production       ,MSC,1
Antonio Wilson,1590,Production,Production       ,TNS,1
Carla Francis,1591,Production,Production       ,PYZ,1
Elizabeth Allen,1592,Production,Production       ,WBL,2
Donna Collins,1593,Production,Production       ,NEL,1
Paul Smith,1594,Production,Production       ,PL,2
Laura Meadows,1595,Production,Production       ,BPC,1
Jennifer Mendez,1596,Production,Production       ,CCDR,1
Lynn Lewis,1597,Production,Production       ,SVG,1
Francisco Henry,1598,Production,Production       ,EW,1
Marie Cruz,1599,Production,Production       ,BPC,1
April Carpenter,1600,Production,Production       ,CCDR,1
Christopher Sullivan,1601,Production,Production       ,SVG,1
Elizabeth Klein MD,1602,Production,Production       ,EW,1
Jonathon Rivera,1603,Production,Production       ,MSC,1
Ryan Dominguez,1604,Production,Production       ,TNS,1
Mark Marks,1605,Production,Production       ,NEL,1
Justin Hartman,1606,Production,Production       ,PL,1
David Boyd,1607,Production,Production       ,BPC,1
Emily Flores,1608,Production,Production       ,CCDR,1
John Hopkins,1609,Production,Production       ,SVG,1
Wendy Williamson,1610,Production,Production       ,EW,1
Glenda Wilson,1611,Production,Production       ,MSC,1
Bailey Richards,1612,Production,Production       ,TNS,1
Taylor Cruz,1613,Production,Production       ,PYZ,1
Joseph Harris,1614,Production,Production       ,WBL,1
Courtney Mann,1615,Production,Production       ,NEL,1
Anthony Page,1616,Production,Production       ,PL,1
Christina Powell,1617,Production,Production       ,BPC,1
Shane Smith,1618,Production,Production       ,CCDR,1
Tammie Brown,1619,Production,Production       ,SVG,1
David Browning,1620,Production,Production       ,EW,1
Alicia Mendoza,1621,Data & Analytics,IT/IS,MSC,1
Cynthia Goodwin,1622,Data & Analytics,IT/IS,TNS,1
David Beard,1623,Data & Analytics,IT/IS,PYZ,1
Maria Rivera,1624,Data & Analytics,IT/IS,WBL,1
Victor Maynard,1625,Data & Analytics,IT/IS,NEL,1
William Green,1626,Data & Analytics,IT/IS,PL,1
Alicia Howard,1627,Data & Analytics,IT/IS,BPC,1
Walter Thompson,1628,Data & Analytics,IT/IS,CCDR,1
Robert Crawford,1629,Data & Analytics,IT/IS,PL,1
David Wu,1630,Data & Analytics,IT/IS,BPC,1
Jessica Peters,1631,Data & Analytics,IT/IS,CCDR,2
Mary Lewis,1632,Data & Analytics,IT/IS,SVG,1
Sandra Gardner,1633,Sales,IT/IS,EW,1
Bethany Jackson,1634,Sales,IT/IS,MSC,1
Alexandra Harvey,1635,Sales,IT/IS,TNS,1
Donna Gomez,1636,Sales,Admin Offices,SVG,1
Mr. Keith Smith DVM,1637,Sales,Admin Offices,EW,1
Miss Andrea Robertson,1638,Sales,Sales,MSC,1
Robert Ford,1639,Data & Analytics,IT/IS,EW,1
Christopher Meyer,1640,Data & Analytics,IT/IS,MSC,1
Daniel Cooke,1641,Data & Analytics,IT/IS,NEL,1
Jennifer Davies,1642,Data & Analytics,IT/IS,PL,1
Christopher King,1643,Sales,IT/IS,SVG,1
Jasmine Mclaughlin,1644,Sales,IT/IS,TNS,1
Jennifer Briggs,1645,Sales,IT/IS,WBL,1
Carol Morales,1646,Sales,Admin Offices,SVG,1
Johnny Parker,1647,Sales,IT/IS,EW,1
Karen Cordova,1648,Sales,Sales,MSC,1
Diana Schmitt,1649,Executive & Leadership,IT/IS,WBL,1
Courtney Chang,1650,Data & Analytics,IT/IS,NEL,1
Patricia Moore,1651,Data & Analytics,IT/IS,PL,1
Tiffany Cantrell,1652,Data & Analytics,IT/IS,BPC,1
Alyssa Gutierrez,1653,Sales,IT/IS,EW,1
Raymond Walsh,1654,Sales,IT/IS,MSC,1
Lisa Thompson,1655,Sales,IT/IS,TNS,1
Jessica Morgan,1656,Data & Analytics,Admin Offices,CCDR,2
Tristan Hutchinson,1657,Sales,IT/IS,SVG,1
Aaron Willis,1658,Sales,IT/IS,EW,1
Keith Fleming,1659,Sales,Sales,MSC,1
Whitney Miller,1660,Executive & Leadership,IT/IS,WBL,1
Christina Randall,1661,Data & Analytics,IT/IS,NEL,1
William Lloyd,1662,Data & Analytics,IT/IS,PL,1
Mrs. Jennifer Hughes,1663,Data & Analytics,IT/IS,BPC,1
Jordan Bennett,1664,Sales,IT/IS,EW,1
Jonathan Taylor,1665,Sales,IT/IS,MSC,1
Alexis Johns,1666,Sales,IT/IS,TNS,1
Gloria Franklin,1667,Data & Analytics,Admin Offices,BPC,1
Eric Mcclain,1668,Data & Analytics,Admin Offices,CCDR,1
Olivia Barton,1669,Sales,IT/IS,SVG,1
Bethany Norris,1670,Sales,IT/IS,EW,1
Anita Brown,1671,Sales,Sales,MSC,1
Emily Chen,1672,Executive & Leadership,IT/IS,CCDR,1
April Gallagher,1673,Data & Analytics,IT/IS,EW,1
Deborah White,1674,Data & Analytics,IT/IS,MSC,1
Crystal Garcia,1675,Sales,IT/IS,SVG,1
Jeremy Ewing,1676,Sales,IT/IS,TNS,1
Dillon Guerrero,1677,Sales,IT/IS,WBL,1
Barbara Boyd,1678,Data & Analytics,Admin Offices,PL,1
Susan Barrett,1679,Data & Analytics,Admin Offices,BPC,1
Anthony Foster,1680,Data & Analytics,IT/IS,CCDR,1
Jennifer Cook,1681,Sales,IT/IS,SVG,1
Elizabeth Romero,1682,Sales,IT/IS,EW,1
Rebecca Davis,1683,Sales,Sales,MSC,1
Christopher Ayala,1684,Executive & Leadership,IT/IS,WBL,1
Jeremy Wright,1685,Data & Analytics,IT/IS,NEL,1
Jennifer Adams,1686,Data & Analytics,IT/IS,SVG,2
Charles Williamson,1687,Sales,IT/IS,EW,1
James Black,1688,Sales,IT/IS,MSC,1
Wendy Palmer,1689,Data & Analytics,Admin Offices,MSC,1
Tracy Price,1690,Data & Analytics,Admin Offices,NEL,1
Ruth Cruz,1691,Data & Analytics,IT/IS,PL,1
William Hutchinson,1692,Sales,IT/IS,PYZ,1
Sharon Kim,1693,Sales,IT/IS,SVG,1
Dennis Gardner,1694,Executive & Leadership,IT/IS,TNS,1
Jennifer Hernandez,1695,Data & Analytics,IT/IS,SVG,2
Margaret Martinez,1696,Data & Analytics,IT/IS,NEL,1
Melanie Campbell,1697,Data & Analytics,IT/IS,MSC,1
Deborah Beltran,1698,Sales,IT/IS,EW,1
Justin Jordan,1699,Data & Analytics,Admin Offices,PL,1
Katherine Mccarthy,1700,Data & Analytics,IT/IS,BPC,1
Jacob Brown,1701,Data & Analytics,IT/IS,CCDR,1
Bradley Sandoval,1702,Sales,IT/IS,SVG,1
Mary Waters,1703,Sales,Sales,EW,1
Rachel Thomas,1704,Executive & Leadership,IT/IS,CCDR,1
David Kirk,1705,Data & Analytics,IT/IS,EW,1
Christopher Fisher,1706,Data & Analytics,IT/IS,NEL,1
Charles Mcdonald,1707,Data & Analytics,IT/IS,PL,1
Bonnie Smith,1708,Data & Analytics,IT/IS,PYZ,1
Whitney Roberts,1709,Sales,IT/IS,SVG,1
Paige Eaton DDS,1710,Data & Analytics,Admin Offices,PL,1
Johnny Stevens,1711,Data & Analytics,IT/IS,BPC,1
Joanna Lewis,1712,Data & Analytics,IT/IS,CCDR,1
Isabella Cox,1713,Sales,IT/IS,SVG,1
Nicholas Gomez,1714,Sales,Sales,EW,1
Monique Barnes,1715,Executive & Leadership,IT/IS,WBL,1
Steven Oliver,1716,Data & Analytics,IT/IS,NEL,1
Vicki Delgado,1717,Data & Analytics,IT/IS,BPC,1
Daryl Swanson,1718,Data & Analytics,IT/IS,CCDR,1
James Johnson,1719,Data & Analytics,IT/IS,SVG,1
Juan Jackson,1720,Data & Analytics,IT/IS,MSC,1
Wendy Daniels,1721,Data & Analytics,IT/IS,NEL,1
John Smith,1722,Data & Analytics,IT/IS,PL,3
Nicole Taylor,1723,Sales,Sales,PYZ,1
Amanda Shaw MD,1724,Executive & Leadership,IT/IS,TNS,1
Nancy Cruz,1725,Data & Analytics,IT/IS,PL,1
Elizabeth Walker,1726,Data & Analytics,IT/IS,NEL,1
Leslie Tran,1727,Data & Analytics,IT/IS,MSC,1
Yesenia Woodard,1728,Production,Production       ,WBL,1
Michelle Henson,1729,Production,Production       ,EW,1
Natasha Sullivan,1730,Production,Production       ,EW,1
Mark Smith,1731,Production,Production       ,WBL,1
Samantha Hancock,1732,Production,Production       ,WBL,1
Joshua Ward,1733,Production,Production       ,EW,1
Anthony Martinez,1734,Production,Production       ,NEL,1
Cody Scott,1735,Production,Production       ,NEL,1
Jeffrey Thompson,1736,Production,Production       ,TNS,1
Jacqueline Jones,1737,Production,Production       ,TNS,1
Tami Fuentes,1738,Production,Production       ,CCDR,1
Michael Farmer,1739,Production,Production       ,CCDR,1
Madeline Baker,1740,Production,Production       ,NEL,1
Katherine Costa,1741,Production,Production       ,MSC,1
Rebecca Bird,1742,Production,Production       ,TNS,1
Sarah Mcdonald,1743,Production,Production       ,SVG,1
Teresa Murray,1744,Production,Production       ,PL,1
Erin Castro,1745,Production,Production       ,EW,1
Joshua Gonzalez,1746,Production,Production       ,WBL,2
Mary Blackwell,1747,Production,Production       ,PL,1
Benjamin Hamilton,1748,Production,Production       ,PYZ,1
Kimberly Wilcox,1749,Production,Production       ,PYZ,1
Chase Swanson,1750,Production,Production       ,WBL,1
Evan Durham,1751,Production,Production       ,NEL,1
Mario Johnson MD,1752,Production,Production       ,PL,1
Kimberly Williams,1753,Production,Production       ,BPC,1
Alejandro Davies,1754,Production,Production       ,CCDR,1
Duane Anderson,1755,Production,Production       ,SVG,1
David Cooper,1756,Production,Production       ,EW,1
Rebecca Conway,1757,Production,Production       ,MSC,1
Melissa Chavez,1758,Production,Production       ,TNS,1
Patricia Newman,1759,Production,Production       ,PYZ,1
Sally Meadows,1760,Production,Production       ,WBL,1
Sara Golden,1761,Production,Production       ,NEL,1
Roger Reed,1762,Production,Production       ,PL,1
Debra Boyer,1763,Production,Production       ,BPC,1
Robert Rios,1764,Production,Production       ,CCDR,1
Kyle Bell,1765,Production,Production       ,BPC,1
Michelle Herrera,1766,Production,Production       ,PYZ,1
Renee Beasley,1767,Production,Production       ,WBL,1
Scott Graves,1768,Production,Production       ,NEL,1
Bryan Harvey,1769,Production,Production       ,PL,1
John Ramirez,1770,Production,Production       ,BPC,1
David Reid,1771,Production,Production       ,CCDR,1
Jamie Holloway,1772,Production,Production       ,SVG,1
Mitchell Woods,1773,Production,Production       ,EW,1
Aaron Cochran,1774,Production,Production       ,MSC,1
Scott Smith,1775,Production,Production       ,TNS,1
Lucas Rodriguez,1776,Production,Production       ,PYZ,1
Brian Rogers,1777,Production,Production       ,WBL,1
Brandon Mcdonald,1778,Production,Production       ,NEL,1
Christina Cohen,1779,Production,Production       ,PL,1
Jason Taylor,1780,Production,Production       ,BPC,1
Angela Maxwell,1781,Production,Production       ,CCDR,1
Kenneth Dean,1782,Production,Production       ,NEL,1
Julie Smith,1783,Production,Production       ,PYZ,1
Mr. John Thomas,1784,Production,Production       ,WBL,1
Michael Mcgee PhD,1785,Production,Production       ,NEL,1
Daniel Banks,1786,Production,Production       ,PL,1
Edward Peterson,1787,Production,Production       ,BPC,1
Reginald Hernandez,1788,Production,Production       ,CCDR,1
Danielle Smith,1789,Production,Production       ,SVG,1
Sara Smith,1790,Production,Production       ,EW,1
Becky Cardenas,1791,Production,Production       ,MSC,1
Brittany Olson,1792,Production,Production       ,TNS,1
Victor Blair,1793,Production,Production       ,BPC,1
James Ashley,1794,Production,Production       ,CCDR,1
Shawn Howard,1795,Production,Production       ,EW,1
Pamela Cruz,1796,Production,Production       ,MSC,1
Jennifer Harrington,1797,Production,Production       ,NEL,1
Kathryn Avila,1798,Production,Production       ,PL,1
Alexandra Clark,1799,Production,Production       ,BPC,1
Bethany Wilkerson,1800,Production,Production       ,TNS,1
Brian Archer,1801,Production,Production       ,PYZ,1
Kathleen Moon,1802,Production,Production       ,WBL,1
William Cooper,1803,Production,Production       ,NEL,1
Rebecca Pearson,1804,Production,Production       ,PL,1
Patricia Perry,1805,Production,Production       ,BPC,1
Angela Reese,1806,Production,Production       ,CCDR,1
Christina Hayden,1807,Production,Production       ,SVG,1
Victoria Jacobs,1808,Production,Production       ,EW,1
John Jordan,1809,Production,Production       ,MSC,2
Stephen Richardson,1810,Production,Production       ,TNS,1
Catherine Baker,1811,Production,Production       ,PYZ,1
William Hall III,1812,Production,Production       ,WBL,1
James Meyer,1813,Production,Production       ,NEL,1
Daniel Thomas,1814,Production,Production       ,PL,1
Christopher Davis,1815,Production,Production       ,BPC,1
Ronald Castro,1816,Production,Production       ,NEL,1
William Newman,1817,Production,Production       ,PL,1
Kenneth Miller,1818,Production,Production       ,BPC,1
Deborah Blackwell,1819,Production,Production       ,WBL,1
Kenneth Elliott,1820,Production,Production       ,PYZ,1
Tricia Davies,1821,Production,Production       ,WBL,1
Lisa Hernandez,1822,Production,Production       ,NEL,2
Karen Pugh,1823,Production,Production       ,PL,1
Lori Mason,1824,Production,Production       ,BPC,1
Stephen Neal,1825,Production,Production       ,CCDR,1
Robert Sanchez,1826,Production,Production       ,SVG,1
Glenda Williams,1827,Production,Production       ,EW,1
Patrick Hall,1828,Production,Production       ,MSC,1
Joel Flynn,1829,Production,Production       ,TNS,1
Patrick Carpenter,1830,Production,Production       ,PYZ,1
Daniel Mathis,1831,Production,Production       ,WBL,1
Bradley Randall,1832,Production,Production       ,NEL,1
Anita Chapman,1833,Production,Production       ,PL,1
Joseph Diaz,1834,Production,Production       ,CCDR,1
Danielle Reyes,1835,Production,Production       ,EW,1
Daniel Hardy,1836,Production,Production       ,MSC,1
Michael Graves,1837,Production,Production       ,NEL,1
Elizabeth Kaufman,1838,Production,Production       ,TNS,1
Joshua Glenn,1839,Production,Production       ,PYZ,1
Misty Brown,1840,Production,Production       ,WBL,1
Brian Paul,1841,Production,Production       ,NEL,1
Ricardo Harris,1842,Production,Production       ,PL,1
Samantha French,1843,Production,Production       ,BPC,1
Nicole Vasquez,1844,Production,Production       ,CCDR,1
Matthew Ramirez,1845,Production,Production       ,SVG,1
Sarah Delacruz,1846,Production,Production       ,EW,1
Lee Lucas,1847,Production,Production       ,MSC,1
Lisa Reed,1848,Production,Production       ,TNS,1
Mary Conley,1849,Production,Production       ,PYZ,1
Ashley Orozco,1850,Production,Production       ,WBL,1
Angelica Vazquez,1851,Production,Production       ,NEL,1
Christopher Ponce,1852,Production,Production       ,PL,1
Tara Fields,1853,Production,Production       ,PYZ,1
Joshua Evans,1854,Production,Production       ,WBL,1
Lisa Hernandez,1855,Production,Production       ,NEL,2
Nancy Valdez,1856,Production,Production       ,PL,1
David Garcia,1857,Production,Production       ,BPC,2
Ryan Baker,1858,Production,Production       ,TNS,1
Tammy Poole,1859,Production,Production       ,PYZ,1
Jenna Perry,1860,Production,Production       ,WBL,1
Ana Harding,1861,Production,Production       ,NEL,1
Thomas Davis,1862,Production,Production       ,PL,1
Jennifer Boone,1863,Production,Production       ,BPC,1
Karen Smith,1864,Production,Production       ,CCDR,1
Jamie Anderson,1865,Production,Production       ,SVG,2
Kathleen Boyle,1866,Production,Production       ,EW,1
Natalie Roman,1867,Production,Production       ,MSC,1
Anthony Diaz,1868,Production,Production       ,TNS,1
Robert Adams,1869,Production,Production       ,PYZ,1
Steven Reid,1870,Production,Production       ,WBL,1
Andrew Calderon,1871,Production,Production       ,NEL,1
Andrew Ball,1872,Production,Production       ,PL,1
Christine Larson,1873,Production,Production       ,BPC,1
Brenda Thompson,1874,Production,Production       ,CCDR,1
Patricia Robbins,1875,Production,Production       ,EW,1
Terry Stevens,1876,Production,Production       ,MSC,1
Rachel Paul,1877,Production,Production       ,NEL,1
Elizabeth Miller,1878,Production,Production       ,WBL,1
David Vasquez,1879,Production,Production       ,BPC,1
Alexandra Rice,1880,Production,Production       ,CCDR,1
Thomas Lee,1881,Production,Production       ,EW,1
Christina Burgess,1882,Production,Production       ,MSC,1
Regina Goodwin,1883,Production,Production       ,NEL,1
Alicia Gonzalez,1884,Production,Production       ,PL,1
Peter Giles,1885,Production,Production       ,PYZ,1
Daniel Guerra,1886,Production,Production       ,SVG,1
Ashley Clark,1887,Production,Production       ,TNS,1
Veronica Murphy,1888,Production,Production       ,WBL,1
Kelsey Thompson,1889,Production,Production       ,PYZ,1
Cole Johns,1890,Production,Production       ,WBL,1
Wendy Elliott,1891,Production,Production       ,NEL,1
Nicholas Anderson,1892,Production,Production       ,TNS,1
Darryl Scott,1893,Production,Production       ,BPC,1
Clayton Wilson,1894,Production,Production       ,CCDR,1
Phillip Fernandez,1895,Production,Production       ,EW,1
Joshua Tapia,1896,Production,Production       ,MSC,1
Lauren Wilson,1897,Production,Production       ,NEL,1
Benjamin Lang,1898,Production,Production       ,MSC,1
Ashley Cannon,1899,Production,Production       ,TNS,1
Lauren Thompson,1900,Production,Production       ,PYZ,1
Diana Cox,1901,Production,Production       ,WBL,1
Samantha Hester,1902,Production,Production       ,NEL,1
Roger Lynch,1903,Production,Production       ,PL,1
Brenda Rodriguez,1904,Production,Production       ,BPC,1
Sean Moon,1905,Production,Production       ,CCDR,1
Holly Hudson,1906,Production,Production       ,SVG,1
Charles Allen,1907,Production,Production       ,EW,1
Bonnie Hardin,1908,Production,Production       ,MSC,1
Heather Michael,1909,Production,Production       ,TNS,1
Jose Gomez,1910,Production,Production       ,PYZ,1
Angela Bailey,1911,Production,Production       ,WBL,2
Brett Sims,1912,Production,Production       ,TNS,1
Natalie Johnson,1913,Production,Production       ,PYZ,1
Deanna Freeman,1914,Production,Production       ,WBL,1
Mary Todd,1915,Production,Production       ,NEL,1
Kevin Perkins,1916,Production,Production       ,PL,1
Joseph Bryant,1917,Production,Production       ,EW,1
Kayla Shelton,1918,Production,Production       ,MSC,1
Dylan Foster,1919,Production,Production       ,TNS,1
Mary Morgan,1920,Production,Production       ,PYZ,1
Danny Howard,1921,Production,Production       ,WBL,1
Lisa Morrison,1922,Production,Production       ,NEL,1
John Adams,1923,Production,Production       ,PL,1
Derek Thompson,1924,Production,Production       ,BPC,1
Jason Kelly,1925,Production,Production       ,CCDR,1
Cheryl Anderson,1926,Production,Production       ,SVG,1
Jeffrey Peters,1927,Production,Production       ,EW,1
Cindy Phillips,1928,Production,Production       ,MSC,1
James Lee,1929,Production,Production       ,TNS,1
Kelly Vaughn,1930,Production,Production       ,PYZ,1
Donna Jones,1931,Production,Production       ,WBL,1
Emily Gaines,1932,Sales,Sales,BPC,1
Laura Smith,1933,Sales,Sales,NEL,1
Steve Grant,1934,Sales,Sales,WBL,1
Brent Hickman,1935,Production,Sales,TNS,1
Mary Weber,1936,Production,Sales,BPC,2
Kayla Peterson,1937,Production,Sales,CCDR,1
Donna Gonzalez,1938,Production,Sales,TNS,1
Michele Riddle,1939,Production,Sales,PYZ,1
Stephanie Kerr,1940,Production,Sales,TNS,1
Mackenzie Johnston,1941,Production,Sales,PYZ,1
William Thompson,1942,Production,Sales,TNS,1
Timothy Wheeler,1943,Production,Sales,PYZ,1
Steve Macdonald,1944,Production,Sales,TNS,1
Christopher Murray DDS,1945,Sales,Sales,TNS,1
James Mitchell,1946,Production,Sales,WBL,1
John Chavez,1947,Sales,Sales,MSC,1
Teresa Williamson,1948,Production,Sales,TNS,1
Kimberly Washington,1949,Sales,Sales,MSC,1
Stephanie Anderson,1950,Production,Production       ,TNS,1
Jeffery Snyder,1951,Sales,Sales,SVG,1
Abigail Marks,1952,Sales,Sales,TNS,1
Jeffrey Murphy,1953,Production,Production       ,PL,1
Heather Riley,1954,Production,Production       ,SVG,1
Jonathan Huber,1955,Production,Production       ,MSC,1
Patrick Liu,1956,Production,Production       ,PL,1
Jimmy Cox,1957,Production,Production       ,TNS,1
Neil Aguilar,1958,Production,Production       ,PYZ,1
Kirsten Patel,1959,Production,Production       ,CCDR,1
Sean Scott,1960,Production,Production       ,PYZ,1
Matthew Hawkins,1961,Production,Production       ,TNS,1
Susan Gilbert,1962,Production,Production       ,CCDR,1
Tiffany Baker,1963,Production,Production       ,CCDR,1
Ashley Wagner,1964,Production,Production       ,EW,1
Pamela Smith,1965,Production,Production       ,CCDR,1
Jessica Klein,1966,Production,Production       ,TNS,1
Molly Freeman,1967,Production,Production       ,PL,1
Cynthia Watkins,1968,Production,Production       ,NEL,1
Derek Vargas,1969,Production,Production       ,MSC,1
Mark Bradley,1970,Production,Production       ,PYZ,1
Christopher Rodriguez,1971,Production,Production       ,MSC,1
Caroline Little,1972,Production,Production       ,EW,1
Angela Watson,1973,Production,Production       ,BPC,1
Robert Joseph,1974,Production,Production       ,NEL,1
Logan Ball,1975,Production,Production       ,SVG,1
Steven Ramos,1976,Production,Production       ,EW,1
Ashley Williams,1977,Production,Production       ,MSC,1
James Foster,1978,Production,Production       ,TNS,1
Christopher Sanford,1979,Production,Production       ,PYZ,1
Heather Ramirez,1980,Production,Production       ,WBL,1
Amanda Mills,1981,Production,Production       ,NEL,1
Jordan Cox,1982,Production,Production       ,PL,1
Daniel Huff,1983,Production,Production       ,BPC,1
Samantha Bryant,1984,Production,Production       ,CCDR,1
Hunter Cervantes,1985,Production,Production       ,SVG,1
Samantha Wyatt,1986,Production,Production       ,EW,1
Richard Davis II,1987,Production,Production       ,MSC,1
Lisa Jones,1988,Production,Production       ,TNS,1
Jessica Garcia,1989,Production,Production       ,PL,1
Jacqueline Jackson,1990,Production,Production       ,BPC,1
Kimberly Fox,1991,Production,Production       ,CCDR,1
Melissa Welch,1992,Production,Production       ,SVG,1
James Ferguson,1993,Production,Production       ,EW,1
Michael Pope,1994,Production,Production       ,MSC,1
Brandon Jones,1995,Production,Production       ,TNS,1
Carrie Davidson,1996,Production,Production       ,PYZ,1
Ricky Stephens,1997,Production,Production       ,WBL,1
Kathleen Gonzalez,1998,Production,Production       ,NEL,1
Leslie Hernandez,1999,Production,Production       ,PL,1
Judith Ryan,2000,Production,Production       ,PYZ,1
Kimberly Meyer,2001,Production,Production       ,SVG,2
Amanda Garcia,2002,Production,Production       ,TNS,1
Kathleen Hayes,2003,Production,Production       ,WBL,1
Michael Austin,2004,Production,Production       ,PYZ,2
Glenn Rollins,2005,Production,Production       ,WBL,1
Renee Valentine,2006,Production,Production       ,NEL,1
Elizabeth Stewart,2007,Production,Production       ,PL,1
Michelle Taylor,2008,Production,Production       ,BPC,1
Alexander Parker,2009,Production,Production       ,CCDR,1
Eric Vincent,2010,Production,Production       ,SVG,1
Nichole Jordan,2011,Production,Production       ,EW,1
Jason Kennedy,2012,Production,Production       ,MSC,1
Crystal Johnson,2013,Production,Production       ,TNS,1
Corey Roberts,2014,Production,Production       ,EW,1
Nicholas Torres,2015,Production,Production       ,MSC,1
Amy Durham,2016,Production,Production       ,NEL,1
Miguel Brown,2017,Production,Production       ,PL,1
Kimberly Roth,2018,Production,Production       ,PYZ,1
Danielle Little,2019,Production,Production       ,SVG,1
Allison Fox,2020,Production,Production       ,TNS,1
Christine Salas,2021,Production,Production       ,WBL,1
Stephanie Bridges,2022,Production,Production       ,BPC,1
Sara Chapman,2023,Production,Production       ,CCDR,1
Troy Price,2024,Production,Production       ,EW,1
Jason Johnson,2025,Production,Production       ,MSC,1
James White,2026,Production,Production       ,SVG,1
Michael Ortiz,2027,Production,Production       ,EW,1
Paul Wilcox,2028,Production,Production       ,MSC,1
Alyssa Garrett,2029,Production,Production       ,TNS,1
Nicole Rodriguez,2030,Production,Production       ,PYZ,1
Mary Clark,2031,Production,Production       ,WBL,1
Daniel Stafford,2032,Production,Production       ,NEL,1
Christopher White,2033,Production,Production       ,PL,1
Randall Hill,2034,Production,Production       ,BPC,1
Alicia Horton,2035,Production,Production       ,CCDR,1
Melinda Brown,2036,Production,Production       ,SVG,1
Keith Morrison,2037,Production,Production       ,EW,1
Pamela Calderon,2038,Production,Production       ,MSC,1
Andrea Riley,2039,Production,Production       ,TNS,1
Eric Walton,2040,Production,Production       ,NEL,1
Tina Jenkins,2041,Production,Production       ,PL,1
Logan Middleton,2042,Production,Production       ,BPC,1
Michelle Coleman,2043,Production,Production       ,CCDR,1
Christina Baldwin,2044,Production,Production       ,SVG,1
Ricky Reyes,2045,Production,Production       ,EW,1
Rachel Nicholson,2046,Production,Production       ,MSC,1
Jacob Smith,2047,Production,Production       ,TNS,2
Adam Bates,2048,Production,Production       ,PYZ,1
Thomas Richard,2049,Production,Production       ,WBL,1
Lisa Smith,2050,Production,Production       ,NEL,1
Desiree Jennings,2051,Production,Production       ,CCDR,1
Dr. Donald Henry,2052,Production,Production       ,SVG,1
Curtis Gonzales,2053,Production,Production       ,EW,1
Shawn Acosta,2054,Production,Production       ,MSC,1
Jamie Hernandez,2055,Production,Production       ,TNS,1
Abigail Cooper,2056,Production,Production       ,PYZ,1
Amanda Jones,2057,Production,Production       ,WBL,1
Stephanie Morales,2058,Production,Production       ,NEL,1
Sally Owens,2059,Production,Production       ,PL,1
David Perkins,2060,Production,Production       ,BPC,1
Natasha Dennis,2061,Production,Production       ,CCDR,1
Regina Roberts,2062,Production,Production       ,SVG,1
Raymond Johnson,2063,Production,Production       ,EW,2
Nicholas Freeman,2064,Production,Production       ,MSC,1
Yesenia Sandoval,2065,Production,Production       ,EW,1
Lisa Bryant,2066,Production,Production       ,MSC,1
Ariana Campbell MD,2067,Production,Production       ,NEL,1
William Mccall DDS,2068,Production,Production       ,PL,1
William Wagner,2069,Production,Production       ,PYZ,1
David Collins,2070,Production,Production       ,SVG,1
Jessica Matthews,2071,Production,Production       ,TNS,1
William Walters,2072,Production,Production       ,WBL,1
Daniel Lee,2073,Production,Production       ,PYZ,1
Michelle Williams,2074,Production,Production       ,WBL,1
Vicki Ortega,2075,Production,Production       ,NEL,1
David Simpson,2076,Production,Production       ,PL,1
Christina Serrano,2077,Production,Production       ,PYZ,1
Yolanda Sanders,2078,Production,Production       ,SVG,1
Michael Potts,2079,Production,Production       ,TNS,1
Alexander Martin,2080,Production,Production       ,WBL,1
Kaylee Gross,2081,Production,Production       ,BPC,1
Antonio Hayes,2082,Production,Production       ,CCDR,1
Barbara Mendez,2083,Production,Production       ,EW,1
Steven Phelps,2084,Production,Production       ,MSC,1
Dana Parker,2085,Production,Production       ,NEL,1
Steven Short,2086,Production,Production       ,PL,1
Drew Hawkins,2087,Production,Production       ,PYZ,1
Wendy Adams,2088,Production,Production       ,SVG,1
Zachary Hanson,2089,Production,Production       ,TNS,1
Michelle Dickerson,2090,Production,Production       ,EW,1
Christopher Wallace,2091,Production,Production       ,MSC,1
Sean Jones,2092,Production,Production       ,NEL,1
Harold Mccullough,2093,Production,Production       ,PL,1
Andrew Norton,2094,Production,Production       ,PYZ,1
Allen Mckinney,2095,Production,Production       ,SVG,1
Stephen Knight,2096,Production,Production       ,TNS,1
Kenneth Mathews,2097,Production,Production       ,WBL,1
Robert Mercado,2098,Production,Production       ,BPC,1
Victor Graves DVM,2099,Production,Production       ,BPC,1
Tracey Jackson,2100,Production,Production       ,CCDR,1
Sarah Carter,2101,Production,Production       ,SVG,1
Jose Harris,2102,Production,Production       ,EW,1
Stephen Lester,2103,Production,Production       ,MSC,1
Ana Trujillo,2104,Production,Production       ,TNS,1
Jennifer Campbell,2105,Production,Production       ,PYZ,1
Timothy Walters,2106,Production,Production       ,WBL,1
Jesse Gilmore,2107,Production,Production       ,NEL,1
Austin Brown,2108,Production,Production       ,PL,1
Jeremiah Harper,2109,Production,Production       ,BPC,1
Jessica Shaffer,2110,Production,Production       ,CCDR,1
Sharon Salas,2111,Production,Production       ,SVG,1
Cristina Davis,2112,Production,Production       ,EW,1
Lisa Manning,2113,Production,Production       ,MSC,1
Caitlin Stokes,2114,Production,Production       ,NEL,1
Kristin White,2115,Production,Production       ,PL,1
David Cook,2116,Production,Production       ,BPC,1
Blake Proctor,2117,Production,Production       ,CCDR,1
Sherry Le,2118,Production,Production       ,SVG,1
Susan Smith,2119,Production,Production       ,EW,2
William Waters,2120,Production,Production       ,MSC,1
Angel Rhodes,2121,Production,Production       ,TNS,1
William Thomas,2122,Production,Production       ,BPC,1
Jackie Tran,2123,Production,Production       ,CCDR,1
Kristin Lee,2124,Production,Production       ,SVG,1
Sean Ayers,2125,Production,Production       ,EW,1
Steven Logan,2126,Production,Production       ,MSC,1
Pamela Davis,2127,Production,Production       ,TNS,1
Catherine Lane,2128,Production,Production       ,PYZ,1
Samantha Alexander,2129,Production,Production       ,WBL,1
Jade Quinn,2130,Production,Production       ,NEL,1
John Harvey,2131,Production,Production       ,PL,1
Christine Campbell,2132,Production,Production       ,BPC,1
Adriana Wood,2133,Production,Production       ,CCDR,1
Vanessa Garcia,2134,Production,Production       ,SVG,1
Shaun Barr,2135,Production,Production       ,EW,1
Elizabeth Ray,2136,Production,Production       ,MSC,1
Joseph Guerra,2137,Production,Production       ,CCDR,1
Charles Castillo,2138,Production,Production       ,EW,1
Laura Fernandez,2139,Production,Production       ,MSC,1
Christine Bryant,2140,Production,Production       ,NEL,1
Andrea Simmons,2141,Production,Production       ,PL,1
Jill Hubbard,2142,Production,Production       ,PYZ,1
Jessica Morales,2143,Production,Production       ,SVG,1
Matthew Valdez,2144,Production,Production       ,TNS,1
Alex Price,2145,Production,Production       ,WBL,1
Jerry Peters,2146,Production,Production       ,MSC,1
Jessica Myers,2147,Production,Production       ,NEL,1
Andrea Morales,2148,Production,Production       ,PL,1
Charles Williams,2149,Production,Production       ,PYZ,1
Eric Rivera,2150,Production,Production       ,SVG,1
Jimmy Watkins,2151,Production,Production       ,TNS,1
Keith Odonnell,2152,Production,Production       ,WBL,1
Isaiah Giles,2153,Production,Production       ,BPC,1
Steven Mccarthy,2154,Production,Production       ,CCDR,1
Jesse Montoya,2155,Production,Production       ,EW,1
Melissa Glass,2156,Production,Production       ,MSC,1
Heather Swanson,2157,Production,Production       ,NEL,1
Scott Baker,2158,Production,Production       ,PL,1
James Medina,2159,Production,Production       ,PYZ,1
Tyler Sexton,2160,Production,Production       ,SVG,1
Karen Frank,2161,Production,Production       ,TNS,1
Emily Mills,2162,Production,Production       ,WBL,1
Anna Garcia,2163,Production,Production       ,NEL,2
Jennifer Moore,2164,Production,Production       ,PL,1
Tracey Cox,2165,Production,Production       ,BPC,1
Michelle Kennedy,2166,Production,Production       ,CCDR,1
Theresa Olson,2167,Production,Production       ,SVG,1
Denise Roach,2168,Production,Production       ,EW,1
Sarah Harrison,2169,Production,Production       ,MSC,1
Shawn Prince,2170,Production,Production       ,PL,1
Nicholas Ho,2171,Production,Production       ,BPC,1
Jennifer Collins,2172,Production,Production       ,CCDR,1
Ryan Armstrong,2173,Production,Production       ,SVG,1
Mark Moore,2174,Production,Production       ,EW,1
Julia Mitchell,2175,Production,Production       ,MSC,1
Theresa Welch,2176,Production,Production       ,TNS,1
Nicholas Robertson,2177,Production,Production       ,PYZ,1
Amy Hinton,2178,Production,Production       ,WBL,1
Christopher Gardner,2179,Production,Production       ,NEL,1
Elizabeth Koch,2180,Production,Production       ,PL,1
Nathaniel Harvey,2181,Production,Production       ,BPC,1
Sharon Thompson,2182,Production,Production       ,CCDR,1
Vickie Garrett,2183,Production,Production       ,SVG,1
Jeremy Ritter,2184,Production,Production       ,EW,1
Todd Henson,2185,Production,Production       ,WBL,1
Nathan Bush,2186,Production,Production       ,NEL,1
Erica Wilson,2187,Production,Production       ,PL,1
Patrick Garner,2188,Production,Production       ,BPC,1
Daniel Mullins,2189,Production,Production       ,CCDR,1
Steven Kennedy,2190,Production,Production       ,SVG,1
Joshua Nguyen,2191,Production,Production       ,EW,1
Robert Wallace,2192,Production,Production       ,MSC,1
Carol Ingram,2193,Production,Production       ,NEL,1
Deanna Diaz,2194,Production,Production       ,PL,1
Traci Dillon,2195,Production,Production       ,BPC,1
Steven Valdez,2196,Production,Production       ,CCDR,1
Tamara Humphrey,2197,Production,Production       ,SVG,1
Joseph Bell,2198,Production,Production       ,EW,1
Catherine Spencer,2199,Production,Production       ,MSC,1
Raven Jackson,2200,Production,Production       ,TNS,1
Linda Mills,2201,Production,Production       ,PYZ,1
Sandra Hawkins,2202,Production,Production       ,WBL,1
Richard Jones,2203,Production,Production       ,NEL,1
Lee Crawford,2204,Production,Production       ,PL,1
Jason Boyd,2205,Production,Production       ,BPC,1
Tracey Scott,2206,Production,Production       ,CCDR,1
Juan Owens,2207,Production,Production       ,SVG,1
Keith Fisher,2208,IT & Infrastructure,IT/IS,WBL,1
Aaron Ramos,2209,IT & Infrastructure,IT/IS,PYZ,1
Kimberly Frazier,2210,IT & Infrastructure,IT/IS,PL,1
Matthew Wood,2211,IT & Infrastructure,IT/IS,WBL,1
Amber Hoffman,2212,IT & Infrastructure,IT/IS,MSC,1
David Kennedy,2213,IT & Infrastructure,IT/IS,EW,1
Amber Johnson,2214,IT & Infrastructure,IT/IS,CCDR,1
Susan Kelly,2215,IT & Infrastructure,IT/IS,BPC,1
Lynn Fry,2216,IT & Infrastructure,IT/IS,WBL,1
Donna Brown,2217,IT & Infrastructure,IT/IS,TNS,1
Jacob Christian,2218,IT & Infrastructure,IT/IS,SVG,1
Lance Torres,2219,IT & Infrastructure,IT/IS,SVG,1
Charles Johnson,2220,IT & Infrastructure,IT/IS,EW,1
Megan Walker,2221,IT & Infrastructure,IT/IS,MSC,1
Scott Thomas,2222,IT & Infrastructure,IT/IS,TNS,1
Jason Smith,2223,IT & Infrastructure,IT/IS,BPC,1
Eric Clay,2224,IT & Infrastructure,IT/IS,CCDR,1
Kimberly Rosales,2225,IT & Infrastructure,IT/IS,EW,1
Daniel Blake,2226,IT & Infrastructure,IT/IS,SVG,1
Timothy Young,2227,IT & Infrastructure,IT/IS,EW,1
Michael Webb,2228,IT & Infrastructure,IT/IS,MSC,1
Mitchell Wilson,2229,IT & Infrastructure,IT/IS,TNS,1
Jose Rivera,2230,IT & Infrastructure,IT/IS,PYZ,1
Joshua Maxwell,2231,IT & Infrastructure,IT/IS,WBL,1
Whitney Small,2232,IT & Infrastructure,IT/IS,NEL,1
Wendy Khan,2233,IT & Infrastructure,IT/IS,MSC,1
William Phillips,2234,IT & Infrastructure,IT/IS,EW,1
Elizabeth Peterson,2235,IT & Infrastructure,IT/IS,CCDR,1
Amber Rocha,2236,IT & Infrastructure,IT/IS,BPC,1
John Thomas,2237,IT & Infrastructure,IT/IS,WBL,1
April Burns,2238,IT & Infrastructure,IT/IS,TNS,1
Sean Hill,2239,IT & Infrastructure,IT/IS,SVG,1
Erika Green,2240,IT & Infrastructure,IT/IS,SVG,1
David Velasquez,2241,IT & Infrastructure,IT/IS,EW,1
Alicia Farrell,2242,IT & Infrastructure,IT/IS,MSC,1
Desiree Martinez,2243,IT & Infrastructure,IT/IS,TNS,2
Jesse Archer,2244,IT & Infrastructure,IT/IS,PYZ,1
Mrs. Lori Petty MD,2245,IT & Infrastructure,IT/IS,WBL,1
Paul Robertson,2246,IT & Infrastructure,IT/IS,NEL,1
William Murray,2247,IT & Infrastructure,IT/IS,SVG,1
Corey Fletcher,2248,IT & Infrastructure,IT/IS,EW,1
James Rhodes,2249,IT & Infrastructure,IT/IS,MSC,1
Peter Williams,2250,IT & Infrastructure,IT/IS,TNS,2
Bradley Gray,2251,IT & Infrastructure,IT/IS,PYZ,1
Sarah Robinson,2252,IT & Infrastructure,IT/IS,WBL,1
Mark Parker,2253,IT & Infrastructure,IT/IS,PYZ,1
Mrs. Jessica Whitehead,2254,IT & Infrastructure,IT/IS,SVG,1
Jose Jordan,2255,IT & Infrastructure,IT/IS,TNS,1
Dawn Smith DDS,2256,IT & Infrastructure,IT/IS,WBL,1
Meredith Martin,2257,IT & Infrastructure,IT/IS,WBL,1
Jodi Wheeler,2258,IT & Infrastructure,IT/IS,TNS,1
Robert Morrow,2259,IT & Infrastructure,IT/IS,SVG,1
Victor Armstrong,2260,IT & Infrastructure,IT/IS,EW,1
Gregory Brown,2261,IT & Infrastructure,IT/IS,MSC,1
Andrea Clark,2262,IT & Infrastructure,IT/IS,TNS,1
Casey Galvan,2263,IT & Infrastructure,IT/IS,PYZ,1
Joseph Underwood,2264,IT & Infrastructure,IT/IS,WBL,1
Chelsea Smith,2265,IT & Infrastructure,IT/IS,SVG,1
Timothy Owens,2266,IT & Infrastructure,IT/IS,EW,1
Jennifer Watts,2267,IT & Infrastructure,IT/IS,MSC,1
Kelly Waters,2268,IT & Infrastructure,IT/IS,TNS,1
Beverly Ramirez,2269,IT & Infrastructure,IT/IS,PYZ,1
David Rose PhD,2270,IT & Infrastructure,IT/IS,PYZ,1
Jared Conley,2271,IT & Infrastructure,IT/IS,SVG,1
Daniel Simpson,2272,IT & Infrastructure,IT/IS,TNS,1
Kenneth Chavez,2273,IT & Infrastructure,IT/IS,WBL,1
Carlos Clarke,2274,IT & Infrastructure,IT/IS,BPC,1
Daniel Garcia,2275,Production,Production       ,EW,1
Danielle Graham,2276,Production,Production       ,TNS,1
Thomas Boyle,2277,Production,Production       ,CCDR,1
Mark Moody DVM,2278,Production,Production       ,CCDR,1
Lance Green,2279,Production,Production       ,EW,1
Brittany Thompson,2280,Production,Production       ,PYZ,1
Shannon Klein,2281,Production,Production       ,PL,1
Richard Jackson,2282,Production,Production       ,PL,1
Michael Stevenson,2283,Operations / Shared Services,Admin Offices,WBL,1
Jim Lee,2284,Executive & Leadership,IT/IS,EW,1
Thomas Green,2285,Production,Production       ,BPC,2
Jonathan Nguyen,2286,Production,Production       ,NEL,1
James Hunt,2287,Production,Production       ,PYZ,1
Laura Mccarty,2288,Production,Production       ,NEL,1
James Reynolds,2289,Operations / Shared Services,Admin Offices,BPC,1
Joseph Chavez,2290,Sales,Sales,EW,1
Mr. Nicholas Greene,2291,Executive & Leadership,Production       ,NEL,1
Ann Watson,2292,Production,Production       ,TNS,1
Richard Collins,2293,Production,Production       ,CCDR,1
Amanda Harris,2294,Production,Production       ,PYZ,1
Michael Davis,2295,Production,Production       ,SVG,1
Caroline Reynolds,2296,Production,Production       ,TNS,1
Christine Adams,2297,Production,Production       ,WBL,1
Kelsey Morales,2298,Production,Production       ,WBL,1
Ashley Cummings,2299,Production,Production       ,TNS,1
Donna Pope,2300,Production,Production       ,SVG,1
Peter Williams,2301,Production,Production       ,PYZ,2
Katie Carroll,2302,Production,Production       ,PL,1
Christopher Owen,2303,Production,Production       ,NEL,1
Michael Richardson,2304,Executive & Leadership,Production       ,MSC,1
Tracy Logan,2305,IT & Infrastructure,Production       ,EW,1
Thomas Whitaker,2306,IT & Infrastructure,Production       ,CCDR,1
James Hernandez,2307,IT & Infrastructure,Executive Office,BPC,1
Matthew Tucker,2308,Data & Analytics,Production       ,EW,1
Kelly Mathis,2309,Data & Analytics,Production       ,CCDR,1
Kimberly Garcia,2310,Data & Analytics,Production       ,BPC,1
Craig White,2311,Data & Analytics,Production       ,PYZ,1
Samantha Barnett,2312,Data & Analytics,IT/IS,WBL,1
Sara Clayton,2313,Data & Analytics,IT/IS,NEL,1
Vanessa Bell,2314,Data & Analytics,IT/IS,PL,1
Kyle Strong,2315,Production,Production       ,CCDR,1
Michelle Walker,2316,Production,Production       ,SVG,1
Debbie Smith,2317,Production,Production       ,EW,1
Samuel Brown,2318,Production,Production       ,MSC,1
Steven Miller,2319,Production,Production       ,TNS,1
David Powers,2320,Production,Production       ,PYZ,1
Kimberly Owen,2321,Production,Production       ,WBL,1
Angela Sims,2322,Production,Production       ,NEL,1
Sheila Roberts MD,2323,Production,Production       ,PL,1
Justin Perez,2324,Production,Production       ,BPC,1
Megan Rich,2325,Production,Production       ,CCDR,1
James Dorsey,2326,Executive & Leadership,Production       ,SVG,1
Erik Gray MD,2327,IT & Infrastructure,Production       ,EW,1
Steven Ayala,2328,IT & Infrastructure,Production       ,MSC,1
Larry Gonzales,2329,IT & Infrastructure,Executive Office,TNS,1
Crystal Mahoney,2330,Data & Analytics,Production       ,SVG,1
Sara Edwards,2331,Data & Analytics,Production       ,TNS,2
Lisa Barrera,2332,Data & Analytics,Production       ,WBL,1
Melissa Hodges,2333,Data & Analytics,IT/IS,BPC,1
Alexandria Hahn,2334,Data & Analytics,IT/IS,CCDR,1
Charles Willis,2335,Data & Analytics,IT/IS,EW,1
Tim Wilcox,2336,Production,Production       ,CCDR,1
Amber White,2337,Production,Production       ,SVG,1
Robert Sullivan,2338,Production,Production       ,EW,2
Brett Aguilar,2339,Production,Production       ,MSC,1
Derrick Cannon,2340,Production,Production       ,TNS,1
Brandon Walsh,2341,Production,Production       ,PYZ,1
Richard Higgins,2342,Production,Production       ,WBL,1
Robert Warren,2343,Production,Production       ,NEL,1
Regina Smith,2344,Production,Production       ,PL,1
Cindy Schneider,2345,Production,Production       ,BPC,1
Elizabeth Dillon,2346,Production,Production       ,CCDR,1
Jesus Smith,2347,Executive & Leadership,Production       ,SVG,1
Timothy Waters,2348,IT & Infrastructure,Production       ,EW,1
Joshua Johnson,2349,IT & Infrastructure,Production       ,MSC,1
Joanna Foster,2350,IT & Infrastructure,Executive Office,TNS,1
Rita Abbott,2351,Data & Analytics,Production       ,EW,1
Renee Ritter,2352,Data & Analytics,Production       ,MSC,1
Michelle Nguyen,2353,Data & Analytics,IT/IS,TNS,1
Elizabeth Houston,2354,Data & Analytics,IT/IS,PYZ,1
Elizabeth Gray,2355,Data & Analytics,IT/IS,WBL,1
Courtney Webb,2356,Data & Analytics,IT/IS,NEL,1
Erin Richard,2357,Production,Production       ,PL,1
Christy Wagner,2358,Production,Production       ,PYZ,1
Andrew Wright,2359,Production,Production       ,SVG,1
Deborah Wood,2360,Production,Production       ,TNS,1
Christine Randall,2361,Production,Production       ,WBL,1
Debra Green,2362,Production,Production       ,BPC,1
Frances Olsen,2363,Production,Production       ,CCDR,1
Benjamin Johnson,2364,Production,Production       ,EW,1
Tyler Galvan,2365,Production,Production       ,MSC,1
Terri Morris,2366,Production,Production       ,NEL,1
John Hurst,2367,Production,Production       ,PL,1
Kristi Lee,2368,Executive & Leadership,Production       ,PYZ,1
Nicole Sosa,2369,IT & Infrastructure,Production       ,SVG,1
Cynthia Nguyen,2370,IT & Infrastructure,Production       ,TNS,1
Brian Ortiz MD,2371,Data & Analytics,Production       ,EW,1
Lisa Davis,2372,Data & Analytics,Production       ,CCDR,1
Erica Allen,2373,Data & Analytics,IT/IS,BPC,1
Michael Lucas,2374,Data & Analytics,IT/IS,WBL,1
Eric Campbell,2375,Data & Analytics,IT/IS,TNS,1
Jamie Simon,2376,Production,Production       ,CCDR,1
Jeremy Lee,2377,Production,Production       ,SVG,1
Zachary Parker,2378,Production,Production       ,EW,1
Jennifer Krause,2379,Production,Production       ,MSC,1
Heidi Martin,2380,Production,Production       ,TNS,1
Eric Strickland,2381,Production,Production       ,PYZ,1
Mark Wood,2382,Production,Production       ,WBL,1
Robert Wolfe,2383,Production,Production       ,NEL,1
Kimberly Moore,2384,Production,Production       ,PL,2
Eric Richardson,2385,Production,Production       ,BPC,1
Tyler Christian,2386,Production,Production       ,CCDR,1
Brandi Lambert,2387,Executive & Leadership,Production       ,SVG,1
Taylor Shaw,2388,IT & Infrastructure,Production       ,EW,1
Michelle Scott,2389,Data & Analytics,Production       ,EW,1
Lawrence Walsh,2390,Data & Analytics,Production       ,MSC,1
Cassandra Snyder,2391,Data & Analytics,IT/IS,TNS,1
Timothy Mason,2392,Data & Analytics,IT/IS,BPC,1
Michael Morse,2393,Production,Production       ,NEL,1
Patty Boyd,2394,Production,Production       ,PL,1
Linda Simmons,2395,Production,Production       ,PYZ,1
Gerald Carpenter,2396,Production,Production       ,SVG,1
Barry Powell,2397,Production,Production       ,TNS,1
Angela Bailey,2398,Production,Production       ,WBL,2
Brian Peters,2399,Production,Production       ,PYZ,1
Michael Anderson,2400,Production,Production       ,WBL,1
Christopher Reid,2401,Production,Production       ,NEL,1
Dawn Smith,2402,Production,Production       ,PL,1
Michael Hayes,2403,Production,Production       ,BPC,1
Brandy Coleman,2404,Production,Production       ,CCDR,1
Jackie Walsh,2405,Executive & Leadership,Production       ,SVG,1
Taylor Cohen,2406,IT & Infrastructure,Production       ,EW,1
Gary Gray,2407,Data & Analytics,Production       ,EW,1
Jeffrey Barnes,2408,Data & Analytics,IT/IS,MSC,1
Robert Wilson,2409,Data & Analytics,IT/IS,TNS,1
Thomas Ryan,2410,Data & Analytics,IT/IS,PYZ,1
Paul Johnson,2411,Production,Production       ,NEL,1
James Spears,2412,Production,Production       ,PL,1
Clayton Phillips,2413,Production,Production       ,PYZ,1
Carmen Fuentes,2414,Production,Production       ,SVG,1
Steven Drake,2415,Production,Production       ,TNS,1
Tiffany Taylor,2416,Production,Production       ,WBL,1
Anna Love,2417,Production,Production       ,BPC,1
Sean Garcia,2418,Production,Production       ,CCDR,1
Joshua Benton,2419,Production,Production       ,EW,1
Emily Fritz,2420,Production,Production       ,MSC,1
Kayla Allen,2421,Production,Production       ,NEL,1
Joseph Parker,2422,Production,Production       ,PL,1
Tina Lopez,2423,Executive & Leadership,Production       ,PYZ,1
Joseph Krause,2424,IT & Infrastructure,Executive Office,SVG,1
David Patel,2425,Executive & Leadership,Production       ,MSC,1
Johnny Hall,2426,Data & Analytics,Production       ,EW,1
Mary Contreras,2427,Data & Analytics,IT/IS,CCDR,1
Pamela Shelton,2428,Data & Analytics,IT/IS,BPC,1
Kristy Taylor,2429,Production,Production       ,BPC,1
Gregory Myers,2430,Production,Production       ,CCDR,1
Gregg Thomas,2431,Production,Production       ,SVG,1
William Castillo,2432,Production,Production       ,EW,1
Edwin Freeman,2433,Production,Production       ,MSC,1
Melissa Rice,2434,Production,Production       ,TNS,1
Gina Dillon,2435,Production,Production       ,PYZ,1
Anna Garcia,2436,Production,Production       ,WBL,2
Christopher Mccann,2437,Production,Production       ,NEL,1
Melanie Mullins,2438,Production,Production       ,PL,1
Paula Henderson,2439,Production,Production       ,BPC,1
Beverly Dennis,2440,Production,Production       ,CCDR,1
Barry Mcfarland,2441,Executive & Leadership,Production       ,SVG,1
Sandra Manning,2442,Executive & Leadership,Production       ,SVG,1
Jennifer Lamb,2443,Data & Analytics,Production       ,EW,1
Jacob Berry,2444,Data & Analytics,IT/IS,MSC,1
Kelly Mercer,2445,Production,Production       ,MSC,1
Wendy James,2446,Production,Production       ,NEL,1
Eric Miller,2447,Production,Production       ,PL,1
Doris Boyd,2448,Production,Production       ,PYZ,1
Desiree Blair,2449,Production,Production       ,SVG,1
Angela Chapman,2450,Production,Production       ,TNS,1
Carol Allen,2451,Production,Production       ,WBL,1
Michael Cortez,2452,Production,Production       ,BPC,1
Erin Abbott,2453,Production,Production       ,CCDR,1
David Russell,2454,Production,Production       ,EW,1
Raymond Robinson,2455,Production,Production       ,MSC,1
Anthony Luna,2456,Production,Production       ,NEL,1
David Fox,2457,Production,Production       ,PL,1
Robert Conway,2458,Executive & Leadership,Production       ,PYZ,1
Sarah Kennedy,2459,Executive & Leadership,Production       ,SVG,1
Kathryn Chen,2460,Data & Analytics,IT/IS,EW,1
Billy Waters,2461,Operations / Shared Services,Admin Offices,EW,1
Miranda Webb,2462,Production,Production       ,NEL,1
Elizabeth Cook,2463,Production,Production       ,PL,1
Lindsay Nguyen,2464,Production,Production       ,BPC,1
Heidi Mann,2465,Production,Production       ,CCDR,1
Matthew Hull,2466,Production,Production       ,SVG,1
Ryan Wise,2467,Production,Production       ,EW,1
Justin Cook,2468,Production,Production       ,MSC,1
Heather Liu,2469,Production,Production       ,TNS,1
Dustin Carroll,2470,Production,Production       ,BPC,1
Cindy Riley,2471,Production,Production       ,CCDR,1
Gary Davis,2472,Production,Production       ,EW,1
Alexa Powell,2473,Production,Production       ,MSC,1
Amber Ross,2474,Production,Production       ,NEL,1
Gabriel Fitzgerald,2475,Production,Production       ,PL,1
Ryan Thompson,2476,Executive & Leadership,Executive Office,PYZ,1
Timothy Spencer,2477,Sales,Sales,PL,1
Andrew Fleming,2478,Executive & Leadership,Production       ,PYZ,1
Edward Ross,2479,Data & Analytics,IT/IS,SVG,1
Renee Johnson,2480,IT & Infrastructure,IT/IS,CCDR,1
Thomas Kim,2481,IT & Infrastructure,IT/IS,PL,1
Erin Jones,2482,IT & Infrastructure,IT/IS,PYZ,1
Amy Palmer,2483,IT & Infrastructure,IT/IS,WBL,1
Natalie Liu,2484,Data & Analytics,IT/IS,SVG,1
Regina Becker,2485,Operations / Shared Services,Software Engineering,NEL,1
Timothy Jackson,2486,IT & Infrastructure,IT/IS,TNS,1
Laura Avila,2487,IT & Infrastructure,IT/IS,PYZ,1
Angela Mcdonald,2488,IT & Infrastructure,IT/IS,PL,1
Michael Johnson,2489,Sales,IT/IS,NEL,2
Carmen Patterson,2490,Executive & Leadership,IT/IS,MSC,1
Thomas Smith,2491,Other,Software Engineering,BPC,1
Catherine Peterson,2492,Other,Software Engineering,CCDR,1
Thomas Green,2493,Other,Software Engineering,SVG,2
Dawn Foley,2494,IT & Infrastructure,IT/IS,MSC,1
John Jones,2495,IT & Infrastructure,IT/IS,NEL,2
Brian Thompson,2496,Sales,IT/IS,PL,1
Angel Howard,2497,Executive & Leadership,IT/IS,PYZ,1
Joseph Bowen,2498,Data & Analytics,IT/IS,PYZ,1
Micheal Moreno,2499,Other,Software Engineering,PL,1
John Vaughn,2500,Other,Software Engineering,BPC,1
Jennifer Graves,2501,Other,Software Engineering,CCDR,1
Sandra Rodriguez,2502,Other,Software Engineering,SVG,1
Sean Wong,2503,IT & Infrastructure,IT/IS,PL,1
Nathan Espinoza,2504,IT & Infrastructure,IT/IS,BPC,1
Kyle Day,2505,Sales,IT/IS,CCDR,1
Jacob Robinson,2506,Executive & Leadership,IT/IS,SVG,1
Kimberly Moore,2507,Data & Analytics,IT/IS,CCDR,2
Kelsey Cochran,2508,Data & Analytics,IT/IS,SVG,1
Abigail Reynolds,2509,Other,Software Engineering,EW,1
Mitchell Oliver,2510,Other,Software Engineering,MSC,1
Edwin Sparks,2511,Other,Software Engineering,NEL,1
Pamela Robbins,2512,Other,Software Engineering,PL,1
Laura Goodman,2513,IT & Infrastructure,IT/IS,PYZ,1
Jeffrey Frazier,2514,IT & Infrastructure,IT/IS,PL,1
Michael Perez,2515,Sales,IT/IS,NEL,1
Robert Cannon,2516,Executive & Leadership,IT/IS,MSC,1
Mario Ellis,2517,Data & Analytics,IT/IS,CCDR,1
Christina Barnes,2518,Data & Analytics,IT/IS,SVG,1
Julia Johnson,2519,Other,Software Engineering,NEL,1
Kristin Andrews,2520,Other,Software Engineering,PL,1
Kim Murphy,2521,Other,Software Engineering,BPC,1
Jeffrey Santana,2522,IT & Infrastructure,IT/IS,PL,1
Elizabeth Pope,2523,IT & Infrastructure,IT/IS,BPC,1
Sheila Estrada,2524,Sales,IT/IS,CCDR,1
Zachary Higgins,2525,Executive & Leadership,Sales,SVG,1
Anthony Harris,2526,Data & Analytics,IT/IS,NEL,1
Brenda Salas,2527,Data & Analytics,IT/IS,PL,1
Melvin Mitchell,2528,Data & Analytics,IT/IS,PYZ,1
Angela Boyle,2529,Other,Software Engineering,NEL,1
Mr. John Long,2530,Other,Software Engineering,PL,1
Mary Thomas,2531,Other,Software Engineering,BPC,1
Lisa Holloway DDS,2532,IT & Infrastructure,IT/IS,NEL,1
Lauren Baker,2533,IT & Infrastructure,IT/IS,PL,1
Scott Moore,2534,IT & Infrastructure,IT/IS,BPC,1
David Roberts,2535,Sales,Sales,CCDR,1
Randy Thomas,2536,Executive & Leadership,Sales,SVG,1
James Bradley,2537,Data & Analytics,IT/IS,PL,1
Ebony Shepard,2538,Data & Analytics,IT/IS,BPC,1
Michael Johnson,2539,Data & Analytics,IT/IS,CCDR,2
Caroline Brooks,2540,Operations / Shared Services,Software Engineering,CCDR,1
Pamela Stone,2541,Other,Software Engineering,EW,1
Amanda Nguyen,2542,Other,Software Engineering,MSC,1
Kenneth Berry,2543,Other,Software Engineering,NEL,1
Julie Howard,2544,IT & Infrastructure,IT/IS,SVG,1
Michael Whitehead,2545,IT & Infrastructure,IT/IS,PYZ,1
Martin Obrien,2546,IT & Infrastructure,IT/IS,PL,1
Katherine Morgan,2547,Sales,Sales,NEL,1
Brittany Johnson,2548,Data & Analytics,IT/IS,PYZ,2
Robert Wilkerson,2549,Data & Analytics,IT/IS,PL,1
Mark Cole,2550,Operations / Shared Services,Software Engineering,WBL,1
Edwin Chen,2551,Other,Software Engineering,NEL,1
Nathan Vazquez,2552,Other,Software Engineering,PL,1
William Brown,2553,IT & Infrastructure,IT/IS,NEL,1
Dylan Brown,2554,IT & Infrastructure,IT/IS,PL,1
Victoria Munoz,2555,IT & Infrastructure,IT/IS,BPC,1
John Smith,2556,Sales,Sales,CCDR,3
Jo Ruiz,2557,Data & Analytics,IT/IS,MSC,1
Ernest Jones,2558,Operations / Shared Services,Software Engineering,WBL,1
James Gibson,2559,Other,Software Engineering,NEL,1
Sarah Campbell,2560,IT & Infrastructure,IT/IS,WBL,1
Melody Walker,2561,IT & Infrastructure,IT/IS,NEL,1
Benjamin Mcdonald,2562,IT & Infrastructure,IT/IS,PL,1
Sean Gonzalez,2563,IT & Infrastructure,IT/IS,BPC,1
Brian Mueller,2564,Sales,Sales,CCDR,1
Jeffrey Duran,2565,Data & Analytics,IT/IS,PL,1
Erica Lawrence,2566,Operations / Shared Services,Software Engineering,CCDR,1
Christy Cunningham,2567,IT & Infrastructure,IT/IS,CCDR,1
Mr. David Booth,2568,IT & Infrastructure,IT/IS,EW,1
Mrs. Debra Flynn,2569,IT & Infrastructure,IT/IS,MSC,1
Tamara Adkins,2570,IT & Infrastructure,IT/IS,NEL,1
Megan Hart,2571,Data & Analytics,IT/IS,SVG,1
Stacy Lopez,2572,Data & Analytics,IT/IS,PYZ,1
Keith Adams,2573,Sales,Sales,NEL,1
Travis Davenport,2574,Sales,Sales,EW,1
Patricia Norris,2575,Sales,Sales,PYZ,1
Patrick Patterson,2576,Sales,Sales,CCDR,1
Mrs. Stephanie Forbes,2577,Sales,Sales,PYZ,1
Jon Estes,2578,Sales,Sales,MSC,1
Julia Moss,2579,Sales,Sales,MSC,1
Nathan Kelly,2580,Sales,Sales,BPC,1
Nina Scott,2581,Sales,Sales,MSC,1
John Hunter,2582,Sales,Sales,MSC,1
Raymond Fields,2583,Sales,Sales,PYZ,1
Samuel Reyes,2584,Sales,Sales,TNS,1
Martha Stone,2585,Sales,Sales,PYZ,1
Joshua Campbell,2586,Sales,Sales,CCDR,1
Ashley Phillips,2587,Sales,Sales,NEL,1
Joshua Mccoy,2588,Sales,Sales,PL,1
Timothy Brown,2589,Sales,Sales,BPC,2
Nancy Mccarthy,2590,Sales,Sales,CCDR,1
Patricia Martinez,2591,Sales,Sales,SVG,1
Martin Shelton,2592,Sales,Sales,EW,1
Kimberly Lee,2593,Sales,Sales,MSC,1
Nathan Silva,2594,Sales,Sales,TNS,1
Julie Young,2595,Sales,Sales,PYZ,1
Katelyn Kramer,2596,Sales,Sales,WBL,1
Mrs. Deanna Cooper,2597,Sales,Sales,NEL,1
Brian Scott,2598,Sales,Sales,PL,1
Michaela Jones,2599,Admin & Support,Sales,BPC,1
Kelsey Dunn,2600,Admin & Support,Sales,CCDR,1
Lonnie Sanders,2601,Admin & Support,Sales,SVG,1
Ariana Brady,2602,Finance & Accounting,Admin Offices,EW,1
Jessica Rose,2603,Sales,Sales,NEL,1
Barbara Neal,2604,Sales,Sales,PL,1
Julie Mcclain,2605,Sales,Sales,BPC,1
Mary Mitchell,2606,Sales,Sales,CCDR,1
Jason Reeves,2607,Sales,Sales,SVG,1
Cynthia Hurley,2608,Sales,Sales,EW,1
Robert Thompson,2609,Sales,Sales,MSC,1
Kelly James,2610,Sales,Sales,TNS,1
Juan Henson,2611,Sales,Sales,PYZ,1
Jacob Nelson,2612,Sales,Sales,WBL,1
Lisa Green,2613,Sales,Sales,NEL,1
Jose Copeland,2614,Sales,Sales,PL,1
Richard Price,2615,Admin & Support,Sales,BPC,1
Gary Ortiz,2616,Admin & Support,Sales,CCDR,1
Tanya Wilson,2617,Admin & Support,Sales,SVG,1
Linda Lewis,2618,Finance & Accounting,Admin Offices,EW,1
Alexandria Brown,2619,Sales,Sales,WBL,1
Sarah Bates,2620,Sales,Sales,NEL,1
Mr. Benjamin Lucas,2621,Sales,Sales,PL,1
Sheila Taylor,2622,Sales,Sales,BPC,1
Benjamin Cooper,2623,Sales,Sales,CCDR,1
Janet Andrews,2624,Sales,Sales,SVG,1
William Ellis,2625,Sales,Sales,EW,1
Kenneth Perry,2626,Sales,Sales,MSC,2
Michael Taylor,2627,Sales,Sales,TNS,1
Thomas Roberts,2628,Sales,Sales,BPC,1
Stephen Green,2629,Sales,Sales,CCDR,2
Andrea Dean,2630,Sales,Sales,EW,1
Maria Hale,2631,Sales,Sales,MSC,1
Joshua Carpenter,2632,Admin & Support,Sales,NEL,1
Steven Hall,2633,Admin & Support,Sales,PL,1
David Clark,2634,Admin & Support,Sales,PYZ,1
Lauren Shepard,2635,Finance & Accounting,Admin Offices,SVG,1
Jason Hayes,2636,Sales,Sales,PYZ,1
Troy Bennett,2637,Sales,Sales,WBL,1
Michelle Guzman,2638,Sales,Sales,NEL,1
Sandra Young,2639,Sales,Sales,PL,1
Jacob Perez,2640,Sales,Sales,BPC,1
Lisa Dyer,2641,Sales,Sales,CCDR,1
Rebecca Taylor DVM,2642,Sales,Sales,SVG,1
Deborah Stephens,2643,Sales,Sales,EW,1
Patrick Lopez,2644,Sales,Sales,MSC,1
Nicholas Martinez,2645,Sales,Sales,TNS,2
Cathy Whitehead,2646,Sales,Sales,PYZ,1
Lisa Johnson,2647,Sales,Sales,WBL,1
William Fernandez,2648,Sales,Sales,NEL,1
Leslie Scott,2649,Sales,Sales,PL,1
Vanessa Donaldson DVM,2650,Admin & Support,Sales,BPC,1
Steven Saunders,2651,Admin & Support,Sales,CCDR,1
Virginia Smith,2652,Admin & Support,Sales,SVG,1
Brett Vargas,2653,Sales,Sales,PYZ,1
Mark Hernandez,2654,Sales,Sales,WBL,2
John Wright,2655,Sales,Sales,NEL,1
Tony Moore,2656,Sales,Sales,PL,1
Jeffrey Hodge,2657,Sales,Sales,BPC,1
Emily Simmons,2658,Sales,Sales,CCDR,1
Jessica Gomez,2659,Sales,Sales,SVG,1
Cheryl Moody,2660,Sales,Sales,EW,1
Patrick Coleman,2661,Sales,Sales,MSC,1
Brittney Young,2662,Sales,Sales,TNS,1
Ryan Ward,2663,Sales,Sales,PYZ,1
Rose Cunningham,2664,Sales,Sales,WBL,1
Jessica Harrison,2665,Sales,Sales,NEL,1
Taylor Lopez,2666,Sales,Sales,PL,1
Joshua Brown,2667,Admin & Support,Sales,BPC,1
Roger Campbell,2668,Admin & Support,Sales,CCDR,1
Jordan Alexander,2669,Admin & Support,Sales,SVG,1
Alexander Holmes,2670,Sales,Sales,PYZ,1
Andrea Whitaker,2671,Sales,Sales,WBL,1
Carrie Wells,2672,Sales,Sales,NEL,1
David Figueroa,2673,Sales,Sales,PL,1
Kevin Parrish,2674,Sales,Sales,BPC,1
Monica Miller,2675,Sales,Sales,CCDR,1
Brandi Collins,2676,Sales,Sales,SVG,1
Jimmy Jones,2677,Sales,Sales,EW,1
Bruce Roy,2678,Sales,Sales,MSC,1
Heather Wright,2679,Sales,Sales,TNS,1
Joseph Rivas,2680,Sales,Sales,PYZ,1
Hannah Rose,2681,Sales,Sales,WBL,1
Zachary Ortiz,2682,Sales,Sales,NEL,1
Kimberly Soto,2683,Sales,Sales,PL,2
Nicholas Huang,2684,Admin & Support,Sales,BPC,1
Joshua Rosales,2685,Admin & Support,Sales,CCDR,1
Nicholas Graham,2686,Sales,Sales,PYZ,1
Christopher Black,2687,Sales,Sales,WBL,1
Edward Lane,2688,Sales,Sales,NEL,1
David Craig,2689,Sales,Sales,PL,1
Elizabeth Garrison,2690,Sales,Sales,BPC,1
Taylor Huerta,2691,Sales,Sales,CCDR,1
Denise Adams,2692,Sales,Sales,SVG,1
Ryan Flores,2693,Sales,Sales,EW,1
Mackenzie Cole,2694,Sales,Sales,MSC,1
Emily Jones,2695,Sales,Sales,TNS,1
Chelsea Garcia,2696,Sales,Sales,PYZ,1
Jacob Simmons,2697,Sales,Sales,WBL,1
Samuel Phillips,2698,Sales,Sales,NEL,1
Stephen Burns,2699,Sales,Sales,PL,1
Nicholas White,2700,Admin & Support,Sales,BPC,1
Gregory Hill,2701,Admin & Support,Sales,CCDR,1
Anna Henry,2702,Sales,Sales,BPC,1
Jennifer Alvarez,2703,Sales,Sales,CCDR,1
Ashley Larson,2704,Sales,Sales,EW,1
Donna Hurst,2705,Sales,Sales,MSC,1
Eric Byrd,2706,Sales,Sales,NEL,1
Brianna Johnson,2707,Sales,Sales,PL,1
Savannah Oconnell,2708,Sales,Sales,PYZ,1
Madison Kemp,2709,Sales,Sales,SVG,1
Julian Bowen,2710,Sales,Sales,TNS,1
Brittany Dickerson,2711,Sales,Sales,WBL,1
Richard Henry,2712,Sales,Sales,PYZ,1
Whitney Ross,2713,Sales,Sales,WBL,1
Keith Martinez,2714,Sales,Sales,NEL,1
Robert Avery,2715,Sales,Sales,PL,1
Jesse Torres,2716,Admin & Support,Sales,BPC,1
William Garner,2717,Sales,Sales,PYZ,1
Matthew Willis,2718,Sales,Sales,WBL,1
Monica Sims,2719,Sales,Sales,NEL,1
Kathleen Hickman,2720,Sales,Sales,PL,1
Brendan Melendez,2721,Sales,Sales,BPC,1
Wendy Sullivan,2722,Sales,Sales,CCDR,1
Ariel Davis,2723,Sales,Sales,SVG,1
Nicholas Robinson,2724,Sales,Sales,EW,1
Elaine Johnson,2725,Sales,Sales,MSC,1
Rachel White,2726,Sales,Sales,TNS,1
Sheri Valenzuela,2727,Sales,Sales,PYZ,1
Brandon Perez,2728,Sales,Sales,WBL,1
Kathryn Kidd DVM,2729,Sales,Sales,NEL,1
Mario Moran,2730,Sales,Sales,PL,1
Brian Allen,2731,Admin & Support,Sales,BPC,1
Stephanie Jackson,2732,Sales,Sales,PYZ,1
Rodney Robinson,2733,Sales,Sales,WBL,1
Alicia Mitchell,2734,Sales,Sales,NEL,1
Melissa Ray,2735,Sales,Sales,PL,1
Michael Garza,2736,Sales,Sales,BPC,1
Victoria Padilla,2737,Sales,Sales,CCDR,1
Spencer Larson,2738,Sales,Sales,SVG,1
Cynthia Martin,2739,Sales,Sales,EW,1
Cody Hughes,2740,Sales,Sales,MSC,1
Ronald Mata,2741,Sales,Sales,TNS,1
Chad Boone,2742,Sales,Sales,PYZ,1
Carmen Wilson,2743,Sales,Sales,WBL,1
Paul Hernandez,2744,Sales,Sales,NEL,1
John Ferguson,2745,Sales,Sales,PL,1
Bailey Case,2746,Admin & Support,Sales,BPC,1
Todd Gonzales,2747,Production,Production       ,SVG,1
Deanna Kerr,2748,Production,Production       ,PYZ,1
Matthew Wilcox,2749,Production,Production       ,BPC,1
Timothy Roman,2750,Production,Production       ,TNS,1
Steven White,2751,Production,Production       ,NEL,1
Laura Rodriguez,2752,Production,Production       ,TNS,1
Joshua Smith,2753,Production,Production       ,CCDR,1
Gabriella Copeland,2754,Production,Production       ,SVG,1
Connor Macdonald,2755,Production,Production       ,EW,1
David Miller,2756,Production,Production       ,TNS,1
Joanna Poole,2757,Production,Production       ,BPC,1
James Austin,2758,Production,Production       ,TNS,1
Mrs. Megan Booker,2759,Production,Production       ,PYZ,1
Alexis Shaw,2760,Production,Production       ,BPC,1
Austin Klein,2761,Production,Production       ,EW,1
Cheryl Cole,2762,Production,Production       ,CCDR,1
Katelyn Coleman,2763,Production,Production       ,NEL,1
Ronald Sims,2764,Production,Production       ,WBL,1
Richard Long,2765,Production,Production       ,PL,1
Kaitlyn Hale,2766,Production,Production       ,EW,1
Joseph Carr,2767,Production,Production       ,BPC,1
Deborah Schultz,2768,Production,Production       ,WBL,1
Robert Brooks,2769,Production,Production       ,NEL,1
Richard Davis,2770,Production,Production       ,PL,1
Tonya Moreno,2771,Production,Production       ,BPC,1
Francis York,2772,Production,Production       ,CCDR,1
Misty Cole,2773,Production,Production       ,SVG,1
Kenneth Perry,2774,Production,Production       ,EW,2
Andrew Wilkinson,2775,Production,Production       ,MSC,1
Debbie Pearson,2776,Production,Production       ,TNS,1
Frank Wilkinson,2777,Production,Production       ,PYZ,1
Raymond Burton,2778,Production,Production       ,WBL,1
Adam Murphy,2779,Production,Production       ,NEL,1
Kimberly Stout,2780,Production,Production       ,PL,1
Jonathan Hale,2781,Production,Production       ,BPC,1
Robert Schmitt DDS,2782,Production,Production       ,CCDR,1
Jamie Parker,2783,Production,Production       ,SVG,1
Lauren Thomas,2784,Production,Production       ,TNS,1
Pamela Taylor,2785,Production,Production       ,WBL,1
Phyllis Cox,2786,Production,Production       ,PYZ,1
Jonathan Williams,2787,Production,Production       ,WBL,1
Edward Navarro,2788,Production,Production       ,NEL,1
Matthew Craig,2789,Production,Production       ,CCDR,1
Warren Pollard,2790,Production,Production       ,EW,1
Felicia Smith,2791,Production,Production       ,MSC,1
Robert Nguyen,2792,Production,Production       ,NEL,1
Jesse Hall,2793,Production,Production       ,PL,1
George Palmer Jr.,2794,Production,Production       ,PYZ,1
Casey Garner,2795,Production,Production       ,SVG,1
Megan Harrison,2796,Production,Production       ,TNS,1
Sierra Thompson,2797,Production,Production       ,WBL,1
Donna Sullivan,2798,Production,Production       ,BPC,1
Timothy Pratt,2799,Production,Production       ,CCDR,1
Kathryn Wolf,2800,Production,Production       ,EW,1
Kiara Herman,2801,Production,Production       ,MSC,1
Meghan Morrison DDS,2802,Production,Production       ,NEL,1
Brittany Fisher,2803,Production,Production       ,PL,1
Scott Brady,2804,Production,Production       ,SVG,1
Charlotte Clark,2805,Production,Production       ,TNS,1
Rebecca Stanley,2806,Production,Production       ,WBL,1
Scott Brown,2807,Production,Production       ,BPC,2
Sharon Fox,2808,Production,Production       ,CCDR,1
Robert Powers,2809,Production,Production       ,WBL,1
Debra Phillips,2810,Production,Production       ,NEL,1
David Holt,2811,Production,Production       ,PL,1
Lisa Ingram,2812,Production,Production       ,BPC,1
Mr. Ryan Griffin,2813,Production,Production       ,CCDR,1
Michelle Woodard,2814,Production,Production       ,SVG,1
David Smith,2815,Production,Production       ,EW,1
Jennifer Hernandez,2816,Production,Production       ,MSC,2
Theresa Davis,2817,Production,Production       ,TNS,1
Dr. Wendy Lopez,2818,Production,Production       ,PYZ,1
Heidi Williams,2819,Production,Production       ,WBL,1
Eric Soto,2820,Production,Production       ,NEL,1
Alfred Sanders,2821,Production,Production       ,PL,1
Jerome Adams,2822,Production,Production       ,BPC,1
Ariel Graham,2823,Production,Production       ,CCDR,1
Melinda Shaw,2824,Production,Production       ,EW,1
Elizabeth Brown,2825,Production,Production       ,MSC,1
Jennifer Farmer,2826,Production,Production       ,TNS,1
Bruce Barber,2827,Production,Production       ,PYZ,1
Dennis Foster,2828,Production,Production       ,WBL,1
Ryan Kelly,2829,Production,Production       ,WBL,1
Nathan Johnson,2830,Production,Production       ,NEL,1
Philip Morris,2831,Production,Production       ,PL,1
Felicia Gomez,2832,Production,Production       ,BPC,1
Sandy Wilson,2833,Production,Production       ,CCDR,1
Bonnie Bell,2834,Production,Production       ,SVG,1
Jonathan Stephens,2835,Production,Production       ,EW,1
Michael Horton,2836,Production,Production       ,MSC,1
Eric Young,2837,Production,Production       ,TNS,1
Michele Young,2838,Production,Production       ,PYZ,1
Karen Espinoza,2839,Production,Production       ,WBL,1
Yvonne Reilly,2840,Production,Production       ,NEL,1
David Ball,2841,Production,Production       ,PL,1
Dr. Terry Young,2842,Production,Production       ,BPC,1
Raymond Johnson,2843,Production,Production       ,SVG,2
Anthony Saunders,2844,Production,Production       ,TNS,1
Nancy Newman,2845,Production,Production       ,WBL,1
Robin Jones,2846,Production,Production       ,BPC,1
Jessica Saunders,2847,Production,Production       ,CCDR,1
Willie Compton,2848,Production,Production       ,BPC,1
Andrew Thomas,2849,Production,Production       ,CCDR,1
Victoria Williams,2850,Production,Production       ,EW,1
Stephanie Gonzalez,2851,Production,Production       ,MSC,1
Brianna Butler,2852,Production,Production       ,NEL,1
Donald Hamilton,2853,Production,Production       ,PL,1
Amber Adams,2854,Production,Production       ,PYZ,1
Michael Armstrong,2855,Production,Production       ,SVG,1
Thomas Lewis,2856,Production,Production       ,TNS,1
Christina Young,2857,Production,Production       ,WBL,1
Kayla Chavez,2858,Production,Production       ,BPC,1
Tracey Turner,2859,Production,Production       ,CCDR,1
Michelle Murphy,2860,Production,Production       ,EW,1
Sharon Jones,2861,Production,Production       ,MSC,1
Tony Spears,2862,Production,Production       ,SVG,1
April Sutton,2863,Production,Production       ,EW,1
Jeffrey Robinson,2864,Production,Production       ,MSC,1
Jeremy Frey,2865,Production,Production       ,TNS,1
Danielle Rangel,2866,Production,Production       ,BPC,1
Matthew Payne,2867,Production,Production       ,CCDR,1
Christopher Clark,2868,Production,Production       ,TNS,2
Emily Williamson,2869,Production,Production       ,PYZ,1
David Mccormick,2870,Production,Production       ,WBL,1
Christina Smith,2871,Production,Production       ,NEL,1
Steven Myers,2872,Production,Production       ,PL,1
Scott Brown,2873,Production,Production       ,BPC,2
Tracy Scott,2874,Production,Production       ,CCDR,1
Wanda Murray,2875,Production,Production       ,SVG,1
Kim Berry,2876,Production,Production       ,EW,1
Emily Jennings,2877,Production,Production       ,MSC,1
Michael Hopkins,2878,Production,Production       ,TNS,1
Cory Freeman,2879,Production,Production       ,PYZ,1
Rodney Grant,2880,Production,Production       ,WBL,1
Marcus Lloyd,2881,Production,Production       ,NEL,1
Peter Norton,2882,Production,Production       ,PL,1
Ashley Pearson,2883,Production,Production       ,CCDR,1
Larry Lewis,2884,Production,Production       ,SVG,1
Kelli Blair,2885,Production,Production       ,EW,1
Terry Bautista,2886,Production,Production       ,MSC,1
Dylan Allen,2887,Production,Production       ,TNS,1
Thomas Reed,2888,Production,Production       ,PYZ,1
Brian Castillo,2889,Production,Production       ,WBL,1
Christopher Ball,2890,Production,Production       ,TNS,1
Andrew Bass,2891,Production,Production       ,PYZ,1
Gregory Lee,2892,Production,Production       ,WBL,1
Tasha Porter,2893,Production,Production       ,NEL,1
Michael Jenkins,2894,Production,Production       ,PL,1
Darlene Chambers,2895,Production,Production       ,BPC,1
Stephanie Hill,2896,Production,Production       ,CCDR,1
Melissa Young,2897,Production,Production       ,SVG,1
Kenneth Vaughn,2898,Production,Production       ,EW,1
Mercedes Cervantes,2899,Production,Production       ,MSC,1
Christine Owens,2900,Production,Production       ,TNS,1
Yesenia Hawkins,2901,Production,Production       ,PYZ,1
Rebekah Jordan,2902,Production,Production       ,WBL,1
Christine Johnson,2903,Production,Production       ,NEL,1
William Livingston,2904,Production,Production       ,PL,1
Stacy Schmidt,2905,Production,Production       ,PL,1
Anthony Mcguire,2906,Production,Production       ,PYZ,1
Timothy Clark,2907,Production,Production       ,SVG,1
Katherine Banks,2908,Production,Production       ,TNS,1
Michael Kim,2909,Production,Production       ,WBL,1
Elizabeth Jones,2910,Production,Production       ,BPC,1
Kenneth Moore,2911,Production,Production       ,TNS,1
William Nichols,2912,Production,Production       ,PYZ,1
Jessica Brown,2913,Production,Production       ,WBL,1
Thomas Frederick,2914,Production,Production       ,NEL,1
James Smith,2915,Production,Production       ,PL,1
Crystal Jones,2916,Production,Production       ,BPC,1
Amy Pearson,2917,Production,Production       ,CCDR,1
Emma Wilson,2918,Production,Production       ,SVG,1
Mark Adkins,2919,Production,Production       ,EW,1
Gregory Palmer,2920,Production,Production       ,MSC,1
Stephanie Perez,2921,Production,Production       ,TNS,1
Carolyn Campbell,2922,Production,Production       ,BPC,1
Norma Parker,2923,Production,Production       ,CCDR,1
Anna Ashley,2924,Production,Production       ,EW,1
Monica Jackson,2925,Production,Production       ,CCDR,1
Sandy Jones,2926,Production,Production       ,SVG,1
Thomas Williams,2927,Production,Production       ,EW,1
Jeffrey Garcia,2928,Production,Production       ,MSC,1
Richard Reynolds,2929,Production,Production       ,TNS,1
Victoria Andersen,2930,Production,Production       ,PYZ,1
Sarah Cortez,2931,Production,Production       ,MSC,1
Lynn Beasley DVM,2932,Production,Production       ,TNS,1
Brandon Walter,2933,Production,Production       ,PYZ,1
Diana Stewart,2934,Production,Production       ,WBL,1
Christopher Martin,2935,Production,Production       ,NEL,1
James Cole,2936,Production,Production       ,PL,1
Amy Dominguez,2937,Production,Production       ,BPC,1
Kenneth Powell,2938,Production,Production       ,CCDR,1
Timothy Kidd,2939,Production,Production       ,SVG,1
Dawn Stark,2940,Production,Production       ,EW,1
Lisa Griffin,2941,Production,Production       ,MSC,1
Susan Herrera,2942,Production,Production       ,TNS,1
Julie Larson,2943,Production,Production       ,PYZ,1
Ryan Johnson,2944,Production,Production       ,WBL,1
Emily King,2945,Production,Production       ,NEL,1
Gloria Taylor,2946,Production,Production       ,BPC,1
Mr. David Dudley,2947,Production,Production       ,CCDR,1
Aaron Erickson,2948,Production,Production       ,SVG,1
Roy Mora,2949,Production,Production       ,EW,1
James Chapman,2950,Production,Production       ,MSC,1
Louis Griffith,2951,Production,Production       ,TNS,1
Michael Powell,2952,Production,Production       ,PYZ,1
Nicole Henderson,2953,Production,Production       ,TNS,1
Ryan Larson,2954,Production,Production       ,WBL,1
Carly Rogers,2955,Production,Production       ,PYZ,1
David Ali,2956,Production,Production       ,WBL,1
Katherine Blanchard,2957,Production,Production       ,NEL,1
Dennis Simpson,2958,Production,Production       ,PL,1
Mr. Justin Moore,2959,Production,Production       ,BPC,1
Brett Davies,2960,Production,Production       ,CCDR,1
Susan Hahn,2961,Production,Production       ,SVG,1
Olivia Cooper,2962,Production,Production       ,EW,1
Dr. Victoria Perry,2963,Production,Production       ,MSC,1
Elizabeth Fields,2964,Production,Production       ,TNS,1
Gabriella Wilson,2965,Production,Production       ,PYZ,1
Eric Houston,2966,Production,Production       ,WBL,1
Paul Gonzalez,2967,Production,Production       ,NEL,1
Taylor Grant,2968,Production,Production       ,CCDR,1
Alexandra Riley,2969,Production,Production       ,WBL,1
Jennifer Munoz,2970,Production,Production       ,MSC,1
Ian Jenkins,2971,Production,Production       ,TNS,1
Summer Figueroa,2972,Production,Production       ,TNS,1
Julia Poole,2973,Production,Production       ,SVG,1
Dawn Soto,2974,Production,Production       ,SVG,1
Kayla Reyes,2975,Production,Production       ,WBL,1
Jesse Bell,2976,Production,Production       ,TNS,1
Phillip Hoffman,2977,Production,Production       ,NEL,1
Jeremy Taylor,2978,Production,Production       ,CCDR,1
Jeremy Lucas,2979,Production,Production       ,PL,1
Donna Mills,2980,Production,Production       ,SVG,1
Travis Andrade,2981,Production,Production       ,TNS,1
Kathy Hart,2982,Production,Production       ,WBL,1
Jeremy Alexander,2983,Production,Production       ,PL,1
Patricia Lowe,2984,Production,Production       ,PYZ,1
Catherine Rodriguez,2985,Production,Production       ,SVG,1
Melinda Davidson,2986,Production,Production       ,NEL,1
Nicholas Smith,2987,Production,Production       ,TNS,1
Monica Cochran,2988,Production,Production       ,MSC,1
Brenda Duncan,2989,Production,Production       ,TNS,1
Wesley Pearson,2990,Production,Production       ,PYZ,1
Daniel Rowe,2991,Production,Production       ,WBL,1
Brittney Stone,2992,Production,Production       ,NEL,1
Pamela Suarez,2993,Production,Production       ,PL,1
Tiffany Smith,2994,Production,Production       ,BPC,1
Jason Huber,2995,Production,Production       ,CCDR,1
Zachary Hill,2996,Production,Production       ,SVG,1
Danny Young,2997,Production,Production       ,EW,1
Kenneth Huff,2998,Production,Production       ,MSC,1
Charles Brock,2999,Production,Production       ,TNS,1
Lori Morton,3000,Production,Production       ,PYZ,1
Thomas Nguyen,3001,Production,Production       ,WBL,1
Miss Angel Elliott,3002,Production,Production       ,BPC,1
Dwayne Johnson,3003,Production,Production       ,CCDR,1
Lisa Walters,3004,Production,Production       ,EW,1
Brandon Coleman,3005,Production,Production       ,MSC,1
Michael Smith,3006,Production,Production       ,NEL,1
Gabriela Boyd,3007,Production,Production       ,PL,1
Kevin Robertson,3008,Production,Production       ,PYZ,1
Tony Moyer,3009,Production,Production       ,EW,1
Heidi Ruiz,3010,Production,Production       ,MSC,1
Valerie Gallagher,3011,Production,Production       ,TNS,1
Walter Sanchez,3012,Production,Production       ,BPC,1
Misty Preston,3013,Production,Production       ,CCDR,1
Danielle Long,3014,Production,Production       ,EW,1
Michael Hendricks,3015,Production,Production       ,MSC,2
Ashley Hill,3016,Production,Production       ,NEL,1
Douglas Washington,3017,Production,Production       ,PL,1
John Jordan,3018,Production,Production       ,PYZ,2
Thomas Humphrey,3019,Production,Production       ,SVG,1
Paula Perez,3020,Production,Production       ,TNS,1
Scott Torres,3021,Production,Production       ,WBL,1
Miguel Rodgers,3022,Production,Production       ,BPC,1
Grant Brooks,3023,Production,Production       ,TNS,1
Kristina Jackson,3024,Production,Production       ,BPC,1
Melissa Stuart,3025,Production,Production       ,CCDR,1
Deborah Lopez,3026,Production,Production       ,EW,1
Erin George,3027,Production,Production       ,MSC,1
Brian Green,3028,Production,Production       ,NEL,1
Tommy Lee,3029,Production,Production       ,PL,1
Kevin Davis,3030,Production,Production       ,PYZ,2
Jamie Anderson,3031,Production,Production       ,SVG,2
Maria Hall,3032,Production,Production       ,EW,1
Bryan Clark,3033,Production,Production       ,MSC,1
Brandy Rivera,3034,Production,Production       ,TNS,1
Kenneth Parker,3035,Production,Production       ,PYZ,1
Barbara Perkins,3036,Production,Production       ,WBL,1
Lindsey Martin,3037,Production,Production       ,NEL,1
David Stark,3038,Production,Production       ,PL,1
Evan Hernandez,3039,Production,Production       ,BPC,1
Caleb Floyd Jr.,3040,Production,Production       ,CCDR,1
Brandon Atkinson,3041,Production,Production       ,SVG,1
Alisha Ramirez,3042,Production,Production       ,EW,1
Caroline Duffy,3043,Production,Production       ,MSC,1
Charles Dean,3044,Production,Production       ,TNS,1
Nicholas Duncan,3045,Production,Production       ,PYZ,1
Anna Davidson,3046,Production,Production       ,TNS,1
Micheal Merritt,3047,Production,Production       ,PYZ,1
Jeffrey Espinoza,3048,Production,Production       ,WBL,1
Joshua Diaz,3049,Production,Production       ,NEL,1
Joshua Hunt,3050,Production,Production       ,PL,1
Alex Holt,3051,Production,Production       ,BPC,1
Ralph Delgado,3052,Production,Production       ,CCDR,1
Rodney Burch,3053,Production,Production       ,SVG,1
Joseph Norris,3054,Production,Production       ,SVG,1
Anthony Guerrero,3055,Production,Production       ,EW,1
Brittany Johnson,3056,Production,Production       ,MSC,2
Richard Contreras,3057,Production,Production       ,TNS,1
Shelia Goodwin,3058,Production,Production       ,PYZ,1
James Walker,3059,Production,Production       ,WBL,1
Patrick Martinez,3060,Production,Production       ,NEL,1
Brandon Hernandez,3061,Production,Production       ,PL,1
Courtney Poole,3062,Production,Production       ,BPC,1
Deborah Diaz,3063,Production,Production       ,CCDR,1
Meagan Gaines,3064,Production,Production       ,SVG,1
Thomas Jackson,3065,Production,Production       ,EW,2
Jamie Pope,3066,Production,Production       ,MSC,1
Joseph Lane,3067,Production,Production       ,TNS,1
Rose Johnson,3068,Production,Production       ,PYZ,1
David Hicks,3069,Production,Production       ,WBL,1
Geoffrey Curtis,3070,Production,Production       ,BPC,1
Holly Miller,3071,Production,Production       ,CCDR,1
Ronald Shepherd DDS,3072,Production,Production       ,EW,1
Jeremy Ray,3073,Production,Production       ,MSC,1
Barbara Clark,3074,Production,Production       ,NEL,1
Joshua Peters,3075,Production,Production       ,PL,1
Daniel Smith,3076,Production,Production       ,PYZ,1
Audrey Hamilton,3077,Production,Production       ,CCDR,1
Aaron Andrews,3078,Production,Production       ,SVG,1
David Moore,3079,Production,Production       ,EW,2
Brittany Ray,3080,Production,Production       ,MSC,1
Jonathan Jones,3081,Production,Production       ,TNS,1
Brian Jennings,3082,Production,Production       ,PYZ,1
Sandra Reed,3083,Production,Production       ,WBL,1
Erica Davis,3084,Production,Production       ,NEL,1
Sara Mckay,3085,Production,Production       ,PL,1
Julie Donovan,3086,Production,Production       ,BPC,1
Duane Kelly,3087,Production,Production       ,CCDR,1
Amy Boyd,3088,Production,Production       ,SVG,1
Laura Mayo,3089,Production,Production       ,EW,1
Brittany Rios,3090,Production,Production       ,MSC,1
Charles Cruz,3091,Production,Production       ,TNS,1
Carolyn Stewart,3092,Production,Production       ,TNS,1
Daniel Hinton,3093,Production,Production       ,PYZ,1
Joshua Foster,3094,Production,Production       ,WBL,1
Summer Dickerson,3095,Production,Production       ,NEL,1
Mr. Joseph Ashley,3096,Production,Production       ,PL,1
Bethany Gaines,3097,Production,Production       ,BPC,1
Melvin Dean,3098,Production,Production       ,CCDR,1
Zachary Smith,3099,Production,Production       ,CCDR,1
Kevin Davis,3100,Production,Production       ,SVG,2
Erica Harper,3101,Production,Production       ,EW,1
Stephanie Frost,3102,Production,Production       ,MSC,1
Bryan Ortega DVM,3103,Production,Production       ,TNS,1
Matthew Smith,3104,Production,Production       ,PYZ,1
Scott Stone,3105,Production,Production       ,WBL,1
Frances Martinez,3106,Production,Production       ,NEL,1
Heather Adams,3107,Production,Production       ,PL,1
Julie Hernandez,3108,Production,Production       ,BPC,1
Timothy Myers,3109,Production,Production       ,CCDR,1
Anna Walters,3110,Production,Production       ,SVG,1
Ebony Adkins,3111,Production,Production       ,EW,1
Molly Guerrero,3112,Production,Production       ,MSC,1
Donna Duffy,3113,Production,Production       ,TNS,1
Corey Barry,3114,Production,Production       ,PYZ,1
Paul Brewer,3115,Production,Production       ,WBL,1
Steven Brown,3116,Production,Production       ,NEL,1
Kyle Anderson,3117,Production,Production       ,PL,1
Dr. Anna Hayes DVM,3118,Production,Production       ,BPC,1
Thomas Bautista,3119,Production,Production       ,NEL,1
Andrew Davis,3120,Production,Production       ,PL,1
Rachel Chaney,3121,Production,Production       ,PYZ,1
Rachel Barr MD,3122,Production,Production       ,SVG,1
Michael Hays,3123,Production,Production       ,TNS,1
Kristi Cox,3124,Production,Production       ,WBL,1
Tracey Wu,3125,Production,Production       ,PYZ,1
Samuel Frye,3126,Production,Production       ,WBL,1
Stacey Robles,3127,Production,Production       ,NEL,1
James Flynn,3128,Production,Production       ,PL,1
Douglas Jacobson,3129,Production,Production       ,BPC,1
Scott Dawson,3130,Production,Production       ,CCDR,1
Patricia Potter,3131,Production,Production       ,SVG,1
Brian Gregory,3132,Production,Production       ,EW,1
Jackie Davis,3133,Production,Production       ,MSC,1
Keith George,3134,Production,Production       ,TNS,1
Jennifer Smith,3135,Production,Production       ,BPC,1
Timothy Brown,3136,Production,Production       ,CCDR,2
Justin Wells,3137,Production,Production       ,EW,1
Rachel Crawford,3138,Production,Production       ,MSC,1
Jasmine Williamson,3139,Production,Production       ,NEL,1
Andrew Smith,3140,Production,Production       ,PL,1
Jennifer Reeves,3141,Production,Production       ,BPC,1
Theresa Foster,3142,Production,Production       ,CCDR,1
Emily Carter,3143,Production,Production       ,SVG,1
Debra Perez,3144,Production,Production       ,EW,1
James Ware,3145,Production,Production       ,MSC,1
Gregory Hall,3146,Production,Production       ,TNS,1
Donna Yang,3147,Production,Production       ,PYZ,1
Adrienne Barnett,3148,Production,Production       ,WBL,1
Yvonne Bush,3149,Production,Production       ,NEL,1
Mark Silva,3150,Production,Production       ,PL,1
Melissa Wheeler DDS,3151,Production,Production       ,BPC,1
Mr. Tony Collier,3152,Production,Production       ,CCDR,1
Kathleen Johnson,3153,Production,Production       ,SVG,1
Julia Davis,3154,Production,Production       ,EW,1
Amanda Carter,3155,Production,Production       ,MSC,1
Jenny Ray,3156,Production,Production       ,MSC,1
Kimberly Collier,3157,Production,Production       ,TNS,1
Michael Hendricks,3158,Production,Production       ,PYZ,2
Lindsay White,3159,Production,Production       ,WBL,1
Madeline Henderson,3160,Production,Production       ,NEL,1
Erin Maxwell,3161,Production,Production       ,PL,1
Kaitlin Thomas MD,3162,Production,Production       ,BPC,1
Taylor Martin,3163,Production,Production       ,PL,1
Natalie Hogan,3164,Production,Production       ,BPC,1
Kenneth Wilkinson,3165,Production,Production       ,CCDR,1
Michelle Beasley,3166,Production,Production       ,SVG,1
Karina Hampton,3167,Production,Production       ,EW,1
Timothy Price,3168,Production,Production       ,MSC,1
Jade Howell,3169,Production,Production       ,TNS,1
David Harrison,3170,Production,Production       ,PYZ,1
Courtney Neal,3171,Production,Production       ,WBL,1
Elizabeth Allen,3172,Production,Production       ,NEL,2
Gloria Vaughn,3173,Production,Production       ,PL,1
Tracy Warner,3174,Production,Production       ,BPC,1
Richard Cox,3175,Production,Production       ,CCDR,1
Jessica Morgan,3176,Production,Production       ,SVG,2
Lori Martin,3177,Production,Production       ,EW,1
Eric Lopez,3178,Production,Production       ,MSC,1
Victoria Thomas,3179,Production,Production       ,TNS,1
Jennifer Dean,3180,Production,Production       ,PYZ,1
Cameron Harris,3181,Production,Production       ,WBL,1
Benjamin Cantrell,3182,Production,Production       ,NEL,1
Victor Warren,3183,Production,Production       ,PL,1
Brian Roberts,3184,Production,Production       ,MSC,1
Tina Wright,3185,Production,Production       ,NEL,1
Mary Weber,3186,Production,Production       ,PL,2
Eric Riley Jr.,3187,Production,Production       ,PYZ,1
Kathy Wong,3188,Production,Production       ,SVG,1
Ernest Bates,3189,Production,Production       ,TNS,1
Brittany Allen,3190,Production,Production       ,WBL,1
Krystal Newton,3191,Production,Production       ,BPC,1
Alexandra Goodman,3192,Production,Production       ,CCDR,1
Kevin Baker,3193,Production,Production       ,EW,1
Holly Mooney,3194,Production,Production       ,MSC,1
Latasha Garrison,3195,Production,Production       ,NEL,1
James Hawkins,3196,Production,Production       ,PL,1
Kevin Mason,3197,Production,Production       ,PYZ,1
Olivia Alexander,3198,Production,Production       ,SVG,1
Austin Burke,3199,Production,Production       ,BPC,1
Casey Landry,3200,Production,Production       ,PL,1
Bobby Boyd,3201,Production,Production       ,EW,1
Andrea Walls,3202,Production,Production       ,WBL,1
John Lutz,3203,Production,Production       ,PYZ,1
Dominique Espinoza,3204,Production,Production       ,BPC,1
Roy Bradshaw,3205,Production,Production       ,TNS,1
Bonnie Clayton,3206,Production,Production       ,BPC,1
Maria Nelson,3207,Production,Production       ,PYZ,1
Jeffrey Gray,3208,Production,Production       ,CCDR,1
Jennifer Baker,3209,Production,Production       ,PL,1
Jessica Scott,3210,Production,Production       ,WBL,1
Pamela Wilson,3211,Production,Production       ,SVG,1
Matthew Brown,3212,Production,Production       ,PYZ,1
Brandy Ferguson,3213,Production,Production       ,WBL,1
Danielle Green,3214,Production,Production       ,PYZ,1
Jeffery Patterson,3215,Production,Production       ,SVG,1
Margaret Murphy MD,3216,Production,Production       ,MSC,1
Karen Munoz,3217,Production,Production       ,BPC,1
Michael Kelly,3218,Production,Production       ,SVG,1
Kelly Hudson,3219,Production,Production       ,PL,1
Brittney Collins,3220,Production,Production       ,SVG,1
Felicia Williams,3221,Production,Production       ,PL,1
Andrea Welch,3222,Production,Production       ,BPC,1
Jennifer Lopez,3223,Production,Production       ,CCDR,1
Dawn Schultz,3224,Production,Production       ,SVG,1
Emily Rodriguez,3225,Production,Production       ,EW,1
James Hamilton,3226,Production,Production       ,MSC,1
Michelle Kramer,3227,Production,Production       ,TNS,1
Melissa Bennett,3228,Production,Production       ,PYZ,1
Bruce West,3229,Production,Production       ,WBL,1
Patricia Lee,3230,Production,Production       ,NEL,1
Peter Smith,3231,Production,Production       ,PL,2
Carlos Miller,3232,Production,Production       ,BPC,1
Jim Mccormick,3233,Production,Production       ,CCDR,1
Catherine Harris,3234,Production,Production       ,SVG,1
Jeffrey Webb,3235,Production,Production       ,EW,1
James Williamson,3236,Production,Production       ,NEL,1
Samantha David,3237,Production,Production       ,PL,1
Anne Gomez,3238,Production,Production       ,PYZ,1
Brenda Chandler,3239,Production,Production       ,SVG,1
Taylor Kim,3240,Production,Production       ,TNS,1
Jessica Lawson,3241,Production,Production       ,WBL,1
Krista Hernandez,3242,Production,Production       ,NEL,1
Danielle Collins,3243,Production,Production       ,PL,1
Mary Hines,3244,Production,Production       ,BPC,1
Mrs. Vickie Barber,3245,Production,Production       ,CCDR,1
Barry Hernandez,3246,Production,Production       ,SVG,1
Glenn Kelly,3247,Production,Production       ,EW,1
Amy Reeves,3248,Production,Production       ,MSC,1
Mark Rodriguez,3249,Production,Production       ,TNS,1
Shawn Wallace,3250,Production,Production       ,PYZ,1
Natalie Cox,3251,Production,Production       ,WBL,1
Sarah Cannon,3252,Production,Production       ,NEL,1
Terrance Pitts,3253,Production,Production       ,PL,1
Samantha Gilbert,3254,Production,Production       ,BPC,1
Natalie Lang,3255,Production,Production       ,CCDR,1
Kelsey Calhoun DDS,3256,Production,Production       ,SVG,1
Jeffrey Terry,3257,Production,Production       ,PL,1
David Vargas,3258,Production,Production       ,BPC,1
Matthew York,3259,Production,Production       ,CCDR,1
Michael Mathews,3260,Production,Production       ,SVG,1
Philip Jackson,3261,Production,Production       ,EW,1
Samantha Williams,3262,Production,Production       ,MSC,1
Renee Jones DVM,3263,Production,Production       ,NEL,1
Jim Melton,3264,Production,Production       ,PL,1
Anna Hogan,3265,Production,Production       ,BPC,1
Andrew Garcia,3266,Production,Production       ,CCDR,1
Lindsey Aguilar,3267,Production,Production       ,SVG,1
Terry Andrade,3268,Production,Production       ,EW,1
Amanda Ball,3269,Production,Production       ,MSC,1
Christina Nguyen,3270,Production,Production       ,TNS,1
Kenneth Bender,3271,Production,Production       ,PYZ,1
Natasha Mathews,3272,Production,Production       ,WBL,1
Tonya Jones,3273,Production,Production       ,NEL,1
Anthony Bass,3274,Production,Production       ,PL,1
Erin Lloyd,3275,Production,Production       ,BPC,1
Joshua Lee,3276,Production,Production       ,CCDR,1
Darlene Garcia,3277,Production,Production       ,NEL,1
Angela Griffin MD,3278,Production,Production       ,PL,1
Katrina Davis,3279,Production,Production       ,BPC,1
Tamara Bailey,3280,Production,Production       ,CCDR,1
Thomas Jones,3281,Production,Production       ,SVG,2
Stephanie Lewis,3282,Production,Production       ,EW,1
Vanessa Garrison,3283,Production,Production       ,MSC,1
Jonathan Franco,3284,Production,Production       ,EW,1
Mark Mills,3285,Production,Production       ,MSC,1
Kristina Hawkins,3286,Production,Production       ,NEL,1
Bobby Parker,3287,Production,Production       ,PL,1
Mark Bolton,3288,Production,Production       ,PYZ,1
Mr. Aaron Mcclain,3289,Production,Production       ,SVG,1
Jeffery Baker,3290,Production,Production       ,TNS,1
Dustin Hoffman,3291,Production,Production       ,WBL,1
Connor Wallace,3292,Production,Production       ,PYZ,1
Cindy Ruiz,3293,Production,Production       ,WBL,1
Regina Dickerson,3294,Production,Production       ,NEL,1
Joshua Wilson,3295,Production,Production       ,PL,1
Michael Palmer,3296,Production,Production       ,BPC,1
Bryan Beasley,3297,Production,Production       ,CCDR,1
Sarah Escobar,3298,Production,Production       ,EW,1
Tabitha Cunningham,3299,Production,Production       ,MSC,1
Mr. Gregory Mullins MD,3300,Production,Production       ,NEL,1
Michael Clark,3301,Production,Production       ,PL,1
Shawn Johnson,3302,Production,Production       ,PYZ,1
Kathy York,3303,Production,Production       ,SVG,1
Cynthia Morgan,3304,Production,Production       ,TNS,1
Alex Lopez,3305,Production,Production       ,WBL,1
Angela Terry,3306,Production,Production       ,NEL,1
Henry Armstrong Jr.,3307,Production,Production       ,PL,1
Mary Kent,3308,Production,Production       ,BPC,1
Kelly Brown,3309,Production,Production       ,CCDR,1
Sheryl Austin,3310,Production,Production       ,SVG,1
Christina Kennedy,3311,Production,Production       ,EW,1
Sara Grimes,3312,Production,Production       ,MSC,1
Teresa George,3313,Production,Production       ,TNS,1
Shelly Turner,3314,Production,Production       ,PYZ,1
Crystal Richmond,3315,Production,Production       ,WBL,1
Theresa Holmes,3316,Production,Production       ,NEL,1
Amanda Weiss,3317,Production,Production       ,PL,1
Thomas Figueroa,3318,Production,Production       ,BPC,1
Bradley Snyder,3319,Production,Production       ,NEL,1
Dennis Richards,3320,Production,Production       ,PL,1
Eric Aguilar,3321,Production,Production       ,BPC,1
Kathleen Bowen,3322,Production,Production       ,CCDR,1
Chloe Berg,3323,Production,Production       ,SVG,1
Anna Martinez,3324,Production,Production       ,EW,1
Christopher Blankenship,3325,Production,Production       ,MSC,1
Jackson Baird,3326,Production,Production       ,PYZ,1
Randy Wright,3327,Production,Production       ,WBL,1
Pamela Carter,3328,Production,Production       ,NEL,1
Robert Rogers,3329,Production,Production       ,PL,1
Michele Black,3330,Production,Production       ,BPC,1
Stephanie Pierce,3331,Production,Production       ,CCDR,1
Rebecca Moreno,3332,Production,Production       ,SVG,1
Jason Brady,3333,Production,Production       ,EW,1
Jonathan Miller,3334,Production,Production       ,MSC,1
Mary Rivera,3335,Production,Production       ,TNS,1
Eric Huber,3336,Production,Production       ,PYZ,1
Michael Avery,3337,Production,Production       ,WBL,1
David Spears,3338,Production,Production       ,NEL,1
Matthew Lyons,3339,Production,Production       ,PL,1
Jamie Murray,3340,Production,Production       ,BPC,1
Paul Watson,3341,Production,Production       ,WBL,1
Mrs. Danielle Sanchez,3342,Production,Production       ,NEL,1
Kari Walker,3343,Production,Production       ,PL,1
Samantha Green,3344,Production,Production       ,BPC,1
Michael Spencer,3345,Production,Production       ,CCDR,1
Juan Cooper,3346,Production,Production       ,SVG,1
John Taylor,3347,Production,Production       ,EW,1
Michael Austin,3348,Production,Production       ,MSC,2
Sara Figueroa,3349,Production,Production       ,WBL,1
Samantha Butler,3350,Production,Production       ,BPC,1
Amanda White,3351,Production,Production       ,CCDR,1
Sarah Walker,3352,Production,Production       ,EW,1
Brent Davis,3353,Production,Production       ,MSC,1
Michael Brown,3354,Production,Production       ,NEL,1
Elizabeth Scott,3355,Production,Production       ,PL,1
Marco Stephenson,3356,Production,Production       ,PYZ,1
Kevin Fitzgerald,3357,Production,Production       ,SVG,1
Jerry Williams,3358,Production,Production       ,TNS,1
James Ward,3359,Production,Production       ,WBL,1
Patrick Wood,3360,Production,Production       ,BPC,1
Patrick Hart,3361,Production,Production       ,CCDR,1
Linda Gonzales,3362,Production,Production       ,EW,1
Jack Branch,3363,Production,Production       ,MSC,1
Courtney Chambers,3364,Production,Production       ,WBL,1
Andre Pacheco,3365,Production,Production       ,NEL,1
Angela Fowler,3366,Production,Production       ,PL,1
Patricia Doyle,3367,Production,Production       ,BPC,1
Benjamin Cook,3368,Production,Production       ,CCDR,1
Jeff Cabrera,3369,Production,Production       ,SVG,1
Chris Burke,3370,Production,Production       ,EW,1
Keith Rasmussen,3371,Production,Production       ,MSC,1
Tammy Small,3372,Production,Production       ,TNS,1
Phillip Little,3373,Production,Production       ,PYZ,1
Thomas Rios,3374,Production,Production       ,WBL,1
Kathy Kelley,3375,Production,Production       ,NEL,1
Christopher Sexton,3376,Production,Production       ,PL,1
Evan Schultz,3377,Production,Production       ,BPC,1
Joshua Burton,3378,Production,Production       ,CCDR,1
Walter Henry,3379,Production,Production       ,SVG,1
Jonathan Richards,3380,Production,Production       ,EW,1
Kevin Escobar,3381,Production,Production       ,MSC,1
Thomas Elliott,3382,Production,Production       ,TNS,1
Jose Brown,3383,Production,Production       ,PYZ,1
Rachel Rice,3384,Production,Production       ,WBL,1
Cory Lopez,3385,Production,Production       ,NEL,1
Alec Phillips,3386,Production,Production       ,WBL,1
David Hernandez,3387,Production,Production       ,NEL,1
Heidi Terry,3388,Production,Production       ,PL,1
Travis Griffith,3389,Production,Production       ,BPC,1
Joanna Nguyen,3390,Production,Production       ,CCDR,1
Amanda Young,3391,Production,Production       ,SVG,1
Sean Walsh,3392,Production,Production       ,EW,1
Jerry Gilbert,3393,Production,Production       ,BPC,1
Meghan Green,3394,Production,Production       ,WBL,1
Penny Campbell DDS,3395,Production,Production       ,TNS,1
Stephanie Petty,3396,Production,Production       ,SVG,1
Alyssa Moore,3397,Production,Production       ,PYZ,1
Danielle Hanson,3398,Production,Production       ,PL,1
Paige Savage,3399,Production,Production       ,NEL,1
Samantha Thomas,3400,Production,Production       ,MSC,1
Scott Powell,3401,Production,Production       ,EW,1
Laura Wong,3402,Production,Production       ,CCDR,1
Erin Allen,3403,Production,Production       ,BPC,1
Ivan Bryant,3404,Production,Production       ,PYZ,1
Karen Lin,3405,Production,Production       ,WBL,1
Tina Munoz,3406,Production,Production       ,NEL,1
Aaron Stewart,3407,Production,Production       ,WBL,1
Nicole Holland,3408,Production,Production       ,NEL,1
Jonathan Brown,3409,Production,Production       ,PL,1
Kyle Hicks,3410,Production,Production       ,BPC,1
Howard Ryan,3411,Production,Production       ,CCDR,1
David Abbott,3412,Production,Production       ,SVG,1
Jackson Ward,3413,Production,Production       ,EW,1
Brandi Clark,3414,Production,Production       ,MSC,1
Jerry Johnson,3415,Production,Production       ,TNS,1
Amanda Fisher,3416,Production,Production       ,BPC,1
Clayton Davis,3417,Production,Production       ,CCDR,1
Nicholas Price,3418,Production,Production       ,EW,1
Miss Sandra Mckinney,3419,Production,Production       ,MSC,1
Lynn Smith,3420,Production,Production       ,NEL,1
Donna Lawson,3421,Production,Production       ,PL,1
Bethany Carter,3422,Production,Production       ,PYZ,1
Caroline Harris,3423,Production,Production       ,SVG,1
Mr. James Castillo,3424,Production,Production       ,TNS,1
Michael Woods,3425,Production,Production       ,WBL,1
Javier Mccall,3426,Production,Production       ,BPC,1
