method,p_value,statistic,effect_size,mutual_info,impact,n,f1_type,f2_type,outcome_type,feature_1,feature_2,outcome,significant,bonferroni,rank,cumulative_pct
chi2,7.786534966788793e-302,1423.0919,0.0,0.6043,181.2961,3000,cat,cat,cat,JobFamily,DepartmentType,PayZone_encoded,True,True,1,4.781958571996796
chi2,1.3187731721902547e-243,1985.3527,0.0,0.6327,153.677,3000,cat,cat,cat,JobFamily,IntersectionalID,PayZone_encoded,True,True,2,8.835421649629199
chi2,2.0301720272462158e-186,1000.0,0.0,0.6854,127.2689,3000,cat,cat,cat,IntersectionalID,GenderCode,PayZone_encoded,True,True,3,12.192331187692087
chi2,2.4526191187754992e-231,1000.0,0.0,0.5438,125.3997,3000,cat,cat,cat,SeniorityLevel,IsIC,PayZone_encoded,True,True,4,15.49993775143409
chi2,3.470762630456986e-226,1000.0,0.0,0.4791,108.0082,3000,cat,cat,cat,JobFamily,IsManager,PayZone_encoded,True,True,5,18.348817224494702
chi2,4.164696316216206e-196,1472.1366,0.0,0.5515,107.7436,3000,num,cat,cat,TenureYears,ExitQuarter,is_minority_dept,True,True,6,21.190717472750425
chi2,1.0667356566869466e-298,1110.271,0.0,0.36,107.2666,3000,cat,cat,cat,IsManager,IsIC,is_minority_dept,True,True,7,24.020036125269435
chi2,4.164696316216206e-196,1472.1366,0.0,0.5484,107.1482,3000,num,cat,cat,TenureVsAvg,ExitQuarter,is_minority_dept,True,True,8,26.8462317988886
chi2,1.3181840656075298e-193,858.8693,0.0,0.4632,89.3455,3000,cat,cat,cat,JobFamily,IsIC,PayZone_encoded,True,True,9,29.20285436051204
chi2,1.4394227252046774e-186,811.0395,0.0,0.3833,71.2304,3000,cat,cat,cat,SeniorityLevel,IsManager,PayZone_encoded,True,True,10,31.0816637881101
chi2,3.559671616839417e-143,328.0,0.0,0.4791,68.2411,3000,cat,cat,cat,JobFamily,IsManager,SeniorityLevel,True,True,11,32.88162591144033
chi2,7.15073168676082e-304,472.4718,0.0,0.2093,62.7928,3000,cat,cat,cat,Region,DepartmentType,PerfScore,True,True,12,34.537880890006775
chi2,2.2769811218214206e-167,740.8849,0.0,0.36,59.9895,3000,cat,cat,cat,IsManager,IsIC,PayZone_encoded,True,True,13,36.120194595347385
chi2,9.773579338380215e-295,1113.9296,0.0,0.1897,55.7798,3000,cat,cat,cat,Region,IntersectionalID,is_terminated,True,True,14,37.59147110242209
chi2,5.681814468723549e-260,944.7371,0.0,0.2126,55.1101,3000,cat,num,cat,Region,DeptGenderRatio,is_minority_dept,True,True,15,39.04508326009455
chi2,5.6818144687229005e-260,944.7371,0.0,0.2093,54.2625,3000,cat,cat,cat,Region,DepartmentType,is_minority_dept,True,True,16,40.47633868706168
chi2,5.6818144687229005e-260,944.7371,0.0,0.2064,53.5066,3000,cat,num,cat,Region,DeptDiversityScore,is_minority_dept,True,True,17,41.88765610938022
chi2,6.896273887830568e-226,785.2421,0.0,0.2237,50.3604,3000,cat,cat,cat,SeniorityLevel,IntersectionalID,is_terminated,True,True,18,43.21598775285842
chi2,4.069536738208647e-248,630.0681,0.0,0.1978,48.9266,3000,cat,cat,cat,SeniorityLevel,DepartmentType,is_terminated,True,True,19,44.50650075489574
chi2,4.0695367382091095e-248,630.0681,0.0,0.1957,48.4249,3000,cat,num,cat,SeniorityLevel,DeptGenderRatio,is_terminated,True,True,20,45.783780661375175
chi2,3.5510238664092316e-238,570.143,0.0,0.2024,48.0592,3000,cat,num,cat,IsIC,DeptGenderRatio,is_terminated,True,True,21,47.05141467778981
chi2,1.4160517880389333e-252,722.8245,0.0,0.1897,47.7809,3000,cat,cat,cat,Region,IntersectionalID,PerfScore,True,True,22,48.31170811119914
chi2,3.5510238664092316e-238,570.143,0.0,0.2011,47.7507,3000,cat,cat,cat,IsIC,DepartmentType,is_terminated,True,True,23,49.571204973976926
chi2,4.380482148470899e-228,655.5073,0.0,0.2077,47.2118,3000,cat,cat,cat,IsIC,IntersectionalID,is_terminated,True,True,24,50.81648753498843
chi2,4.0695367382091095e-248,630.0681,0.0,0.1782,44.094,3000,cat,num,cat,SeniorityLevel,DeptDiversityScore,is_terminated,True,True,25,51.97953341007139
chi2,3.551023866408826e-238,570.143,0.0,0.1842,43.7431,3000,cat,num,cat,IsIC,DeptDiversityScore,is_terminated,True,True,26,53.13332376745201
chi2,5.433237143811611e-215,689.4899,0.0,0.1978,42.3754,3000,cat,cat,cat,SeniorityLevel,DepartmentType,is_minority_dept,True,True,27,54.25103897076743
chi2,1.0315977073375413e-217,630.9571,0.0,0.195,42.3205,3000,cat,cat,cat,IsManager,IntersectionalID,is_terminated,True,True,28,55.367306103630135
chi2,1.4596160187947671e-239,576.6073,0.0,0.1766,42.186,3000,cat,cat,cat,IsManager,DepartmentType,is_terminated,True,True,29,56.480025595766236
chi2,5.433237143811611e-215,689.4899,0.0,0.1957,41.9408,3000,cat,num,cat,SeniorityLevel,DeptGenderRatio,is_minority_dept,True,True,30,57.58627756741043
chi2,1.4364766413475535e-221,1077.2176,0.0,0.1897,41.8984,3000,cat,cat,cat,Region,IntersectionalID,is_minority_dept,True,True,31,58.69141117498914
chi2,1.6106647552414173e-187,729.0643,0.0,0.2237,41.7788,3000,cat,cat,cat,SeniorityLevel,IntersectionalID,is_minority_dept,True,True,32,59.79339015185483
chi2,1.4596160187947671e-239,576.6073,0.0,0.1726,41.2118,3000,cat,num,cat,IsManager,DeptGenderRatio,is_terminated,True,True,33,60.880413646995756
chi2,4.523224527362929e-182,422.0935,0.0,0.2237,40.5602,3000,cat,cat,cat,SeniorityLevel,IntersectionalID,PerfScore,True,True,34,61.950250207583125
chi2,4.228389874497234e-201,636.6411,0.0,0.2024,40.5552,3000,cat,num,cat,IsIC,DeptGenderRatio,is_minority_dept,True,True,35,63.019954885615604
chi2,4.228389874497234e-201,636.6411,0.0,0.2011,40.2948,3000,cat,cat,cat,IsIC,DepartmentType,is_minority_dept,True,True,36,64.0827911201893
chi2,5.66306252436168e-202,334.3517,0.0,0.1978,39.8008,3000,cat,cat,cat,SeniorityLevel,DepartmentType,PerfScore,True,True,37,65.13259735833965
chi2,8.914287414182737e-188,449.6818,0.0,0.2093,39.1513,3000,cat,cat,cat,Region,DepartmentType,SeniorityLevel,True,True,38,66.16527205260951
chi2,1.4596160187947671e-239,576.6073,0.0,0.1633,39.0069,3000,cat,num,cat,IsManager,DeptDiversityScore,is_terminated,True,True,39,67.19413797869409
chi2,5.433237143812231e-215,689.4899,0.0,0.1782,38.1898,3000,cat,num,cat,SeniorityLevel,DeptDiversityScore,is_minority_dept,True,True,40,68.20145165765818
chi2,4.369754421640536e-184,656.7009,0.0,0.2077,38.0753,3000,cat,cat,cat,IsIC,IntersectionalID,is_minority_dept,True,True,41,69.20574522611525
chi2,1.4594426361443594e-200,643.6237,0.0,0.1897,37.913,3000,cat,cat,cat,Region,IntersectionalID,SeniorityLevel,True,True,42,70.20575788684053
chi2,2.0653533529098666e-186,310.0704,0.0,0.2011,37.3409,3000,cat,cat,cat,IsIC,DepartmentType,PerfScore,True,True,43,71.19068054563505
chi2,5.9653846821931395e-180,380.9677,0.0,0.2077,37.2166,3000,cat,cat,cat,IsIC,IntersectionalID,PerfScore,True,True,44,72.17232460411493
chi2,4.228389874497234e-201,636.6411,0.0,0.1842,36.913,3000,cat,num,cat,IsIC,DeptDiversityScore,is_minority_dept,True,True,45,73.14596075386177
chi2,1.0535897347511084e-191,609.653,0.0,0.1766,33.7327,3000,cat,cat,cat,IsManager,DepartmentType,is_minority_dept,True,True,46,74.0357116857439
chi2,4.571930593796562e-173,628.2064,0.0,0.195,33.6127,3000,cat,cat,cat,IsManager,IntersectionalID,is_minority_dept,True,True,47,74.92229743630863
chi2,1.0535897347511084e-191,609.653,0.0,0.1726,32.9537,3000,cat,num,cat,IsManager,DeptGenderRatio,is_minority_dept,True,True,48,75.79150106613857
chi2,1.8925717772729085e-165,350.0499,0.0,0.195,32.1271,3000,cat,cat,cat,IsManager,IntersectionalID,PerfScore,True,True,49,76.63890187199374
chi2,5.037485238595204e-182,310.8519,0.0,0.1766,32.023,3000,cat,cat,cat,IsManager,DepartmentType,PerfScore,True,True,50,77.48355688305605
chi2,1.053589734751048e-191,609.653,0.0,0.1633,31.1906,3000,cat,num,cat,IsManager,DeptDiversityScore,is_minority_dept,True,True,51,78.3062560863799
pearson,2.209558018154969e-146,-0.4457,0.1986,1.0292,28.9343,3000,num,num,cat,DeptGenderRatio,DeptDiversityScore,SeniorityLevel,True,True,52,79.06944196798314
pearson,2.209558018154969e-146,-0.4457,0.1986,1.0292,28.9343,3000,num,num,cat,DeptGenderRatio,DeptDiversityScore,PayZone_encoded,True,True,53,79.83262784958636
pearson,2.209558018154969e-146,-0.4457,0.1986,1.0292,28.9343,3000,num,num,cat,DeptGenderRatio,DeptDiversityScore,PerfScore,True,True,54,80.59581373118958
chi2,4.5467601465182386e-204,572.6708,0.0,0.1409,28.6455,3000,cat,cat,cat,JobFamily,Region,is_terminated,True,True,55,81.35138207642224
chi2,2.4557812944821646e-126,637.3862,0.0,0.2093,26.2913,3000,cat,cat,cat,Region,DepartmentType,PayZone_encoded,True,True,56,82.04485483950947
chi2,7.887469570967669e-202,469.2101,0.0,0.1203,24.1927,3000,cat,cat,cat,Region,IsManager,is_terminated,True,True,57,82.68297385665737
pearson,1.7824640544512878e-128,-0.4199,0.1763,0.9419,22.5264,3000,num,num,cat,TenureDays,StartYear,PerfScore,True,True,58,83.2771416935619
pearson,1.7824640544512878e-128,-0.4199,0.1763,0.9419,22.5264,3000,num,num,cat,TenureDays,StartYear,PayZone_encoded,True,True,59,83.87130953046645
pearson,1.7824640544512878e-128,-0.4199,0.1763,0.9419,22.5264,3000,num,num,cat,TenureDays,StartYear,SeniorityLevel,True,True,60,84.465477367371
pearson,2.333032631427586e-128,-0.4197,0.1762,0.885,22.487,3000,num,num,cat,TenureVsAvg,StartYear,SeniorityLevel,True,True,61,85.05860596974298
pearson,2.333032631427586e-128,-0.4197,0.1762,0.885,22.487,3000,num,num,cat,TenureVsAvg,StartYear,PayZone_encoded,True,True,62,85.65173457211498
pearson,2.333032631427586e-128,-0.4197,0.1762,0.885,22.487,3000,num,num,cat,TenureVsAvg,StartYear,PerfScore,True,True,63,86.24486317448697
pearson,2.333032631427586e-128,-0.4197,0.1762,0.885,22.487,3000,num,num,cat,TenureYears,StartYear,PayZone_encoded,True,True,64,86.83799177685894
pearson,2.333032631427586e-128,-0.4197,0.1762,0.885,22.487,3000,num,num,cat,TenureYears,StartYear,SeniorityLevel,True,True,65,87.43112037923095
pearson,2.333032631427586e-128,-0.4197,0.1762,0.885,22.487,3000,num,num,cat,TenureYears,StartYear,PerfScore,True,True,66,88.02424898160292
chi2,1.3491077934479999e-158,306.8585,0.0,0.1409,22.2397,3000,cat,cat,cat,JobFamily,Region,PerfScore,True,True,67,88.61085467280996
chi2,2.2678944569302937e-154,413.352,0.0,0.1409,21.6444,3000,cat,cat,cat,JobFamily,Region,SeniorityLevel,True,True,68,89.18175842703153
chi2,2.1272437658529018e-35,3677.5981,0.0,0.6225,21.5835,3000,num,cat,cat,TenureDays,StartQuarter,is_terminated,True,True,69,89.75105585173449
chi2,6.025717364196104e-106,952.7059,0.0,0.1897,19.9624,3000,cat,cat,cat,Region,IntersectionalID,PayZone_encoded,True,True,70,90.27759431449033
chi2,4.917573098692228e-97,434.6739,0.0,0.1978,19.047,3000,cat,cat,cat,SeniorityLevel,DepartmentType,PayZone_encoded,True,True,71,90.77998771909651
chi2,2.158370632128282e-133,573.7121,0.0,0.1409,18.6891,3000,cat,cat,cat,JobFamily,Region,is_minority_dept,True,True,72,91.27294097042352
chi2,2.352774100975189e-150,260.8449,0.0,0.1203,18.0003,3000,cat,cat,cat,Region,IsManager,PerfScore,True,True,73,91.74772608098858
chi2,3.0941996404332177e-89,399.849,0.0,0.2011,17.7991,3000,cat,cat,cat,IsIC,DepartmentType,PayZone_encoded,True,True,74,92.21720423754478
chi2,2.4526191187752198e-231,1000.0,0.0,0.077,17.7534,3000,cat,cat,cat,SeniorityLevel,IsExecutive,PayZone_encoded,True,True,75,92.68547698754928
chi2,2.3221626624187798e-146,481.272,0.0,0.1203,17.5198,3000,cat,cat,cat,Region,IsManager,is_minority_dept,True,True,76,93.1475881845892
chi2,3.470762630456986e-226,1000.0,0.0,0.0767,17.2817,3000,cat,cat,cat,JobFamily,IsExecutive,PayZone_encoded,True,True,77,93.60341913436515
chi2,4.4536614956204974e-76,594.2632,0.0,0.2237,16.8533,3000,cat,cat,cat,SeniorityLevel,IntersectionalID,PayZone_encoded,True,True,78,94.04795038683795
chi2,2.4785978678105152e-88,398.3809,0.0,0.1766,15.474,3000,cat,cat,cat,IsManager,DepartmentType,PayZone_encoded,True,True,79,94.45610051771821
chi2,3.385715338641447e-154,369.3858,0.0,0.1002,15.3777,3000,cat,cat,cat,SeniorityLevel,Region,is_terminated,True,True,80,94.86171059059123
chi2,2.845968635853033e-73,480.1556,0.0,0.2077,15.0644,3000,cat,cat,cat,IsIC,IntersectionalID,PayZone_encoded,True,True,81,95.25905690257473
chi2,4.5405201234208126e-145,338.1884,0.0,0.097,14.0079,3000,cat,cat,cat,Region,IsIC,is_terminated,True,True,82,95.62853643070949
chi2,2.7816048891840534e-68,455.0888,0.0,0.195,13.1759,3000,cat,cat,cat,IsManager,IntersectionalID,PayZone_encoded,True,True,83,95.97607070171021
chi2,1.0049911641611344e-69,109.3195,0.0,0.1766,12.1872,3000,cat,cat,cat,IsManager,DepartmentType,SeniorityLevel,True,True,84,96.29752651630655
chi2,1.439270715920153e-119,200.9641,0.0,0.1002,11.9079,3000,cat,cat,cat,SeniorityLevel,Region,PerfScore,True,True,85,96.61161537138662
chi2,3.643858723249667e-116,386.2448,0.0,0.1002,11.5669,3000,cat,cat,cat,SeniorityLevel,Region,is_minority_dept,True,True,86,96.91670983622302
chi2,3.5263464184376665e-111,186.4795,0.0,0.097,10.719,3000,cat,cat,cat,Region,IsIC,PerfScore,True,True,87,97.19943965740083
chi2,4.251208410522754e-108,352.1128,0.0,0.097,10.42,3000,cat,cat,cat,Region,IsIC,is_minority_dept,True,True,88,97.4742829017961
chi2,1.758288638162051e-50,121.9313,0.0,0.195,9.7041,3000,cat,cat,cat,IsManager,IntersectionalID,SeniorityLevel,True,True,89,97.73024320198188
chi2,1.7625183804084957e-69,377.4416,0.0,0.1409,9.6856,3000,cat,cat,cat,JobFamily,Region,PayZone_encoded,True,True,90,97.98571553671457
chi2,2.5577929352997366e-71,325.8645,0.0,0.1203,8.4922,3000,cat,cat,cat,Region,IsManager,PayZone_encoded,True,True,91,98.20971014324562
chi2,1.3238258397262153e-71,222.0764,0.0,0.0962,6.819,3000,num,cat,cat,StartYear,StartQuarter,is_terminated,True,True,92,98.38957157160753
chi2,6.853691255538316e-273,1014.4717,0.0,0.0206,5.5964,3000,cat,cat,cat,JobFamily,GenderCode,is_minority_dept,True,True,93,98.53718507764722
chi2,1.1203275774781043e-09,3743.7357,0.0,0.6225,5.5718,3000,num,cat,cat,TenureDays,StartQuarter,is_minority_dept,True,True,94,98.68414972151686
chi2,3.5332470310291635e-55,261.0782,0.0,0.1002,5.4561,3000,cat,cat,cat,SeniorityLevel,Region,PayZone_encoded,True,True,95,98.82806260306627
chi2,3.0193783202392e-54,238.7604,0.0,0.097,5.1939,3000,cat,cat,cat,Region,IsIC,PayZone_encoded,True,True,96,98.96505956343715
chi2,1.4569043965797446e-48,226.8285,0.0,0.0962,4.6022,3000,num,cat,cat,StartYear,StartQuarter,is_minority_dept,True,True,97,99.08644954226207
chi2,0.00012399138336117933,4063.5601,0.0,0.553,2.1602,3000,num,cat,cat,TenureDays,ExitQuarter,is_terminated,True,False,98,99.14342808127769
chi2,3.14846360009923e-14,34.6634,0.0,0.1203,1.6243,3000,cat,cat,cat,Region,IsManager,SeniorityLevel,True,True,99,99.18627144805995
chi2,4.1559941819782736e-140,398.4397,0.0,0.0115,1.6097,3000,cat,cat,cat,IsIC,GenderCode,is_minority_dept,True,True,100,99.22872971778193
chi2,3.732661808749715e-140,403.9422,0.0,0.011,1.528,3000,cat,cat,cat,SeniorityLevel,GenderCode,is_minority_dept,True,True,101,99.26903302655697
chi2,2.8467758236533484e-24,90.0678,0.0,0.0381,0.8975,3000,cat,cat,cat,JobFamily,PerfScore,is_terminated,True,True,102,99.29270594516011
chi2,9.641292184633809e-44,120.8864,0.0,0.0206,0.8845,3000,cat,cat,cat,JobFamily,GenderCode,is_terminated,True,True,103,99.31603596912055
chi2,4.904818449088731e-111,357.5667,0.0,0.0079,0.8762,3000,cat,cat,cat,Region,GenderCode,is_minority_dept,True,True,104,99.33914706803985
chi2,4.455067646345879e-20,91.0516,0.0,0.0381,0.7376,3000,cat,cat,cat,JobFamily,PerfScore,is_minority_dept,True,True,105,99.35860238253753
chi2,3.802873316139825e-32,48.0651,0.0,0.0206,0.6461,3000,cat,cat,cat,JobFamily,GenderCode,PerfScore,True,True,106,99.37564424628069
chi2,2.31514053298127e-27,82.6681,0.0,0.0223,0.5947,3000,cat,cat,cat,GenderCode,DepartmentType,is_terminated,True,True,107,99.39133035735958
chi2,3.8826469528771376e-19,67.4787,0.0,0.0311,0.5725,3000,cat,cat,cat,PerfScore,DepartmentType,is_terminated,True,True,108,99.40643090989472
chi2,3.8826469528771376e-19,67.4787,0.0,0.0302,0.5557,3000,num,cat,cat,DeptGenderRatio,PerfScore,is_terminated,True,True,109,99.42108833704543
chi2,1.6413883689193515e-27,29.5272,0.0,0.0192,0.5154,3000,cat,cat,cat,IsExecutive,IsIC,PerfScore,True,True,110,99.43468279080373
chi2,4.260974762029225e-27,71.0922,0.0,0.0192,0.5074,3000,cat,cat,cat,IsExecutive,IsIC,is_terminated,True,True,111,99.44806623247419
chi2,5.349698543378763e-98,284.2109,0.0,0.0051,0.4976,3000,cat,cat,cat,IsManager,GenderCode,is_minority_dept,True,True,112,99.46119118433705
chi2,1.3998205478293785e-22,34.3309,0.0,0.0223,0.4879,3000,cat,cat,cat,GenderCode,DepartmentType,PerfScore,True,True,113,99.47406028404343
chi2,4.569191923054942e-16,71.0307,0.0,0.0311,0.477,3000,cat,cat,cat,PerfScore,DepartmentType,is_minority_dept,True,True,114,99.48664187978015
chi2,4.569191923054959e-16,71.0307,0.0,0.0302,0.463,3000,num,cat,cat,DeptGenderRatio,PerfScore,is_minority_dept,True,True,115,99.49885420436317
chi2,7.935246832146363e-13,62.2362,0.0,0.0381,0.4612,3000,cat,cat,cat,JobFamily,PerfScore,SeniorityLevel,True,True,116,99.51101905122643
chi2,5.841856283201439e-23,65.3746,0.0,0.0192,0.4278,3000,cat,cat,cat,IsExecutive,IsIC,is_minority_dept,True,True,117,99.52230292262298
chi2,1.2493889626788057e-18,59.8847,0.0,0.0223,0.3997,3000,cat,cat,cat,GenderCode,DepartmentType,SeniorityLevel,True,True,118,99.53284561406107
chi2,1.6757340811986599e-25,72.0081,0.0,0.0158,0.3903,3000,cat,cat,cat,IsExecutive,DepartmentType,is_minority_dept,True,True,119,99.54314036629594
chi2,1.6757340811986599e-25,72.0081,0.0,0.0156,0.3873,3000,cat,num,cat,IsExecutive,DeptDiversityScore,is_minority_dept,True,True,120,99.5533559889979
chi2,3.8826469528771376e-19,67.4787,0.0,0.0207,0.3815,3000,num,cat,cat,DeptDiversityScore,PerfScore,is_terminated,True,True,121,99.56341862793616
chi2,1.1412542184386182e-12,49.0871,0.0,0.0311,0.3714,3000,cat,cat,cat,PerfScore,DepartmentType,SeniorityLevel,True,True,122,99.57321486411355
chi2,2.2684308620083356e-18,34.8675,0.0,0.0206,0.3628,3000,cat,cat,cat,JobFamily,GenderCode,SeniorityLevel,True,True,123,99.58278426229651
chi2,1.0778881519587674e-23,29.3674,0.0,0.0158,0.3618,3000,cat,cat,cat,IsExecutive,DepartmentType,PerfScore,True,True,124,99.59232728396853
chi2,1.3741464657883131e-11,1877.9355,0.0,0.0307,0.3337,3000,num,cat,cat,Age,Region,is_minority_dept,True,True,125,99.60112912568204
chi2,4.569191923054959e-16,71.0307,0.0,0.0207,0.3179,3000,num,cat,cat,DeptDiversityScore,PerfScore,is_minority_dept,True,True,126,99.60951421852208
chi2,3.405943254830692e-27,61.4501,0.0,0.0115,0.3057,3000,cat,cat,cat,IsIC,GenderCode,is_terminated,True,True,127,99.61757751792818
chi2,7.130640448659568e-14,42.4769,0.0,0.0229,0.3005,3000,cat,cat,cat,SeniorityLevel,PerfScore,is_terminated,True,True,128,99.62550365947719
chi2,1.6757340811986599e-25,72.0081,0.0,0.0121,0.2993,3000,cat,num,cat,IsExecutive,DeptGenderRatio,is_minority_dept,True,True,129,99.63339814921304
chi2,2.3518073368227863e-08,62.3841,0.0,0.0381,0.2908,3000,cat,cat,cat,JobFamily,PerfScore,PayZone_encoded,True,True,130,99.64106843860557
chi2,4.235735306145806e-19,68.8359,0.0,0.0158,0.2894,3000,cat,cat,cat,IsExecutive,DepartmentType,is_terminated,True,True,131,99.64870180088273
chi2,4.235735306145806e-19,68.8359,0.0,0.0156,0.2872,3000,cat,num,cat,IsExecutive,DeptDiversityScore,is_terminated,True,True,132,99.65627713483575
chi2,1.091905036432982e-14,68.4138,0.0,0.0206,0.2871,3000,cat,cat,cat,JobFamily,GenderCode,PayZone_encoded,True,True,133,99.66384983113765
chi2,7.77733183831033e-27,64.516,0.0,0.011,0.2861,3000,cat,cat,cat,SeniorityLevel,GenderCode,is_terminated,True,True,134,99.67139615092859
chi2,1.5109380417278217e-15,44.3605,0.0,0.0192,0.2852,3000,cat,cat,cat,IsExecutive,IsIC,PayZone_encoded,True,True,135,99.67891873185962
chi2,2.868332129756092e-07,10255.332,0.0,0.0433,0.283,3000,num,cat,cat,Age,IntersectionalID,is_minority_dept,True,True,136,99.68638328446652
chi2,3.9244356871962594e-19,50.7722,0.0,0.0144,0.2645,3000,cat,cat,cat,IsExecutive,IntersectionalID,PerfScore,True,True,137,99.69335987162032
chi2,1.0378299098852306e-18,92.6883,0.0,0.0144,0.2584,3000,cat,cat,cat,IsExecutive,IntersectionalID,is_minority_dept,True,True,138,99.70017556205715
chi2,1.0638909606245105e-18,153.67,0.0,0.0144,0.2583,3000,cat,cat,cat,IsExecutive,IntersectionalID,is_terminated,True,True,139,99.70698861484287
chi2,5.267560002898572e-12,42.1225,0.0,0.0229,0.2578,3000,cat,cat,cat,SeniorityLevel,PerfScore,is_minority_dept,True,True,140,99.71378847937311
chi2,0.35809880844259784,4476.135,0.0,0.553,0.2466,3000,num,cat,cat,TenureDays,ExitQuarter,is_minority_dept,False,False,141,99.72029292698039
chi2,2.3391004031961883e-15,41.2404,0.0,0.0166,0.2431,3000,cat,cat,cat,IsIC,PerfScore,is_terminated,True,True,142,99.72670505679925
chi2,2.3194856637454045e-11,48.5078,0.0,0.0223,0.2374,3000,cat,cat,cat,GenderCode,DepartmentType,PayZone_encoded,True,True,143,99.73296684050553
chi2,2.3981226092084374e-08,51.71,0.0,0.0311,0.237,3000,cat,cat,cat,PerfScore,DepartmentType,PayZone_encoded,True,True,144,99.73921807360742
chi2,4.235735306145806e-19,68.8359,0.0,0.0121,0.222,3000,cat,num,cat,IsExecutive,DeptGenderRatio,is_terminated,True,True,145,99.74507365904464
chi2,1.4541506101953639e-13,40.9384,0.0,0.0166,0.2133,3000,cat,cat,cat,IsIC,PerfScore,is_minority_dept,True,True,146,99.75069976883634
chi2,3.8476447777641086e-18,21.3948,0.0,0.0115,0.2011,3000,cat,cat,cat,IsIC,GenderCode,PerfScore,True,True,147,99.7560040851941
chi2,2.739076230355681e-13,43.8096,0.0,0.0158,0.1979,3000,cat,cat,cat,IsExecutive,DepartmentType,PayZone_encoded,True,True,148,99.76122399671674
chi2,2.4301646197909003e-07,459.1951,0.0,0.0294,0.1947,3000,num,cat,cat,Age,IsManager,is_minority_dept,True,True,149,99.76635950340423
chi2,3.6292219936128933e-13,35.2706,0.0,0.0155,0.1925,3000,cat,cat,cat,Generation,IsManager,is_minority_dept,True,True,150,99.7714369817676
chi2,7.020147104590461e-18,22.2942,0.0,0.011,0.188,3000,cat,cat,cat,SeniorityLevel,GenderCode,PerfScore,True,True,151,99.77639576583154
chi2,2.140606120469178e-12,20.2093,0.0,0.0155,0.1805,3000,cat,cat,cat,Generation,IsManager,SeniorityLevel,True,True,152,99.78115672606313
chi2,2.1265010626149922e-16,43.0496,0.0,0.0115,0.1801,3000,cat,cat,cat,IsManager,PerfScore,is_terminated,True,True,153,99.78590713569035
chi2,1.3322683374717689e-11,15.9417,0.0,0.0155,0.1682,3000,cat,cat,cat,Generation,IsManager,PerfScore,True,True,154,99.79034366483694
chi2,3.210426936457021e-12,127.5875,0.0,0.0144,0.1652,3000,cat,cat,cat,IsExecutive,IntersectionalID,PayZone_encoded,True,True,155,99.79470106445056
chi2,2.892547012696507e-14,23.1671,0.0,0.012,0.163,3000,cat,cat,cat,CareerStage,IsManager,SeniorityLevel,True,True,156,99.79900043574006
chi2,1.9098719059918137e-14,43.1733,0.0,0.0115,0.1577,3000,cat,cat,cat,IsManager,PerfScore,is_minority_dept,True,True,157,99.80316001152136
chi2,8.831654477905592e-06,1834.0607,0.0,0.0304,0.1537,3000,num,cat,cat,Age,DepartmentType,is_minority_dept,True,True,158,99.80721408125873
chi2,1.4844678913268426e-09,52.1295,0.0,0.0167,0.1478,3000,cat,num,cat,Generation,DeptGenderRatio,is_terminated,True,True,159,99.81111252958135
chi2,4.0678677875808837e-10,37.2788,0.0,0.0157,0.147,3000,cat,cat,cat,Generation,DepartmentType,SeniorityLevel,True,True,160,99.81498987669518
chi2,0.00011916517120078124,2058.4321,0.0,0.0374,0.1467,3000,num,cat,cat,Age,JobFamily,is_terminated,True,False,161,99.81885931085571
chi2,1.298552674855217e-12,34.6335,0.0,0.012,0.1431,3000,cat,cat,cat,CareerStage,IsManager,is_minority_dept,True,True,162,99.82263378957671
chi2,1.4844678913268317e-09,52.1295,0.0,0.0157,0.1382,3000,cat,cat,cat,Generation,DepartmentType,is_terminated,True,True,163,99.82627902339394
chi2,2.3151405329812866e-27,82.6681,0.0,0.0051,0.1369,3000,num,cat,cat,DeptDiversityScore,GenderCode,is_terminated,True,True,164,99.82988996774688
chi2,1.3728179967597088e-06,28.216,0.0,0.0229,0.134,3000,cat,cat,cat,SeniorityLevel,PerfScore,PayZone_encoded,True,True,165,99.83342442021798
chi2,2.3151405329812866e-27,82.6681,0.0,0.005,0.1328,3000,num,cat,cat,DeptGenderRatio,GenderCode,is_terminated,True,True,166,99.83692722087592
chi2,2.6721054207761622e-09,30.3575,0.0,0.0155,0.1326,3000,cat,cat,cat,Generation,IsManager,is_terminated,True,True,167,99.84042474623166
chi2,4.2742753091604406e-10,50.6534,0.0,0.0137,0.1287,3000,cat,num,cat,CareerStage,DeptDiversityScore,is_terminated,True,True,168,99.84381940319459
chi2,4.4193267963704443e-05,382.9137,0.0,0.0294,0.1282,3000,num,cat,cat,Age,IsManager,is_terminated,True,False,169,99.84720087190203
chi2,7.468083415418442e-05,1171.9455,0.0,0.0307,0.1268,3000,num,cat,cat,Age,Region,is_terminated,True,False,170,99.8505454134941
chi2,8.061276354212271e-09,29.3384,0.0,0.0157,0.1267,3000,cat,cat,cat,Generation,DepartmentType,PerfScore,True,True,171,99.85388731743505
chi2,1.3700189093920886e-11,26.7967,0.0,0.0115,0.1249,3000,cat,cat,cat,IsManager,PerfScore,SeniorityLevel,True,True,172,99.85718174365626
chi2,3.238019152149038e-16,40.7567,0.0,0.0079,0.123,3000,cat,cat,cat,Region,GenderCode,is_terminated,True,True,173,99.8604260545066
chi2,5.890375949043069e-08,27.3846,0.0,0.0166,0.1201,3000,cat,cat,cat,IsIC,PerfScore,PayZone_encoded,True,True,174,99.86359387347512
chi2,2.17643412395778e-10,14.6704,0.0,0.012,0.1163,3000,cat,cat,cat,CareerStage,IsManager,PerfScore,True,True,175,99.86666146170191
chi2,3.3712581096383964e-10,32.4643,0.0,0.0115,0.1094,3000,cat,cat,cat,IsIC,GenderCode,PayZone_encoded,True,True,176,99.86954705200294
chi2,3.7308331124352604e-07,57.186,0.0,0.0167,0.1076,3000,cat,num,cat,Generation,DeptGenderRatio,is_minority_dept,True,True,177,99.87238516458422
chi2,2.0844725361636344e-09,30.9292,0.0,0.012,0.1045,3000,cat,cat,cat,CareerStage,IsManager,is_terminated,True,True,178,99.87514150998147
chi2,3.7308331124352604e-07,57.186,0.0,0.0157,0.1006,3000,cat,cat,cat,Generation,DepartmentType,is_minority_dept,True,True,179,99.8777949869859
chi2,3.936033254164946e-13,22.1823,0.0,0.0079,0.0985,3000,cat,cat,cat,Region,GenderCode,PerfScore,True,True,180,99.88039307331728
chi2,3.907451750694926e-15,67.0817,0.0,0.0068,0.098,3000,cat,cat,cat,SpanOfControl,IntersectionalID,PerfScore,True,True,181,99.88297797139316
chi2,1.6149590430558877e-09,34.5488,0.0,0.011,0.0963,3000,cat,cat,cat,SeniorityLevel,GenderCode,PayZone_encoded,True,True,182,99.88551802940039
chi2,6.181953554661187e-19,43.3349,0.0,0.0051,0.0931,3000,cat,cat,cat,IsManager,GenderCode,is_terminated,True,True,183,99.88797368257248
chi2,5.414866603471682e-07,60.7034,0.0,0.0137,0.0861,3000,cat,num,cat,CareerStage,DeptDiversityScore,is_minority_dept,True,True,184,99.89024470016773
chi2,6.207420362819e-13,101.0848,0.0,0.0068,0.083,3000,cat,cat,cat,SpanOfControl,IntersectionalID,PayZone_encoded,True,True,185,99.89243395057895
chi2,1.4844678913268426e-09,52.1295,0.0,0.0092,0.0813,3000,cat,num,cat,Generation,DeptDiversityScore,is_terminated,True,True,186,99.89457836092149
chi2,3.560154653599718e-07,28.3342,0.0,0.0115,0.0741,3000,cat,cat,cat,IsManager,PerfScore,PayZone_encoded,True,True,187,99.89653286038498
chi2,1.3027930579122307e-09,30.7728,0.0,0.0079,0.0706,3000,cat,cat,cat,Region,GenderCode,PayZone_encoded,True,True,188,99.89839504206005
chi2,7.786437667490516e-05,20.0679,0.0,0.0155,0.0636,3000,cat,cat,cat,Generation,IsManager,PayZone_encoded,True,False,189,99.90007258815828
chi2,1.3275660247366102e-08,17.4351,0.0,0.0079,0.0626,3000,cat,cat,cat,Region,GenderCode,SeniorityLevel,True,True,190,99.90172375774554
chi2,0.00273994383978237,150.776,0.0,0.0233,0.0597,3000,cat,cat,cat,Generation,IntersectionalID,SeniorityLevel,True,False,191,99.90329843545095
chi2,5.261795738715942e-05,24.3409,0.0,0.0139,0.0593,3000,cat,cat,cat,StartQuarter,ExitQuarter,is_terminated,True,False,192,99.90486256255197
chi2,3.7308331124352604e-07,57.186,0.0,0.0092,0.0592,3000,cat,num,cat,Generation,DeptDiversityScore,is_minority_dept,True,True,193,99.90642405200188
chi2,0.011644762195883257,1505.4246,0.0,0.0304,0.0588,3000,num,cat,cat,Age,DepartmentType,is_terminated,True,False,194,99.90797499084742
chi2,0.02952763797118013,2275.969,0.0,0.0374,0.0572,3000,num,cat,cat,Age,JobFamily,is_minority_dept,True,False,195,99.90948372727539
chi2,4.056623060820243e-09,23.9521,0.0,0.0067,0.0561,3000,cat,cat,cat,Generation,IsIC,is_minority_dept,True,True,196,99.91096344954127
chi2,2.3942961288722677e-05,19.8961,0.0,0.012,0.0556,3000,cat,cat,cat,CareerStage,IsManager,PayZone_encoded,True,True,197,99.91242998355168
chi2,3.4157755123052646e-11,13.5469,0.0,0.0051,0.0535,3000,cat,cat,cat,IsManager,GenderCode,PerfScore,True,True,198,99.91384112688903
chi2,0.0001504529788392605,24.1214,0.0,0.0139,0.053,3000,cat,cat,cat,StartQuarter,ExitQuarter,PayZone_encoded,True,False,199,99.91523908197088
chi2,0.0004120952266863368,34.9425,0.0,0.0157,0.053,3000,cat,cat,cat,Generation,DepartmentType,PayZone_encoded,True,False,200,99.91663703705272
chi2,1.931749348926421e-08,124.8277,0.0,0.0068,0.0521,3000,cat,cat,cat,IntersectionalID,PerfScore,is_minority_dept,True,True,201,99.9180112532747
chi2,0.0006723959217938895,166.3615,0.0,0.0151,0.0478,3000,cat,cat,cat,CareerStage,IntersectionalID,SeniorityLevel,True,False,202,99.91927205049946
chi2,0.00036479217909420904,22.9186,0.0,0.0139,0.0476,3000,cat,cat,cat,StartQuarter,ExitQuarter,SeniorityLevel,True,False,203,99.92052757242203
chi2,3.0215636807397174e-11,57.4003,0.0,0.0044,0.0465,3000,num,cat,cat,StartYear,ExitQuarter,is_terminated,True,True,204,99.92175408018254
chi2,0.0006240421175144641,20.3182,0.0,0.0139,0.0444,3000,cat,cat,cat,StartQuarter,ExitQuarter,PerfScore,True,False,205,99.92292519726999
chi2,0.01656787387012588,179.6183,0.0,0.0233,0.0415,3000,cat,cat,cat,Generation,IntersectionalID,is_terminated,True,False,206,99.92401982247559
chi2,0.001869091290224783,183.3127,0.0,0.0151,0.0411,3000,cat,cat,cat,CareerStage,IntersectionalID,is_terminated,True,False,207,99.9251038970768
chi2,1.319245993616763e-06,62.9367,0.0,0.0068,0.04,3000,cat,cat,cat,SpanOfControl,IntersectionalID,SeniorityLevel,True,True,208,99.92615895751594
chi2,0.0024440601458516793,401.7446,0.0,0.0152,0.0398,3000,num,cat,cat,Age,IsIC,is_minority_dept,True,False,209,99.92720874265288
chi2,6.77136564767154e-09,64.4386,0.0,0.0044,0.0361,3000,num,cat,cat,StartYear,ExitQuarter,is_minority_dept,True,True,210,99.92816093469918
chi2,5.010738771779198e-06,161.8615,0.0,0.0068,0.0358,3000,cat,cat,cat,IntersectionalID,PerfScore,is_terminated,True,True,211,99.92910521379221
chi2,5.069635537144678e-06,9.4973,0.0,0.0067,0.0354,3000,cat,cat,cat,Generation,IsIC,PerfScore,True,True,212,99.93003894228086
chi2,6.52601203610394e-25,124.1577,0.0,0.0014,0.035,3000,cat,cat,cat,OrgLevel,IntersectionalID,is_terminated,True,True,213,99.9309621201651
chi2,0.003663553983306121,26.0953,0.0,0.0139,0.0338,3000,cat,cat,cat,StartQuarter,ExitQuarter,is_minority_dept,True,False,214,99.93185364623618
chi2,1.1513543278607662e-08,338.9143,0.0,0.0042,0.0334,3000,cat,num,cat,IntersectionalID,ExitYear,is_terminated,True,True,215,99.93273462170285
chi2,4.144555890048901e-07,20.6717,0.0,0.0051,0.0326,3000,cat,cat,cat,IsManager,GenderCode,PayZone_encoded,True,True,216,99.93359449596075
chi2,0.010802554178165518,135.8285,0.0,0.0151,0.0297,3000,cat,cat,cat,CareerStage,IntersectionalID,PerfScore,True,False,217,99.93437787833682
chi2,0.0034735356287835827,9.7684,0.0,0.0117,0.0287,3000,cat,cat,cat,IsIC,ExitQuarter,is_terminated,True,False,218,99.93513488420189
chi2,0.026087894056735166,8.6345,0.0,0.0179,0.0283,3000,cat,num,cat,IsIC,ExitYear,is_terminated,True,False,219,99.93588133946257
chi2,0.00017636259686562892,13.8877,0.0,0.0075,0.0281,3000,cat,cat,cat,CareerStage,GenderCode,is_terminated,True,False,220,99.93662251942106
chi2,0.02065811820565326,5.1951,0.0,0.0149,0.0252,3000,cat,cat,cat,OrgLevel,RaceDesc,PayZone_encoded,True,False,221,99.93728720749773
chi2,0.0001995403763602713,131.177,0.0,0.0068,0.025,3000,cat,cat,cat,IntersectionalID,PerfScore,SeniorityLevel,True,False,222,99.93794662027219
chi2,0.09362182110546567,148.055,0.0,0.0233,0.024,3000,cat,cat,cat,Generation,IntersectionalID,PerfScore,False,False,223,99.93857965653567
chi2,0.11710248220720458,17.2536,0.0,0.0254,0.0237,3000,cat,num,cat,Region,ExitYear,is_terminated,False,False,224,99.93920477984585
chi2,0.02022051584956745,347.4874,0.0,0.0139,0.0236,3000,num,cat,cat,Age,GenderCode,is_terminated,True,False,225,99.93982726550496
chi2,0.0013446301587986627,5.8012,0.0,0.0075,0.0215,3000,cat,cat,cat,CareerStage,GenderCode,PerfScore,True,False,226,99.94039436049098
chi2,0.03897331419789486,132.9426,0.0,0.0151,0.0212,3000,cat,cat,cat,CareerStage,IntersectionalID,is_minority_dept,True,False,227,99.94095354252373
chi2,0.03842031528177022,6.8971,0.0,0.0149,0.0212,3000,cat,cat,cat,OrgLevel,RaceDesc,is_terminated,True,False,228,99.94151272455647
chi2,0.039406653125553956,198.3921,0.0,0.0151,0.0212,3000,cat,cat,cat,CareerStage,IntersectionalID,PayZone_encoded,True,False,229,99.94207190658922
chi2,0.0007288493979101368,15.5779,0.0,0.0067,0.021,3000,cat,cat,cat,Generation,IsIC,is_terminated,True,False,230,99.94262581331978
chi2,0.0778203502059499,7.5952,0.0,0.0179,0.0198,3000,cat,num,cat,IsIC,ExitYear,is_minority_dept,False,False,231,99.94314806823714
chi2,4.430842133247419e-08,16.9899,0.0,0.0027,0.0196,3000,cat,cat,cat,SeniorityLevel,OrgLevel,is_terminated,True,True,232,99.94366504785232
chi2,0.045273350740310914,13.8397,0.0,0.0144,0.0194,3000,cat,cat,cat,Region,RaceDesc,PerfScore,True,False,233,99.94417675216532
chi2,0.15953192830438095,121.1006,0.0,0.0233,0.0186,3000,cat,cat,cat,Generation,IntersectionalID,is_minority_dept,False,False,234,99.94466735526952
chi2,4.12009931089819e-05,180.6835,0.0,0.0042,0.0185,3000,cat,num,cat,IntersectionalID,ExitYear,is_minority_dept,True,False,235,99.9451553207226
chi2,8.953096257033603e-19,2067.3716,0.0,0.0,0.018,3000,num,cat,cat,TenureDays,SpanOfControl,is_terminated,True,True,236,99.94563009792023
chi2,3.610878897794649e-07,7.8611,0.0,0.0027,0.0172,3000,cat,cat,cat,SeniorityLevel,OrgLevel,PerfScore,True,True,237,99.94608377390904
chi2,0.015035018788575667,214.4949,0.0,0.0094,0.0172,3000,num,cat,cat,TenureVsAvg,PerfScore,is_terminated,True,False,238,99.94653744989786
chi2,1.54393660093318e-10,17.4213,0.0,0.0017,0.0168,3000,cat,cat,cat,Region,OrgLevel,PayZone_encoded,True,True,239,99.94698057528231
chi2,5.259340010361096e-07,14.4668,0.0,0.0027,0.0167,3000,cat,cat,cat,SeniorityLevel,OrgLevel,PayZone_encoded,True,True,240,99.94742106301565
chi2,0.0033312696280810923,10.3008,0.0,0.0067,0.0166,3000,cat,cat,cat,Generation,IsIC,PayZone_encoded,True,False,241,99.94785891309789
chi2,1.6399263466191729e-12,40.6357,0.0,0.0014,0.0162,3000,cat,cat,cat,CareerStage,DepartmentType,SeniorityLevel,True,True,242,99.94828621257574
chi2,0.004556517491804968,13.6392,0.0,0.0069,0.0161,3000,cat,cat,cat,StartQuarter,PerfScore,PayZone_encoded,True,False,243,99.9487108744025
chi2,0.0770538946153834,11.4021,0.0,0.0144,0.016,3000,cat,cat,cat,Region,RaceDesc,SeniorityLevel,False,False,244,99.94913289857814
chi2,0.07238931849173648,5.3585,0.0,0.0139,0.0158,3000,cat,cat,cat,SpanOfControl,RaceDesc,SeniorityLevel,False,False,245,99.9495496474516
chi2,0.13022503676781524,4.6826,0.0,0.0166,0.0147,3000,cat,cat,cat,SeniorityLevel,RaceDesc,PerfScore,False,False,246,99.94993738216299
chi2,0.14017225336773495,27.075,0.0,0.0171,0.0146,3000,cat,cat,cat,JobFamily,RaceDesc,PayZone_encoded,False,False,247,99.95032247922327
chi2,0.1226669771160723,3.4135,0.0,0.0159,0.0145,3000,cat,cat,cat,IsExecutive,RaceDesc,PayZone_encoded,False,False,248,99.95070493863247
chi2,0.01160611665764049,7.5988,0.0,0.0075,0.0145,3000,cat,cat,cat,CareerStage,GenderCode,PayZone_encoded,True,False,249,99.95108739804166
chi2,0.0991022135586933,12.297,0.0,0.0144,0.0145,3000,cat,cat,cat,Region,RaceDesc,is_terminated,False,False,250,99.95146985745086
chi2,4.0806074351580685e-06,20.5524,0.0,0.0027,0.0144,3000,cat,cat,cat,SeniorityLevel,OrgLevel,is_minority_dept,True,True,251,99.95184967920895
chi2,0.06746099060403503,3081.5039,0.0,0.0123,0.0144,3000,num,cat,cat,TenureDays,PerfScore,is_terminated,False,False,252,99.95222950096704
chi2,1.0628748615899185e-14,35.3382,0.0,0.0,0.014,3000,cat,cat,cat,IsExecutive,GenderCode,is_minority_dept,True,True,253,99.95259877212074
chi2,0.12525787010331935,5.3505,0.0,0.0151,0.0136,3000,cat,cat,cat,GenderCode,RaceDesc,is_terminated,False,False,254,99.95295749267005
chi2,0.010507777229185323,16.5226,0.0,0.0069,0.0136,3000,cat,cat,cat,StartQuarter,PerfScore,is_minority_dept,True,False,255,99.95331621321937
chi2,0.025390353154781668,16.8126,0.0,0.0085,0.0136,3000,cat,cat,cat,RaceDesc,DepartmentType,PerfScore,True,False,256,99.95367493376868
chi2,0.11502809236878073,18.5939,0.0,0.0144,0.0135,3000,cat,cat,cat,Region,RaceDesc,PayZone_encoded,False,False,257,99.95403101666689
chi2,0.12705804290300293,4.0954,0.0,0.0149,0.0134,3000,cat,cat,cat,OrgLevel,RaceDesc,PerfScore,False,False,258,99.95438446191399
chi2,3.469899045471122e-12,29.639,0.0,0.0011,0.0132,3000,cat,cat,cat,CareerStage,JobFamily,SeniorityLevel,True,True,259,99.9547326318589
chi2,0.07553674970981859,6.7034,0.0,0.0117,0.0131,3000,cat,cat,cat,IsIC,ExitQuarter,PayZone_encoded,False,False,260,99.95507816415272
chi2,0.05552048069508992,13.6887,0.0,0.0104,0.013,3000,cat,cat,cat,Region,StartQuarter,is_minority_dept,False,False,261,99.95542105879545
chi2,0.07140661737388702,19.9732,0.0,0.0112,0.0129,3000,num,cat,cat,StartYear,PerfScore,is_minority_dept,False,False,262,99.95576131578707
chi2,4.2742753091604406e-10,50.6534,0.0,0.0014,0.0129,3000,cat,cat,cat,CareerStage,DepartmentType,is_terminated,True,True,263,99.95610157277869
chi2,0.11360225539959133,5.9244,0.0,0.0134,0.0127,3000,cat,num,cat,IsManager,ExitYear,is_terminated,False,False,264,99.95643655446813
chi2,0.1944155212365496,24.9635,0.0,0.0178,0.0127,3000,cat,num,cat,DivisionGroup,ExitYear,is_terminated,False,False,265,99.95677153615756
chi2,0.014396588497778952,10.6771,0.0,0.0069,0.0126,3000,cat,cat,cat,StartQuarter,PerfScore,SeniorityLevel,True,False,266,99.95710388019589
chi2,0.013435028983677324,184.5693,0.0,0.0068,0.0126,3000,cat,cat,cat,IntersectionalID,PerfScore,PayZone_encoded,True,False,267,99.95743622423421
chi2,6.286090854741919e-08,19.8473,0.0,0.0017,0.0123,3000,cat,cat,cat,Region,OrgLevel,is_minority_dept,True,True,268,99.95776065531925
chi2,0.011167940855654295,6.063,0.0,0.0062,0.0122,3000,cat,cat,cat,IsExecutive,PerfScore,is_terminated,True,False,269,99.95808244875319
chi2,0.15729077719814666,328.1761,0.0,0.0152,0.0122,3000,num,cat,cat,Age,IsIC,is_terminated,False,False,270,99.95840424218713
chi2,0.013161358275889845,4.3875,0.0,0.0065,0.0121,3000,cat,cat,cat,Region,SpanOfControl,PayZone_encoded,True,False,271,99.95872339796996
chi2,0.2089186384653697,28.0594,0.0,0.0178,0.0121,3000,cat,num,cat,DivisionGroup,ExitYear,is_minority_dept,False,False,272,99.9590425537528
chi2,0.13971878623488904,3.8079,0.0,0.0139,0.0119,3000,cat,cat,cat,SpanOfControl,RaceDesc,PerfScore,False,False,273,99.95935643423344
chi2,0.05050599334290124,6.0933,0.0,0.0092,0.0119,3000,cat,cat,cat,IsManager,ExitQuarter,is_terminated,False,False,274,99.95967031471409
chi2,1.6227146050556256e-12,32.3356,0.0,0.0,0.0118,3000,cat,cat,cat,PerfScore,GenderCode,is_minority_dept,True,True,275,99.95998155754364
chi2,0.041681307493240255,23.6419,0.0,0.0085,0.0117,3000,cat,cat,cat,RaceDesc,DepartmentType,PayZone_encoded,True,False,276,99.96029016272209
chi2,0.0929956963128739,15.1092,0.0,0.0112,0.0116,3000,num,cat,cat,StartYear,PerfScore,is_terminated,False,False,277,99.96059613024943
chi2,1.1284683794453402e-10,64.0544,0.0,0.0011,0.0114,3000,cat,cat,cat,CareerStage,JobFamily,is_minority_dept,True,True,278,99.96089682247458
chi2,0.13988499267890278,7.047,0.0,0.0134,0.0114,3000,cat,num,cat,IsManager,ExitYear,is_minority_dept,False,False,279,99.96119751469973
chi2,5.643917717295095e-09,29.2309,0.0,0.0014,0.0113,3000,cat,cat,cat,CareerStage,DepartmentType,PerfScore,True,True,280,99.9614955692738
chi2,0.021514613474678645,51.919,0.0,0.0068,0.0113,3000,cat,cat,cat,SpanOfControl,IntersectionalID,is_minority_dept,True,False,281,99.96179362384785
chi2,0.03090255619302285,6.4824,0.0,0.0075,0.0113,3000,cat,cat,cat,CareerStage,GenderCode,is_minority_dept,True,False,282,99.9620916784219
chi2,0.22869534987175238,19.9075,0.0,0.0171,0.011,3000,cat,cat,cat,JobFamily,RaceDesc,PerfScore,False,False,283,99.96238182004267
chi2,0.019851281044685285,6.1156,0.0,0.0062,0.0106,3000,cat,cat,cat,IsExecutive,PerfScore,is_minority_dept,True,False,284,99.96266141105905
chi2,0.05584659234421487,20.751,0.0,0.0085,0.0106,3000,cat,cat,cat,RaceDesc,DepartmentType,is_terminated,False,False,285,99.96294100207542
chi2,0.028739779688120182,15.1184,0.0,0.0069,0.0106,3000,cat,cat,cat,StartQuarter,PerfScore,is_terminated,True,False,286,99.96322059309179
chi2,2.832114738213235e-11,64.8812,0.0,0.0,0.0105,3000,cat,cat,cat,JobFamily,Generation,is_minority_dept,True,True,287,99.96349754645706
chi2,3.216253368881793e-11,15.0514,0.0,0.0,0.0105,3000,cat,cat,cat,DivisionGroup,OrgLevel,PerfScore,True,True,288,99.96377449982234
chi2,0.015035018788575667,214.4949,0.0,0.0057,0.0104,3000,num,cat,cat,TenureYears,PerfScore,is_terminated,True,False,289,99.96404881553651
chi2,0.002664493777536715,32.5083,0.0,0.0039,0.01,3000,cat,cat,cat,JobFamily,ExitQuarter,is_terminated,True,False,290,99.9643125806463
chi2,0.20539314304589631,18.6499,0.0,0.0144,0.0099,3000,cat,cat,cat,Region,RaceDesc,is_minority_dept,False,False,291,99.964573708105
chi2,0.0679826771514949,21.4664,0.0,0.0085,0.0099,3000,cat,cat,cat,RaceDesc,DepartmentType,SeniorityLevel,False,False,292,99.96483483556368
chi2,0.21664239708381466,5.7101,0.0,0.0149,0.0099,3000,cat,cat,cat,OrgLevel,RaceDesc,is_minority_dept,False,False,293,99.96509596302236
chi2,1.2467671268605847e-10,28.8541,0.0,0.0,0.0099,3000,cat,cat,cat,JobFamily,Generation,SeniorityLevel,True,True,294,99.96535709048105
chi2,3.7158462560206876e-09,33.8294,0.0,0.0011,0.0097,3000,cat,cat,cat,CareerStage,JobFamily,PerfScore,True,True,295,99.96561294263753
chi2,0.03752303419278349,13.0574,0.0,0.0068,0.0097,3000,cat,cat,cat,Region,ExitQuarter,is_terminated,True,False,296,99.96586879479403
chi2,0.22877559027615374,2.9041,0.0,0.0151,0.0097,3000,cat,cat,cat,GenderCode,RaceDesc,PerfScore,False,False,297,99.96612464695053
chi2,0.03899908086936892,68.7461,0.0,0.0068,0.0096,3000,cat,cat,cat,SpanOfControl,IntersectionalID,is_terminated,True,False,298,99.96637786145591
chi2,3.5510918799361577e-10,37.3154,0.0,0.0,0.0094,3000,cat,cat,cat,JobFamily,Generation,PerfScore,True,True,299,99.96662580065912
chi2,4.2742753091604406e-10,50.6534,0.0,0.0001,0.0094,3000,cat,num,cat,CareerStage,DeptGenderRatio,is_terminated,True,True,300,99.96687373986231
chi2,0.2732986739592348,9.4981,0.0,0.0166,0.0094,3000,cat,cat,cat,SeniorityLevel,RaceDesc,is_minority_dept,False,False,301,99.9671216790655
chi2,0.15599932408529488,2.8487,0.0,0.0117,0.0094,3000,cat,cat,cat,IsIC,ExitQuarter,PerfScore,False,False,302,99.96736961826869
chi2,0.2854403214269733,7.7792,0.0,0.0171,0.0093,3000,cat,cat,cat,JobFamily,RaceDesc,SeniorityLevel,False,False,303,99.9676149198208
chi2,9.356315447929193e-09,61.181,0.0,0.0011,0.0092,3000,cat,cat,cat,CareerStage,JobFamily,is_terminated,True,True,304,99.9678575837218
chi2,0.05584659234421487,20.751,0.0,0.0073,0.0092,3000,num,cat,cat,DeptGenderRatio,RaceDesc,is_terminated,False,False,305,99.9681002476228
chi2,0.22295371572335992,389.7734,0.0,0.0139,0.0091,3000,num,cat,cat,Age,GenderCode,is_minority_dept,False,False,306,99.96834027387271
chi2,0.13177252404171952,5.2832,0.0,0.0102,0.009,3000,cat,cat,cat,SpanOfControl,StartQuarter,PayZone_encoded,False,False,307,99.96857766247152
chi2,0.24920148980087278,4.5562,0.0,0.0149,0.009,3000,cat,cat,cat,OrgLevel,RaceDesc,SeniorityLevel,False,False,308,99.96881505107032
chi2,0.10452488766034072,5.6059,0.0,0.0092,0.009,3000,cat,cat,cat,IsManager,ExitQuarter,PayZone_encoded,False,False,309,99.96905243966913
chi2,0.026210323519447756,8.5069,0.0,0.0056,0.0089,3000,cat,cat,cat,SpanOfControl,PerfScore,SeniorityLevel,True,False,310,99.96928719061683
chi2,0.04936309983454275,11.4383,0.0,0.0068,0.0089,3000,cat,cat,cat,Region,ExitQuarter,PerfScore,True,False,311,99.96952194156454
chi2,0.2387990127683082,1.8308,0.0,0.0144,0.0089,3000,cat,cat,cat,IsExecutive,StartQuarter,PayZone_encoded,False,False,312,99.96975669251223
chi2,0.012710280663919181,17.8662,0.0,0.0045,0.0086,3000,cat,cat,cat,Region,PerfScore,is_terminated,True,False,313,99.96998353050665
chi2,5.414866603471682e-07,60.7034,0.0,0.0014,0.0086,3000,cat,cat,cat,CareerStage,DepartmentType,is_minority_dept,True,True,314,99.97021036850107
chi2,0.07665675585082404,5.1918,0.0,0.0075,0.0083,3000,cat,cat,cat,CareerStage,GenderCode,SeniorityLevel,False,False,315,99.9704292935422
chi2,6.313168111265939e-09,60.927,0.0,0.0,0.0082,3000,cat,cat,cat,JobFamily,Generation,is_terminated,True,True,316,99.97064558093223
chi2,0.13737426822858287,4.7667,0.0,0.0093,0.008,3000,cat,num,cat,IsExecutive,ExitYear,is_terminated,False,False,317,99.97085659302005
chi2,7.451617271854667e-08,21.7138,0.0,0.0011,0.0079,3000,cat,cat,cat,CareerStage,IsIC,is_minority_dept,True,True,318,99.97106496745678
chi2,1.233582578216954e-07,21.5192,0.0,0.0011,0.0077,3000,cat,num,cat,OrgLevel,DeptGenderRatio,is_terminated,True,True,319,99.9712680665913
chi2,0.15134773596078593,242.5088,0.0,0.0094,0.0077,3000,num,cat,cat,TenureVsAvg,PerfScore,is_minority_dept,False,False,320,99.97147116572584
chi2,0.3373592898480723,4.5298,0.0,0.0159,0.0075,3000,cat,cat,cat,IsExecutive,RaceDesc,is_minority_dept,False,False,321,99.9716689895582
chi2,0.13185524605282908,23.1369,0.0,0.0085,0.0075,3000,cat,cat,cat,RaceDesc,DepartmentType,is_minority_dept,False,False,322,99.97186681339053
chi2,0.004575060205711722,4.0201,0.0,0.0031,0.0074,3000,cat,cat,cat,IsIC,OrgLevel,is_terminated,True,False,323,99.97206199957176
chi2,0.15531648108446633,20.2391,0.0,0.0092,0.0074,3000,cat,num,cat,StartQuarter,ExitYear,is_minority_dept,False,False,324,99.97225718575301
chi2,0.07356699644388018,4.443,0.0,0.0065,0.0073,3000,cat,cat,cat,Region,SpanOfControl,is_minority_dept,False,False,325,99.97244973428316
chi2,0.051232935923441206,10.7961,0.0,0.0055,0.0072,3000,cat,cat,cat,Generation,PerfScore,SeniorityLevel,False,False,326,99.9726396451622
chi2,0.26306878149595564,3388.2495,0.0,0.0123,0.0071,3000,num,cat,cat,TenureDays,PerfScore,is_minority_dept,False,False,327,99.97282691839014
chi2,0.3830783201986347,25.3089,0.0,0.0171,0.0071,3000,cat,cat,cat,JobFamily,RaceDesc,is_minority_dept,False,False,328,99.97301419161809
chi2,1.0386431011622428e-07,17.0192,0.0,0.0,0.007,3000,cat,cat,cat,DivisionGroup,SpanOfControl,PayZone_encoded,True,True,329,99.97319882719495
chi2,1.233582578216954e-07,21.5192,0.0,0.0,0.0069,3000,cat,cat,cat,OrgLevel,DepartmentType,is_terminated,True,True,330,99.97338082512069
chi2,1.2335825782169493e-07,21.5192,0.0,0.0,0.0069,3000,cat,num,cat,OrgLevel,DeptDiversityScore,is_terminated,True,True,331,99.97356282304644
chi2,1.6029120436988715e-07,25.5452,0.0,0.0,0.0068,3000,cat,cat,cat,SeniorityLevel,Generation,is_minority_dept,True,True,332,99.9737421833211
chi2,0.1806163510969933,4.4485,0.0,0.0092,0.0068,3000,cat,cat,cat,IsManager,ExitQuarter,is_minority_dept,False,False,333,99.97392154359575
chi2,0.11990975655038855,3.3334,0.0,0.0074,0.0068,3000,cat,cat,cat,IsIC,StartQuarter,is_terminated,False,False,334,99.9741009038704
chi2,0.03110464831808447,13.651,0.0,0.0045,0.0068,3000,cat,cat,cat,Region,PerfScore,SeniorityLevel,True,False,335,99.97428026414507
chi2,0.221228880276735,2.5653,0.0,0.0102,0.0067,3000,cat,cat,cat,SpanOfControl,StartQuarter,PerfScore,False,False,336,99.97445698676862
chi2,0.1212320392196588,2.7182,0.0,0.0074,0.0067,3000,cat,cat,cat,IsIC,StartQuarter,PerfScore,False,False,337,99.97463370939217
chi2,3.135120498947853e-07,60.8511,0.0,0.0,0.0065,3000,num,cat,cat,ExitYear,DepartmentType,is_terminated,True,True,338,99.97480515671353
chi2,0.3730266434994933,2.2172,0.0,0.0151,0.0065,3000,cat,cat,cat,GenderCode,RaceDesc,SeniorityLevel,False,False,339,99.97497660403488
chi2,3.052745534919269e-05,66.4274,0.0,0.0014,0.0065,3000,cat,cat,cat,OrgLevel,IntersectionalID,SeniorityLevel,True,False,340,99.97514805135624
chi2,0.13185524605282894,23.1369,0.0,0.0073,0.0065,3000,num,cat,cat,DeptGenderRatio,RaceDesc,is_minority_dept,False,False,341,99.9753194986776
chi2,0.3631239385203892,677.2076,0.0,0.0145,0.0064,3000,num,cat,cat,Age,SeniorityLevel,is_minority_dept,False,False,342,99.97548830834788
chi2,0.20261625277990994,18.3068,0.0,0.0092,0.0064,3000,cat,num,cat,StartQuarter,ExitYear,is_terminated,False,False,343,99.97565711801813
chi2,0.11938205952096301,15.7023,0.0,0.0068,0.0063,3000,cat,cat,cat,Region,ExitQuarter,PayZone_encoded,False,False,344,99.9758232900373
chi2,5.414866603471682e-07,60.7034,0.0,0.0001,0.0063,3000,cat,num,cat,CareerStage,DeptGenderRatio,is_minority_dept,True,True,345,99.97598946205648
chi2,0.40856021162910483,3.2983,0.0,0.0159,0.0062,3000,cat,cat,cat,IsExecutive,RaceDesc,is_terminated,False,False,346,99.97615299642453
chi2,0.2529779921352202,6.355,0.0,0.0104,0.0062,3000,cat,cat,cat,Region,StartQuarter,SeniorityLevel,False,False,347,99.97631653079259
chi2,0.12576603911828685,4.1071,0.0,0.0068,0.0062,3000,cat,cat,cat,IsIC,RaceDesc,PerfScore,False,False,348,99.97648006516064
chi2,1.5214537016892384e-06,34.8841,0.0,0.0,0.0058,3000,cat,cat,cat,Region,Generation,PayZone_encoded,True,True,349,99.97663304892433
chi2,0.014066613098350828,3.4615,0.0,0.0031,0.0058,3000,cat,cat,cat,IsIC,OrgLevel,is_minority_dept,True,False,350,99.976786032688
chi2,3.9554679492119005e-05,7.6041,0.0,0.0013,0.0057,3000,cat,cat,cat,JobFamily,SpanOfControl,PerfScore,True,False,351,99.97693637880057
chi2,0.2271532622327096,7.7341,0.0,0.0088,0.0057,3000,cat,cat,cat,PerfScore,RaceDesc,SeniorityLevel,False,False,352,99.97708672491315
pearson,0.0058249769992060885,-0.0503,0.0025,0.0016,0.0057,3000,num,num,cat,DeptDiversityScore,ExitYear,PerfScore,True,False,353,99.97723707102574
chi2,0.12048634602365835,4.0391,0.0,0.0062,0.0057,3000,cat,cat,cat,IsExecutive,PerfScore,PayZone_encoded,False,False,354,99.97738741713832
pearson,0.0058249769992060885,-0.0503,0.0025,0.0016,0.0057,3000,num,num,cat,DeptDiversityScore,ExitYear,SeniorityLevel,True,False,355,99.97753776325091
pearson,0.0058249769992060885,-0.0503,0.0025,0.0016,0.0057,3000,num,num,cat,DeptDiversityScore,ExitYear,PayZone_encoded,True,False,356,99.97768810936348
chi2,0.000533185220094483,5.0007,0.0,0.0017,0.0056,3000,cat,cat,cat,Region,OrgLevel,PerfScore,True,False,357,99.97783581782495
chi2,0.46782413955274404,6.6798,0.0,0.0166,0.0055,3000,cat,cat,cat,SeniorityLevel,RaceDesc,PayZone_encoded,False,False,358,99.97798088863534
chi2,0.10346331338387764,13.2659,0.0,0.0055,0.0055,3000,cat,cat,cat,Generation,PerfScore,is_minority_dept,False,False,359,99.97812595944573
chi2,3.1308396027371237e-06,24.9505,0.0,0.0,0.0055,3000,cat,cat,cat,CareerStage,SeniorityLevel,is_minority_dept,True,True,360,99.97827103025611
chi2,0.30394473886544165,10.8147,0.0,0.0104,0.0054,3000,cat,cat,cat,Region,StartQuarter,PayZone_encoded,False,False,361,99.97841346341541
chi2,0.09265189937920819,311.531,0.0,0.0053,0.0054,3000,cat,num,cat,CareerStage,TenureVsAvg,is_minority_dept,False,False,362,99.97855589657469
chi2,0.48637238247197734,19.8688,0.0,0.0171,0.0054,3000,cat,cat,cat,JobFamily,RaceDesc,is_terminated,False,False,363,99.97869832973397
chi2,0.34396468663299656,4.2103,0.0,0.0117,0.0054,3000,cat,cat,cat,IsIC,ExitQuarter,is_minority_dept,False,False,364,99.97884076289326
chi2,3.944307593278337e-06,28.7579,0.0,0.0,0.0054,3000,cat,cat,cat,Region,Generation,is_terminated,True,True,365,99.97898319605254
chi2,0.00522584174307906,10.2018,0.0,0.0023,0.0053,3000,cat,num,cat,IsManager,StartYear,is_terminated,True,False,366,99.97912299156071
chi2,0.11252815933987159,4.8108,0.0,0.0056,0.0053,3000,cat,cat,cat,SpanOfControl,PerfScore,PayZone_encoded,False,False,367,99.9792627870689
chi2,0.2707015256846599,2.2218,0.0,0.0092,0.0052,3000,cat,cat,cat,IsManager,ExitQuarter,PerfScore,False,False,368,99.979399944926
chi2,0.1793802094437711,10.2414,0.0,0.0069,0.0052,3000,cat,cat,cat,DivisionGroup,StartQuarter,PerfScore,False,False,369,99.97953710278308
chi2,7.544552711344667e-06,28.4217,0.0,0.0,0.0051,3000,cat,cat,cat,CareerStage,Region,is_terminated,True,True,370,99.97967162298906
chi2,0.4945035804286525,6.4835,0.0,0.0166,0.0051,3000,cat,cat,cat,SeniorityLevel,RaceDesc,is_terminated,False,False,371,99.97980614319505
chi2,0.3154572357034386,4.1819,0.0,0.0102,0.0051,3000,cat,cat,cat,SpanOfControl,StartQuarter,is_minority_dept,False,False,372,99.97994066340104
chi2,0.27309792503836094,12.6043,0.0,0.0088,0.005,3000,cat,cat,cat,PerfScore,RaceDesc,PayZone_encoded,False,False,373,99.98007254595593
chi2,0.436596198787107,3.984,0.0,0.0139,0.005,3000,cat,cat,cat,SpanOfControl,RaceDesc,is_terminated,False,False,374,99.98020442851083
chi2,0.02546322634455173,1.692,0.0,0.0031,0.005,3000,cat,cat,cat,IsIC,OrgLevel,PerfScore,True,False,375,99.98033631106573
chi2,9.49320158714907e-06,40.9968,0.0,0.0,0.005,3000,cat,cat,cat,Region,Generation,is_minority_dept,True,True,376,99.98046819362062
chi2,0.17958800125733668,2.9493,0.0,0.0065,0.0049,3000,cat,cat,cat,OrgLevel,PerfScore,PayZone_encoded,False,False,377,99.98059743852441
chi2,1.2598945395585447e-05,16.449,0.0,0.0007,0.0049,3000,cat,cat,cat,JobFamily,OrgLevel,is_terminated,True,True,378,99.9807266834282
chi2,0.48018908680325323,2.6309,0.0,0.0151,0.0048,3000,cat,cat,cat,GenderCode,RaceDesc,PayZone_encoded,False,False,379,99.9808532906809
chi2,1.9431720143749094e-05,21.8258,0.0,0.0,0.0047,3000,cat,cat,cat,Region,Generation,PerfScore,True,True,380,99.9809772602825
chi2,1.9241227571860578e-05,12.8227,0.0,0.0,0.0047,3000,cat,cat,cat,PerfScore,GenderCode,is_terminated,True,True,381,99.98110122988409
chi2,0.3529170427732218,7.0314,0.0,0.0104,0.0047,3000,cat,cat,cat,Region,StartQuarter,PerfScore,False,False,382,99.98122519948569
chi2,0.15134773596078593,242.5088,0.0,0.0057,0.0047,3000,num,cat,cat,TenureYears,PerfScore,is_minority_dept,False,False,383,99.9813491690873
chi2,2.3551277835637e-05,15.7053,0.0,0.0007,0.0046,3000,cat,cat,cat,JobFamily,OrgLevel,PayZone_encoded,True,True,384,99.98147050103779
chi2,0.3166160775914594,4.5506,0.0,0.0093,0.0046,3000,cat,num,cat,IsExecutive,ExitYear,is_minority_dept,False,False,385,99.9815918329883
chi2,0.2149628130278236,3.0025,0.0,0.0068,0.0046,3000,cat,cat,cat,IsIC,RaceDesc,PayZone_encoded,False,False,386,99.98171316493881
chi2,0.6667777734328435,18.6929,0.0,0.0254,0.0045,3000,cat,num,cat,Region,ExitYear,is_minority_dept,False,False,387,99.98183185923821
chi2,0.47112833754106187,5.4676,0.0,0.0139,0.0045,3000,cat,cat,cat,SpanOfControl,RaceDesc,is_minority_dept,False,False,388,99.98195055353762
chi2,4.4348962342727306e-05,16.8082,0.0,0.0,0.0044,3000,cat,cat,cat,CareerStage,Region,PerfScore,True,False,389,99.98206661018591
chi2,0.0006792428083410069,37.6671,0.0,0.0014,0.0044,3000,cat,cat,cat,CareerStage,DepartmentType,PayZone_encoded,True,False,390,99.98218266683422
chi2,0.0029522636738254803,8.0252,0.0,0.0017,0.0043,3000,cat,cat,cat,Region,OrgLevel,is_terminated,True,False,391,99.98229608583142
chi2,5.5632718418951314e-05,456.2992,0.0,0.0,0.0043,3000,num,cat,cat,TenureYears,DepartmentType,is_minority_dept,True,False,392,99.98240950482864
chi2,5.5632718418951314e-05,456.2992,0.0,0.0,0.0043,3000,num,cat,cat,TenureVsAvg,DepartmentType,is_minority_dept,True,False,393,99.98252292382584
chi2,0.23704161647467062,10.6702,0.0,0.0068,0.0043,3000,cat,cat,cat,Region,ExitQuarter,SeniorityLevel,False,False,394,99.98263634282306
chi2,4.727491823362573e-05,48.704,0.0,0.0,0.0043,3000,num,cat,cat,ExitYear,DepartmentType,is_minority_dept,True,False,395,99.98274976182027
chi2,6.795517935580893e-05,10.8564,0.0,0.0007,0.0042,3000,cat,cat,cat,JobFamily,OrgLevel,PerfScore,True,False,396,99.98286054316637
chi2,0.00015050571253788785,6.4708,0.0,0.0011,0.0042,3000,cat,cat,cat,CareerStage,IsIC,PerfScore,True,False,397,99.98297132451248
chi2,0.09024471035348197,27.6109,0.0,0.0039,0.0041,3000,cat,cat,cat,JobFamily,ExitQuarter,PayZone_encoded,False,False,398,99.98307946820749
chi2,8.038139388380696e-05,10.3213,0.0,0.0,0.0041,3000,cat,cat,cat,DivisionGroup,OrgLevel,PayZone_encoded,True,False,399,99.98318761190251
chi2,7.987925707928368e-05,10.1091,0.0,0.0,0.0041,3000,cat,cat,cat,SeniorityLevel,Generation,PerfScore,True,False,400,99.98329575559751
chi2,7.098785300144261e-05,7.8922,0.0,0.0006,0.0041,3000,cat,cat,cat,IsExecutive,OrgLevel,is_terminated,True,False,401,99.98340389929254
chi2,0.1861187512570589,4.3918,0.0,0.0056,0.0041,3000,cat,cat,cat,SpanOfControl,PerfScore,is_terminated,False,False,402,99.98351204298754
chi2,0.5250183853771881,4.3637,0.0,0.0139,0.0039,3000,cat,cat,cat,SpanOfControl,RaceDesc,PayZone_encoded,False,False,403,99.98361491138037
chi2,0.6527788647655022,7.2713,0.0,0.0213,0.0039,3000,cat,cat,cat,CareerStage,PerfScore,PayZone_encoded,False,False,404,99.98371777977319
chi2,0.04142925111870047,15.47,0.0,0.0028,0.0039,3000,cat,num,cat,SeniorityLevel,StartYear,is_terminated,True,False,405,99.98382064816602
chi2,0.0001282206712663476,34.0169,0.0,0.0,0.0039,3000,cat,cat,cat,ExitQuarter,DepartmentType,is_terminated,True,False,406,99.98392351655883
chi2,0.0001264407713862331,46.2427,0.0,0.0,0.0039,3000,cat,cat,cat,JobFamily,Generation,PayZone_encoded,True,False,407,99.98402638495165
chi2,0.0001282206712663481,34.0169,0.0,0.0,0.0039,3000,num,cat,cat,DeptDiversityScore,ExitQuarter,is_terminated,True,False,408,99.98412925334446
chi2,0.4174697777966132,3.0256,0.0,0.0102,0.0039,3000,cat,cat,cat,SpanOfControl,StartQuarter,is_terminated,False,False,409,99.98423212173728
chi2,0.00012640635300643013,4.8982,0.0,0.0006,0.0039,3000,cat,cat,cat,IsExecutive,OrgLevel,PerfScore,True,False,410,99.98433499013011
chi2,0.0001282206712663481,34.0169,0.0,0.0,0.0039,3000,num,cat,cat,DeptGenderRatio,ExitQuarter,is_terminated,True,False,411,99.98443785852292
chi2,0.022020242195837845,10.4583,0.0,0.0023,0.0038,3000,cat,num,cat,IsManager,StartYear,is_minority_dept,True,False,412,99.98453808926465
chi2,0.15347200473778647,12.3231,0.0,0.0045,0.0037,3000,cat,cat,cat,StartQuarter,DepartmentType,SeniorityLevel,False,False,413,99.98463568235528
chi2,0.4445282644159164,6.0306,0.0,0.0104,0.0037,3000,cat,cat,cat,Region,StartQuarter,is_terminated,False,False,414,99.98473327544589
chi2,0.0001929311411048719,15.5289,0.0,0.0,0.0037,3000,cat,cat,cat,Generation,GenderCode,is_terminated,True,False,415,99.98483086853652
chi2,0.00018423598397387762,6.9927,0.0,0.0,0.0037,3000,cat,cat,cat,IsExecutive,GenderCode,is_terminated,True,False,416,99.98492846162715
chi2,0.07099463254339064,1.5164,0.0,0.0031,0.0036,3000,cat,cat,cat,IsIC,OrgLevel,PayZone_encoded,False,False,417,99.98502341706667
chi2,0.1865920627398989,4.6505,0.0,0.0049,0.0036,3000,cat,cat,cat,IsManager,RaceDesc,is_minority_dept,False,False,418,99.9851183725062
chi2,0.2254491608669584,13.0371,0.0,0.0055,0.0036,3000,cat,cat,cat,Generation,PerfScore,is_terminated,False,False,419,99.98521332794571
pearson,0.015603162473301466,0.0441,0.0019,0.0,0.0035,3000,num,num,cat,TenureVsAvg,DeptDiversityScore,SeniorityLevel,True,False,420,99.98530564573413
chi2,0.1680232882468716,13.7399,0.0,0.0045,0.0035,3000,cat,cat,cat,Region,PerfScore,is_minority_dept,False,False,421,99.98539796352254
chi2,0.296205102412717,2.2147,0.0,0.0065,0.0035,3000,cat,cat,cat,OrgLevel,PerfScore,SeniorityLevel,False,False,422,99.98549028131097
pearson,0.015603162473301466,0.0441,0.0019,0.0,0.0035,3000,num,num,cat,TenureVsAvg,DeptDiversityScore,PayZone_encoded,True,False,423,99.98558259909939
pearson,0.015603162473301466,0.0441,0.0019,0.0,0.0035,3000,num,num,cat,TenureVsAvg,DeptDiversityScore,PerfScore,True,False,424,99.98567491688782
pearson,0.015407992778023596,0.0442,0.002,0.0,0.0035,3000,num,num,cat,TenureDays,DeptDiversityScore,SeniorityLevel,True,False,425,99.98576723467623
pearson,0.015407992778023596,0.0442,0.002,0.0,0.0035,3000,num,num,cat,TenureDays,DeptDiversityScore,PerfScore,True,False,426,99.98585955246465
pearson,0.015603162473301466,0.0441,0.0019,0.0,0.0035,3000,num,num,cat,TenureYears,DeptDiversityScore,PerfScore,True,False,427,99.98595187025306
pearson,0.015603162473301466,0.0441,0.0019,0.0,0.0035,3000,num,num,cat,TenureYears,DeptDiversityScore,PayZone_encoded,True,False,428,99.98604418804149
pearson,0.015603162473301466,0.0441,0.0019,0.0,0.0035,3000,num,num,cat,TenureYears,DeptDiversityScore,SeniorityLevel,True,False,429,99.9861365058299
chi2,0.3051581505200392,3.7516,0.0,0.0068,0.0035,3000,cat,cat,cat,IsIC,RaceDesc,is_terminated,False,False,430,99.98622882361833
pearson,0.015407992778023596,0.0442,0.002,0.0,0.0035,3000,num,num,cat,TenureDays,DeptDiversityScore,PayZone_encoded,True,False,431,99.98632114140675
chi2,0.0003610848845529467,37.2979,0.0,0.0,0.0034,3000,cat,cat,cat,CareerStage,Region,is_minority_dept,True,False,432,99.98641082154407
chi2,0.6194095778482929,0.6605,0.0,0.0159,0.0033,3000,cat,cat,cat,IsExecutive,RaceDesc,PerfScore,False,False,433,99.9864978640303
chi2,0.6034026799381426,2.14,0.0,0.0151,0.0033,3000,cat,cat,cat,GenderCode,RaceDesc,is_minority_dept,False,False,434,99.98658490651651
chi2,0.2593584062386976,5.2881,0.0,0.0056,0.0033,3000,cat,cat,cat,SpanOfControl,PerfScore,is_minority_dept,False,False,435,99.98667194900275
chi2,0.0005477120879124348,2.9864,0.0,0.0,0.0033,3000,cat,cat,cat,IsExecutive,GenderCode,PerfScore,True,False,436,99.98675899148898
chi2,0.22250058818461305,3.5977,0.0,0.0049,0.0032,3000,cat,cat,cat,IsManager,RaceDesc,is_terminated,False,False,437,99.9868433963241
chi2,0.4367990356732956,11.4807,0.0,0.0088,0.0032,3000,cat,cat,cat,PerfScore,RaceDesc,is_terminated,False,False,438,99.98692780115924
chi2,0.22462799463262922,2.7961,0.0,0.0049,0.0032,3000,cat,cat,cat,IsManager,RaceDesc,PerfScore,False,False,439,99.98701220599438
chi2,0.19896693339292235,15.5899,0.0,0.0045,0.0032,3000,cat,cat,cat,StartQuarter,DepartmentType,PayZone_encoded,False,False,440,99.98709661082951
chi2,0.7284144562383221,186.1873,0.0,0.0233,0.0032,3000,cat,cat,cat,Generation,IntersectionalID,PayZone_encoded,False,False,441,99.98718101566465
chi2,0.0017937720322792731,6.6491,0.0,0.0012,0.0032,3000,cat,cat,cat,SpanOfControl,DepartmentType,PerfScore,True,False,442,99.98726542049977
chi2,0.0007078655044417677,7.578,0.0,0.0,0.0032,3000,cat,cat,cat,DivisionGroup,SpanOfControl,SeniorityLevel,True,False,443,99.9873498253349
chi2,0.3457174984852257,4.3942,0.0,0.0068,0.0032,3000,cat,cat,cat,IsIC,RaceDesc,is_minority_dept,False,False,444,99.98743423017005
chi2,0.0008394200764136173,24.0384,0.0,0.0,0.0031,3000,cat,cat,cat,Region,Generation,SeniorityLevel,True,False,445,99.98751599735407
chi2,0.0008009739896802344,3.7463,0.0,0.0,0.0031,3000,cat,cat,cat,IsExecutive,IsManager,PerfScore,True,False,446,99.98759776453811
chi2,0.04922041209115725,96.4813,0.0,0.0024,0.0031,3000,num,cat,cat,TenureYears,IsManager,is_minority_dept,True,False,447,99.98767953172214
chi2,0.0007551146356626419,19.8568,0.0,0.0007,0.0031,3000,cat,cat,cat,JobFamily,OrgLevel,is_minority_dept,True,False,448,99.98776129890616
chi2,0.05059926842051062,76.2,0.0,0.0024,0.0031,3000,num,cat,cat,TenureYears,IsManager,is_terminated,False,False,449,99.98784306609019
chi2,0.05059926842051062,76.2,0.0,0.0024,0.0031,3000,num,cat,cat,TenureVsAvg,IsManager,is_terminated,False,False,450,99.98792483327422
chi2,0.04922041209115725,96.4813,0.0,0.0024,0.0031,3000,num,cat,cat,TenureVsAvg,IsManager,is_minority_dept,True,False,451,99.98800660045826
chi2,0.1703701779485913,9.5974,0.0,0.0039,0.003,3000,cat,cat,cat,JobFamily,ExitQuarter,SeniorityLevel,False,False,452,99.9880857299912
chi2,0.002030886437849311,14.4157,0.0,0.0011,0.003,3000,cat,cat,cat,CareerStage,IsIC,is_terminated,True,False,453,99.98816485952413
chi2,0.001053073923770922,16.501,0.0,0.0,0.003,3000,cat,cat,cat,CareerStage,Region,SeniorityLevel,True,False,454,99.98824398905708
chi2,0.22812829161379422,11.2919,0.0,0.0045,0.0029,3000,cat,cat,cat,StartQuarter,DepartmentType,PerfScore,False,False,455,99.98832048093891
chi2,0.06828299675205057,22.8218,0.0,0.0025,0.0029,3000,cat,num,cat,CareerStage,StartYear,is_minority_dept,False,False,456,99.98839697282075
chi2,0.4059617595761431,1.9109,0.0,0.0074,0.0029,3000,cat,cat,cat,IsIC,StartQuarter,is_minority_dept,False,False,457,99.9884734647026
chi2,0.09363006663140924,15.7943,0.0,0.0028,0.0029,3000,cat,num,cat,SeniorityLevel,StartYear,is_minority_dept,False,False,458,99.98854995658442
chi2,0.003032539705866178,44.4896,0.0,0.0011,0.0029,3000,cat,cat,cat,CareerStage,JobFamily,PayZone_encoded,True,False,459,99.98862644846625
chi2,0.0012659225433479596,7.8212,0.0,0.0,0.0029,3000,cat,cat,cat,OrgLevel,DepartmentType,SeniorityLevel,True,False,460,99.98870294034809
chi2,0.01022952379192445,63.7415,0.0,0.0014,0.0029,3000,cat,cat,cat,OrgLevel,IntersectionalID,PayZone_encoded,True,False,461,99.98877943222992
chi2,0.3847927238595747,10.2642,0.0,0.0069,0.0029,3000,cat,cat,cat,DivisionGroup,StartQuarter,SeniorityLevel,False,False,462,99.98885592411176
chi2,0.0015416400786348742,30221.8434,0.0,0.0,0.0028,3000,num,cat,cat,TenureDays,IntersectionalID,is_minority_dept,True,False,463,99.98892977834251
chi2,0.6771094268334692,4.65,0.0,0.0167,0.0028,3000,cat,num,cat,SpanOfControl,ExitYear,is_terminated,False,False,464,99.98900363257326
chi2,0.0017758311158293195,50719.2643,0.0,0.0,0.0028,3000,num,cat,cat,TenureDays,IntersectionalID,is_terminated,True,False,465,99.989077486804
chi2,0.18640804249590823,26.3854,0.0,0.0039,0.0028,3000,cat,cat,cat,JobFamily,ExitQuarter,is_minority_dept,False,False,466,99.98915134103474
chi2,0.06862619454503453,5.1737,0.0,0.0024,0.0028,3000,cat,cat,cat,Generation,IsExecutive,is_terminated,False,False,467,99.98922519526549
chi2,0.0014235512605416188,7.2162,0.0,0.0,0.0028,3000,cat,cat,cat,Generation,GenderCode,PerfScore,True,False,468,99.98929904949624
chi2,0.6387705212040831,1.6207,0.0,0.0144,0.0028,3000,cat,cat,cat,IsExecutive,StartQuarter,is_minority_dept,False,False,469,99.98937290372697
chi2,0.002842489247802388,9.2815,0.0,0.0011,0.0028,3000,cat,cat,cat,CareerStage,IsIC,PayZone_encoded,True,False,470,99.98944675795772
chi2,0.0021551730007293136,193.8905,0.0,0.0,0.0027,3000,cat,cat,cat,IntersectionalID,ExitQuarter,is_terminated,True,False,471,99.98951797453736
chi2,0.002109725675644103,4712.0258,0.0,0.0,0.0027,3000,num,cat,cat,TenureDays,DepartmentType,is_terminated,True,False,472,99.989589191117
chi2,0.0018868474784827834,5673.1136,0.0,0.0,0.0027,3000,num,cat,cat,TenureDays,DepartmentType,is_minority_dept,True,False,473,99.98966040769666
chi2,0.00545421000291202,9.6031,0.0,0.0012,0.0026,3000,cat,cat,cat,SpanOfControl,DepartmentType,PayZone_encoded,True,False,474,99.9897289866252
chi2,0.02318445550277738,42.6075,0.0,0.0016,0.0026,3000,cat,num,cat,JobFamily,ExitYear,is_minority_dept,True,False,475,99.98979756555373
chi2,0.0023239759682496526,20.1594,0.0,0.0,0.0026,3000,cat,cat,cat,SeniorityLevel,Generation,is_terminated,True,False,476,99.98986614448226
chi2,0.4478645054534015,2.2149,0.0,0.0074,0.0026,3000,cat,cat,cat,IsIC,StartQuarter,PayZone_encoded,False,False,477,99.98993472341081
chi2,0.0027516106739896022,105.912,0.0,0.0,0.0026,3000,num,cat,cat,TenureYears,SpanOfControl,is_terminated,True,False,478,99.99000330233935
chi2,0.0025807633194901806,6.7377,0.0,0.0,0.0026,3000,cat,cat,cat,CareerStage,SeniorityLevel,PerfScore,True,False,479,99.99007188126788
chi2,0.0027516106739896022,105.912,0.0,0.0,0.0026,3000,num,cat,cat,TenureVsAvg,SpanOfControl,is_terminated,True,False,480,99.99014046019641
chi2,0.0029457154025457305,4.4204,0.0,0.0,0.0025,3000,cat,cat,cat,IsExecutive,IsManager,is_terminated,True,False,481,99.99020640147387
chi2,0.6731326255321738,0.3849,0.0,0.0144,0.0025,3000,cat,cat,cat,IsExecutive,StartQuarter,PerfScore,False,False,482,99.99027234275133
chi2,0.6737844188683788,0.8148,0.0,0.0144,0.0025,3000,cat,cat,cat,IsExecutive,StartQuarter,is_terminated,False,False,483,99.99033828402877
chi2,0.09089411761474726,4.5237,0.0,0.0024,0.0025,3000,cat,cat,cat,Generation,IsExecutive,PayZone_encoded,False,False,484,99.99040422530622
chi2,0.29262711929245533,12.7027,0.0,0.0045,0.0024,3000,cat,cat,cat,StartQuarter,DepartmentType,is_minority_dept,False,False,485,99.99046752893256
chi2,0.004261008036491836,4.3912,0.0,0.0,0.0024,3000,cat,cat,cat,IsExecutive,IsManager,is_minority_dept,True,False,486,99.9905308325589
chi2,0.33122759770824556,1.5323,0.0,0.0049,0.0024,3000,cat,cat,cat,IsManager,RaceDesc,SeniorityLevel,False,False,487,99.99059413618524
chi2,0.004406405215224733,8.4579,0.0,0.0,0.0024,3000,cat,cat,cat,DivisionGroup,IsIC,PerfScore,True,False,488,99.9906574398116
chi2,0.004057272038602339,11.6916,0.0,0.0,0.0024,3000,cat,num,cat,IsIC,StartYear,is_terminated,True,False,489,99.99072074343793
chi2,0.0044064052152247265,8.7581,0.0,0.0,0.0024,3000,cat,cat,cat,SeniorityLevel,DivisionGroup,PerfScore,True,False,490,99.99078404706427
chi2,0.029487908224856623,36.2886,0.0,0.0016,0.0024,3000,cat,num,cat,JobFamily,ExitYear,is_terminated,True,False,491,99.99084735069063
chi2,0.5984139753579278,2.1006,0.0,0.0102,0.0023,3000,cat,cat,cat,SpanOfControl,StartQuarter,SeniorityLevel,False,False,492,99.99090801666588
chi2,0.004630401170747907,4471.3863,0.0,0.0,0.0023,3000,num,cat,cat,TenureDays,DivisionGroup,is_minority_dept,True,False,493,99.99096868264112
chi2,0.10948505806505683,4.5978,0.0,0.0024,0.0023,3000,cat,cat,cat,Generation,IsExecutive,is_minority_dept,False,False,494,99.99102934861638
chi2,0.004945521648671144,4.072,0.0,0.0,0.0023,3000,cat,cat,cat,IsExecutive,GenderCode,PayZone_encoded,True,False,495,99.99109001459163
chi2,0.005423944591006322,1035.8602,0.0,0.0001,0.0023,3000,num,cat,cat,TenureDays,OrgLevel,is_terminated,True,False,496,99.99115068056689
chi2,0.006215340161031244,13.4279,0.0,0.0,0.0022,3000,cat,cat,cat,SeniorityLevel,ExitQuarter,is_terminated,True,False,497,99.99120870889104
chi2,0.005913668878968857,8.535,0.0,0.0,0.0022,3000,cat,cat,cat,OrgLevel,DepartmentType,PayZone_encoded,True,False,498,99.99126673721518
chi2,0.3249250695106674,12.9073,0.0,0.0045,0.0022,3000,cat,cat,cat,StartQuarter,DepartmentType,is_terminated,False,False,499,99.99132476553933
chi2,0.03257334518926653,37.7427,0.0,0.0014,0.0022,3000,cat,cat,cat,OrgLevel,IntersectionalID,PerfScore,True,False,500,99.9913827938635
chi2,0.008574259601150536,1810.2475,0.0,0.0,0.0021,3000,num,cat,cat,TenureDays,SpanOfControl,is_minority_dept,True,False,501,99.99143818453655
chi2,0.007827704562579035,12.6475,0.0,0.0,0.0021,3000,num,cat,cat,StartYear,GenderCode,is_terminated,True,False,502,99.99149357520962
chi2,0.3704879474256566,2.9844,0.0,0.0049,0.0021,3000,cat,cat,cat,IsManager,RaceDesc,PayZone_encoded,False,False,503,99.99154896588266
chi2,0.7963796261997189,5.9964,0.0,0.0213,0.0021,3000,cat,cat,cat,CareerStage,PerfScore,is_minority_dept,False,False,504,99.99160435655571
chi2,0.139345958065269,1.7338,0.0,0.0024,0.0021,3000,cat,cat,cat,Generation,IsExecutive,PerfScore,False,False,505,99.99165974722878
chi2,0.009621568862749369,20.6811,0.0,0.0,0.002,3000,cat,cat,cat,JobFamily,DivisionGroup,PerfScore,True,False,506,99.99171250025074
chi2,0.5126580243812877,9.8968,0.0,0.0069,0.002,3000,cat,cat,cat,DivisionGroup,StartQuarter,is_terminated,False,False,507,99.99176525327269
chi2,0.009081905703800118,7.4818,0.0,0.0,0.002,3000,cat,cat,cat,DivisionGroup,SpanOfControl,is_minority_dept,True,False,508,99.99181800629465
chi2,0.010260784711558734,2.9609,0.0,0.0006,0.002,3000,cat,cat,cat,IsExecutive,OrgLevel,PayZone_encoded,True,False,509,99.9918707593166
chi2,0.4388303395527135,11.0455,0.0,0.0055,0.002,3000,cat,cat,cat,Generation,PerfScore,PayZone_encoded,False,False,510,99.99192351233856
chi2,0.012484014626301705,5.382,0.0,0.0,0.0019,3000,cat,cat,cat,Generation,SpanOfControl,PerfScore,True,False,511,99.99197362770943
chi2,0.013314877027090638,12.3925,0.0,0.0,0.0019,3000,cat,num,cat,IsIC,StartYear,is_minority_dept,True,False,512,99.9920237430803
chi2,0.6291384500461674,0.8623,0.0,0.0092,0.0019,3000,cat,cat,cat,IsManager,ExitQuarter,SeniorityLevel,False,False,513,99.99207385845116
chi2,0.013765353868540178,4620.2494,0.0,0.0,0.0019,3000,num,cat,cat,TenureDays,Region,is_minority_dept,True,False,514,99.99212397382202
chi2,0.014038605606037338,7.7286,0.0,0.0,0.0019,3000,cat,cat,cat,DivisionGroup,IsIC,is_terminated,True,False,515,99.99217408919289
chi2,0.5330362458643607,14.5619,0.0,0.0068,0.0019,3000,cat,cat,cat,Region,ExitQuarter,is_minority_dept,False,False,516,99.99222420456375
chi2,0.3255883540378991,15.4153,0.0,0.0039,0.0019,3000,cat,cat,cat,JobFamily,ExitQuarter,PerfScore,False,False,517,99.99227431993461
chi2,0.01125369178123988,18.276,0.0,0.0,0.0019,3000,cat,cat,cat,CareerStage,SeniorityLevel,is_terminated,True,False,518,99.99232443530548
chi2,0.01729998282165882,25.9992,0.0,0.0,0.0018,3000,cat,cat,cat,CareerStage,ExitQuarter,is_minority_dept,True,False,519,99.99237191302524
chi2,0.6211380670252118,7.8207,0.0,0.0088,0.0018,3000,cat,cat,cat,PerfScore,RaceDesc,is_minority_dept,False,False,520,99.992419390745
chi2,0.2442063054628332,12.7619,0.0,0.003,0.0018,3000,cat,num,cat,Region,StartYear,is_terminated,False,False,521,99.99246686846476
chi2,0.13351967412749613,3.179,0.0,0.002,0.0018,3000,cat,cat,cat,CareerStage,OrgLevel,PerfScore,False,False,522,99.99251434618452
chi2,0.01535330041738263,4488.0069,0.0,0.0006,0.0018,3000,num,cat,cat,TenureDays,CareerStage,is_minority_dept,True,False,523,99.99256182390428
chi2,0.0832241380025675,2.7603,0.0,0.0017,0.0018,3000,cat,cat,cat,Region,OrgLevel,SeniorityLevel,False,False,524,99.99260930162404
chi2,0.39713357039739616,10.3319,0.0,0.0045,0.0018,3000,cat,cat,cat,Region,PerfScore,PayZone_encoded,False,False,525,99.9926567793438
chi2,0.7466494514886167,594.4614,0.0,0.0145,0.0018,3000,num,cat,cat,Age,SeniorityLevel,is_terminated,False,False,526,99.99270425706356
chi2,0.020351699874302527,6.5121,0.0,0.0,0.0017,3000,cat,cat,cat,Generation,GenderCode,is_minority_dept,True,False,527,99.99274909713223
chi2,0.2721002768384428,3.6907,0.0,0.003,0.0017,3000,cat,cat,cat,SpanOfControl,ExitQuarter,PerfScore,False,False,528,99.99279393720089
chi2,0.02066595396466087,3.7856,0.0,0.0,0.0017,3000,cat,cat,cat,OrgLevel,StartQuarter,PerfScore,True,False,529,99.99283877726954
chi2,0.02169518560095727,6.872,0.0,0.0,0.0017,3000,cat,cat,cat,PerfScore,GenderCode,PayZone_encoded,True,False,530,99.99288361733821
chi2,0.021033600248951023,12.0735,0.0,0.0,0.0017,3000,cat,cat,cat,CareerStage,SeniorityLevel,PayZone_encoded,True,False,531,99.99292845740686
chi2,0.02059809047588828,1161.3069,0.0,0.0,0.0017,3000,num,cat,cat,TenureDays,IsExecutive,is_minority_dept,True,False,532,99.99297329747552
chi2,0.020034900980614993,2309.4776,0.0,0.0,0.0017,3000,num,cat,cat,TenureDays,SeniorityLevel,is_minority_dept,True,False,533,99.99301813754417
chi2,0.017939064911983365,27.8842,0.0,0.0,0.0017,3000,cat,cat,cat,CareerStage,Region,PayZone_encoded,True,False,534,99.99306297761284
chi2,0.5617739181106916,8.8101,0.0,0.0069,0.0017,3000,cat,cat,cat,DivisionGroup,StartQuarter,is_minority_dept,False,False,535,99.99310781768149
chi2,0.020390081979535395,4.5823,0.0,0.0,0.0017,3000,cat,cat,cat,StartQuarter,GenderCode,SeniorityLevel,True,False,536,99.99315265775014
chi2,0.02581099699162949,6817.8832,0.0,0.0,0.0016,3000,num,cat,cat,TenureDays,JobFamily,is_minority_dept,True,False,537,99.9931948601677
chi2,0.02450306050406456,16.9094,0.0,0.0,0.0016,3000,cat,cat,cat,ExitQuarter,RaceDesc,SeniorityLevel,True,False,538,99.99323706258528
chi2,0.025031866808176453,15.8175,0.0,0.0,0.0016,3000,cat,cat,cat,DivisionGroup,Generation,PerfScore,True,False,539,99.99327926500284
chi2,0.02447450800294956,13.349,0.0,0.0,0.0016,3000,cat,cat,cat,SeniorityLevel,Generation,PayZone_encoded,True,False,540,99.99332146742042
chi2,0.0320283207764787,3.244,0.0,0.0,0.0015,3000,cat,cat,cat,PerfScore,GenderCode,SeniorityLevel,True,False,541,99.99336103218688
chi2,0.031804616891853876,16.8952,0.0,0.0,0.0015,3000,cat,cat,cat,CareerStage,StartQuarter,is_minority_dept,True,False,542,99.99340059695334
chi2,0.03348911278003511,4.0037,0.0,0.0006,0.0015,3000,cat,cat,cat,IsExecutive,OrgLevel,is_minority_dept,True,False,543,99.9934401617198
chi2,0.029229540221866912,15.1077,0.0,0.0,0.0015,3000,cat,cat,cat,DivisionGroup,ExitQuarter,PerfScore,True,False,544,99.99347972648627
chi2,0.032097115542289265,4.6021,0.0,0.0,0.0015,3000,cat,cat,cat,DivisionGroup,SpanOfControl,PerfScore,True,False,545,99.99351929125272
chi2,0.031155606457667212,13.4182,0.0,0.0,0.0015,3000,cat,cat,cat,CareerStage,StartQuarter,PerfScore,True,False,546,99.99355885601919
chi2,0.03507990509326161,8.666,0.0,0.0,0.0015,3000,cat,num,cat,OrgLevel,StartYear,is_minority_dept,True,False,547,99.99359842078566
chi2,0.030852749850414543,7.1858,0.0,0.0,0.0015,3000,cat,cat,cat,Generation,SpanOfControl,PayZone_encoded,True,False,548,99.99363798555211
chi2,0.03556925265698775,75.7423,0.0,0.0009,0.0014,3000,num,cat,cat,TenureVsAvg,IsIC,is_terminated,True,False,549,99.9936749126675
chi2,0.27874551090636945,16.6535,0.0,0.0025,0.0014,3000,cat,num,cat,CareerStage,StartYear,is_terminated,False,False,550,99.99371183978288
chi2,0.04332456155280121,19.4373,0.0,0.0,0.0014,3000,cat,cat,cat,ExitQuarter,DepartmentType,SeniorityLevel,True,False,551,99.99374876689824
chi2,0.04134527812097336,5.4171,0.0,0.0,0.0014,3000,cat,cat,cat,ExitQuarter,GenderCode,is_terminated,True,False,552,99.99378569401361
chi2,0.04116790675844749,17.4073,0.0,0.0,0.0014,3000,cat,cat,cat,ExitQuarter,RaceDesc,PerfScore,True,False,553,99.993822621129
chi2,0.07868152030744788,5.6284,0.0,0.0013,0.0014,3000,cat,cat,cat,JobFamily,SpanOfControl,SeniorityLevel,False,False,554,99.99385954824436
chi2,0.03556925265698775,75.7423,0.0,0.0009,0.0014,3000,num,cat,cat,TenureYears,IsIC,is_terminated,True,False,555,99.99389647535973
chi2,0.038235462677755544,7.3717,0.0,0.0,0.0014,3000,cat,cat,cat,DivisionGroup,IsIC,PayZone_encoded,True,False,556,99.9939334024751
chi2,0.3494344433185313,4.5888,0.0,0.003,0.0014,3000,cat,cat,cat,SpanOfControl,ExitQuarter,PayZone_encoded,False,False,557,99.99397032959048
chi2,0.04538046195227928,5.7756,0.0,0.0,0.0013,3000,cat,cat,cat,DivisionGroup,OrgLevel,is_minority_dept,True,False,558,99.99400461905475
chi2,0.047668738554719564,14.8503,0.0,0.0,0.0013,3000,cat,cat,cat,CareerStage,RaceDesc,SeniorityLevel,True,False,559,99.99403890851902
chi2,0.05418441546642728,2.2687,0.0,0.0,0.0013,3000,cat,cat,cat,IsExecutive,IsManager,PayZone_encoded,False,False,560,99.99407319798328
chi2,0.05104592612280059,14.3403,0.0,0.0,0.0013,3000,cat,cat,cat,DivisionGroup,ExitQuarter,PayZone_encoded,False,False,561,99.99410748744756
chi2,0.05352136539707437,4100.1749,0.0,0.0,0.0013,3000,num,cat,cat,TenureDays,DivisionGroup,is_terminated,False,False,562,99.99414177691183
chi2,0.05041631206549291,125.2422,0.0,0.0,0.0013,3000,cat,cat,cat,DivisionGroup,IntersectionalID,PerfScore,False,False,563,99.9941760663761
chi2,0.8720853970956834,6.7703,0.0,0.0213,0.0013,3000,cat,cat,cat,CareerStage,PerfScore,is_terminated,False,False,564,99.99421035584037
chi2,0.05584659234421487,20.751,0.0,0.0,0.0013,3000,num,cat,cat,DeptDiversityScore,RaceDesc,is_terminated,False,False,565,99.99424464530463
chi2,0.054578905613888055,16.9709,0.0,0.0,0.0013,3000,cat,cat,cat,CareerStage,ExitQuarter,is_terminated,False,False,566,99.9942789347689
chi2,0.055719767788469494,13.8081,0.0,0.0,0.0013,3000,cat,cat,cat,StartQuarter,RaceDesc,PerfScore,False,False,567,99.99431322423317
chi2,0.11735668747961006,3.7285,0.0,0.0014,0.0013,3000,cat,cat,cat,CareerStage,IsExecutive,PayZone_encoded,False,False,568,99.99434751369743
chi2,0.04909852904905591,8.7717,0.0,0.0,0.0013,3000,num,cat,cat,StartYear,GenderCode,is_minority_dept,True,False,569,99.99438180316172
chi2,0.0485734791551492,11.4682,0.0,0.0,0.0013,3000,cat,cat,cat,SeniorityLevel,DivisionGroup,PayZone_encoded,True,False,570,99.99441609262598
chi2,0.046649184051365145,18.4102,0.0,0.0,0.0013,3000,cat,cat,cat,ExitQuarter,RaceDesc,PayZone_encoded,True,False,571,99.99445038209025
chi2,0.060871205878697446,6.9224,0.0,0.0,0.0012,3000,cat,cat,cat,DivisionGroup,OrgLevel,SeniorityLevel,False,False,572,99.99448203390344
chi2,0.06631767953126319,4.0917,0.0,0.0,0.0012,3000,cat,cat,cat,OrgLevel,ExitQuarter,SeniorityLevel,False,False,573,99.9945136857166
chi2,0.07038478126064025,27.5713,0.0,0.0,0.0012,3000,num,cat,cat,StartYear,DepartmentType,is_terminated,False,False,574,99.99454533752979
chi2,0.06809777502913454,4.2244,0.0,0.0,0.0012,3000,cat,cat,cat,OrgLevel,DepartmentType,PerfScore,False,False,575,99.99457698934296
chi2,0.39359191433394375,19.9167,0.0,0.003,0.0012,3000,cat,num,cat,Region,StartYear,is_minority_dept,False,False,576,99.99460864115613
chi2,0.06785294054038386,13.209,0.0,0.0,0.0012,3000,cat,cat,cat,StartQuarter,RaceDesc,is_minority_dept,False,False,577,99.99464029296932
chi2,0.3846000698008889,3.6088,0.0,0.003,0.0012,3000,cat,cat,cat,SpanOfControl,ExitQuarter,SeniorityLevel,False,False,578,99.9946719447825
chi2,0.3957185882723869,4.1983,0.0,0.003,0.0012,3000,cat,cat,cat,SpanOfControl,ExitQuarter,is_terminated,False,False,579,99.99470359659567
chi2,0.0650309712796279,237.3579,0.0,0.0,0.0012,3000,cat,cat,cat,IntersectionalID,ExitQuarter,PayZone_encoded,False,False,580,99.99473524840884
chi2,0.07037240422828621,16.4765,0.0,0.0,0.0012,3000,cat,cat,cat,Generation,StartQuarter,is_minority_dept,False,False,581,99.99476690022203
chi2,0.4064333993068536,5.5003,0.0,0.003,0.0012,3000,cat,cat,cat,SpanOfControl,ExitQuarter,is_minority_dept,False,False,582,99.9947985520352
chi2,0.8440880404201647,4.4863,0.0,0.0167,0.0012,3000,cat,num,cat,SpanOfControl,ExitYear,is_minority_dept,False,False,583,99.99483020384838
chi2,0.6666463784172174,7.2098,0.0,0.0069,0.0012,3000,cat,cat,cat,DivisionGroup,StartQuarter,PayZone_encoded,False,False,584,99.99486185566157
chi2,0.08691252216035855,7.9693,0.0,0.0,0.0011,3000,cat,cat,cat,DivisionGroup,IsIC,is_minority_dept,False,False,585,99.99489086982364
chi2,0.6848093475078407,1.1594,0.0,0.0065,0.0011,3000,cat,cat,cat,OrgLevel,PerfScore,is_minority_dept,False,False,586,99.99491988398572
chi2,0.8258045922863633,14.6169,0.0,0.0133,0.0011,3000,cat,num,cat,Generation,ExitYear,is_terminated,False,False,587,99.99494889814778
chi2,0.08717351505132397,22.2322,0.0,0.0,0.0011,3000,cat,cat,cat,CareerStage,ExitQuarter,SeniorityLevel,False,False,588,99.99497791230986
chi2,0.0867639513364935,14.0227,0.0,0.0,0.0011,3000,cat,cat,cat,CareerStage,DivisionGroup,PerfScore,False,False,589,99.99500692647194
chi2,0.07684153393859867,4.8277,0.0,0.0,0.0011,3000,cat,cat,cat,IsManager,StartQuarter,is_terminated,False,False,590,99.99503594063401
chi2,0.08858508336985728,1.639,0.0,0.0,0.0011,3000,cat,cat,cat,IsManager,SpanOfControl,PayZone_encoded,False,False,591,99.99506495479609
chi2,0.07735598433717762,1.0399,0.0,0.0001,0.0011,3000,cat,cat,cat,IsManager,OrgLevel,PerfScore,False,False,592,99.99509396895816
chi2,0.0825808571137404,7.8368,0.0,0.0,0.0011,3000,cat,cat,cat,JobFamily,StartQuarter,SeniorityLevel,False,False,593,99.99512298312024
chi2,0.08594868020756943,891.534,0.0,0.0,0.0011,3000,num,cat,cat,Age,PerfScore,is_terminated,False,False,594,99.99515199728232
chi2,0.08562648259820207,8.5077,0.0,0.0,0.0011,3000,cat,cat,cat,SeniorityLevel,DivisionGroup,is_terminated,False,False,595,99.99518101144439
chi2,0.09710528232031651,219.738,0.0,0.0,0.001,3000,cat,num,cat,IntersectionalID,StartYear,is_terminated,False,False,596,99.99520738795538
chi2,0.10834268747437367,12.5193,0.0,0.0,0.001,3000,cat,num,cat,SeniorityLevel,ExitYear,is_minority_dept,False,False,597,99.99523376446635
chi2,0.08996972166752883,16.0922,0.0,0.0,0.001,3000,cat,cat,cat,Generation,ExitQuarter,SeniorityLevel,False,False,598,99.99526014097734
pearson,0.11171275205344516,0.029,0.0008,0.0076,0.001,3000,num,num,cat,DeptGenderRatio,ExitYear,PayZone_encoded,False,False,599,99.99528651748832
chi2,0.10848050150764688,11.6143,0.0,0.0,0.001,3000,cat,cat,cat,Generation,StartQuarter,SeniorityLevel,False,False,600,99.99531289399931
chi2,0.09448578380146412,1269.2436,0.0,0.0,0.001,3000,num,cat,cat,Age,DivisionGroup,is_minority_dept,False,False,601,99.99533927051029
chi2,0.11212025532332055,15.3486,0.0,0.0,0.001,3000,cat,cat,cat,Generation,StartQuarter,PerfScore,False,False,602,99.99536564702127
chi2,0.10062413056098186,5.1765,0.0,0.0,0.001,3000,cat,cat,cat,OrgLevel,StartQuarter,SeniorityLevel,False,False,603,99.99539202353226
chi2,0.1010926422685354,3.9251,0.0,0.0,0.001,3000,cat,cat,cat,OrgLevel,StartQuarter,PayZone_encoded,False,False,604,99.99541840004325
pearson,0.11171275205344516,0.029,0.0008,0.0076,0.001,3000,num,num,cat,DeptGenderRatio,ExitYear,SeniorityLevel,False,False,605,99.99544477655424
chi2,0.09944097326285935,6004.9066,0.0,0.0,0.001,3000,num,cat,cat,TenureDays,JobFamily,is_terminated,False,False,606,99.99547115306521
chi2,0.09019771709192871,15.7541,0.0,0.0,0.001,3000,cat,cat,cat,Generation,StartQuarter,is_terminated,False,False,607,99.9954975295762
chi2,0.0911291420515562,5.7344,0.0,0.0,0.001,3000,cat,cat,cat,Generation,GenderCode,PayZone_encoded,False,False,608,99.99552390608719
pearson,0.11171275205344516,0.029,0.0008,0.0076,0.001,3000,num,num,cat,DeptGenderRatio,ExitYear,PerfScore,False,False,609,99.99555028259817
chi2,0.09888520045753357,3.6786,0.0,0.0,0.001,3000,cat,cat,cat,DivisionGroup,IsManager,PerfScore,False,False,610,99.99557665910915
chi2,0.8414165866575654,17.165,0.0,0.0133,0.001,3000,cat,num,cat,Generation,ExitYear,is_minority_dept,False,False,611,99.99560303562014
chi2,0.19131853044132904,3.8026,0.0,0.0014,0.001,3000,cat,cat,cat,CareerStage,IsExecutive,is_terminated,False,False,612,99.99562941213111
chi2,0.11053933632622573,13.5077,0.0,0.0,0.001,3000,cat,cat,cat,CareerStage,RaceDesc,PayZone_encoded,False,False,613,99.9956557886421
chi2,0.09265189937920819,311.531,0.0,0.0,0.001,3000,num,cat,cat,TenureYears,CareerStage,is_minority_dept,False,False,614,99.99568216515307
chi2,0.10717441872351881,15.9587,0.0,0.0,0.001,3000,cat,cat,cat,ExitQuarter,DepartmentType,PerfScore,False,False,615,99.99570854166406
chi2,0.09782433045298321,4.4833,0.0,0.0,0.001,3000,cat,cat,cat,Generation,GenderCode,SeniorityLevel,False,False,616,99.99573491817505
chi2,0.19952980626895056,5.8766,0.0,0.0014,0.001,3000,cat,cat,cat,CareerStage,IsExecutive,is_minority_dept,False,False,617,99.99576129468603
chi2,0.0904178592004592,5.2576,0.0,0.0,0.001,3000,cat,cat,cat,DivisionGroup,IsManager,PayZone_encoded,False,False,618,99.99578767119701
chi2,0.11756523462094143,6.9311,0.0,0.0011,0.001,3000,cat,num,cat,OrgLevel,DeptGenderRatio,is_minority_dept,False,False,619,99.995814047708
chi2,0.11471215258026371,6.7424,0.0,0.0,0.0009,3000,cat,cat,cat,DivisionGroup,OrgLevel,is_terminated,False,False,620,99.99583778656788
chi2,0.2018925294450186,7.8861,0.0,0.0013,0.0009,3000,cat,cat,cat,JobFamily,SpanOfControl,is_terminated,False,False,621,99.99586152542777
pearson,0.11917404474821085,-0.0285,0.0008,0.155,0.0009,3000,num,num,cat,StartYear,ExitYear,PerfScore,False,False,622,99.99588526428764
chi2,0.21000646639538992,8.1443,0.0,0.0013,0.0009,3000,cat,cat,cat,JobFamily,SpanOfControl,is_minority_dept,False,False,623,99.99590900314752
pearson,0.11917404474821085,-0.0285,0.0008,0.155,0.0009,3000,num,num,cat,StartYear,ExitYear,PayZone_encoded,False,False,624,99.9959327420074
chi2,0.13261677056071386,3426.6033,0.0,0.0,0.0009,3000,num,cat,cat,TenureDays,Region,is_terminated,False,False,625,99.99595648086729
pearson,0.11917404474821085,-0.0285,0.0008,0.155,0.0009,3000,num,num,cat,StartYear,ExitYear,SeniorityLevel,False,False,626,99.99598021972716
chi2,0.121399648326311,29.7361,0.0,0.0,0.0009,3000,num,cat,cat,StartYear,DepartmentType,is_minority_dept,False,False,627,99.99600395858704
chi2,0.24034637949159338,29.8371,0.0,0.0014,0.0009,3000,cat,cat,cat,OrgLevel,IntersectionalID,is_minority_dept,False,False,628,99.99602769744692
chi2,0.1353331101520205,10.6748,0.0,0.0,0.0009,3000,cat,cat,cat,SeniorityLevel,ExitQuarter,PayZone_encoded,False,False,629,99.99605143630681
chi2,0.11262579459316291,154.0741,0.0,0.0,0.0009,3000,cat,cat,cat,IntersectionalID,ExitQuarter,PerfScore,False,False,630,99.99607517516668
chi2,0.1337865878926101,10.9244,0.0,0.0,0.0009,3000,cat,cat,cat,CareerStage,StartQuarter,PayZone_encoded,False,False,631,99.99609891402656
chi2,0.11492710359758196,14.7284,0.0,0.0,0.0009,3000,cat,cat,cat,StartQuarter,RaceDesc,SeniorityLevel,False,False,632,99.99612265288644
chi2,0.12234340273260458,18.7259,0.0,0.0,0.0009,3000,cat,cat,cat,DivisionGroup,ExitQuarter,is_minority_dept,False,False,633,99.99614639174634
chi2,0.1318552460528292,23.1369,0.0,0.0,0.0009,3000,num,cat,cat,DeptDiversityScore,RaceDesc,is_minority_dept,False,False,634,99.99617013060622
chi2,0.26029384410071,3.662,0.0,0.0016,0.0009,3000,cat,cat,cat,Generation,OrgLevel,is_minority_dept,False,False,635,99.99619386946608
chi2,0.1212320392196588,3.0925,0.0,0.0,0.0009,3000,cat,cat,cat,SeniorityLevel,StartQuarter,PerfScore,False,False,636,99.99621760832596
chi2,0.14123154029373958,6.115,0.0,0.0,0.0009,3000,cat,cat,cat,Generation,SpanOfControl,is_terminated,False,False,637,99.99624134718586
chi2,0.7134769331889861,1.3948,0.0,0.0065,0.0009,3000,cat,cat,cat,Region,SpanOfControl,PerfScore,False,False,638,99.99626508604574
chi2,0.12911086082598994,16.4772,0.0,0.0,0.0009,3000,cat,cat,cat,Generation,RaceDesc,SeniorityLevel,False,False,639,99.9962888249056
chi2,0.13048617151785466,2.4143,0.0,0.0,0.0009,3000,cat,cat,cat,IsManager,StartQuarter,PerfScore,False,False,640,99.99631256376549
chi2,0.5405068309401315,3.535,0.0,0.0034,0.0009,3000,cat,num,cat,OrgLevel,ExitYear,is_minority_dept,False,False,641,99.99633630262538
chi2,0.13041475616744783,2.037,0.0,0.0,0.0009,3000,cat,cat,cat,IsManager,SpanOfControl,is_terminated,False,False,642,99.99636004148526
chi2,0.11756523462094143,6.9311,0.0,0.0,0.0009,3000,cat,cat,cat,OrgLevel,DepartmentType,is_minority_dept,False,False,643,99.99638378034513
chi2,0.11756523462094148,6.9311,0.0,0.0,0.0009,3000,cat,num,cat,OrgLevel,DeptDiversityScore,is_minority_dept,False,False,644,99.99640751920501
chi2,0.1154022310524437,2.1593,0.0,0.0,0.0009,3000,cat,cat,cat,IsManager,SpanOfControl,is_minority_dept,False,False,645,99.9964312580649
chi2,0.1429036069469409,10.6093,0.0,0.0,0.0008,3000,cat,cat,cat,ExitQuarter,PerfScore,PayZone_encoded,False,False,646,99.99645235927368
chi2,0.15705248207040137,130.2564,0.0,0.0,0.0008,3000,num,cat,cat,TenureVsAvg,SeniorityLevel,is_terminated,False,False,647,99.99647346048245
chi2,0.4046269145915776,2.5228,0.0,0.002,0.0008,3000,cat,cat,cat,CareerStage,OrgLevel,is_minority_dept,False,False,648,99.99649456169124
chi2,0.16092821696872311,4.9964,0.0,0.0,0.0008,3000,cat,cat,cat,DivisionGroup,GenderCode,PayZone_encoded,False,False,649,99.99651566290001
chi2,0.1524103243859317,4.9601,0.0,0.001,0.0008,3000,cat,num,cat,IsExecutive,StartYear,is_terminated,False,False,650,99.99653676410878
chi2,0.17610902756142224,14.6287,0.0,0.0,0.0008,3000,cat,cat,cat,DivisionGroup,ExitQuarter,is_terminated,False,False,651,99.99655786531756
chi2,0.17499425198558144,14.638,0.0,0.0,0.0008,3000,cat,cat,cat,StartQuarter,RaceDesc,is_terminated,False,False,652,99.99657896652634
chi2,0.16337428353067768,1147.5929,0.0,0.0003,0.0008,3000,num,cat,cat,TenureDays,IsIC,is_minority_dept,False,False,653,99.99660006773512
chi2,0.14447068547272196,22.7015,0.0,0.0,0.0008,3000,cat,cat,cat,ExitQuarter,DepartmentType,PayZone_encoded,False,False,654,99.99662116894389
chi2,0.16379476554317257,1.2061,0.0,0.0,0.0008,3000,cat,cat,cat,SpanOfControl,GenderCode,SeniorityLevel,False,False,655,99.99664227015266
chi2,0.17528577210157525,4.1549,0.0,0.0,0.0008,3000,cat,cat,cat,OrgLevel,StartQuarter,is_terminated,False,False,656,99.99666337136145
chi2,0.1726195764136613,5.4583,0.0,0.0,0.0008,3000,cat,cat,cat,DivisionGroup,GenderCode,SeniorityLevel,False,False,657,99.99668447257022
chi2,0.16444574968187844,1.2034,0.0,0.0,0.0008,3000,cat,cat,cat,IsManager,SpanOfControl,PerfScore,False,False,658,99.996705573779
chi2,0.17018717950249004,2.2132,0.0,0.0,0.0008,3000,cat,cat,cat,IsIC,SpanOfControl,is_minority_dept,False,False,659,99.99672667498778
chi2,0.14131510537362743,1.3066,0.0,0.0,0.0008,3000,cat,cat,cat,IsIC,SpanOfControl,PayZone_encoded,False,False,660,99.99674777619656
chi2,0.15705248207040137,130.2564,0.0,0.0003,0.0008,3000,num,cat,cat,TenureYears,SeniorityLevel,is_terminated,False,False,661,99.99676887740534
chi2,0.16833148825212674,1.2845,0.0,0.0,0.0008,3000,cat,cat,cat,OrgLevel,GenderCode,is_minority_dept,False,False,662,99.9967899786141
chi2,0.15150880084318413,9.2416,0.0,0.0,0.0008,3000,cat,cat,cat,ExitQuarter,PerfScore,is_terminated,False,False,663,99.99681107982289
chi2,0.1475021654691723,13.5318,0.0,0.0,0.0008,3000,cat,num,cat,SeniorityLevel,ExitYear,is_terminated,False,False,664,99.99683218103166
chi2,0.19854084099770553,2121.6267,0.0,0.0,0.0007,3000,num,cat,cat,TenureVsAvg,IntersectionalID,is_minority_dept,False,False,665,99.99685064458936
chi2,0.21388538450688308,164.9113,0.0,0.0003,0.0007,3000,num,cat,cat,TenureYears,SeniorityLevel,is_minority_dept,False,False,666,99.99686910814704
chi2,0.1997175844179643,23.3245,0.0,0.0,0.0007,3000,num,cat,cat,DeptDiversityScore,ExitQuarter,is_minority_dept,False,False,667,99.99688757170473
chi2,0.2082293565878564,1143.8856,0.0,0.0,0.0007,3000,num,cat,cat,Age,StartQuarter,is_minority_dept,False,False,668,99.99690603526241
chi2,0.19766074802462705,16.0407,0.0,0.0,0.0007,3000,cat,cat,cat,Generation,RaceDesc,PerfScore,False,False,669,99.99692449882009
chi2,0.21629207251206722,321.9474,0.0,0.0,0.0007,3000,num,cat,cat,TenureYears,Generation,is_minority_dept,False,False,670,99.99694296237779
chi2,0.19971758441796456,23.3245,0.0,0.0,0.0007,3000,cat,cat,cat,ExitQuarter,DepartmentType,is_minority_dept,False,False,671,99.99696142593547
chi2,0.1925582806696059,14.6076,0.0,0.0,0.0007,3000,cat,cat,cat,CareerStage,ExitQuarter,PayZone_encoded,False,False,672,99.99697988949315
chi2,0.1960887892158794,84.3271,0.0,0.0009,0.0007,3000,num,cat,cat,TenureVsAvg,IsIC,is_minority_dept,False,False,673,99.99699835305084
chi2,0.20500785670275584,1.5847,0.0,0.0,0.0007,3000,cat,cat,cat,IsIC,SpanOfControl,is_terminated,False,False,674,99.99701681660854
chi2,0.19225800784705468,1.5784,0.0,0.0,0.0007,3000,cat,cat,cat,IsManager,StartQuarter,SeniorityLevel,False,False,675,99.99703528016622
chi2,0.20517445618624552,9.6394,0.0,0.0,0.0007,3000,cat,cat,cat,CareerStage,StartQuarter,SeniorityLevel,False,False,676,99.99705374372391
chi2,0.21647769578235712,14.0832,0.0,0.0,0.0007,3000,cat,cat,cat,CareerStage,StartQuarter,is_terminated,False,False,677,99.99707220728159
chi2,0.9279875730276228,3.1677,0.0,0.0213,0.0007,3000,cat,cat,cat,CareerStage,PerfScore,SeniorityLevel,False,False,678,99.99709067083927
chi2,0.19854084099770553,2121.6267,0.0,0.0,0.0007,3000,num,cat,cat,TenureYears,IntersectionalID,is_minority_dept,False,False,679,99.99710913439696
chi2,0.21136568354101418,2.4201,0.0,0.0,0.0007,3000,cat,cat,cat,OrgLevel,ExitQuarter,PerfScore,False,False,680,99.99712759795464
chi2,0.21756218078980716,5.4752,0.0,0.0,0.0007,3000,cat,num,cat,OrgLevel,StartYear,is_terminated,False,False,681,99.99714606151232
chi2,0.18308409401200956,10.793,0.0,0.0,0.0007,3000,cat,cat,cat,DivisionGroup,DepartmentType,SeniorityLevel,False,False,682,99.99716452507002
chi2,0.19190150299522313,86.5145,0.0,0.0,0.0007,3000,num,cat,cat,TenureVsAvg,OrgLevel,is_minority_dept,False,False,683,99.99718298862771
chi2,0.21445441274901622,3982.2549,0.0,0.0006,0.0007,3000,num,cat,cat,TenureDays,CareerStage,is_terminated,False,False,684,99.9972014521854
chi2,0.21504549719307328,4029.7308,0.0,0.0,0.0007,3000,num,cat,cat,TenureDays,Generation,is_terminated,False,False,685,99.99721991574307
chi2,0.19271905152521568,2.3197,0.0,0.0,0.0007,3000,cat,cat,cat,SpanOfControl,GenderCode,is_minority_dept,False,False,686,99.99723837930077
chi2,0.2210618520133794,1002.8835,0.0,0.0,0.0007,3000,num,cat,cat,TenureDays,IsExecutive,is_terminated,False,False,687,99.99725684285845
chi2,0.18500088018770713,116.5565,0.0,0.0,0.0007,3000,num,cat,cat,TenureVsAvg,SpanOfControl,is_minority_dept,False,False,688,99.99727530641613
chi2,0.19855782454047335,10.413,0.0,0.0,0.0007,3000,cat,cat,cat,DivisionGroup,Region,PerfScore,False,False,689,99.99729376997382
chi2,0.18036765169508512,4.4758,0.0,0.0,0.0007,3000,cat,cat,cat,DivisionGroup,IsManager,is_terminated,False,False,690,99.99731223353152
chi2,0.21629207251206722,321.9474,0.0,0.0,0.0007,3000,num,cat,cat,TenureVsAvg,Generation,is_minority_dept,False,False,691,99.9973306970892
pearson,0.1861236852873683,0.0241,0.0006,0.0,0.0007,3000,num,num,cat,DeptDiversityScore,StartYear,SeniorityLevel,False,False,692,99.99734916064689
chi2,0.2515930155679702,6.2614,0.0,0.0012,0.0007,3000,cat,cat,cat,SpanOfControl,DepartmentType,is_terminated,False,False,693,99.99736762420457
chi2,0.1979312850526503,13.1083,0.0,0.0,0.0007,3000,cat,cat,cat,DivisionGroup,PerfScore,PayZone_encoded,False,False,694,99.99738608776225
pearson,0.1861236852873683,0.0241,0.0006,0.0,0.0007,3000,num,num,cat,DeptDiversityScore,StartYear,PayZone_encoded,False,False,695,99.99740455131995
chi2,0.18416415961027885,15.3128,0.0,0.0,0.0007,3000,cat,cat,cat,Generation,ExitQuarter,PerfScore,False,False,696,99.99742301487763
chi2,0.1997175844179643,23.3245,0.0,0.0,0.0007,3000,num,cat,cat,DeptGenderRatio,ExitQuarter,is_minority_dept,False,False,697,99.9974414784353
pearson,0.1861236852873683,0.0241,0.0006,0.0,0.0007,3000,num,num,cat,DeptDiversityScore,StartYear,PerfScore,False,False,698,99.997459941993
chi2,0.18231908068922636,5.605,0.0,0.0,0.0007,3000,cat,cat,cat,DivisionGroup,GenderCode,is_terminated,False,False,699,99.9974784055507
chi2,0.18830970201801794,16.923,0.0,0.0,0.0007,3000,cat,cat,cat,DivisionGroup,Generation,is_minority_dept,False,False,700,99.99749686910837
chi2,0.18500088018770713,116.5565,0.0,0.0,0.0007,3000,num,cat,cat,TenureYears,SpanOfControl,is_minority_dept,False,False,701,99.99751533266607
chi2,0.19700442325606904,108.9199,0.0,0.0,0.0007,3000,cat,cat,cat,IntersectionalID,StartQuarter,PerfScore,False,False,702,99.99753379622375
chi2,0.21986849895070304,160.4604,0.0,0.0,0.0007,3000,cat,cat,cat,IntersectionalID,ExitQuarter,SeniorityLevel,False,False,703,99.99755225978143
chi2,0.19190150299522313,86.5145,0.0,0.0,0.0007,3000,num,cat,cat,TenureYears,OrgLevel,is_minority_dept,False,False,704,99.99757072333911
chi2,0.21388538450688308,164.9113,0.0,0.0,0.0007,3000,num,cat,cat,TenureVsAvg,SeniorityLevel,is_minority_dept,False,False,705,99.9975891868968
chi2,0.18479938255379197,4.6501,0.0,0.001,0.0007,3000,cat,num,cat,IsExecutive,StartYear,is_minority_dept,False,False,706,99.99760765045448
chi2,0.1960887892158794,84.3271,0.0,0.0009,0.0007,3000,num,cat,cat,TenureYears,IsIC,is_minority_dept,False,False,707,99.99762611401218
chi2,0.20288975199329556,10.4489,0.0,0.0,0.0007,3000,cat,cat,cat,SeniorityLevel,DivisionGroup,is_minority_dept,False,False,708,99.99764457756987
chi2,0.26486767210835244,14.1819,0.0,0.0,0.0006,3000,cat,cat,cat,DivisionGroup,RaceDesc,PayZone_encoded,False,False,709,99.99766040347644
chi2,0.30982706959593054,2.8521,0.0,0.0012,0.0006,3000,cat,cat,cat,SpanOfControl,DepartmentType,SeniorityLevel,False,False,710,99.99767622938303
chi2,0.25458707110979684,13.2911,0.0,0.0,0.0006,3000,cat,cat,cat,DivisionGroup,Region,PayZone_encoded,False,False,711,99.9976920552896
chi2,0.250368850796045,22.6821,0.0,0.0,0.0006,3000,num,cat,cat,ExitYear,RaceDesc,is_minority_dept,False,False,712,99.99770788119619
pearson,0.2657771867802721,-0.0203,0.0004,0.0,0.0006,3000,num,num,cat,DeptGenderRatio,StartYear,SeniorityLevel,False,False,713,99.99772370710278
chi2,0.2431033316913495,25.2911,0.0,0.0,0.0006,3000,cat,cat,cat,JobFamily,DivisionGroup,PayZone_encoded,False,False,714,99.99773953300937
pearson,0.2657771867802721,-0.0203,0.0004,0.0,0.0006,3000,num,num,cat,DeptGenderRatio,StartYear,PayZone_encoded,False,False,715,99.99775535891594
chi2,0.24112491777321918,18.0896,0.0,0.0,0.0006,3000,cat,cat,cat,ExitQuarter,RaceDesc,is_minority_dept,False,False,716,99.99777118482253
pearson,0.2657771867802721,-0.0203,0.0004,0.0,0.0006,3000,num,num,cat,DeptGenderRatio,StartYear,PerfScore,False,False,717,99.99778701072911
chi2,0.2775210287448899,8.3435,0.0,0.0012,0.0006,3000,cat,cat,cat,SpanOfControl,DepartmentType,is_minority_dept,False,False,718,99.9978028366357
chi2,0.24134312570520236,18.6785,0.0,0.0,0.0006,3000,cat,cat,cat,CareerStage,RaceDesc,is_minority_dept,False,False,719,99.99781866254229
chi2,0.4244108258777145,1.8491,0.0,0.0016,0.0006,3000,cat,cat,cat,Generation,OrgLevel,SeniorityLevel,False,False,720,99.99783448844886
chi2,0.25364998821424445,3.0838,0.0,0.0,0.0006,3000,cat,cat,cat,ExitQuarter,GenderCode,PerfScore,False,False,721,99.99785031435545
chi2,0.26686971754144345,1989.224,0.0,0.0,0.0006,3000,num,cat,cat,TenureDays,SeniorityLevel,is_terminated,False,False,722,99.99786614026203
chi2,0.26556991989840495,4.7431,0.0,0.0,0.0006,3000,cat,cat,cat,Generation,SpanOfControl,SeniorityLevel,False,False,723,99.9978819661686
chi2,0.43695276661473736,2.5184,0.0,0.0016,0.0006,3000,cat,cat,cat,Generation,OrgLevel,PerfScore,False,False,724,99.9978977920752
chi2,0.2678416323772066,3.4212,0.0,0.0001,0.0006,3000,cat,cat,cat,DivisionGroup,IsExecutive,PayZone_encoded,False,False,725,99.99791361798177
chi2,0.24375262730313663,23.9621,0.0,0.0,0.0006,3000,num,cat,cat,ExitYear,RaceDesc,is_terminated,False,False,726,99.99792944388835
chi2,0.2684031953203341,14.144,0.0,0.0,0.0006,3000,cat,cat,cat,DivisionGroup,Generation,PayZone_encoded,False,False,727,99.99794526979494
chi2,0.26920781406312755,2.5483,0.0,0.0,0.0006,3000,cat,cat,cat,DivisionGroup,GenderCode,PerfScore,False,False,728,99.99796109570153
chi2,0.48064318420076757,2.2294,0.0,0.002,0.0006,3000,cat,cat,cat,CareerStage,OrgLevel,is_terminated,False,False,729,99.99797692160811
chi2,0.24297236468586364,20.6522,0.0,0.0,0.0006,3000,cat,cat,cat,JobFamily,StartQuarter,is_terminated,False,False,730,99.9979927475147
chi2,0.2395185760986335,949.8853,0.0,0.0,0.0006,3000,num,cat,cat,Age,StartQuarter,is_terminated,False,False,731,99.99800857342127
chi2,0.27752102874488904,8.3435,0.0,0.0,0.0006,3000,cat,num,cat,SpanOfControl,DeptGenderRatio,is_minority_dept,False,False,732,99.99802439932786
chi2,0.2521579214294579,19.5168,0.0,0.0,0.0006,3000,cat,cat,cat,JobFamily,StartQuarter,PayZone_encoded,False,False,733,99.99804022523445
chi2,0.2739108548729183,1014.761,0.0,0.0008,0.0006,3000,num,cat,cat,TenureDays,GenderCode,is_terminated,False,False,734,99.99805605114102
chi2,0.26551310221190383,12.9825,0.0,0.0,0.0006,3000,cat,cat,cat,DivisionGroup,RaceDesc,SeniorityLevel,False,False,735,99.99807187704761
chi2,0.2515930155679702,6.2614,0.0,0.0,0.0006,3000,cat,num,cat,SpanOfControl,DeptDiversityScore,is_terminated,False,False,736,99.99808770295418
chi2,0.27460865096301895,16.9308,0.0,0.0,0.0006,3000,cat,cat,cat,Generation,RaceDesc,is_minority_dept,False,False,737,99.99810352886077
chi2,0.27195963359782926,892.8294,0.0,0.0001,0.0006,3000,num,cat,cat,TenureDays,OrgLevel,is_minority_dept,False,False,738,99.99811935476735
chi2,0.24107024661294296,20.2795,0.0,0.0,0.0006,3000,num,cat,cat,StartYear,RaceDesc,is_terminated,False,False,739,99.99813518067394
chi2,0.25802658442051046,14.9742,0.0,0.0,0.0006,3000,cat,cat,cat,CareerStage,ExitQuarter,PerfScore,False,False,740,99.99815100658053
chi2,0.22923793006191615,4497.8926,0.0,0.0,0.0006,3000,num,cat,cat,TenureDays,Generation,is_minority_dept,False,False,741,99.9981668324871
chi2,0.27417935090316403,234.0277,0.0,0.0,0.0006,3000,num,cat,cat,TenureVsAvg,DivisionGroup,is_terminated,False,False,742,99.99818265839369
chi2,0.25584773387243764,0.765,0.0,0.0,0.0006,3000,cat,cat,cat,IsIC,SpanOfControl,PerfScore,False,False,743,99.99819848430027
chi2,0.7486497549162323,0.0342,0.0,0.0051,0.0006,3000,cat,cat,cat,IsManager,GenderCode,SeniorityLevel,False,False,744,99.99821431020686
chi2,0.2646791411942063,12.2338,0.0,0.0,0.0006,3000,cat,cat,cat,StartQuarter,RaceDesc,PayZone_encoded,False,False,745,99.99823013611345
chi2,0.2515930155679702,6.2614,0.0,0.0,0.0006,3000,cat,num,cat,SpanOfControl,DeptGenderRatio,is_terminated,False,False,746,99.99824596202002
chi2,0.2681811617292178,3.257,0.0,0.0,0.0006,3000,cat,cat,cat,OrgLevel,ExitQuarter,PayZone_encoded,False,False,747,99.9982617879266
chi2,0.27752102874488904,8.3435,0.0,0.0,0.0006,3000,cat,num,cat,SpanOfControl,DeptDiversityScore,is_minority_dept,False,False,748,99.99827761383318
chi2,0.2778819768373985,113.1867,0.0,0.0,0.0006,3000,cat,cat,cat,IntersectionalID,ExitQuarter,is_minority_dept,False,False,749,99.99829343973977
chi2,0.27417935090316403,234.0277,0.0,0.0,0.0006,3000,num,cat,cat,TenureYears,DivisionGroup,is_terminated,False,False,750,99.99830926564636
chi2,0.38289885662544604,1.0436,0.0,0.0014,0.0006,3000,cat,cat,cat,CareerStage,IsExecutive,PerfScore,False,False,751,99.99832509155293
chi2,0.2576840488010532,3.2789,0.0,0.0,0.0006,3000,cat,cat,cat,SeniorityLevel,SpanOfControl,is_minority_dept,False,False,752,99.99834091745952
chi2,0.4686316139579113,1.839,0.0,0.0016,0.0005,3000,cat,cat,cat,Generation,OrgLevel,PayZone_encoded,False,False,753,99.99835410571501
pearson,0.3527813274394632,-0.017,0.0003,0.0,0.0005,3000,num,num,cat,TenureDays,DeptGenderRatio,SeniorityLevel,False,False,754,99.9983672939705
chi2,0.29262711929245533,12.7027,0.0,0.0,0.0005,3000,num,cat,cat,DeptDiversityScore,StartQuarter,is_minority_dept,False,False,755,99.998380482226
chi2,0.30673177677707864,3.5473,0.0,0.0,0.0005,3000,cat,cat,cat,SeniorityLevel,ExitQuarter,PerfScore,False,False,756,99.99839367048149
chi2,0.3029574851892127,4.6736,0.0,0.0,0.0005,3000,cat,cat,cat,DivisionGroup,IsManager,is_minority_dept,False,False,757,99.99840685873697
chi2,0.3078620690502579,7.0319,0.0,0.0,0.0005,3000,cat,cat,cat,Generation,SpanOfControl,is_minority_dept,False,False,758,99.99842004699248
chi2,0.30479173955544,14.5675,0.0,0.0,0.0005,3000,cat,cat,cat,Generation,RaceDesc,is_terminated,False,False,759,99.99843323524796
chi2,0.3006380210975748,106.2161,0.0,0.0,0.0005,3000,cat,cat,cat,IntersectionalID,StartQuarter,SeniorityLevel,False,False,760,99.99844642350345
chi2,0.3286253075581437,0.3342,0.0,0.0001,0.0005,3000,cat,cat,cat,IsManager,OrgLevel,PayZone_encoded,False,False,761,99.99845961175895
chi2,0.29957031766498415,15.0384,0.0,0.0,0.0005,3000,cat,cat,cat,ExitQuarter,RaceDesc,is_terminated,False,False,762,99.99847280001444
chi2,0.3856845947411419,6.1917,0.0,0.0013,0.0005,3000,cat,cat,cat,JobFamily,SpanOfControl,PayZone_encoded,False,False,763,99.99848598826992
chi2,0.34213064024333584,2.426,0.0,0.0,0.0005,3000,cat,cat,cat,IsManager,StartQuarter,PayZone_encoded,False,False,764,99.99849917652543
chi2,0.2897338869949902,19.0348,0.0,0.0,0.0005,3000,cat,cat,cat,JobFamily,StartQuarter,is_minority_dept,False,False,765,99.99851236478091
pearson,0.3527813274394632,-0.017,0.0003,0.0,0.0005,3000,num,num,cat,TenureDays,DeptGenderRatio,PayZone_encoded,False,False,766,99.99852555303642
chi2,0.32187269348631703,14.859,0.0,0.0,0.0005,3000,cat,cat,cat,JobFamily,StartQuarter,PerfScore,False,False,767,99.9985387412919
chi2,0.32948586818877107,4.6126,0.0,0.0,0.0005,3000,cat,cat,cat,SeniorityLevel,StartQuarter,is_terminated,False,False,768,99.99855192954739
chi2,0.3249250695106674,12.9073,0.0,0.0,0.0005,3000,num,cat,cat,DeptDiversityScore,StartQuarter,is_terminated,False,False,769,99.99856511780288
chi2,0.2920024936773226,3.9399,0.0,0.0,0.0005,3000,cat,cat,cat,IsExecutive,ExitQuarter,PayZone_encoded,False,False,770,99.99857830605838
chi2,0.3494554844738968,148.1772,0.0,0.0,0.0005,3000,cat,cat,cat,IntersectionalID,StartQuarter,PayZone_encoded,False,False,771,99.99859149431387
chi2,0.3353584221503912,12.4138,0.0,0.0,0.0005,3000,cat,cat,cat,CareerStage,DivisionGroup,SeniorityLevel,False,False,772,99.99860468256936
chi2,0.29963433658365624,4.7646,0.0,0.0,0.0005,3000,cat,cat,cat,DivisionGroup,SpanOfControl,is_terminated,False,False,773,99.99861787082484
chi2,0.2870063949315912,1.2507,0.0,0.0008,0.0005,3000,cat,cat,cat,Region,IsExecutive,PerfScore,False,False,774,99.99863105908034
chi2,0.3249250695106674,12.9073,0.0,0.0,0.0005,3000,num,cat,cat,DeptGenderRatio,StartQuarter,is_terminated,False,False,775,99.99864424733583
chi2,0.31233423465349286,3.7023,0.0,0.0,0.0005,3000,cat,cat,cat,IsExecutive,ExitQuarter,is_terminated,False,False,776,99.99865743559133
chi2,0.33710572152403817,2.2731,0.0,0.0008,0.0005,3000,cat,cat,cat,Region,IsExecutive,is_terminated,False,False,777,99.99867062384682
chi2,0.2926271192924554,12.7027,0.0,0.0,0.0005,3000,num,cat,cat,DeptGenderRatio,StartQuarter,is_minority_dept,False,False,778,99.99868381210231
chi2,0.3445378805561908,1507.4711,0.0,0.0,0.0005,3000,num,cat,cat,Age,ExitQuarter,is_minority_dept,False,False,779,99.99869700035781
chi2,0.346333877844005,18.6732,0.0,0.0,0.0005,3000,cat,num,cat,DivisionGroup,StartYear,is_terminated,False,False,780,99.99871018861329
chi2,0.29132760244342815,3.4572,0.0,0.0,0.0005,3000,cat,cat,cat,OrgLevel,StartQuarter,is_minority_dept,False,False,781,99.99872337686878
chi2,0.3454539155717674,2.0185,0.0,0.0,0.0005,3000,cat,cat,cat,SeniorityLevel,SpanOfControl,PayZone_encoded,False,False,782,99.99873656512428
pearson,0.3527813274394632,-0.017,0.0003,0.0,0.0005,3000,num,num,cat,TenureDays,DeptGenderRatio,PerfScore,False,False,783,99.99874975337977
chi2,0.3116061690217041,18.0298,0.0,0.0,0.0005,3000,cat,cat,cat,Generation,ExitQuarter,is_minority_dept,False,False,784,99.99876294163525
chi2,0.31751300926324716,14.0404,0.0,0.0,0.0005,3000,cat,cat,cat,DivisionGroup,Region,is_minority_dept,False,False,785,99.99877612989076
chi2,0.29829992426048496,17.8787,0.0,0.0,0.0005,3000,cat,cat,cat,CareerStage,DivisionGroup,PayZone_encoded,False,False,786,99.99878931814624
chi2,0.8480491510152535,0.5295,0.0,0.0065,0.0005,3000,cat,cat,cat,OrgLevel,PerfScore,is_terminated,False,False,787,99.99880250640174
chi2,0.43299148965792233,8.7471,0.0,0.0,0.0004,3000,cat,cat,cat,DivisionGroup,Region,is_terminated,False,False,788,99.99881305700612
chi2,0.4203342399287528,181.955,0.0,0.0,0.0004,3000,num,cat,cat,TenureYears,Region,is_terminated,False,False,789,99.9988236076105
chi2,0.44211097393327586,15.1156,0.0,0.0,0.0004,3000,cat,cat,cat,CareerStage,DivisionGroup,is_minority_dept,False,False,790,99.9988341582149
pearson,0.3619738861069451,-0.0166,0.0003,0.0,0.0004,3000,num,num,cat,TenureVsAvg,DeptGenderRatio,PerfScore,False,False,791,99.99884470881929
chi2,0.6489470852562578,1.4429,0.0,0.002,0.0004,3000,cat,cat,cat,CareerStage,OrgLevel,SeniorityLevel,False,False,792,99.99885525942368
chi2,0.3708682542506533,18.181,0.0,0.0,0.0004,3000,num,cat,cat,StartYear,RaceDesc,is_minority_dept,False,False,793,99.99886581002806
pearson,0.3619738861069451,-0.0166,0.0003,0.0,0.0004,3000,num,num,cat,TenureVsAvg,DeptGenderRatio,SeniorityLevel,False,False,794,99.99887636063247
chi2,0.4345206251419116,232.9909,0.0,0.0,0.0004,3000,num,cat,cat,TenureVsAvg,Generation,is_terminated,False,False,795,99.99888691123685
chi2,0.3569549884243044,461.6924,0.0,0.0,0.0004,3000,num,cat,cat,TenureVsAvg,JobFamily,is_minority_dept,False,False,796,99.99889746184122
pearson,0.3619738861069451,-0.0166,0.0003,0.0,0.0004,3000,num,num,cat,TenureVsAvg,DeptGenderRatio,PayZone_encoded,False,False,797,99.99890801244563
chi2,0.6044431148231464,1.7818,0.0,0.0016,0.0004,3000,cat,cat,cat,Generation,OrgLevel,is_terminated,False,False,798,99.99891856305001
chi2,0.4377500486794864,4.7737,0.0,0.0,0.0004,3000,num,cat,cat,ExitYear,GenderCode,is_terminated,False,False,799,99.9989291136544
chi2,0.40460451605278247,15.2876,0.0,0.0,0.0004,3000,num,cat,cat,ExitYear,PerfScore,is_minority_dept,False,False,800,99.99893966425878
chi2,0.3569549884243044,461.6924,0.0,0.0,0.0004,3000,num,cat,cat,TenureYears,JobFamily,is_minority_dept,False,False,801,99.99895021486319
chi2,0.4245340344906547,6.2402,0.0,0.0,0.0004,3000,cat,cat,cat,DivisionGroup,Region,SeniorityLevel,False,False,802,99.99896076546757
chi2,0.4345206251419116,232.9909,0.0,0.0,0.0004,3000,num,cat,cat,TenureYears,Generation,is_terminated,False,False,803,99.99897131607196
chi2,0.3783003630522654,1129.783,0.0,0.0008,0.0004,3000,num,cat,cat,TenureDays,GenderCode,is_minority_dept,False,False,804,99.99898186667635
chi2,0.39025561384263835,0.4705,0.0,0.0,0.0004,3000,cat,cat,cat,SpanOfControl,GenderCode,PerfScore,False,False,805,99.99899241728073
chi2,0.3772021907506042,3.1192,0.0,0.0,0.0004,3000,cat,cat,cat,OrgLevel,ExitQuarter,is_minority_dept,False,False,806,99.99900296788512
chi2,0.4384350320836761,987.945,0.0,0.0003,0.0004,3000,num,cat,cat,TenureDays,IsIC,is_terminated,False,False,807,99.9990135184895
chi2,0.36865260806589906,1.4287,0.0,0.0,0.0004,3000,cat,cat,cat,DivisionGroup,IsManager,SeniorityLevel,False,False,808,99.9990240690939
chi2,0.3611244119324574,1189.7734,0.0,0.0,0.0004,3000,num,cat,cat,Age,ExitQuarter,is_terminated,False,False,809,99.99903461969829
chi2,0.4203342399287528,181.955,0.0,0.0,0.0004,3000,num,cat,cat,TenureVsAvg,Region,is_terminated,False,False,810,99.99904517030268
chi2,0.3772199630671095,299.585,0.0,0.0,0.0004,3000,num,cat,cat,TenureVsAvg,DivisionGroup,is_minority_dept,False,False,811,99.99905572090707
chi2,0.39613907003747323,14.2929,0.0,0.0,0.0004,3000,cat,cat,cat,Generation,ExitQuarter,is_terminated,False,False,812,99.99906627151145
chi2,0.37155818527652335,3.7962,0.0,0.0,0.0004,3000,cat,cat,cat,IsExecutive,ExitQuarter,is_minority_dept,False,False,813,99.99907682211584
chi2,0.43498078698917636,12.0194,0.0,0.0,0.0004,3000,cat,cat,cat,Generation,ExitQuarter,PayZone_encoded,False,False,814,99.99908737272023
chi2,0.4056003961716791,271.7807,0.0,0.0,0.0004,3000,num,cat,cat,TenureYears,DepartmentType,is_terminated,False,False,815,99.99909792332463
chi2,0.4011145163283585,70.8439,0.0,0.0,0.0004,3000,cat,cat,cat,IntersectionalID,StartQuarter,is_minority_dept,False,False,816,99.99910847392901
pearson,0.3781044877447616,0.0161,0.0003,0.0428,0.0004,3000,num,num,cat,Age,DeptDiversityScore,PerfScore,False,False,817,99.9991190245334
chi2,0.4324973928637085,3.9502,0.0,0.0,0.0004,3000,cat,cat,cat,SeniorityLevel,StartQuarter,PayZone_encoded,False,False,818,99.99912957513779
chi2,0.4305179312259999,13.5563,0.0,0.0,0.0004,3000,cat,cat,cat,DivisionGroup,RaceDesc,is_terminated,False,False,819,99.99914012574217
chi2,0.4018836096979521,120.2072,0.0,0.0,0.0004,3000,cat,cat,cat,DivisionGroup,IntersectionalID,SeniorityLevel,False,False,820,99.99915067634656
chi2,0.3670111665698062,249.4923,0.0,0.0,0.0004,3000,num,cat,cat,TenureVsAvg,RaceDesc,is_terminated,False,False,821,99.99916122695095
pearson,0.3781044877447616,0.0161,0.0003,0.0428,0.0004,3000,num,num,cat,Age,DeptDiversityScore,PayZone_encoded,False,False,822,99.99917177755535
chi2,0.3635090849283638,1.012,0.0,0.0,0.0004,3000,cat,cat,cat,IsManager,SpanOfControl,SeniorityLevel,False,False,823,99.99918232815973
chi2,0.3917993496042045,29.3324,0.0,0.0,0.0004,3000,cat,num,cat,JobFamily,StartYear,is_terminated,False,False,824,99.99919287876412
chi2,0.39529330663588824,10.3193,0.0,0.0,0.0004,3000,cat,cat,cat,DivisionGroup,DepartmentType,PerfScore,False,False,825,99.9992034293685
chi2,0.39510893545035564,7.9343,0.0,0.0,0.0004,3000,cat,cat,cat,SeniorityLevel,ExitQuarter,is_minority_dept,False,False,826,99.99921397997291
chi2,0.39778126985933165,2.3904,0.0,0.0008,0.0004,3000,cat,cat,cat,Region,IsExecutive,is_minority_dept,False,False,827,99.99922453057728
chi2,0.3577402395768801,10.399,0.0,0.0,0.0004,3000,cat,cat,cat,Generation,StartQuarter,PayZone_encoded,False,False,828,99.99923508118167
pearson,0.3619738861069451,-0.0166,0.0003,0.0,0.0004,3000,num,num,cat,TenureYears,DeptGenderRatio,SeniorityLevel,False,False,829,99.99924563178607
chi2,0.41699166846607283,1.8795,0.0,0.0,0.0004,3000,cat,cat,cat,StartQuarter,GenderCode,PerfScore,False,False,830,99.99925618239045
chi2,0.3772199630671095,299.585,0.0,0.0,0.0004,3000,num,cat,cat,TenureYears,DivisionGroup,is_minority_dept,False,False,831,99.99926673299484
chi2,0.4409522679972604,3.4849,0.0,0.0,0.0004,3000,cat,cat,cat,DivisionGroup,GenderCode,is_minority_dept,False,False,832,99.99927728359923
chi2,0.3670111665698062,249.4923,0.0,0.0,0.0004,3000,num,cat,cat,TenureYears,RaceDesc,is_terminated,False,False,833,99.99928783420361
chi2,0.3561564081606795,14.9622,0.0,0.0,0.0004,3000,cat,cat,cat,DivisionGroup,ExitQuarter,SeniorityLevel,False,False,834,99.99929838480801
chi2,0.4187631781342971,0.3269,0.0,0.0001,0.0004,3000,cat,cat,cat,IsManager,OrgLevel,is_terminated,False,False,835,99.99930893541239
pearson,0.3781044877447616,0.0161,0.0003,0.0428,0.0004,3000,num,num,cat,Age,DeptDiversityScore,SeniorityLevel,False,False,836,99.99931948601677
pearson,0.3619738861069451,-0.0166,0.0003,0.0,0.0004,3000,num,num,cat,TenureYears,DeptGenderRatio,PayZone_encoded,False,False,837,99.99933003662117
chi2,0.4087764257245949,8.1025,0.0,0.0,0.0004,3000,cat,cat,cat,DivisionGroup,PerfScore,SeniorityLevel,False,False,838,99.99934058722556
chi2,0.44366773673723736,3.3711,0.0,0.0,0.0004,3000,cat,cat,cat,ExitQuarter,GenderCode,is_minority_dept,False,False,839,99.99935113782995
chi2,0.36035407579942413,11.9307,0.0,0.0,0.0004,3000,cat,cat,cat,DivisionGroup,PerfScore,is_minority_dept,False,False,840,99.99936168843433
chi2,0.4453819978745242,959.889,0.0,0.0,0.0004,3000,num,cat,cat,TenureDays,IsManager,is_terminated,False,False,841,99.99937223903873
pearson,0.3619738861069451,-0.0166,0.0003,0.0,0.0004,3000,num,num,cat,TenureYears,DeptGenderRatio,PerfScore,False,False,842,99.99938278964312
chi2,0.4056003961716791,271.7807,0.0,0.0,0.0004,3000,num,cat,cat,TenureVsAvg,DepartmentType,is_terminated,False,False,843,99.9993933402475
chi2,0.4129904608737381,7.9781,0.0,0.0,0.0004,3000,cat,cat,cat,DivisionGroup,PerfScore,is_terminated,False,False,844,99.9994038908519
chi2,0.4977628837146627,2.2126,0.0,0.0,0.0003,3000,cat,cat,cat,IsManager,StartQuarter,is_minority_dept,False,False,845,99.99941180380519
chi2,0.4499451208542411,0.9219,0.0,0.0,0.0003,3000,cat,cat,cat,IsExecutive,ExitQuarter,PerfScore,False,False,846,99.99941971675848
chi2,0.5110609156730291,304.3268,0.0,0.0,0.0003,3000,num,cat,cat,TenureYears,RaceDesc,is_minority_dept,False,False,847,99.99942762971179
chi2,0.5029629648068863,4444.6961,0.0,0.0,0.0003,3000,num,cat,cat,TenureDays,RaceDesc,is_minority_dept,False,False,848,99.99943554266508
chi2,0.4970174098758309,78.223,0.0,0.0,0.0003,3000,num,cat,cat,TenureYears,IsExecutive,is_minority_dept,False,False,849,99.99944345561838
chi2,0.4708427684457164,2.5934,0.0,0.0,0.0003,3000,cat,cat,cat,OrgLevel,ExitQuarter,is_terminated,False,False,850,99.99945136857168
chi2,0.6829524390195432,1.6147,0.0,0.002,0.0003,3000,cat,cat,cat,CareerStage,OrgLevel,PayZone_encoded,False,False,851,99.99945928152498
chi2,0.5340302935919004,2.2665,0.0,0.0,0.0003,3000,cat,cat,cat,CareerStage,SpanOfControl,PerfScore,False,False,852,99.99946719447827
chi2,0.5529685961319392,56.9362,0.0,0.0,0.0003,3000,num,cat,cat,TenureVsAvg,OrgLevel,is_terminated,False,False,853,99.99947510743156
chi2,0.4634315158771626,1.798,0.0,0.0,0.0003,3000,cat,cat,cat,SeniorityLevel,SpanOfControl,is_terminated,False,False,854,99.99948302038487
chi2,0.5068359812038516,10.6528,0.0,0.0,0.0003,3000,cat,cat,cat,DivisionGroup,Generation,SeniorityLevel,False,False,855,99.99949093333817
chi2,0.5389102299245229,1470.1064,0.0,0.0,0.0003,3000,num,cat,cat,Age,RaceDesc,is_minority_dept,False,False,856,99.99949884629147
chi2,0.4880443805079717,2.2422,0.0,0.0,0.0003,3000,cat,cat,cat,ExitQuarter,GenderCode,PayZone_encoded,False,False,857,99.99950675924477
chi2,0.48177416161681097,1.3035,0.0,0.0,0.0003,3000,cat,cat,cat,StartQuarter,GenderCode,PayZone_encoded,False,False,858,99.99951467219805
chi2,0.5064589467407266,1.868,0.0,0.0,0.0003,3000,cat,cat,cat,StartQuarter,GenderCode,is_minority_dept,False,False,859,99.99952258515135
chi2,0.4668290814174595,4.3713,0.0,0.0,0.0003,3000,num,cat,cat,ExitYear,GenderCode,is_minority_dept,False,False,860,99.99953049810465
chi2,0.545711887468516,0.8517,0.0,0.0,0.0003,3000,cat,cat,cat,SeniorityLevel,SpanOfControl,PerfScore,False,False,861,99.99953841105796
chi2,0.5529685961319392,56.9362,0.0,0.0,0.0003,3000,num,cat,cat,TenureYears,OrgLevel,is_terminated,False,False,862,99.99954632401125
chi2,0.9859293599393264,14960.2779,0.0,0.0433,0.0003,3000,num,cat,cat,Age,IntersectionalID,is_terminated,False,False,863,99.99955423696456
chi2,0.44734555066923853,0.2952,0.0,0.0,0.0003,3000,cat,cat,cat,OrgLevel,GenderCode,PayZone_encoded,False,False,864,99.99956214991784
chi2,0.49356830715873934,11.6458,0.0,0.0,0.0003,3000,cat,cat,cat,DivisionGroup,RaceDesc,PerfScore,False,False,865,99.99957006287114
chi2,0.46570924650880585,1118.4982,0.0,0.0,0.0003,3000,num,cat,cat,TenureDays,IsManager,is_minority_dept,False,False,866,99.99957797582444
chi2,0.4794733157415493,6.3277,0.0,0.0,0.0003,3000,cat,cat,cat,JobFamily,DivisionGroup,SeniorityLevel,False,False,867,99.99958588877773
chi2,0.515884014802475,28.1046,0.0,0.0,0.0003,3000,cat,num,cat,JobFamily,StartYear,is_minority_dept,False,False,868,99.99959380173104
chi2,0.4970174098758309,78.223,0.0,0.0,0.0003,3000,num,cat,cat,TenureVsAvg,IsExecutive,is_minority_dept,False,False,869,99.99960171468433
chi2,0.4659106040122903,4006.5651,0.0,0.0,0.0003,3000,num,cat,cat,TenureDays,RaceDesc,is_terminated,False,False,870,99.99960962763762
chi2,0.4606174449926693,0.7752,0.0,0.0,0.0003,3000,cat,cat,cat,SpanOfControl,GenderCode,is_terminated,False,False,871,99.99961754059092
chi2,0.4999545028188367,118.4179,0.0,0.0,0.0003,3000,cat,cat,cat,IntersectionalID,StartQuarter,is_terminated,False,False,872,99.99962545354423
chi2,0.45272722936307896,12.0263,0.0,0.0,0.0003,3000,cat,num,cat,Generation,StartYear,is_terminated,False,False,873,99.99963336649752
chi2,0.45298481233884325,316.007,0.0,0.0,0.0003,3000,num,cat,cat,TenureVsAvg,Region,is_minority_dept,False,False,874,99.99964127945083
chi2,0.5237871993120675,12.8596,0.0,0.0,0.0003,3000,cat,cat,cat,Generation,RaceDesc,PayZone_encoded,False,False,875,99.99964919240412
chi2,0.470190887404933,11.5991,0.0,0.0,0.0003,3000,num,cat,cat,ExitYear,PerfScore,is_terminated,False,False,876,99.99965710535741
chi2,0.48617817062796065,11.8518,0.0,0.0,0.0003,3000,cat,cat,cat,DivisionGroup,Generation,is_terminated,False,False,877,99.99966501831071
chi2,0.47979920279091703,0.2497,0.0,0.0001,0.0003,3000,cat,cat,cat,IsManager,OrgLevel,is_minority_dept,False,False,878,99.999672931264
chi2,0.46894059261691756,4.8403,0.0,0.0,0.0003,3000,cat,num,cat,SpanOfControl,StartYear,is_terminated,False,False,879,99.99968084421731
chi2,0.46766538263620283,17.4616,0.0,0.0,0.0003,3000,cat,num,cat,DivisionGroup,StartYear,is_minority_dept,False,False,880,99.9996887571706
chi2,0.5411510323303264,10.3929,0.0,0.0,0.0003,3000,cat,cat,cat,CareerStage,RaceDesc,PerfScore,False,False,881,99.99969667012391
chi2,0.4857242965451942,11.4764,0.0,0.0,0.0003,3000,cat,cat,cat,CareerStage,DivisionGroup,is_terminated,False,False,882,99.9997045830772
chi2,0.5110609156730291,304.3268,0.0,0.0,0.0003,3000,num,cat,cat,TenureVsAvg,RaceDesc,is_minority_dept,False,False,883,99.9997124960305
chi2,0.45298481233884325,316.007,0.0,0.0,0.0003,3000,num,cat,cat,TenureYears,Region,is_minority_dept,False,False,884,99.99972040898379
chi2,0.5160835988426231,0.5355,0.0,0.0,0.0003,3000,cat,cat,cat,SpanOfControl,GenderCode,PayZone_encoded,False,False,885,99.99972832193708
chi2,0.45403868866355634,6.7256,0.0,0.0,0.0003,3000,cat,num,cat,SpanOfControl,StartYear,is_minority_dept,False,False,886,99.99973623489039
chi2,0.9183021871378483,1.6207,0.0,0.0065,0.0002,3000,cat,cat,cat,Region,SpanOfControl,is_terminated,False,False,887,99.99974151019259
pearson,0.6014257770734943,-0.0095,0.0001,0.0123,0.0002,3000,num,num,cat,Age,StartYear,PayZone_encoded,False,False,888,99.99974678549478
chi2,0.6227015692104286,53.8502,0.0,0.0,0.0002,3000,num,cat,cat,TenureVsAvg,IsExecutive,is_terminated,False,False,889,99.99975206079698
chi2,0.9031662169092676,1.5196,0.0,0.0034,0.0002,3000,cat,num,cat,OrgLevel,ExitYear,is_terminated,False,False,890,99.99975733609917
pearson,0.571911905467247,0.0103,0.0001,0.0284,0.0002,3000,num,num,cat,Age,DeptGenderRatio,PerfScore,False,False,891,99.99976261140137
chi2,0.6299038648426171,2807.6094,0.0,0.0,0.0002,3000,num,cat,cat,TenureYears,IntersectionalID,is_terminated,False,False,892,99.99976788670357
pearson,0.571911905467247,0.0103,0.0001,0.0284,0.0002,3000,num,num,cat,Age,DeptGenderRatio,PayZone_encoded,False,False,893,99.99977316200574
chi2,0.6227015692104286,53.8502,0.0,0.0,0.0002,3000,num,cat,cat,TenureYears,IsExecutive,is_terminated,False,False,894,99.99977843730794
pearson,0.571911905467247,0.0103,0.0001,0.0284,0.0002,3000,num,num,cat,Age,DeptGenderRatio,SeniorityLevel,False,False,895,99.99978371261014
chi2,0.5862078216750795,1.2145,0.0,0.0,0.0002,3000,cat,cat,cat,StartQuarter,GenderCode,is_terminated,False,False,896,99.99978898791232
pearson,0.6014257770734943,-0.0095,0.0001,0.0123,0.0002,3000,num,num,cat,Age,StartYear,SeniorityLevel,False,False,897,99.99979426321453
chi2,0.6760683675541632,3.5077,0.0,0.0,0.0002,3000,cat,cat,cat,SeniorityLevel,StartQuarter,is_minority_dept,False,False,898,99.99979953851673
pearson,0.6014257770734943,-0.0095,0.0001,0.0123,0.0002,3000,num,num,cat,Age,StartYear,PerfScore,False,False,899,99.99980481381891
chi2,0.6423050967023898,126.5807,0.0,0.0,0.0002,3000,cat,num,cat,IntersectionalID,StartYear,is_minority_dept,False,False,900,99.99981008912111
chi2,0.6998382894205446,0.4903,0.0,0.0007,0.0002,3000,cat,cat,cat,JobFamily,OrgLevel,SeniorityLevel,False,False,901,99.99981536442331
chi2,0.6838463169969833,12.8131,0.0,0.0,0.0002,3000,cat,cat,cat,DivisionGroup,RaceDesc,is_minority_dept,False,False,902,99.9998206397255
chi2,0.6103734760770919,142.8124,0.0,0.0,0.0002,3000,cat,cat,cat,DivisionGroup,IntersectionalID,is_terminated,False,False,903,99.9998259150277
chi2,0.6342058172767698,12.3247,0.0,0.0,0.0002,3000,cat,cat,cat,CareerStage,RaceDesc,is_terminated,False,False,904,99.99983119032989
chi2,0.6395478502542933,68.8596,0.0,0.0,0.0002,3000,num,cat,cat,TenureVsAvg,GenderCode,is_minority_dept,False,False,905,99.99983646563209
chi2,0.6756562324744338,55.1325,0.0,0.0,0.0002,3000,num,cat,cat,TenureYears,GenderCode,is_terminated,False,False,906,99.99984174093429
chi2,0.5984125266778164,9.6062,0.0,0.0,0.0002,3000,cat,cat,cat,ExitQuarter,PerfScore,is_minority_dept,False,False,907,99.99984701623647
chi2,0.5956049478279057,15.1131,0.0,0.0,0.0002,3000,cat,cat,cat,JobFamily,DivisionGroup,is_terminated,False,False,908,99.99985229153867
chi2,0.6583016772823616,1.9993,0.0,0.0001,0.0002,3000,cat,cat,cat,DivisionGroup,IsExecutive,is_minority_dept,False,False,909,99.99985756684086
chi2,0.7040299623244544,1.6589,0.0,0.0,0.0002,3000,cat,cat,cat,CareerStage,SpanOfControl,SeniorityLevel,False,False,910,99.99986284214305
chi2,0.6748252164717596,2.2762,0.0,0.0,0.0002,3000,cat,cat,cat,CareerStage,SpanOfControl,is_minority_dept,False,False,911,99.99986811744525
chi2,0.6778525096314687,4.3927,0.0,0.0,0.0002,3000,cat,cat,cat,ExitQuarter,PerfScore,SeniorityLevel,False,False,912,99.99987339274745
chi2,0.6395478502542933,68.8596,0.0,0.0,0.0002,3000,num,cat,cat,TenureYears,GenderCode,is_minority_dept,False,False,913,99.99987866804963
chi2,0.6299038648426171,2807.6094,0.0,0.0,0.0002,3000,num,cat,cat,TenureVsAvg,IntersectionalID,is_terminated,False,False,914,99.99988394335183
chi2,0.6667088027511915,18.5496,0.0,0.0,0.0002,3000,cat,num,cat,CareerStage,ExitYear,is_minority_dept,False,False,915,99.99988921865402
chi2,0.6659642773914449,13.4458,0.0,0.0,0.0002,3000,cat,num,cat,Generation,StartYear,is_minority_dept,False,False,916,99.99989449395622
chi2,0.7015439718928682,18.2906,0.0,0.0,0.0002,3000,cat,cat,cat,JobFamily,DivisionGroup,is_minority_dept,False,False,917,99.99989976925842
chi2,0.5948506931587838,1214.933,0.0,0.0,0.0002,3000,num,cat,cat,Age,RaceDesc,is_terminated,False,False,918,99.9999050445606
chi2,0.5986479436232042,1.5852,0.0,0.0,0.0002,3000,cat,cat,cat,ExitQuarter,GenderCode,SeniorityLevel,False,False,919,99.9999103198628
chi2,0.9216943146618017,1.6246,0.0,0.0065,0.0002,3000,cat,cat,cat,Region,SpanOfControl,SeniorityLevel,False,False,920,99.999915595165
chi2,0.6756562324744338,55.1325,0.0,0.0,0.0002,3000,num,cat,cat,TenureVsAvg,GenderCode,is_terminated,False,False,921,99.9999208704672
chi2,0.8634733391203824,0.3219,0.0,0.0001,0.0001,3000,cat,cat,cat,DivisionGroup,IsExecutive,PerfScore,False,False,922,99.9999235081183
pearson,0.7676635766346269,0.0054,0.0,0.0047,0.0001,3000,num,num,cat,Age,TenureDays,SeniorityLevel,False,False,923,99.99992614576941
chi2,0.7165089525286483,1.4921,0.0,0.0008,0.0001,3000,cat,cat,cat,Region,IsExecutive,PayZone_encoded,False,False,924,99.9999287834205
chi2,0.8026105060789012,1.027,0.0,0.0001,0.0001,3000,cat,cat,cat,DivisionGroup,IsExecutive,is_terminated,False,False,925,99.99993142107161
pearson,0.7525068648689618,0.0058,0.0,0.0131,0.0001,3000,num,num,cat,Age,TenureYears,PayZone_encoded,False,False,926,99.9999340587227
chi2,0.7788966854835812,12.8316,0.0,0.0,0.0001,3000,cat,cat,cat,DivisionGroup,DepartmentType,PayZone_encoded,False,False,927,99.99993669637381
chi2,0.7761187901311432,11.019,0.0,0.0,0.0001,3000,cat,cat,cat,DivisionGroup,DepartmentType,is_minority_dept,False,False,928,99.99993933402492
chi2,0.8837975040688383,1.5093,0.0,0.0,0.0001,3000,cat,cat,cat,CareerStage,SpanOfControl,PayZone_encoded,False,False,929,99.99994197167602
chi2,0.7508773833988083,348.487,0.0,0.0,0.0001,3000,num,cat,cat,TenureVsAvg,JobFamily,is_terminated,False,False,930,99.99994460932712
pearson,0.7525068648689618,0.0058,0.0,0.0129,0.0001,3000,num,num,cat,Age,TenureVsAvg,PayZone_encoded,False,False,931,99.99994724697822
chi2,0.799979866383401,2.2969,0.0,0.0,0.0001,3000,cat,cat,cat,CareerStage,SpanOfControl,is_terminated,False,False,932,99.99994988462933
pearson,0.7676635766346269,0.0054,0.0,0.0047,0.0001,3000,num,num,cat,Age,TenureDays,PayZone_encoded,False,False,933,99.99995252228044
pearson,0.7525068648689618,0.0058,0.0,0.0129,0.0001,3000,num,num,cat,Age,TenureVsAvg,SeniorityLevel,False,False,934,99.99995515993153
chi2,0.7508773833988083,348.487,0.0,0.0,0.0001,3000,num,cat,cat,TenureYears,JobFamily,is_terminated,False,False,935,99.99995779758264
pearson,0.7525068648689618,0.0058,0.0,0.0131,0.0001,3000,num,num,cat,Age,TenureYears,PerfScore,False,False,936,99.99996043523373
pearson,0.8545604408705277,-0.0033,0.0,0.0,0.0001,3000,num,num,cat,Age,ExitYear,SeniorityLevel,False,False,937,99.99996307288484
chi2,0.776118790131143,11.019,0.0,0.0,0.0001,3000,cat,num,cat,DivisionGroup,DeptGenderRatio,is_minority_dept,False,False,938,99.99996571053595
pearson,0.8545604408705277,-0.0033,0.0,0.0,0.0001,3000,num,num,cat,Age,ExitYear,PayZone_encoded,False,False,939,99.99996834818705
pearson,0.7525068648689618,0.0058,0.0,0.0131,0.0001,3000,num,num,cat,Age,TenureYears,SeniorityLevel,False,False,940,99.99997098583815
chi2,0.9469042046604821,0.0546,0.0,0.0023,0.0001,3000,cat,cat,cat,IsExecutive,SpanOfControl,is_terminated,False,False,941,99.99997362348925
chi2,0.7952732523748905,174.4664,0.0,0.0,0.0001,3000,cat,cat,cat,DivisionGroup,IntersectionalID,PayZone_encoded,False,False,942,99.99997626114036
chi2,0.7761187901311433,11.019,0.0,0.0,0.0001,3000,cat,num,cat,DivisionGroup,DeptDiversityScore,is_minority_dept,False,False,943,99.99997889879147
chi2,0.8584123822728045,0.008,0.0,0.0,0.0001,3000,cat,cat,cat,OrgLevel,GenderCode,PerfScore,False,False,944,99.99998153644256
pearson,0.7676635766346269,0.0054,0.0,0.0047,0.0001,3000,num,num,cat,Age,TenureDays,PerfScore,False,False,945,99.99998417409367
pearson,0.8545604408705277,-0.0033,0.0,0.0,0.0001,3000,num,num,cat,Age,ExitYear,PerfScore,False,False,946,99.99998681174476
chi2,0.8170014156680454,79.8027,0.0,0.0,0.0001,3000,cat,cat,cat,DivisionGroup,IntersectionalID,is_minority_dept,False,False,947,99.99998944939588
pearson,0.7525068648689618,0.0058,0.0,0.0129,0.0001,3000,num,num,cat,Age,TenureVsAvg,PerfScore,False,False,948,99.99999208704698
chi2,0.7941040004235033,15.1613,0.0,0.0,0.0001,3000,cat,num,cat,CareerStage,ExitYear,is_terminated,False,False,949,99.99999472469808
chi2,0.9632836889647876,207.8245,0.0,0.0053,0.0001,3000,cat,num,cat,CareerStage,TenureVsAvg,is_terminated,False,False,950,99.99999736234918
chi2,0.970143461892629,263.9958,0.0,0.0064,0.0001,3000,num,cat,cat,Age,IsExecutive,is_terminated,False,False,951,100.00000000000028
chi2,1.0,0.0,0.0,0.0156,-0.0,3000,cat,cat,cat,IsLongTenure,RaceDesc,PayZone_encoded,False,False,952,100.00000000000028
chi2,1.0,0.0,0.0,0.0028,-0.0,3000,cat,cat,cat,IsLongTenure,DepartmentType,SeniorityLevel,False,False,953,100.00000000000028
chi2,1.0,0.0,0.0,0.0028,-0.0,3000,cat,cat,cat,IsLongTenure,DepartmentType,is_minority_dept,False,False,954,100.00000000000028
chi2,1.0,0.0,0.0,0.0028,-0.0,3000,cat,cat,cat,IsLongTenure,DepartmentType,PayZone_encoded,False,False,955,100.00000000000028
anova,1.0,0.0,0.0,0.0,-0.0,3000,num,cat,cat,TenureVsAvg,JobFamily,PerfScore,False,False,956,100.00000000000028
chi2,1.0,0.0,0.0,0.0028,-0.0,3000,cat,cat,cat,IsLongTenure,DepartmentType,PerfScore,False,False,957,100.00000000000028
chi2,1.0,0.0,0.0,0.0381,-0.0,3000,cat,cat,cat,JobFamily,PerfScore,PerfScore,False,False,958,100.00000000000028
chi2,1.0,0.0,0.0,0.0028,-0.0,3000,cat,cat,cat,IsLongTenure,DepartmentType,is_terminated,False,False,959,100.00000000000028
chi2,1.0,0.0,0.0,0.0156,-0.0,3000,cat,cat,cat,IsLongTenure,RaceDesc,SeniorityLevel,False,False,960,100.00000000000028
chi2,1.0,0.0,0.0,0.0156,-0.0,3000,cat,cat,cat,IsLongTenure,RaceDesc,is_minority_dept,False,False,961,100.00000000000028
anova,1.0,0.0,0.0,0.0,-0.0,3000,num,cat,cat,TenureVsAvg,Region,SeniorityLevel,False,False,962,100.00000000000028
chi2,1.0,0.0,0.0,0.0156,-0.0,3000,cat,cat,cat,IsLongTenure,RaceDesc,PerfScore,False,False,963,100.00000000000028
chi2,1.0,0.0,0.0,0.0156,-0.0,3000,cat,cat,cat,IsLongTenure,RaceDesc,is_terminated,False,False,964,100.00000000000028
chi2,1.0,0.0,0.0,0.0,-0.0,3000,cat,cat,cat,IsLongTenure,GenderCode,SeniorityLevel,False,False,965,100.00000000000028
anova,1.0,0.0,0.0,0.5855,-0.0,3000,cat,num,cat,JobFamily,DeptDiversityScore,SeniorityLevel,False,False,966,100.00000000000028
anova,1.0,0.0,0.0,0.5855,-0.0,3000,cat,num,cat,JobFamily,DeptDiversityScore,PayZone_encoded,False,False,967,100.00000000000028
anova,1.0,0.0,0.0,0.0,-0.0,3000,num,cat,cat,TenureVsAvg,JobFamily,PayZone_encoded,False,False,968,100.00000000000028
anova,1.0,0.0,0.0,0.5855,-0.0,3000,cat,num,cat,JobFamily,DeptDiversityScore,PerfScore,False,False,969,100.00000000000028
chi2,0.0,1500.0,0.0,0.0767,0.0,3000,cat,cat,cat,JobFamily,IsExecutive,is_terminated,True,True,970,100.00000000000028
chi2,0.0,590.25,0.0,0.0767,0.0,3000,cat,cat,cat,JobFamily,IsExecutive,PerfScore,True,True,971,100.00000000000028
anova,1.0,0.0,0.0,0.0,-0.0,3000,num,cat,cat,TenureVsAvg,Region,PayZone_encoded,False,False,972,100.00000000000028
chi2,0.0,1500.0,0.0,0.0767,0.0,3000,cat,cat,cat,JobFamily,IsExecutive,is_minority_dept,True,True,973,100.00000000000028
anova,1.0,0.0,0.0,0.0016,-0.0,3000,cat,num,cat,JobFamily,ExitYear,SeniorityLevel,False,False,974,100.00000000000028
chi2,0.0,1494.6492,0.0,0.6327,0.0,3000,cat,cat,cat,JobFamily,IntersectionalID,SeniorityLevel,True,True,975,100.00000000000028
anova,1.0,0.0,0.0,0.0016,-0.0,3000,cat,num,cat,JobFamily,ExitYear,PayZone_encoded,False,False,976,100.00000000000028
pearson,0.0,-0.8429,0.7105,0.5979,0.0,3000,num,num,cat,TenureVsAvg,ExitYear,PayZone_encoded,True,True,977,100.00000000000028
chi2,0.0,1500.0,0.0,0.4791,0.0,3000,cat,cat,cat,JobFamily,IsManager,is_terminated,True,True,978,100.00000000000028
logistic,1.0,0.0,0.0,0.885,-0.0,3000,num,num,cat,TenureVsAvg,StartYear,is_minority_dept,False,False,979,100.00000000000028
anova,1.0,0.0,0.0,0.0009,-0.0,3000,num,cat,cat,TenureVsAvg,IsIC,PerfScore,False,False,980,100.00000000000028
chi2,0.0,1954.8919,0.0,0.5512,0.0,3000,num,cat,cat,TenureVsAvg,StartQuarter,is_terminated,True,True,981,100.00000000000028
anova,1.0,0.0,0.0,0.5512,-0.0,3000,num,cat,cat,TenureVsAvg,StartQuarter,PerfScore,False,False,982,100.00000000000028
anova,1.0,0.0,0.0,0.5512,-0.0,3000,num,cat,cat,TenureVsAvg,StartQuarter,PayZone_encoded,False,False,983,100.00000000000028
chi2,0.0,1915.4507,0.0,0.5512,0.0,3000,num,cat,cat,TenureVsAvg,StartQuarter,is_minority_dept,True,True,984,100.00000000000028
anova,1.0,0.0,0.0,0.5512,-0.0,3000,num,cat,cat,TenureVsAvg,StartQuarter,SeniorityLevel,False,False,985,100.00000000000028
logistic,1.0,0.0,0.0,0.5979,-0.0,3000,num,num,cat,TenureVsAvg,ExitYear,is_terminated,False,False,986,100.00000000000028
pearson,0.0,-0.8429,0.7105,0.5979,0.0,3000,num,num,cat,TenureVsAvg,ExitYear,PerfScore,True,True,987,100.00000000000028
anova,1.0,0.0,0.0,0.0,-0.0,3000,num,cat,cat,TenureVsAvg,Generation,SeniorityLevel,False,False,988,100.00000000000028
anova,1.0,0.0,0.0,0.0016,-0.0,3000,cat,num,cat,JobFamily,ExitYear,PerfScore,False,False,989,100.00000000000028
anova,1.0,0.0,0.0,0.0,-0.0,3000,num,cat,cat,TenureVsAvg,Generation,PerfScore,False,False,990,100.00000000000028
chi2,1.0,0.0,0.0,0.0,-0.0,3000,cat,cat,cat,IsLongTenure,GenderCode,is_minority_dept,False,False,991,100.00000000000028
chi2,0.0,2332.8066,0.0,0.5855,0.0,3000,cat,num,cat,JobFamily,DeptDiversityScore,is_minority_dept,True,True,992,100.00000000000028
chi2,0.0,2768.8269,0.0,0.6327,0.0,3000,cat,cat,cat,JobFamily,IntersectionalID,is_terminated,True,True,993,100.00000000000028
chi2,0.0,1434.039,0.0,0.6327,0.0,3000,cat,cat,cat,JobFamily,IntersectionalID,PerfScore,True,True,994,100.00000000000028
chi2,0.0,2491.7613,0.0,0.6327,0.0,3000,cat,cat,cat,JobFamily,IntersectionalID,is_minority_dept,True,True,995,100.00000000000028
anova,1.0,0.0,0.0,0.0,-0.0,3000,cat,num,cat,JobFamily,StartYear,PerfScore,False,False,996,100.00000000000028
anova,1.0,0.0,0.0,0.0,-0.0,3000,cat,num,cat,JobFamily,StartYear,PayZone_encoded,False,False,997,100.00000000000028
anova,1.0,0.0,0.0,0.0,-0.0,3000,cat,num,cat,JobFamily,StartYear,SeniorityLevel,False,False,998,100.00000000000028
anova,1.0,0.0,0.0,0.0,-0.0,3000,num,cat,cat,TenureVsAvg,JobFamily,SeniorityLevel,False,False,999,100.00000000000028
chi2,1.0,0.0,0.0,0.0767,-0.0,3000,cat,cat,cat,JobFamily,IsExecutive,SeniorityLevel,False,False,1000,100.00000000000028
anova,1.0,0.0,0.0,0.0,-0.0,3000,num,cat,cat,TenureVsAvg,SpanOfControl,SeniorityLevel,False,False,1001,100.00000000000028
chi2,0.0,726.75,0.0,0.4791,0.0,3000,cat,cat,cat,JobFamily,IsManager,PerfScore,True,True,1002,100.00000000000028
anova,1.0,0.0,0.0,0.0,-0.0,3000,num,cat,cat,TenureYears,OrgLevel,PerfScore,False,False,1003,100.00000000000028
anova,1.0,0.0,0.0,0.0156,-0.0,3000,cat,num,cat,IsExecutive,DeptDiversityScore,PerfScore,False,False,1004,100.00000000000028
anova,1.0,0.0,0.0,0.0156,-0.0,3000,cat,num,cat,IsExecutive,DeptDiversityScore,PayZone_encoded,False,False,1005,100.00000000000028
anova,1.0,0.0,0.0,0.0,-0.0,3000,num,cat,cat,TenureYears,SpanOfControl,SeniorityLevel,False,False,1006,100.00000000000028
anova,1.0,0.0,0.0,0.0156,-0.0,3000,cat,num,cat,IsExecutive,DeptDiversityScore,SeniorityLevel,False,False,1007,100.00000000000028
anova,1.0,0.0,0.0,0.0,-0.0,3000,num,cat,cat,TenureYears,SpanOfControl,PayZone_encoded,False,False,1008,100.00000000000028
anova,1.0,0.0,0.0,0.0,-0.0,3000,num,cat,cat,TenureYears,SpanOfControl,PerfScore,False,False,1009,100.00000000000028
anova,1.0,0.0,0.0,0.0009,-0.0,3000,num,cat,cat,TenureYears,IsIC,SeniorityLevel,False,False,1010,100.00000000000028
chi2,1.0,0.0,0.0,0.0144,-0.0,3000,cat,cat,cat,IsExecutive,IntersectionalID,SeniorityLevel,False,False,1011,100.00000000000028
anova,1.0,0.0,0.0,0.001,-0.0,3000,cat,num,cat,IsExecutive,StartYear,PerfScore,False,False,1012,100.00000000000028
anova,1.0,0.0,0.0,0.001,-0.0,3000,cat,num,cat,IsExecutive,StartYear,PayZone_encoded,False,False,1013,100.00000000000028
anova,1.0,0.0,0.0,0.001,-0.0,3000,cat,num,cat,IsExecutive,StartYear,SeniorityLevel,False,False,1014,100.00000000000028
anova,1.0,0.0,0.0,0.0009,-0.0,3000,num,cat,cat,TenureYears,IsIC,PayZone_encoded,False,False,1015,100.00000000000028
anova,1.0,0.0,0.0,0.0009,-0.0,3000,num,cat,cat,TenureYears,IsIC,PerfScore,False,False,1016,100.00000000000028
anova,1.0,0.0,0.0,0.0024,-0.0,3000,num,cat,cat,TenureYears,IsManager,SeniorityLevel,False,False,1017,100.00000000000028
logistic,1.0,0.0,0.0,0.885,-0.0,3000,num,num,cat,TenureVsAvg,StartYear,is_terminated,False,False,1018,100.00000000000028
anova,1.0,0.0,0.0,0.0024,-0.0,3000,num,cat,cat,TenureYears,IsManager,PayZone_encoded,False,False,1019,100.00000000000028
anova,1.0,0.0,0.0,0.0093,-0.0,3000,cat,num,cat,IsExecutive,ExitYear,PerfScore,False,False,1020,100.00000000000028
anova,1.0,0.0,0.0,0.0093,-0.0,3000,cat,num,cat,IsExecutive,ExitYear,PayZone_encoded,False,False,1021,100.00000000000028
anova,1.0,0.0,0.0,0.0024,-0.0,3000,num,cat,cat,TenureYears,IsManager,PerfScore,False,False,1022,100.00000000000028
anova,1.0,0.0,0.0,0.0093,-0.0,3000,cat,num,cat,IsExecutive,ExitYear,SeniorityLevel,False,False,1023,100.00000000000028
chi2,1.0,0.0,0.0,0.0,-0.0,3000,cat,cat,cat,IsExecutive,ExitQuarter,SeniorityLevel,False,False,1024,100.00000000000028
anova,1.0,0.0,0.0,0.0121,-0.0,3000,cat,num,cat,IsExecutive,DeptGenderRatio,SeniorityLevel,False,False,1025,100.00000000000028
anova,1.0,0.0,0.0,0.0121,-0.0,3000,cat,num,cat,IsExecutive,DeptGenderRatio,PayZone_encoded,False,False,1026,100.00000000000028
anova,1.0,0.0,0.0,0.0,-0.0,3000,num,cat,cat,TenureVsAvg,Region,PerfScore,False,False,1027,100.00000000000028
anova,1.0,0.0,0.0,0.0121,-0.0,3000,cat,num,cat,IsExecutive,DeptGenderRatio,PerfScore,False,False,1028,100.00000000000028
chi2,0.0,1500.0,0.0,0.4791,0.0,3000,cat,cat,cat,JobFamily,IsManager,is_minority_dept,True,True,1029,100.00000000000028
chi2,0.0,1307.9201,0.0,0.4632,0.0,3000,cat,cat,cat,JobFamily,IsIC,is_terminated,True,True,1030,100.00000000000028
chi2,0.0,630.3469,0.0,0.4632,0.0,3000,cat,cat,cat,JobFamily,IsIC,PerfScore,True,True,1031,100.00000000000028
anova,1.0,0.0,0.0,0.0,-0.0,3000,num,cat,cat,TenureVsAvg,DivisionGroup,SeniorityLevel,False,False,1032,100.00000000000028
chi2,0.0,1283.5116,0.0,0.4632,0.0,3000,cat,cat,cat,JobFamily,IsIC,is_minority_dept,True,True,1033,100.00000000000028
chi2,1.0,0.0,0.0,0.4632,-0.0,3000,cat,cat,cat,JobFamily,IsIC,SeniorityLevel,False,False,1034,100.00000000000028
anova,1.0,0.0,0.0,0.0,-0.0,3000,num,cat,cat,TenureVsAvg,DivisionGroup,PayZone_encoded,False,False,1035,100.00000000000028
anova,1.0,0.0,0.0,0.0,-0.0,3000,num,cat,cat,TenureVsAvg,DivisionGroup,PerfScore,False,False,1036,100.00000000000028
anova,1.0,0.0,0.0,0.0,-0.0,3000,num,cat,cat,TenureVsAvg,SeniorityLevel,SeniorityLevel,False,False,1037,100.00000000000028
anova,1.0,0.0,0.0,0.0,-0.0,3000,num,cat,cat,TenureVsAvg,SeniorityLevel,PayZone_encoded,False,False,1038,100.00000000000028
anova,1.0,0.0,0.0,0.0,-0.0,3000,num,cat,cat,TenureVsAvg,SeniorityLevel,PerfScore,False,False,1039,100.00000000000028
chi2,0.0,2099.0612,0.0,0.6086,0.0,3000,cat,num,cat,JobFamily,DeptGenderRatio,is_terminated,True,True,1040,100.00000000000028
anova,1.0,0.0,0.0,0.6086,-0.0,3000,cat,num,cat,JobFamily,DeptGenderRatio,PerfScore,False,False,1041,100.00000000000028
anova,1.0,0.0,0.0,0.6086,-0.0,3000,cat,num,cat,JobFamily,DeptGenderRatio,PayZone_encoded,False,False,1042,100.00000000000028
chi2,0.0,2332.8066,0.0,0.6086,0.0,3000,cat,num,cat,JobFamily,DeptGenderRatio,is_minority_dept,True,True,1043,100.00000000000028
anova,1.0,0.0,0.0,0.6086,-0.0,3000,cat,num,cat,JobFamily,DeptGenderRatio,SeniorityLevel,False,False,1044,100.00000000000028
chi2,0.0,2099.0612,0.0,0.5855,0.0,3000,cat,num,cat,JobFamily,DeptDiversityScore,is_terminated,True,True,1045,100.00000000000028
chi2,0.893841086673416,11.0197,0.0,0.0,0.0,3000,cat,num,cat,DivisionGroup,DeptDiversityScore,is_terminated,False,False,1046,100.00000000000028
anova,1.0,0.0,0.0,0.0,-0.0,3000,cat,num,cat,DivisionGroup,DeptDiversityScore,PerfScore,False,False,1047,100.00000000000028
anova,1.0,0.0,0.0,0.0,-0.0,3000,cat,num,cat,DivisionGroup,DeptDiversityScore,PayZone_encoded,False,False,1048,100.00000000000028
chi2,1.0,0.0,0.0,0.0006,-0.0,3000,cat,cat,cat,IsExecutive,OrgLevel,SeniorityLevel,False,False,1049,100.00000000000028
anova,1.0,0.0,0.0,0.0009,-0.0,3000,num,cat,cat,TenureVsAvg,IsIC,PayZone_encoded,False,False,1050,100.00000000000028
chi2,0.0,1295.5192,0.0,0.5484,0.0,3000,num,cat,cat,TenureVsAvg,ExitQuarter,is_terminated,True,True,1051,100.00000000000028
anova,1.0,0.0,0.0,0.0,-0.0,3000,num,cat,cat,TenureVsAvg,IntersectionalID,SeniorityLevel,False,False,1052,100.00000000000028
chi2,1.0,0.0,0.0,0.0015,-0.0,3000,cat,cat,cat,IsLongTenure,SpanOfControl,is_minority_dept,False,False,1053,100.00000000000028
chi2,1.0,0.0,0.0,0.0076,-0.0,3000,cat,cat,cat,IsLongTenure,IntersectionalID,is_terminated,False,False,1054,100.00000000000028
chi2,1.0,0.0,0.0,0.0012,-0.0,3000,cat,cat,cat,IsLongTenure,OrgLevel,is_terminated,False,False,1055,100.00000000000028
anova,1.0,0.0,0.0,0.0028,-0.0,3000,cat,num,cat,SeniorityLevel,StartYear,PerfScore,False,False,1056,100.00000000000028
anova,1.0,0.0,0.0,0.0028,-0.0,3000,cat,num,cat,SeniorityLevel,StartYear,PayZone_encoded,False,False,1057,100.00000000000028
anova,1.0,0.0,0.0,0.0,-0.0,3000,cat,num,cat,IsLongTenure,DeptDiversityScore,SeniorityLevel,False,False,1058,100.00000000000028
anova,1.0,0.0,0.0,0.0028,-0.0,3000,cat,num,cat,SeniorityLevel,StartYear,SeniorityLevel,False,False,1059,100.00000000000028
chi2,1.0,0.0,0.0,0.0,-0.0,3000,cat,num,cat,IsLongTenure,DeptDiversityScore,is_minority_dept,False,False,1060,100.00000000000028
chi2,1.0,0.0,0.0,0.0,-0.0,3000,cat,cat,cat,SeniorityLevel,StartQuarter,SeniorityLevel,False,False,1061,100.00000000000028
anova,1.0,0.0,0.0,0.0,-0.0,3000,cat,num,cat,SeniorityLevel,ExitYear,PerfScore,False,False,1062,100.00000000000028
anova,1.0,0.0,0.0,0.0,-0.0,3000,cat,num,cat,SeniorityLevel,ExitYear,PayZone_encoded,False,False,1063,100.00000000000028
anova,1.0,0.0,0.0,0.0,-0.0,3000,cat,num,cat,IsLongTenure,DeptDiversityScore,PayZone_encoded,False,False,1064,100.00000000000028
anova,1.0,0.0,0.0,0.0,-0.0,3000,cat,num,cat,SeniorityLevel,ExitYear,SeniorityLevel,False,False,1065,100.00000000000028
anova,1.0,0.0,0.0,0.0,-0.0,3000,cat,num,cat,IsLongTenure,DeptDiversityScore,PerfScore,False,False,1066,100.00000000000028
chi2,1.0,0.0,0.0,0.0,-0.0,3000,cat,cat,cat,SeniorityLevel,ExitQuarter,SeniorityLevel,False,False,1067,100.00000000000028
chi2,1.0,0.0,0.0,0.0,-0.0,3000,cat,num,cat,IsLongTenure,DeptDiversityScore,is_terminated,False,False,1068,100.00000000000028
chi2,1.0,0.0,0.0,0.0229,-0.0,3000,cat,cat,cat,SeniorityLevel,PerfScore,PerfScore,False,False,1069,100.00000000000028
anova,1.0,0.0,0.0,0.0,-0.0,3000,cat,num,cat,IsLongTenure,DeptGenderRatio,SeniorityLevel,False,False,1070,100.00000000000028
chi2,1.0,0.0,0.0,0.0,-0.0,3000,cat,num,cat,IsLongTenure,DeptGenderRatio,is_minority_dept,False,False,1071,100.00000000000028
chi2,1.0,0.0,0.0,0.0229,-0.0,3000,cat,cat,cat,SeniorityLevel,PerfScore,SeniorityLevel,False,False,1072,100.00000000000028
anova,1.0,0.0,0.0,0.0,-0.0,3000,cat,num,cat,IsLongTenure,DeptGenderRatio,PayZone_encoded,False,False,1073,100.00000000000028
anova,1.0,0.0,0.0,0.0,-0.0,3000,cat,num,cat,IsLongTenure,DeptGenderRatio,PerfScore,False,False,1074,100.00000000000028
chi2,1.0,0.0,0.0,0.0166,-0.0,3000,cat,cat,cat,SeniorityLevel,RaceDesc,SeniorityLevel,False,False,1075,100.00000000000028
anova,1.0,0.0,0.0,0.0,-0.0,3000,cat,num,cat,DivisionGroup,DeptGenderRatio,SeniorityLevel,False,False,1076,100.00000000000028
chi2,1.0,0.0,0.0,0.0012,-0.0,3000,cat,cat,cat,IsLongTenure,OrgLevel,SeniorityLevel,False,False,1077,100.00000000000028
anova,1.0,0.0,0.0,0.0,-0.0,3000,cat,num,cat,DivisionGroup,DeptGenderRatio,PayZone_encoded,False,False,1078,100.00000000000028
chi2,1.0,0.0,0.0,0.1978,-0.0,3000,cat,cat,cat,SeniorityLevel,DepartmentType,SeniorityLevel,False,False,1079,100.00000000000028
chi2,1.0,0.0,0.0,0.0015,-0.0,3000,cat,cat,cat,IsLongTenure,SpanOfControl,is_terminated,False,False,1080,100.00000000000028
chi2,1.0,0.0,0.0,0.0001,-0.0,3000,cat,cat,cat,DivisionGroup,IsExecutive,SeniorityLevel,False,False,1081,100.00000000000028
chi2,1.0,0.0,0.0,0.0,-0.0,3000,cat,cat,cat,IsLongTenure,IsIC,SeniorityLevel,False,False,1082,100.00000000000028
chi2,1.0,0.0,0.0,0.0,-0.0,3000,cat,cat,cat,IsLongTenure,IsIC,is_minority_dept,False,False,1083,100.00000000000028
chi2,1.0,0.0,0.0,0.0,-0.0,3000,cat,cat,cat,IsLongTenure,IsIC,PayZone_encoded,False,False,1084,100.00000000000028
chi2,1.0,0.0,0.0,0.0,-0.0,3000,cat,cat,cat,IsLongTenure,IsIC,PerfScore,False,False,1085,100.00000000000028
chi2,1.0,0.0,0.0,0.0,-0.0,3000,cat,cat,cat,IsLongTenure,IsIC,is_terminated,False,False,1086,100.00000000000028
chi2,1.0,0.0,0.0,0.0,-0.0,3000,cat,cat,cat,IsLongTenure,IsManager,SeniorityLevel,False,False,1087,100.00000000000028
chi2,1.0,0.0,0.0,0.0,-0.0,3000,cat,cat,cat,DivisionGroup,IsIC,SeniorityLevel,False,False,1088,100.00000000000028
chi2,1.0,0.0,0.0,0.0,-0.0,3000,cat,cat,cat,IsLongTenure,IsManager,is_minority_dept,False,False,1089,100.00000000000028
chi2,1.0,0.0,0.0,0.0,-0.0,3000,cat,cat,cat,IsLongTenure,IsManager,PayZone_encoded,False,False,1090,100.00000000000028
chi2,1.0,0.0,0.0,0.0,-0.0,3000,cat,cat,cat,IsLongTenure,IsManager,PerfScore,False,False,1091,100.00000000000028
chi2,1.0,0.0,0.0,0.0,-0.0,3000,cat,cat,cat,IsLongTenure,IsManager,is_terminated,False,False,1092,100.00000000000028
chi2,1.0,0.0,0.0,0.0,-0.0,3000,cat,cat,cat,IsLongTenure,IsExecutive,SeniorityLevel,False,False,1093,100.00000000000028
chi2,1.0,0.0,0.0,0.0,-0.0,3000,cat,cat,cat,IsLongTenure,IsExecutive,is_minority_dept,False,False,1094,100.00000000000028
chi2,1.0,0.0,0.0,0.0,-0.0,3000,cat,cat,cat,IsLongTenure,IsExecutive,PayZone_encoded,False,False,1095,100.00000000000028
chi2,1.0,0.0,0.0,0.0,-0.0,3000,cat,cat,cat,IsLongTenure,IsExecutive,PerfScore,False,False,1096,100.00000000000028
chi2,1.0,0.0,0.0,0.0,-0.0,3000,cat,cat,cat,IsLongTenure,IsExecutive,is_terminated,False,False,1097,100.00000000000028
chi2,0.893841086673416,11.0197,0.0,0.0,0.0,3000,cat,num,cat,DivisionGroup,DeptGenderRatio,is_terminated,False,False,1098,100.00000000000028
anova,1.0,0.0,0.0,0.0,-0.0,3000,cat,num,cat,DivisionGroup,DeptGenderRatio,PerfScore,False,False,1099,100.00000000000028
chi2,1.0,0.0,0.0,0.0,-0.0,3000,cat,num,cat,IsLongTenure,DeptGenderRatio,is_terminated,False,False,1100,100.00000000000028
chi2,1.0,0.0,0.0,0.011,-0.0,3000,cat,cat,cat,SeniorityLevel,GenderCode,SeniorityLevel,False,False,1101,100.00000000000028
anova,1.0,0.0,0.0,0.0,-0.0,3000,num,cat,cat,TenureVsAvg,IntersectionalID,PayZone_encoded,False,False,1102,100.00000000000028
anova,1.0,0.0,0.0,0.0,-0.0,3000,num,cat,cat,TenureVsAvg,DepartmentType,SeniorityLevel,False,False,1103,100.00000000000028
chi2,0.0,1216.53,0.0,0.5221,0.0,3000,cat,cat,cat,JobFamily,SeniorityLevel,PerfScore,True,True,1104,100.00000000000028
chi2,0.0,1851.6434,0.0,0.5221,0.0,3000,cat,cat,cat,JobFamily,SeniorityLevel,PayZone_encoded,True,True,1105,100.00000000000028
chi2,0.0,2773.3151,0.0,0.5221,0.0,3000,cat,cat,cat,JobFamily,SeniorityLevel,is_minority_dept,True,True,1106,100.00000000000028
chi2,1.0,0.0,0.0,0.5221,-0.0,3000,cat,cat,cat,JobFamily,SeniorityLevel,SeniorityLevel,False,False,1107,100.00000000000028
anova,1.0,0.0,0.0,0.0,-0.0,3000,num,cat,cat,TenureVsAvg,IsExecutive,PayZone_encoded,False,False,1108,100.00000000000028
anova,1.0,0.0,0.0,0.0,-0.0,3000,num,cat,cat,TenureVsAvg,IsExecutive,PerfScore,False,False,1109,100.00000000000028
anova,1.0,0.0,0.0,0.5484,-0.0,3000,num,cat,cat,TenureVsAvg,ExitQuarter,PerfScore,False,False,1110,100.00000000000028
pearson,0.0,-0.8429,0.7105,0.5979,0.0,3000,num,num,cat,TenureVsAvg,ExitYear,SeniorityLevel,True,True,1111,100.00000000000028
anova,1.0,0.0,0.0,0.0,-0.0,3000,num,cat,cat,TenureVsAvg,Generation,PayZone_encoded,False,False,1112,100.00000000000028
logistic,1.0,0.0,0.0,0.5979,-0.0,3000,num,num,cat,TenureVsAvg,ExitYear,is_minority_dept,False,False,1113,100.00000000000028
anova,1.0,0.0,0.0,0.0,-0.0,3000,num,cat,cat,TenureVsAvg,OrgLevel,PerfScore,False,False,1114,100.00000000000028
anova,1.0,0.0,0.0,0.0,-0.0,3000,num,cat,cat,TenureVsAvg,OrgLevel,PayZone_encoded,False,False,1115,100.00000000000028
anova,1.0,0.0,0.0,0.0,-0.0,3000,num,cat,cat,TenureVsAvg,OrgLevel,SeniorityLevel,False,False,1116,100.00000000000028
logistic,1.0,0.0,0.0,0.0,-0.0,3000,num,num,cat,TenureVsAvg,DeptGenderRatio,is_terminated,False,False,1117,100.00000000000028
logistic,1.0,0.0,0.0,0.0,-0.0,3000,num,num,cat,TenureVsAvg,DeptGenderRatio,is_minority_dept,False,False,1118,100.00000000000028
logistic,1.0,0.0,0.0,0.0,-0.0,3000,num,num,cat,TenureVsAvg,DeptDiversityScore,is_terminated,False,False,1119,100.00000000000028
anova,1.0,0.0,0.0,0.0,-0.0,3000,num,cat,cat,TenureVsAvg,SpanOfControl,PayZone_encoded,False,False,1120,100.00000000000028
anova,1.0,0.0,0.0,0.0,-0.0,3000,num,cat,cat,TenureVsAvg,SpanOfControl,PerfScore,False,False,1121,100.00000000000028
logistic,1.0,0.0,0.0,0.0,-0.0,3000,num,num,cat,TenureVsAvg,DeptDiversityScore,is_minority_dept,False,False,1122,100.00000000000028
anova,1.0,0.0,0.0,0.0009,-0.0,3000,num,cat,cat,TenureVsAvg,IsIC,SeniorityLevel,False,False,1123,100.00000000000028
anova,1.0,0.0,0.0,0.0,-0.0,3000,num,cat,cat,TenureVsAvg,IntersectionalID,PerfScore,False,False,1124,100.00000000000028
chi2,0.0,2798.6579,0.0,0.5221,0.0,3000,cat,cat,cat,JobFamily,SeniorityLevel,is_terminated,True,True,1125,100.00000000000028
anova,1.0,0.0,0.0,0.0,-0.0,3000,num,cat,cat,TenureVsAvg,IsExecutive,SeniorityLevel,False,False,1126,100.00000000000028
chi2,1.0,0.0,0.0,0.0012,-0.0,3000,cat,cat,cat,IsLongTenure,OrgLevel,is_minority_dept,False,False,1127,100.00000000000028
anova,1.0,0.0,0.0,0.0,-0.0,3000,num,cat,cat,TenureVsAvg,DepartmentType,PayZone_encoded,False,False,1128,100.00000000000028
chi2,1.0,0.0,0.0,0.0012,-0.0,3000,cat,cat,cat,IsLongTenure,OrgLevel,PayZone_encoded,False,False,1129,100.00000000000028
chi2,1.0,0.0,0.0,0.0012,-0.0,3000,cat,cat,cat,IsLongTenure,OrgLevel,PerfScore,False,False,1130,100.00000000000028
chi2,1.0,0.0,0.0,0.0,-0.0,3000,cat,cat,cat,IsLongTenure,GenderCode,is_terminated,False,False,1131,100.00000000000028
chi2,1.0,0.0,0.0,0.0,-0.0,3000,cat,cat,cat,IsLongTenure,GenderCode,PayZone_encoded,False,False,1132,100.00000000000028
anova,1.0,0.0,0.0,0.0,-0.0,3000,num,cat,cat,TenureDays,RaceDesc,PayZone_encoded,False,False,1133,100.00000000000028
anova,1.0,0.0,0.0,0.0,-0.0,3000,num,cat,cat,TenureYears,OrgLevel,SeniorityLevel,False,False,1134,100.00000000000028
anova,1.0,0.0,0.0,0.5484,-0.0,3000,num,cat,cat,TenureVsAvg,ExitQuarter,PayZone_encoded,False,False,1135,100.00000000000028
anova,1.0,0.0,0.0,0.0024,-0.0,3000,num,cat,cat,TenureVsAvg,IsManager,SeniorityLevel,False,False,1136,100.00000000000028
anova,1.0,0.0,0.0,0.5484,-0.0,3000,num,cat,cat,TenureVsAvg,ExitQuarter,SeniorityLevel,False,False,1137,100.00000000000028
anova,1.0,0.0,0.0,0.0024,-0.0,3000,num,cat,cat,TenureVsAvg,IsManager,PayZone_encoded,False,False,1138,100.00000000000028
anova,1.0,0.0,0.0,0.0094,-0.0,3000,num,cat,cat,TenureVsAvg,PerfScore,PerfScore,False,False,1139,100.00000000000028
anova,1.0,0.0,0.0,0.0094,-0.0,3000,num,cat,cat,TenureVsAvg,PerfScore,PayZone_encoded,False,False,1140,100.00000000000028
anova,1.0,0.0,0.0,0.0024,-0.0,3000,num,cat,cat,TenureVsAvg,IsManager,PerfScore,False,False,1141,100.00000000000028
anova,1.0,0.0,0.0,0.0094,-0.0,3000,num,cat,cat,TenureVsAvg,PerfScore,SeniorityLevel,False,False,1142,100.00000000000028
anova,1.0,0.0,0.0,0.0,-0.0,3000,num,cat,cat,TenureVsAvg,GenderCode,PerfScore,False,False,1143,100.00000000000028
anova,1.0,0.0,0.0,0.0,-0.0,3000,num,cat,cat,TenureVsAvg,GenderCode,PayZone_encoded,False,False,1144,100.00000000000028
anova,1.0,0.0,0.0,0.0,-0.0,3000,num,cat,cat,TenureVsAvg,GenderCode,SeniorityLevel,False,False,1145,100.00000000000028
anova,1.0,0.0,0.0,0.0,-0.0,3000,num,cat,cat,TenureVsAvg,RaceDesc,PerfScore,False,False,1146,100.00000000000028
anova,1.0,0.0,0.0,0.0,-0.0,3000,num,cat,cat,TenureVsAvg,RaceDesc,PayZone_encoded,False,False,1147,100.00000000000028
anova,1.0,0.0,0.0,0.0,-0.0,3000,num,cat,cat,TenureVsAvg,RaceDesc,SeniorityLevel,False,False,1148,100.00000000000028
anova,1.0,0.0,0.0,0.0,-0.0,3000,num,cat,cat,TenureVsAvg,DepartmentType,PerfScore,False,False,1149,100.00000000000028
anova,1.0,0.0,0.0,0.0,-0.0,3000,num,cat,cat,TenureYears,OrgLevel,PayZone_encoded,False,False,1150,100.00000000000028
anova,1.0,0.0,0.0,0.0134,-0.0,3000,cat,num,cat,IsManager,ExitYear,SeniorityLevel,False,False,1151,100.00000000000028
chi2,1.0,0.0,0.0,0.0062,-0.0,3000,cat,cat,cat,IsExecutive,PerfScore,PerfScore,False,False,1152,100.00000000000028
chi2,1.0,0.0,0.0,0.0,-0.0,3000,cat,cat,cat,IsLongTenure,DivisionGroup,PayZone_encoded,False,False,1153,100.00000000000028
anova,1.0,0.0,0.0,0.0178,-0.0,3000,cat,num,cat,DivisionGroup,ExitYear,PerfScore,False,False,1154,100.00000000000028
anova,1.0,0.0,0.0,0.0178,-0.0,3000,cat,num,cat,DivisionGroup,ExitYear,PayZone_encoded,False,False,1155,100.00000000000028
chi2,1.0,0.0,0.0,0.0029,-0.0,3000,cat,cat,cat,IsLongTenure,Region,PayZone_encoded,False,False,1156,100.00000000000028
anova,1.0,0.0,0.0,0.0178,-0.0,3000,cat,num,cat,DivisionGroup,ExitYear,SeniorityLevel,False,False,1157,100.00000000000028
chi2,1.0,0.0,0.0,0.0029,-0.0,3000,cat,cat,cat,IsLongTenure,Region,PerfScore,False,False,1158,100.00000000000028
chi2,1.0,0.0,0.0,0.0029,-0.0,3000,cat,cat,cat,IsLongTenure,Region,is_terminated,False,False,1159,100.00000000000028
chi2,1.0,0.0,0.0,0.0,-0.0,3000,cat,cat,cat,IsLongTenure,DivisionGroup,SeniorityLevel,False,False,1160,100.00000000000028
chi2,1.0,0.0,0.0,0.0,-0.0,3000,cat,cat,cat,DivisionGroup,PerfScore,PerfScore,False,False,1161,100.00000000000028
chi2,0.8938410866734159,11.0197,0.0,0.0,0.0,3000,cat,cat,cat,DivisionGroup,DepartmentType,is_terminated,False,False,1162,100.00000000000028
chi2,1.0,0.0,0.0,0.0,-0.0,3000,cat,cat,cat,IsLongTenure,DivisionGroup,is_minority_dept,False,False,1163,100.00000000000028
chi2,1.0,0.0,0.0,0.0,-0.0,3000,cat,cat,cat,IsLongTenure,DivisionGroup,PerfScore,False,False,1164,100.00000000000028
anova,1.0,0.0,0.0,0.2126,-0.0,3000,cat,num,cat,Region,DeptGenderRatio,PerfScore,False,False,1165,100.00000000000028
chi2,1.0,0.0,0.0,0.0,-0.0,3000,cat,cat,cat,IsLongTenure,DivisionGroup,is_terminated,False,False,1166,100.00000000000028
chi2,1.0,0.0,0.0,0.0125,-0.0,3000,cat,cat,cat,IsLongTenure,SeniorityLevel,SeniorityLevel,False,False,1167,100.00000000000028
chi2,1.0,0.0,0.0,0.0008,-0.0,3000,cat,cat,cat,Region,IsExecutive,SeniorityLevel,False,False,1168,100.00000000000028
anova,1.0,0.0,0.0,0.003,-0.0,3000,cat,num,cat,Region,StartYear,SeniorityLevel,False,False,1169,100.00000000000028
anova,1.0,0.0,0.0,0.0025,-0.0,3000,cat,num,cat,CareerStage,StartYear,SeniorityLevel,False,False,1170,100.00000000000028
anova,1.0,0.0,0.0,0.0025,-0.0,3000,cat,num,cat,CareerStage,StartYear,PayZone_encoded,False,False,1171,100.00000000000028
anova,1.0,0.0,0.0,0.0025,-0.0,3000,cat,num,cat,CareerStage,StartYear,PerfScore,False,False,1172,100.00000000000028
chi2,1.0,0.0,0.0,0.0067,-0.0,3000,cat,cat,cat,Generation,IsIC,SeniorityLevel,False,False,1173,100.00000000000028
anova,1.0,0.0,0.0,0.0,-0.0,3000,num,cat,cat,TenureYears,DepartmentType,SeniorityLevel,False,False,1174,100.00000000000028
anova,1.0,0.0,0.0,0.0,-0.0,3000,num,cat,cat,TenureYears,DepartmentType,PayZone_encoded,False,False,1175,100.00000000000028
chi2,1.0,0.0,0.0,0.0029,-0.0,3000,cat,cat,cat,IsLongTenure,Region,is_minority_dept,False,False,1176,100.00000000000028
chi2,1.0,0.0,0.0,0.0029,-0.0,3000,cat,cat,cat,IsLongTenure,Region,SeniorityLevel,False,False,1177,100.00000000000028
chi2,1.0,0.0,0.0,0.0,-0.0,3000,cat,cat,cat,IsLongTenure,Generation,is_terminated,False,False,1178,100.00000000000028
chi2,1.0,0.0,0.0,0.0,-0.0,3000,cat,cat,cat,IsLongTenure,Generation,PerfScore,False,False,1179,100.00000000000028
anova,1.0,0.0,0.0,0.2126,-0.0,3000,cat,num,cat,Region,DeptGenderRatio,SeniorityLevel,False,False,1180,100.00000000000028
chi2,0.0,916.6515,0.0,0.2064,0.0,3000,cat,num,cat,Region,DeptDiversityScore,is_terminated,True,True,1181,100.00000000000028
anova,1.0,0.0,0.0,0.2064,-0.0,3000,cat,num,cat,Region,DeptDiversityScore,PerfScore,False,False,1182,100.00000000000028
anova,1.0,0.0,0.0,0.2064,-0.0,3000,cat,num,cat,Region,DeptDiversityScore,PayZone_encoded,False,False,1183,100.00000000000028
chi2,1.0,0.0,0.0,0.0213,-0.0,3000,cat,cat,cat,CareerStage,PerfScore,PerfScore,False,False,1184,100.00000000000028
anova,1.0,0.0,0.0,0.2064,-0.0,3000,cat,num,cat,Region,DeptDiversityScore,SeniorityLevel,False,False,1185,100.00000000000028
anova,1.0,0.0,0.0,0.0,-0.0,3000,cat,num,cat,CareerStage,ExitYear,SeniorityLevel,False,False,1186,100.00000000000028
anova,1.0,0.0,0.0,0.0,-0.0,3000,cat,num,cat,CareerStage,ExitYear,PayZone_encoded,False,False,1187,100.00000000000028
anova,1.0,0.0,0.0,0.0,-0.0,3000,cat,num,cat,CareerStage,ExitYear,PerfScore,False,False,1188,100.00000000000028
anova,1.0,0.0,0.0,0.003,-0.0,3000,cat,num,cat,Region,StartYear,PerfScore,False,False,1189,100.00000000000028
anova,1.0,0.0,0.0,0.003,-0.0,3000,cat,num,cat,Region,StartYear,PayZone_encoded,False,False,1190,100.00000000000028
chi2,1.0,0.0,0.0,0.0125,-0.0,3000,cat,cat,cat,IsLongTenure,SeniorityLevel,is_terminated,False,False,1191,100.00000000000028
chi2,1.0,0.0,0.0,0.0125,-0.0,3000,cat,cat,cat,IsLongTenure,SeniorityLevel,PayZone_encoded,False,False,1192,100.00000000000028
anova,1.0,0.0,0.0,0.5515,-0.0,3000,num,cat,cat,TenureYears,ExitQuarter,PayZone_encoded,False,False,1193,100.00000000000028
chi2,1.0,0.0,0.0,0.0125,-0.0,3000,cat,cat,cat,IsLongTenure,SeniorityLevel,is_minority_dept,False,False,1194,100.00000000000028
chi2,1.0,0.0,0.0,0.0,-0.0,3000,cat,cat,cat,IsLongTenure,Generation,SeniorityLevel,False,False,1195,100.00000000000028
anova,1.0,0.0,0.0,0.0,-0.0,3000,cat,num,cat,DivisionGroup,StartYear,PerfScore,False,False,1196,100.00000000000028
anova,1.0,0.0,0.0,0.0,-0.0,3000,cat,num,cat,DivisionGroup,StartYear,PayZone_encoded,False,False,1197,100.00000000000028
anova,1.0,0.0,0.0,0.0,-0.0,3000,cat,num,cat,DivisionGroup,StartYear,SeniorityLevel,False,False,1198,100.00000000000028
chi2,1.0,0.0,0.0,0.0,-0.0,3000,cat,cat,cat,IsLongTenure,Generation,is_minority_dept,False,False,1199,100.00000000000028
chi2,1.0,0.0,0.0,0.0,-0.0,3000,cat,cat,cat,IsLongTenure,Generation,PayZone_encoded,False,False,1200,100.00000000000028
anova,1.0,0.0,0.0,0.0,-0.0,3000,num,cat,cat,TenureYears,DepartmentType,PerfScore,False,False,1201,100.00000000000028
anova,1.0,0.0,0.0,0.0,-0.0,3000,num,cat,cat,TenureYears,RaceDesc,SeniorityLevel,False,False,1202,100.00000000000028
anova,1.0,0.0,0.0,0.0167,-0.0,3000,cat,num,cat,Generation,DeptGenderRatio,PerfScore,False,False,1203,100.00000000000028
anova,1.0,0.0,0.0,0.0254,-0.0,3000,cat,num,cat,Region,ExitYear,PayZone_encoded,False,False,1204,100.00000000000028
anova,1.0,0.0,0.0,0.0254,-0.0,3000,cat,num,cat,Region,ExitYear,SeniorityLevel,False,False,1205,100.00000000000028
anova,1.0,0.0,0.0,0.0137,-0.0,3000,cat,num,cat,CareerStage,DeptDiversityScore,PayZone_encoded,False,False,1206,100.00000000000028
anova,1.0,0.0,0.0,0.0137,-0.0,3000,cat,num,cat,CareerStage,DeptDiversityScore,PerfScore,False,False,1207,100.00000000000028
anova,1.0,0.0,0.0,0.0001,-0.0,3000,cat,num,cat,CareerStage,DeptGenderRatio,SeniorityLevel,False,False,1208,100.00000000000028
anova,1.0,0.0,0.0,0.0001,-0.0,3000,cat,num,cat,CareerStage,DeptGenderRatio,PayZone_encoded,False,False,1209,100.00000000000028
anova,1.0,0.0,0.0,0.0001,-0.0,3000,cat,num,cat,CareerStage,DeptGenderRatio,PerfScore,False,False,1210,100.00000000000028
chi2,1.0,0.0,0.0,0.0045,-0.0,3000,cat,cat,cat,Region,PerfScore,PerfScore,False,False,1211,100.00000000000028
chi2,1.0,0.0,0.0,0.0011,-0.0,3000,cat,cat,cat,CareerStage,IsIC,SeniorityLevel,False,False,1212,100.00000000000028
chi2,0.0,1990.7663,0.0,0.9418,0.0,3000,cat,cat,cat,CareerStage,Generation,SeniorityLevel,True,True,1213,100.00000000000028
chi2,1.0,0.0,0.0,0.0,-0.0,3000,cat,cat,cat,CareerStage,IsLongTenure,is_minority_dept,False,False,1214,100.00000000000028
chi2,0.0,2991.2972,0.0,0.9418,0.0,3000,cat,cat,cat,CareerStage,Generation,is_minority_dept,True,True,1215,100.00000000000028
chi2,0.0,916.6515,0.0,0.2093,0.0,3000,cat,cat,cat,Region,DepartmentType,is_terminated,True,True,1216,100.00000000000028
chi2,0.0,1994.1046,0.0,0.9418,0.0,3000,cat,cat,cat,CareerStage,Generation,PayZone_encoded,True,True,1217,100.00000000000028
chi2,0.0,1496.8663,0.0,0.9418,0.0,3000,cat,cat,cat,CareerStage,Generation,PerfScore,True,True,1218,100.00000000000028
chi2,0.0,2993.0396,0.0,0.9418,0.0,3000,cat,cat,cat,CareerStage,Generation,is_terminated,True,True,1219,100.00000000000028
chi2,1.0,0.0,0.0,0.0,-0.0,3000,cat,cat,cat,CareerStage,SeniorityLevel,SeniorityLevel,False,False,1220,100.00000000000028
chi2,1.0,0.0,0.0,0.0024,-0.0,3000,cat,cat,cat,Generation,IsExecutive,SeniorityLevel,False,False,1221,100.00000000000028
anova,1.0,0.0,0.0,0.0053,-0.0,3000,cat,num,cat,CareerStage,TenureVsAvg,SeniorityLevel,False,False,1222,100.00000000000028
anova,1.0,0.0,0.0,0.0053,-0.0,3000,cat,num,cat,CareerStage,TenureVsAvg,PayZone_encoded,False,False,1223,100.00000000000028
anova,1.0,0.0,0.0,0.0053,-0.0,3000,cat,num,cat,CareerStage,TenureVsAvg,PerfScore,False,False,1224,100.00000000000028
chi2,1.0,0.0,0.0,0.0,-0.0,3000,cat,cat,cat,CareerStage,IsLongTenure,SeniorityLevel,False,False,1225,100.00000000000028
anova,1.0,0.0,0.0,0.0137,-0.0,3000,cat,num,cat,CareerStage,DeptDiversityScore,SeniorityLevel,False,False,1226,100.00000000000028
anova,1.0,0.0,0.0,0.0254,-0.0,3000,cat,num,cat,Region,ExitYear,PerfScore,False,False,1227,100.00000000000028
anova,1.0,0.0,0.0,0.0167,-0.0,3000,cat,num,cat,Generation,DeptGenderRatio,PayZone_encoded,False,False,1228,100.00000000000028
chi2,1.0,0.0,0.0,0.0014,-0.0,3000,cat,cat,cat,CareerStage,IsExecutive,SeniorityLevel,False,False,1229,100.00000000000028
anova,1.0,0.0,0.0,0.0167,-0.0,3000,cat,num,cat,Generation,DeptGenderRatio,SeniorityLevel,False,False,1230,100.00000000000028
anova,1.0,0.0,0.0,0.0,-0.0,3000,num,cat,cat,TenureYears,RaceDesc,PayZone_encoded,False,False,1231,100.00000000000028
anova,1.0,0.0,0.0,0.0092,-0.0,3000,cat,num,cat,Generation,DeptDiversityScore,PerfScore,False,False,1232,100.00000000000028
anova,1.0,0.0,0.0,0.0092,-0.0,3000,cat,num,cat,Generation,DeptDiversityScore,PayZone_encoded,False,False,1233,100.00000000000028
anova,1.0,0.0,0.0,0.0,-0.0,3000,num,cat,cat,TenureYears,RaceDesc,PerfScore,False,False,1234,100.00000000000028
anova,1.0,0.0,0.0,0.0092,-0.0,3000,cat,num,cat,Generation,DeptDiversityScore,SeniorityLevel,False,False,1235,100.00000000000028
anova,1.0,0.0,0.0,0.0,-0.0,3000,num,cat,cat,TenureYears,GenderCode,SeniorityLevel,False,False,1236,100.00000000000028
anova,1.0,0.0,0.0,0.0,-0.0,3000,num,cat,cat,TenureYears,GenderCode,PayZone_encoded,False,False,1237,100.00000000000028
anova,1.0,0.0,0.0,0.0,-0.0,3000,num,cat,cat,TenureYears,GenderCode,PerfScore,False,False,1238,100.00000000000028
anova,1.0,0.0,0.0,0.0,-0.0,3000,cat,num,cat,Generation,StartYear,PerfScore,False,False,1239,100.00000000000028
anova,1.0,0.0,0.0,0.0,-0.0,3000,cat,num,cat,Generation,StartYear,PayZone_encoded,False,False,1240,100.00000000000028
anova,1.0,0.0,0.0,0.0,-0.0,3000,cat,num,cat,Generation,StartYear,SeniorityLevel,False,False,1241,100.00000000000028
anova,1.0,0.0,0.0,0.0057,-0.0,3000,num,cat,cat,TenureYears,PerfScore,SeniorityLevel,False,False,1242,100.00000000000028
anova,1.0,0.0,0.0,0.0057,-0.0,3000,num,cat,cat,TenureYears,PerfScore,PayZone_encoded,False,False,1243,100.00000000000028
anova,1.0,0.0,0.0,0.0057,-0.0,3000,num,cat,cat,TenureYears,PerfScore,PerfScore,False,False,1244,100.00000000000028
anova,1.0,0.0,0.0,0.5515,-0.0,3000,num,cat,cat,TenureYears,ExitQuarter,SeniorityLevel,False,False,1245,100.00000000000028
anova,1.0,0.0,0.0,0.0133,-0.0,3000,cat,num,cat,Generation,ExitYear,PerfScore,False,False,1246,100.00000000000028
anova,1.0,0.0,0.0,0.0133,-0.0,3000,cat,num,cat,Generation,ExitYear,PayZone_encoded,False,False,1247,100.00000000000028
chi2,1.0,0.0,0.0,0.0,-0.0,3000,cat,cat,cat,CareerStage,IsLongTenure,is_terminated,False,False,1248,100.00000000000028
chi2,1.0,0.0,0.0,0.0,-0.0,3000,cat,cat,cat,CareerStage,IsLongTenure,PerfScore,False,False,1249,100.00000000000028
chi2,1.0,0.0,0.0,0.0,-0.0,3000,cat,cat,cat,CareerStage,IsLongTenure,PayZone_encoded,False,False,1250,100.00000000000028
anova,1.0,0.0,0.0,0.2126,-0.0,3000,cat,num,cat,Region,DeptGenderRatio,PayZone_encoded,False,False,1251,100.00000000000028
chi2,0.0,916.6515,0.0,0.2126,0.0,3000,cat,num,cat,Region,DeptGenderRatio,is_terminated,True,True,1252,100.00000000000028
logistic,1.0,0.0,0.0,0.0,-0.0,3000,num,num,cat,TenureYears,DeptGenderRatio,is_terminated,False,False,1253,100.00000000000028
pearson,0.0,1.0,1.0,4.2965,0.0,3000,num,num,cat,TenureYears,TenureVsAvg,PerfScore,True,True,1254,100.00000000000028
anova,1.0,0.0,0.0,0.0,-0.0,3000,num,cat,cat,TenureYears,IsExecutive,SeniorityLevel,False,False,1255,100.00000000000028
anova,1.0,0.0,0.0,0.0,-0.0,3000,num,cat,cat,TenureYears,IsExecutive,PayZone_encoded,False,False,1256,100.00000000000028
anova,1.0,0.0,0.0,0.0,-0.0,3000,cat,num,cat,DivisionGroup,DeptDiversityScore,SeniorityLevel,False,False,1257,100.00000000000028
anova,1.0,0.0,0.0,0.0,-0.0,3000,num,cat,cat,TenureYears,JobFamily,PayZone_encoded,False,False,1258,100.00000000000028
pearson,0.0,1.0,1.0,4.2965,0.0,3000,num,num,cat,TenureYears,TenureVsAvg,SeniorityLevel,True,True,1259,100.00000000000028
anova,1.0,0.0,0.0,0.0023,-0.0,3000,cat,num,cat,IsManager,StartYear,PerfScore,False,False,1260,100.00000000000028
anova,1.0,0.0,0.0,0.0023,-0.0,3000,cat,num,cat,IsManager,StartYear,PayZone_encoded,False,False,1261,100.00000000000028
logistic,1.0,0.0,0.0,4.2965,-0.0,3000,num,num,cat,TenureYears,TenureVsAvg,is_minority_dept,False,False,1262,100.00000000000028
anova,1.0,0.0,0.0,0.0023,-0.0,3000,cat,num,cat,IsManager,StartYear,SeniorityLevel,False,False,1263,100.00000000000028
pearson,0.0,1.0,1.0,4.2965,0.0,3000,num,num,cat,TenureYears,TenureVsAvg,PayZone_encoded,True,True,1264,100.00000000000028
logistic,1.0,0.0,0.0,4.2965,-0.0,3000,num,num,cat,TenureYears,TenureVsAvg,is_terminated,False,False,1265,100.00000000000028
chi2,1.0,0.0,0.0,0.0,-0.0,3000,cat,num,cat,IsLongTenure,TenureVsAvg,is_terminated,False,False,1266,100.00000000000028
anova,1.0,0.0,0.0,0.0134,-0.0,3000,cat,num,cat,IsManager,ExitYear,PerfScore,False,False,1267,100.00000000000028
anova,1.0,0.0,0.0,0.0134,-0.0,3000,cat,num,cat,IsManager,ExitYear,PayZone_encoded,False,False,1268,100.00000000000028
anova,1.0,0.0,0.0,0.0,-0.0,3000,num,cat,cat,TenureYears,IsLongTenure,SeniorityLevel,False,False,1269,100.00000000000028
chi2,1.0,0.0,0.0,0.0015,-0.0,3000,cat,cat,cat,IsLongTenure,SpanOfControl,PayZone_encoded,False,False,1270,100.00000000000028
chi2,1.0,0.0,0.0,0.0,-0.0,3000,num,cat,cat,TenureYears,IsLongTenure,is_minority_dept,False,False,1271,100.00000000000028
anova,1.0,0.0,0.0,0.0,-0.0,3000,num,cat,cat,TenureYears,IsLongTenure,PayZone_encoded,False,False,1272,100.00000000000028
anova,1.0,0.0,0.0,0.0,-0.0,3000,num,cat,cat,TenureYears,IsLongTenure,PerfScore,False,False,1273,100.00000000000028
chi2,1.0,0.0,0.0,0.0,-0.0,3000,num,cat,cat,TenureYears,IsLongTenure,is_terminated,False,False,1274,100.00000000000028
anova,1.0,0.0,0.0,0.0,-0.0,3000,num,cat,cat,TenureYears,CareerStage,SeniorityLevel,False,False,1275,100.00000000000028
anova,1.0,0.0,0.0,0.0,-0.0,3000,num,cat,cat,TenureYears,CareerStage,PayZone_encoded,False,False,1276,100.00000000000028
chi2,1.0,0.0,0.0,0.0023,-0.0,3000,cat,cat,cat,IsExecutive,SpanOfControl,SeniorityLevel,False,False,1277,100.00000000000028
chi2,0.9711290289358444,0.0293,0.0,0.0023,0.0,3000,cat,cat,cat,IsExecutive,SpanOfControl,is_minority_dept,False,False,1278,100.00000000000028
chi2,0.9701107035963888,0.0202,0.0,0.0023,0.0,3000,cat,cat,cat,IsExecutive,SpanOfControl,PayZone_encoded,False,False,1279,100.00000000000028
chi2,0.953538061361651,0.0476,0.0,0.0023,0.0,3000,cat,cat,cat,IsExecutive,SpanOfControl,PerfScore,False,False,1280,100.00000000000028
chi2,1.0,0.0,0.0,0.0055,-0.0,3000,cat,cat,cat,Generation,PerfScore,PerfScore,False,False,1281,100.00000000000028
pearson,0.0,-0.8429,0.7105,0.5972,0.0,3000,num,num,cat,TenureYears,ExitYear,SeniorityLevel,True,True,1282,100.00000000000028
logistic,1.0,0.0,0.0,0.5972,-0.0,3000,num,num,cat,TenureYears,ExitYear,is_minority_dept,False,False,1283,100.00000000000028
pearson,0.0,-0.8429,0.7105,0.5972,0.0,3000,num,num,cat,TenureYears,ExitYear,PayZone_encoded,True,True,1284,100.00000000000028
pearson,0.0,-0.8429,0.7105,0.5972,0.0,3000,num,num,cat,TenureYears,ExitYear,PerfScore,True,True,1285,100.00000000000028
logistic,1.0,0.0,0.0,0.5972,-0.0,3000,num,num,cat,TenureYears,ExitYear,is_terminated,False,False,1286,100.00000000000028
anova,1.0,0.0,0.0,0.544,-0.0,3000,num,cat,cat,TenureYears,StartQuarter,SeniorityLevel,False,False,1287,100.00000000000028
chi2,0.0,1915.4507,0.0,0.544,0.0,3000,num,cat,cat,TenureYears,StartQuarter,is_minority_dept,True,True,1288,100.00000000000028
anova,1.0,0.0,0.0,0.544,-0.0,3000,num,cat,cat,TenureYears,StartQuarter,PayZone_encoded,False,False,1289,100.00000000000028
anova,1.0,0.0,0.0,0.544,-0.0,3000,num,cat,cat,TenureYears,StartQuarter,PerfScore,False,False,1290,100.00000000000028
chi2,0.0,1954.8919,0.0,0.544,0.0,3000,num,cat,cat,TenureYears,StartQuarter,is_terminated,True,True,1291,100.00000000000028
logistic,1.0,0.0,0.0,0.885,-0.0,3000,num,num,cat,TenureYears,StartYear,is_minority_dept,False,False,1292,100.00000000000028
logistic,1.0,0.0,0.0,0.885,-0.0,3000,num,num,cat,TenureYears,StartYear,is_terminated,False,False,1293,100.00000000000028
anova,1.0,0.0,0.0,0.0,-0.0,3000,num,cat,cat,TenureYears,IntersectionalID,SeniorityLevel,False,False,1294,100.00000000000028
anova,1.0,0.0,0.0,0.0,-0.0,3000,num,cat,cat,TenureYears,IntersectionalID,PayZone_encoded,False,False,1295,100.00000000000028
anova,1.0,0.0,0.0,0.0,-0.0,3000,num,cat,cat,TenureYears,IntersectionalID,PerfScore,False,False,1296,100.00000000000028
logistic,1.0,0.0,0.0,0.0,-0.0,3000,num,num,cat,TenureYears,DeptDiversityScore,is_minority_dept,False,False,1297,100.00000000000028
chi2,1.0,0.0,0.0,0.0,-0.0,3000,cat,cat,cat,IsExecutive,IsManager,SeniorityLevel,False,False,1298,100.00000000000028
logistic,1.0,0.0,0.0,0.0,-0.0,3000,num,num,cat,TenureYears,DeptDiversityScore,is_terminated,False,False,1299,100.00000000000028
logistic,1.0,0.0,0.0,0.0,-0.0,3000,num,num,cat,TenureYears,DeptGenderRatio,is_minority_dept,False,False,1300,100.00000000000028
chi2,1.0,0.0,0.0,0.0192,-0.0,3000,cat,cat,cat,IsExecutive,IsIC,SeniorityLevel,False,False,1301,100.00000000000028
chi2,1.0,0.0,0.0,0.0115,-0.0,3000,cat,cat,cat,IsManager,PerfScore,PerfScore,False,False,1302,100.00000000000028
anova,1.0,0.0,0.0,0.0,-0.0,3000,num,cat,cat,TenureYears,CareerStage,PerfScore,False,False,1303,100.00000000000028
chi2,0.9632836889647876,207.8245,0.0,0.0,0.0,3000,num,cat,cat,TenureYears,CareerStage,is_terminated,False,False,1304,100.00000000000028
anova,1.0,0.0,0.0,0.0003,-0.0,3000,num,cat,cat,TenureYears,SeniorityLevel,SeniorityLevel,False,False,1305,100.00000000000028
anova,1.0,0.0,0.0,0.1726,-0.0,3000,cat,num,cat,IsManager,DeptGenderRatio,PerfScore,False,False,1306,100.00000000000028
anova,1.0,0.0,0.0,0.1726,-0.0,3000,cat,num,cat,IsManager,DeptGenderRatio,PayZone_encoded,False,False,1307,100.00000000000028
anova,1.0,0.0,0.0,0.0003,-0.0,3000,num,cat,cat,TenureYears,SeniorityLevel,PayZone_encoded,False,False,1308,100.00000000000028
anova,1.0,0.0,0.0,0.1726,-0.0,3000,cat,num,cat,IsManager,DeptGenderRatio,SeniorityLevel,False,False,1309,100.00000000000028
anova,1.0,0.0,0.0,0.0003,-0.0,3000,num,cat,cat,TenureYears,SeniorityLevel,PerfScore,False,False,1310,100.00000000000028
anova,1.0,0.0,0.0,0.1633,-0.0,3000,cat,num,cat,IsManager,DeptDiversityScore,PerfScore,False,False,1311,100.00000000000028
anova,1.0,0.0,0.0,0.1633,-0.0,3000,cat,num,cat,IsManager,DeptDiversityScore,PayZone_encoded,False,False,1312,100.00000000000028
chi2,0.0,1295.5192,0.0,0.5515,0.0,3000,num,cat,cat,TenureYears,ExitQuarter,is_terminated,True,True,1313,100.00000000000028
anova,1.0,0.0,0.0,0.5515,-0.0,3000,num,cat,cat,TenureYears,ExitQuarter,PerfScore,False,False,1314,100.00000000000028
anova,1.0,0.0,0.0,0.0133,-0.0,3000,cat,num,cat,Generation,ExitYear,SeniorityLevel,False,False,1315,100.00000000000028
chi2,1.0,0.0,0.0,0.0125,-0.0,3000,cat,cat,cat,IsLongTenure,SeniorityLevel,PerfScore,False,False,1316,100.00000000000028
chi2,1.0,0.0,0.0,0.0016,-0.0,3000,cat,cat,cat,IsLongTenure,JobFamily,SeniorityLevel,False,False,1317,100.00000000000028
chi2,1.0,0.0,0.0,0.0016,-0.0,3000,cat,cat,cat,IsLongTenure,JobFamily,is_minority_dept,False,False,1318,100.00000000000028
chi2,1.0,0.0,0.0,0.0016,-0.0,3000,cat,cat,cat,IsLongTenure,JobFamily,PayZone_encoded,False,False,1319,100.00000000000028
chi2,1.0,0.0,0.0,0.0016,-0.0,3000,cat,cat,cat,IsLongTenure,JobFamily,PerfScore,False,False,1320,100.00000000000028
chi2,1.0,0.0,0.0,0.0016,-0.0,3000,cat,cat,cat,IsLongTenure,JobFamily,is_terminated,False,False,1321,100.00000000000028
chi2,1.0,0.0,0.0,0.097,-0.0,3000,cat,cat,cat,Region,IsIC,SeniorityLevel,False,False,1322,100.00000000000028
anova,1.0,0.0,0.0,0.0,-0.0,3000,cat,num,cat,IsLongTenure,TenureVsAvg,SeniorityLevel,False,False,1323,100.00000000000028
chi2,1.0,0.0,0.0,0.0,-0.0,3000,cat,num,cat,IsLongTenure,TenureVsAvg,is_minority_dept,False,False,1324,100.00000000000028
anova,1.0,0.0,0.0,0.0,-0.0,3000,cat,num,cat,IsLongTenure,TenureVsAvg,PayZone_encoded,False,False,1325,100.00000000000028
anova,1.0,0.0,0.0,0.0,-0.0,3000,cat,num,cat,IsLongTenure,TenureVsAvg,PerfScore,False,False,1326,100.00000000000028
chi2,1.0,0.0,0.0,0.0001,-0.0,3000,cat,cat,cat,IsManager,OrgLevel,SeniorityLevel,False,False,1327,100.00000000000028
anova,1.0,0.0,0.0,0.0,-0.0,3000,num,cat,cat,TenureYears,DivisionGroup,PerfScore,False,False,1328,100.00000000000028
anova,1.0,0.0,0.0,0.0,-0.0,3000,num,cat,cat,TenureDays,DepartmentType,SeniorityLevel,False,False,1329,100.00000000000028
anova,1.0,0.0,0.0,0.0,-0.0,3000,num,cat,cat,TenureYears,DivisionGroup,PayZone_encoded,False,False,1330,100.00000000000028
anova,1.0,0.0,0.0,0.0,-0.0,3000,num,cat,cat,TenureDays,DepartmentType,PayZone_encoded,False,False,1331,100.00000000000028
anova,1.0,0.0,0.0,0.0,-0.0,3000,num,cat,cat,TenureDays,DepartmentType,PerfScore,False,False,1332,100.00000000000028
anova,1.0,0.0,0.0,0.0,-0.0,3000,num,cat,cat,TenureDays,RaceDesc,SeniorityLevel,False,False,1333,100.00000000000028
anova,1.0,0.0,0.0,0.0,-0.0,3000,num,cat,cat,TenureYears,JobFamily,PerfScore,False,False,1334,100.00000000000028
anova,1.0,0.0,0.0,0.0,-0.0,3000,num,cat,cat,TenureYears,JobFamily,SeniorityLevel,False,False,1335,100.00000000000028
chi2,1.0,0.0,0.0,0.0062,-0.0,3000,cat,cat,cat,IsExecutive,PerfScore,SeniorityLevel,False,False,1336,100.00000000000028
anova,1.0,0.0,0.0,0.1633,-0.0,3000,cat,num,cat,IsManager,DeptDiversityScore,SeniorityLevel,False,False,1337,100.00000000000028
anova,1.0,0.0,0.0,0.0,-0.0,3000,num,cat,cat,TenureYears,IsExecutive,PerfScore,False,False,1338,100.00000000000028
anova,1.0,0.0,0.0,0.0,-0.0,3000,num,cat,cat,TenureYears,Generation,SeniorityLevel,False,False,1339,100.00000000000028
chi2,1.0,0.0,0.0,0.0,-0.0,3000,cat,cat,cat,IsExecutive,GenderCode,SeniorityLevel,False,False,1340,100.00000000000028
anova,1.0,0.0,0.0,0.0,-0.0,3000,num,cat,cat,TenureYears,Generation,PayZone_encoded,False,False,1341,100.00000000000028
anova,1.0,0.0,0.0,0.0,-0.0,3000,num,cat,cat,TenureYears,Generation,PerfScore,False,False,1342,100.00000000000028
anova,1.0,0.0,0.0,0.0,-0.0,3000,num,cat,cat,TenureYears,Region,SeniorityLevel,False,False,1343,100.00000000000028
chi2,1.0,0.0,0.0,0.0159,-0.0,3000,cat,cat,cat,IsExecutive,RaceDesc,SeniorityLevel,False,False,1344,100.00000000000028
anova,1.0,0.0,0.0,0.0,-0.0,3000,num,cat,cat,TenureYears,Region,PayZone_encoded,False,False,1345,100.00000000000028
anova,1.0,0.0,0.0,0.0,-0.0,3000,num,cat,cat,TenureYears,Region,PerfScore,False,False,1346,100.00000000000028
chi2,1.0,0.0,0.0,0.0158,-0.0,3000,cat,cat,cat,IsExecutive,DepartmentType,SeniorityLevel,False,False,1347,100.00000000000028
chi2,0.0,1122.6094,0.0,0.36,0.0,3000,cat,cat,cat,IsManager,IsIC,is_terminated,True,True,1348,100.00000000000028
chi2,0.0,531.7392,0.0,0.36,0.0,3000,cat,cat,cat,IsManager,IsIC,PerfScore,True,True,1349,100.00000000000028
anova,1.0,0.0,0.0,0.0,-0.0,3000,num,cat,cat,TenureYears,DivisionGroup,SeniorityLevel,False,False,1350,100.00000000000028
chi2,1.0,0.0,0.0,0.36,-0.0,3000,cat,cat,cat,IsManager,IsIC,SeniorityLevel,False,False,1351,100.00000000000028
chi2,1.0,0.0,0.0,0.0015,-0.0,3000,cat,cat,cat,IsLongTenure,SpanOfControl,PerfScore,False,False,1352,100.00000000000028
anova,1.0,0.0,0.0,0.1957,-0.0,3000,cat,num,cat,SeniorityLevel,DeptGenderRatio,PayZone_encoded,False,False,1353,100.00000000000028
chi2,1.0,0.0,0.0,0.0015,-0.0,3000,cat,cat,cat,IsLongTenure,SpanOfControl,SeniorityLevel,False,False,1354,100.00000000000028
anova,1.0,0.0,0.0,0.0152,-0.0,3000,num,cat,cat,Age,IsIC,PayZone_encoded,False,False,1355,100.00000000000028
anova,1.0,0.0,0.0,0.0,-0.0,3000,num,cat,cat,StartYear,DepartmentType,PerfScore,False,False,1356,100.00000000000028
anova,1.0,0.0,0.0,0.0,-0.0,3000,num,cat,cat,StartYear,DepartmentType,PayZone_encoded,False,False,1357,100.00000000000028
anova,1.0,0.0,0.0,0.0014,-0.0,3000,num,cat,cat,Age,SpanOfControl,PayZone_encoded,False,False,1358,100.00000000000028
anova,1.0,0.0,0.0,0.0,-0.0,3000,num,cat,cat,StartYear,DepartmentType,SeniorityLevel,False,False,1359,100.00000000000028
anova,1.0,0.0,0.0,0.0014,-0.0,3000,num,cat,cat,Age,SpanOfControl,PerfScore,False,False,1360,100.00000000000028
anova,1.0,0.0,0.0,0.0092,-0.0,3000,cat,num,cat,StartQuarter,ExitYear,PerfScore,False,False,1361,100.00000000000028
anova,1.0,0.0,0.0,0.0092,-0.0,3000,cat,num,cat,StartQuarter,ExitYear,PayZone_encoded,False,False,1362,100.00000000000028
anova,1.0,0.0,0.0,0.0092,-0.0,3000,cat,num,cat,StartQuarter,ExitYear,SeniorityLevel,False,False,1363,100.00000000000028
anova,1.0,0.0,0.0,0.0014,-0.0,3000,num,cat,cat,Age,SpanOfControl,SeniorityLevel,False,False,1364,100.00000000000028
anova,1.0,0.0,0.0,0.0152,-0.0,3000,num,cat,cat,Age,IsIC,SeniorityLevel,False,False,1365,100.00000000000028
anova,1.0,0.0,0.0,0.0152,-0.0,3000,num,cat,cat,Age,IsIC,PerfScore,False,False,1366,100.00000000000028
anova,1.0,0.0,0.0,0.0,-0.0,3000,cat,num,cat,SpanOfControl,DeptGenderRatio,PerfScore,False,False,1367,100.00000000000028
anova,1.0,0.0,0.0,0.0294,-0.0,3000,num,cat,cat,Age,IsManager,SeniorityLevel,False,False,1368,100.00000000000028
anova,1.0,0.0,0.0,0.0294,-0.0,3000,num,cat,cat,Age,IsManager,PayZone_encoded,False,False,1369,100.00000000000028
anova,1.0,0.0,0.0,0.0294,-0.0,3000,num,cat,cat,Age,IsManager,PerfScore,False,False,1370,100.00000000000028
chi2,1.0,0.0,0.0,0.0069,-0.0,3000,cat,cat,cat,StartQuarter,PerfScore,PerfScore,False,False,1371,100.00000000000028
anova,1.0,0.0,0.0,0.0064,-0.0,3000,num,cat,cat,Age,IsExecutive,SeniorityLevel,False,False,1372,100.00000000000028
chi2,0.9883784197521461,278.1785,0.0,0.0064,0.0,3000,num,cat,cat,Age,IsExecutive,is_minority_dept,False,False,1373,100.00000000000028
anova,1.0,0.0,0.0,0.0064,-0.0,3000,num,cat,cat,Age,IsExecutive,PayZone_encoded,False,False,1374,100.00000000000028
anova,1.0,0.0,0.0,0.0064,-0.0,3000,num,cat,cat,Age,IsExecutive,PerfScore,False,False,1375,100.00000000000028
anova,1.0,0.0,0.0,0.0,-0.0,3000,num,cat,cat,StartYear,GenderCode,SeniorityLevel,False,False,1376,100.00000000000028
anova,1.0,0.0,0.0,0.0,-0.0,3000,num,cat,cat,StartYear,GenderCode,PayZone_encoded,False,False,1377,100.00000000000028
chi2,1.0,228.9397,0.0,0.0014,-0.0,3000,num,cat,cat,Age,SpanOfControl,is_minority_dept,False,False,1378,100.00000000000028
anova,1.0,0.0,0.0,0.0,-0.0,3000,num,cat,cat,StartYear,RaceDesc,SeniorityLevel,False,False,1379,100.00000000000028
anova,1.0,0.0,0.0,0.0,-0.0,3000,num,cat,cat,StartYear,RaceDesc,PayZone_encoded,False,False,1380,100.00000000000028
anova,1.0,0.0,0.0,0.0,-0.0,3000,num,cat,cat,StartYear,RaceDesc,PerfScore,False,False,1381,100.00000000000028
logistic,1.0,0.0,0.0,0.0,-0.0,3000,num,num,cat,TenureDays,DeptDiversityScore,is_terminated,False,False,1382,100.00000000000028
anova,1.0,0.0,0.0,0.0,-0.0,3000,cat,num,cat,SpanOfControl,DeptDiversityScore,PerfScore,False,False,1383,100.00000000000028
anova,1.0,0.0,0.0,0.0,-0.0,3000,cat,num,cat,SpanOfControl,StartYear,PayZone_encoded,False,False,1384,100.00000000000028
anova,1.0,0.0,0.0,0.0,-0.0,3000,cat,num,cat,SpanOfControl,DeptDiversityScore,PayZone_encoded,False,False,1385,100.00000000000028
anova,1.0,0.0,0.0,0.0,-0.0,3000,cat,num,cat,SpanOfControl,DeptDiversityScore,SeniorityLevel,False,False,1386,100.00000000000028
chi2,1.0,0.0,0.0,0.0074,-0.0,3000,cat,cat,cat,IsIC,StartQuarter,SeniorityLevel,False,False,1387,100.00000000000028
logistic,1.0,0.0,0.0,0.0,-0.0,3000,num,num,cat,TenureDays,DeptDiversityScore,is_minority_dept,False,False,1388,100.00000000000028
anova,1.0,0.0,0.0,0.0,-0.0,3000,num,cat,cat,TenureDays,IsManager,PerfScore,False,False,1389,100.00000000000028
anova,1.0,0.0,0.0,0.0,-0.0,3000,num,cat,cat,TenureDays,IsExecutive,SeniorityLevel,False,False,1390,100.00000000000028
anova,1.0,0.0,0.0,0.0,-0.0,3000,num,cat,cat,TenureDays,IsExecutive,PayZone_encoded,False,False,1391,100.00000000000028
anova,1.0,0.0,0.0,0.0,-0.0,3000,num,cat,cat,TenureDays,IsExecutive,PerfScore,False,False,1392,100.00000000000028
logistic,1.0,0.0,0.0,4.268,-0.0,3000,num,num,cat,TenureDays,TenureYears,is_minority_dept,False,False,1393,100.00000000000028
anova,1.0,0.0,0.0,0.1842,-0.0,3000,cat,num,cat,IsIC,DeptDiversityScore,PerfScore,False,False,1394,100.00000000000028
anova,1.0,0.0,0.0,0.0,-0.0,3000,cat,num,cat,SpanOfControl,StartYear,PerfScore,False,False,1395,100.00000000000028
pearson,0.0,0.9999,0.9999,4.2697,0.0,3000,num,num,cat,TenureDays,TenureVsAvg,PayZone_encoded,True,True,1396,100.00000000000028
logistic,1.0,0.0,0.0,4.2697,-0.0,3000,num,num,cat,TenureDays,TenureVsAvg,is_minority_dept,False,False,1397,100.00000000000028
anova,1.0,0.0,0.0,0.1842,-0.0,3000,cat,num,cat,IsIC,DeptDiversityScore,PayZone_encoded,False,False,1398,100.00000000000028
pearson,0.0,-0.843,0.7107,0.5598,0.0,3000,num,num,cat,TenureDays,ExitYear,PayZone_encoded,True,True,1399,100.00000000000028
anova,1.0,0.0,0.0,0.0,-0.0,3000,num,cat,cat,DeptGenderRatio,ExitQuarter,PerfScore,False,False,1400,100.00000000000028
anova,1.0,0.0,0.0,0.0034,-0.0,3000,cat,num,cat,OrgLevel,ExitYear,PerfScore,False,False,1401,100.00000000000028
chi2,1.0,129.4175,0.0,0.0014,-0.0,3000,num,cat,cat,Age,SpanOfControl,is_terminated,False,False,1402,100.00000000000028
chi2,0.0,4000.0,0.0,1.6064,0.0,3000,cat,cat,cat,IntersectionalID,RaceDesc,PayZone_encoded,True,True,1403,100.00000000000028
logistic,1.0,0.0,0.0,0.155,-0.0,3000,num,num,cat,StartYear,ExitYear,is_minority_dept,False,False,1404,100.00000000000028
chi2,0.0,4000.0,0.0,1.6064,0.0,3000,cat,cat,cat,IntersectionalID,RaceDesc,SeniorityLevel,True,True,1405,100.00000000000028
chi2,0.0,6000.0,0.0,1.2184,0.0,3000,num,cat,cat,Age,Generation,is_minority_dept,True,True,1406,100.00000000000028
chi2,1.0,0.0,0.0,0.0311,-0.0,3000,cat,cat,cat,PerfScore,DepartmentType,PerfScore,False,False,1407,100.00000000000028
anova,1.0,0.0,0.0,0.0145,-0.0,3000,num,cat,cat,Age,SeniorityLevel,PayZone_encoded,False,False,1408,100.00000000000028
anova,1.0,0.0,0.0,0.0145,-0.0,3000,num,cat,cat,Age,SeniorityLevel,PerfScore,False,False,1409,100.00000000000028
anova,1.0,0.0,0.0,0.0374,-0.0,3000,num,cat,cat,Age,JobFamily,SeniorityLevel,False,False,1410,100.00000000000028
anova,1.0,0.0,0.0,0.0374,-0.0,3000,num,cat,cat,Age,JobFamily,PayZone_encoded,False,False,1411,100.00000000000028
chi2,1.0,0.0,0.0,0.0,-0.0,3000,cat,cat,cat,PerfScore,GenderCode,PerfScore,False,False,1412,100.00000000000028
anova,1.0,0.0,0.0,0.0374,-0.0,3000,num,cat,cat,Age,JobFamily,PerfScore,False,False,1413,100.00000000000028
logistic,1.0,0.0,0.0,0.0129,-0.0,3000,num,num,cat,Age,TenureVsAvg,is_minority_dept,False,False,1414,100.00000000000028
chi2,1.0,0.0,0.0,0.0088,-0.0,3000,cat,cat,cat,PerfScore,RaceDesc,PerfScore,False,False,1415,100.00000000000028
logistic,1.0,0.0,0.0,0.0129,-0.0,3000,num,num,cat,Age,TenureVsAvg,is_terminated,False,False,1416,100.00000000000028
anova,1.0,0.0,0.0,0.0031,-0.0,3000,num,cat,cat,Age,IsLongTenure,SeniorityLevel,False,False,1417,100.00000000000028
chi2,1.0,0.0,0.0,0.0031,-0.0,3000,num,cat,cat,Age,IsLongTenure,is_minority_dept,False,False,1418,100.00000000000028
anova,1.0,0.0,0.0,0.0031,-0.0,3000,num,cat,cat,Age,IsLongTenure,PayZone_encoded,False,False,1419,100.00000000000028
anova,1.0,0.0,0.0,1.2184,-0.0,3000,num,cat,cat,Age,Generation,PerfScore,False,False,1420,100.00000000000028
anova,1.0,0.0,0.0,0.0031,-0.0,3000,num,cat,cat,Age,IsLongTenure,PerfScore,False,False,1421,100.00000000000028
chi2,1.0,0.0,0.0,0.0031,-0.0,3000,num,cat,cat,Age,IsLongTenure,is_terminated,False,False,1422,100.00000000000028
anova,1.0,0.0,0.0,1.2691,-0.0,3000,num,cat,cat,Age,CareerStage,SeniorityLevel,False,False,1423,100.00000000000028
chi2,0.0,6000.0,0.0,1.2691,0.0,3000,num,cat,cat,Age,CareerStage,is_minority_dept,True,True,1424,100.00000000000028
anova,1.0,0.0,0.0,1.2691,-0.0,3000,num,cat,cat,Age,CareerStage,PayZone_encoded,False,False,1425,100.00000000000028
anova,1.0,0.0,0.0,1.2691,-0.0,3000,num,cat,cat,Age,CareerStage,PerfScore,False,False,1426,100.00000000000028
chi2,0.0,6000.0,0.0,1.2691,0.0,3000,num,cat,cat,Age,CareerStage,is_terminated,True,True,1427,100.00000000000028
anova,1.0,0.0,0.0,1.2184,-0.0,3000,num,cat,cat,Age,Generation,PayZone_encoded,False,False,1428,100.00000000000028
anova,1.0,0.0,0.0,1.2184,-0.0,3000,num,cat,cat,Age,Generation,SeniorityLevel,False,False,1429,100.00000000000028
chi2,0.0,7306.5,0.0,1.0386,0.0,3000,cat,cat,cat,IntersectionalID,DepartmentType,is_terminated,True,True,1430,100.00000000000028
chi2,1.0,45.5506,0.0,0.0005,-0.0,3000,num,cat,cat,Age,OrgLevel,is_terminated,False,False,1431,100.00000000000028
chi2,0.0,3522.75,0.0,1.0386,0.0,3000,cat,cat,cat,IntersectionalID,DepartmentType,PerfScore,True,True,1432,100.00000000000028
chi2,0.0,5000.0,0.0,1.0386,0.0,3000,cat,cat,cat,IntersectionalID,DepartmentType,PayZone_encoded,True,True,1433,100.00000000000028
chi2,0.0,7500.0,0.0,1.0386,0.0,3000,cat,cat,cat,IntersectionalID,DepartmentType,is_minority_dept,True,True,1434,100.00000000000028
chi2,0.0,4737.3333,0.0,1.0386,0.0,3000,cat,cat,cat,IntersectionalID,DepartmentType,SeniorityLevel,True,True,1435,100.00000000000028
anova,1.0,0.0,0.0,0.0962,-0.0,3000,num,cat,cat,StartYear,StartQuarter,PerfScore,False,False,1436,100.00000000000028
anova,1.0,0.0,0.0,0.0962,-0.0,3000,num,cat,cat,StartYear,StartQuarter,PayZone_encoded,False,False,1437,100.00000000000028
logistic,1.0,0.0,0.0,0.0284,-0.0,3000,num,num,cat,Age,DeptGenderRatio,is_minority_dept,False,False,1438,100.00000000000028
anova,1.0,0.0,0.0,0.0962,-0.0,3000,num,cat,cat,StartYear,StartQuarter,SeniorityLevel,False,False,1439,100.00000000000028
logistic,1.0,0.0,0.0,0.155,-0.0,3000,num,num,cat,StartYear,ExitYear,is_terminated,False,False,1440,100.00000000000028
logistic,1.0,0.0,0.0,0.0284,-0.0,3000,num,num,cat,Age,DeptGenderRatio,is_terminated,False,False,1441,100.00000000000028
anova,1.0,0.0,0.0,0.0,-0.0,3000,num,cat,cat,StartYear,GenderCode,PerfScore,False,False,1442,100.00000000000028
anova,1.0,0.0,0.0,0.0005,-0.0,3000,num,cat,cat,Age,OrgLevel,SeniorityLevel,False,False,1443,100.00000000000028
anova,1.0,0.0,0.0,0.0044,-0.0,3000,num,cat,cat,StartYear,ExitQuarter,PerfScore,False,False,1444,100.00000000000028
anova,1.0,0.0,0.0,0.0044,-0.0,3000,num,cat,cat,StartYear,ExitQuarter,PayZone_encoded,False,False,1445,100.00000000000028
chi2,0.9999859931083492,156.8447,0.0,0.0005,0.0,3000,num,cat,cat,Age,OrgLevel,is_minority_dept,False,False,1446,100.00000000000028
anova,1.0,0.0,0.0,0.0044,-0.0,3000,num,cat,cat,StartYear,ExitQuarter,SeniorityLevel,False,False,1447,100.00000000000028
anova,1.0,0.0,0.0,0.0005,-0.0,3000,num,cat,cat,Age,OrgLevel,PayZone_encoded,False,False,1448,100.00000000000028
anova,1.0,0.0,0.0,0.0112,-0.0,3000,num,cat,cat,StartYear,PerfScore,PerfScore,False,False,1449,100.00000000000028
anova,1.0,0.0,0.0,0.0112,-0.0,3000,num,cat,cat,StartYear,PerfScore,PayZone_encoded,False,False,1450,100.00000000000028
anova,1.0,0.0,0.0,0.0005,-0.0,3000,num,cat,cat,Age,OrgLevel,PerfScore,False,False,1451,100.00000000000028
anova,1.0,0.0,0.0,0.0112,-0.0,3000,num,cat,cat,StartYear,PerfScore,SeniorityLevel,False,False,1452,100.00000000000028
anova,1.0,0.0,0.0,0.0,-0.0,3000,cat,num,cat,SpanOfControl,DeptGenderRatio,PayZone_encoded,False,False,1453,100.00000000000028
pearson,0.0,0.9999,0.9999,4.2697,0.0,3000,num,num,cat,TenureDays,TenureVsAvg,PerfScore,True,True,1454,100.00000000000028
chi2,1.0,0.0,0.0,0.0,-0.0,3000,cat,cat,cat,IsLongTenure,GenderCode,PerfScore,False,False,1455,100.00000000000028
chi2,1.0,0.0,0.0,0.0115,-0.0,3000,cat,cat,cat,IsIC,GenderCode,SeniorityLevel,False,False,1456,100.00000000000028
anova,1.0,0.0,0.0,0.0001,-0.0,3000,num,cat,cat,TenureDays,OrgLevel,SeniorityLevel,False,False,1457,100.00000000000028
chi2,1.0,0.0,0.0,0.0166,-0.0,3000,cat,cat,cat,IsIC,PerfScore,PerfScore,False,False,1458,100.00000000000028
logistic,1.0,0.0,0.0,0.0,-0.0,3000,num,num,cat,TenureDays,DeptGenderRatio,is_minority_dept,False,False,1459,100.00000000000028
anova,1.0,0.0,0.0,0.0001,-0.0,3000,num,cat,cat,TenureDays,OrgLevel,PayZone_encoded,False,False,1460,100.00000000000028
chi2,1.0,0.0,0.0,0.0166,-0.0,3000,cat,cat,cat,IsIC,PerfScore,SeniorityLevel,False,False,1461,100.00000000000028
anova,1.0,0.0,0.0,0.0001,-0.0,3000,num,cat,cat,TenureDays,OrgLevel,PerfScore,False,False,1462,100.00000000000028
anova,1.0,0.0,0.0,0.0,-0.0,3000,num,cat,cat,TenureDays,SpanOfControl,SeniorityLevel,False,False,1463,100.00000000000028
anova,1.0,0.0,0.0,0.0,-0.0,3000,num,cat,cat,TenureDays,SpanOfControl,PayZone_encoded,False,False,1464,100.00000000000028
anova,1.0,0.0,0.0,0.0,-0.0,3000,num,cat,cat,TenureDays,SpanOfControl,PerfScore,False,False,1465,100.00000000000028
anova,1.0,0.0,0.0,0.0179,-0.0,3000,cat,num,cat,IsIC,ExitYear,SeniorityLevel,False,False,1466,100.00000000000028
anova,1.0,0.0,0.0,0.0008,-0.0,3000,num,cat,cat,TenureDays,GenderCode,PayZone_encoded,False,False,1467,100.00000000000028
chi2,0.9907978694282369,0.0062,0.0,0.0012,0.0,3000,cat,cat,cat,SpanOfControl,OrgLevel,SeniorityLevel,False,False,1468,100.00000000000028
anova,1.0,0.0,0.0,0.0,-0.0,3000,cat,num,cat,OrgLevel,StartYear,SeniorityLevel,False,False,1469,100.00000000000028
anova,1.0,0.0,0.0,0.0006,-0.0,3000,num,cat,cat,TenureDays,CareerStage,PerfScore,False,False,1470,100.00000000000028
anova,1.0,0.0,0.0,0.0008,-0.0,3000,num,cat,cat,TenureDays,GenderCode,PerfScore,False,False,1471,100.00000000000028
anova,1.0,0.0,0.0,0.0003,-0.0,3000,num,cat,cat,TenureDays,IsIC,SeniorityLevel,False,False,1472,100.00000000000028
anova,1.0,0.0,0.0,0.0003,-0.0,3000,num,cat,cat,TenureDays,IsIC,PayZone_encoded,False,False,1473,100.00000000000028
anova,1.0,0.0,0.0,0.2024,-0.0,3000,cat,num,cat,IsIC,DeptGenderRatio,PayZone_encoded,False,False,1474,100.00000000000028
anova,1.0,0.0,0.0,0.0,-0.0,3000,cat,num,cat,OrgLevel,StartYear,PayZone_encoded,False,False,1475,100.00000000000028
anova,1.0,0.0,0.0,0.0,-0.0,3000,cat,num,cat,OrgLevel,StartYear,PerfScore,False,False,1476,100.00000000000028
anova,1.0,0.0,0.0,0.0003,-0.0,3000,num,cat,cat,TenureDays,IsIC,PerfScore,False,False,1477,100.00000000000028
chi2,1.0,0.0,0.0,0.0068,-0.0,3000,cat,cat,cat,IsIC,RaceDesc,SeniorityLevel,False,False,1478,100.00000000000028
chi2,1.0,0.0,0.0,0.0117,-0.0,3000,cat,cat,cat,IsIC,ExitQuarter,SeniorityLevel,False,False,1479,100.00000000000028
logistic,1.0,0.0,0.0,0.0,-0.0,3000,num,num,cat,TenureDays,DeptGenderRatio,is_terminated,False,False,1480,100.00000000000028
pearson,0.0,0.9999,0.9999,4.268,0.0,3000,num,num,cat,TenureDays,TenureYears,SeniorityLevel,True,True,1481,100.00000000000028
anova,1.0,0.0,0.0,0.0123,-0.0,3000,num,cat,cat,TenureDays,PerfScore,PerfScore,False,False,1482,100.00000000000028
anova,1.0,0.0,0.0,0.2024,-0.0,3000,cat,num,cat,IsIC,DeptGenderRatio,PerfScore,False,False,1483,100.00000000000028
anova,1.0,0.0,0.0,0.0,-0.0,3000,cat,num,cat,OrgLevel,DeptDiversityScore,PayZone_encoded,False,False,1484,100.00000000000028
anova,1.0,0.0,0.0,0.553,-0.0,3000,num,cat,cat,TenureDays,ExitQuarter,SeniorityLevel,False,False,1485,100.00000000000028
anova,1.0,0.0,0.0,0.0,-0.0,3000,num,cat,cat,TenureDays,IsLongTenure,PerfScore,False,False,1486,100.00000000000028
chi2,1.0,0.0,0.0,0.0,-0.0,3000,num,cat,cat,TenureDays,IsLongTenure,is_terminated,False,False,1487,100.00000000000028
anova,1.0,0.0,0.0,0.0,-0.0,3000,num,cat,cat,TenureDays,IsLongTenure,PayZone_encoded,False,False,1488,100.00000000000028
anova,1.0,0.0,0.0,0.0,-0.0,3000,cat,num,cat,OrgLevel,DeptDiversityScore,PerfScore,False,False,1489,100.00000000000028
anova,1.0,0.0,0.0,0.0,-0.0,3000,cat,num,cat,OrgLevel,DeptDiversityScore,SeniorityLevel,False,False,1490,100.00000000000028
chi2,1.0,0.0,0.0,0.0,-0.0,3000,num,cat,cat,TenureDays,IsLongTenure,is_minority_dept,False,False,1491,100.00000000000028
pearson,0.0,-0.843,0.7107,0.5598,0.0,3000,num,num,cat,TenureDays,ExitYear,SeniorityLevel,True,True,1492,100.00000000000028
anova,1.0,0.0,0.0,0.0,-0.0,3000,num,cat,cat,TenureDays,IsManager,PayZone_encoded,False,False,1493,100.00000000000028
chi2,0.9892804361800371,0.0108,0.0,0.0012,0.0,3000,cat,cat,cat,SpanOfControl,OrgLevel,is_terminated,False,False,1494,100.00000000000028
chi2,1.0,0.0,0.0,0.0031,-0.0,3000,cat,cat,cat,IsIC,OrgLevel,SeniorityLevel,False,False,1495,100.00000000000028
chi2,1.0,0.0,0.0,0.2011,-0.0,3000,cat,cat,cat,IsIC,DepartmentType,SeniorityLevel,False,False,1496,100.00000000000028
anova,1.0,0.0,0.0,0.0179,-0.0,3000,cat,num,cat,IsIC,ExitYear,PayZone_encoded,False,False,1497,100.00000000000028
anova,1.0,0.0,0.0,0.553,-0.0,3000,num,cat,cat,TenureDays,ExitQuarter,PayZone_encoded,False,False,1498,100.00000000000028
anova,1.0,0.0,0.0,0.553,-0.0,3000,num,cat,cat,TenureDays,ExitQuarter,PerfScore,False,False,1499,100.00000000000028
anova,1.0,0.0,0.0,0.0,-0.0,3000,num,cat,cat,TenureDays,IsManager,SeniorityLevel,False,False,1500,100.00000000000028
anova,1.0,0.0,0.0,0.0006,-0.0,3000,num,cat,cat,TenureDays,CareerStage,SeniorityLevel,False,False,1501,100.00000000000028
anova,1.0,0.0,0.0,0.0123,-0.0,3000,num,cat,cat,TenureDays,PerfScore,SeniorityLevel,False,False,1502,100.00000000000028
anova,1.0,0.0,0.0,0.0006,-0.0,3000,num,cat,cat,TenureDays,CareerStage,PayZone_encoded,False,False,1503,100.00000000000028
anova,1.0,0.0,0.0,0.0123,-0.0,3000,num,cat,cat,TenureDays,PerfScore,PayZone_encoded,False,False,1504,100.00000000000028
chi2,1.0,0.0,0.0,0.0,-0.0,3000,cat,cat,cat,IsIC,SpanOfControl,SeniorityLevel,False,False,1505,100.00000000000028
anova,1.0,0.0,0.0,0.0,-0.0,3000,num,cat,cat,TenureDays,IsLongTenure,SeniorityLevel,False,False,1506,100.00000000000028
chi2,1.0,0.0,0.0,0.0056,-0.0,3000,cat,cat,cat,SpanOfControl,PerfScore,PerfScore,False,False,1507,100.00000000000028
anova,1.0,0.0,0.0,0.0,-0.0,3000,num,cat,cat,TenureDays,Region,PayZone_encoded,False,False,1508,100.00000000000028
anova,1.0,0.0,0.0,0.0,-0.0,3000,cat,num,cat,IsIC,StartYear,PayZone_encoded,False,False,1509,100.00000000000028
anova,1.0,0.0,0.0,0.0,-0.0,3000,num,cat,cat,TenureDays,DivisionGroup,PerfScore,False,False,1510,100.00000000000028
anova,1.0,0.0,0.0,0.0,-0.0,3000,num,cat,cat,TenureDays,DivisionGroup,PayZone_encoded,False,False,1511,100.00000000000028
anova,1.0,0.0,0.0,0.6225,-0.0,3000,num,cat,cat,TenureDays,StartQuarter,PerfScore,False,False,1512,100.00000000000028
anova,1.0,0.0,0.0,0.0,-0.0,3000,num,cat,cat,TenureDays,DivisionGroup,SeniorityLevel,False,False,1513,100.00000000000028
anova,1.0,0.0,0.0,0.0,-0.0,3000,num,cat,cat,TenureDays,Region,PerfScore,False,False,1514,100.00000000000028
anova,1.0,0.0,0.0,0.0,-0.0,3000,cat,num,cat,IsIC,StartYear,PerfScore,False,False,1515,100.00000000000028
anova,1.0,0.0,0.0,0.0,-0.0,3000,num,cat,cat,TenureDays,IntersectionalID,PerfScore,False,False,1516,100.00000000000028
anova,1.0,0.0,0.0,0.0,-0.0,3000,num,cat,cat,TenureDays,JobFamily,PerfScore,False,False,1517,100.00000000000028
pearson,0.0,0.9999,0.9999,4.2697,0.0,3000,num,num,cat,TenureDays,TenureVsAvg,SeniorityLevel,True,True,1518,100.00000000000028
anova,1.0,0.0,0.0,0.0,-0.0,3000,cat,num,cat,SpanOfControl,DeptGenderRatio,SeniorityLevel,False,False,1519,100.00000000000028
chi2,0.9925777502567924,0.005,0.0,0.0012,0.0,3000,cat,cat,cat,SpanOfControl,OrgLevel,PerfScore,False,False,1520,100.00000000000028
chi2,0.9943289983034074,0.0038,0.0,0.0012,0.0,3000,cat,cat,cat,SpanOfControl,OrgLevel,PayZone_encoded,False,False,1521,100.00000000000028
logistic,1.0,0.0,0.0,0.5598,-0.0,3000,num,num,cat,TenureDays,ExitYear,is_minority_dept,False,False,1522,100.00000000000028
anova,1.0,0.0,0.0,0.2024,-0.0,3000,cat,num,cat,IsIC,DeptGenderRatio,SeniorityLevel,False,False,1523,100.00000000000028
logistic,1.0,0.0,0.0,4.2697,-0.0,3000,num,num,cat,TenureDays,TenureVsAvg,is_terminated,False,False,1524,100.00000000000028
anova,1.0,0.0,0.0,0.0011,-0.0,3000,cat,num,cat,OrgLevel,DeptGenderRatio,PayZone_encoded,False,False,1525,100.00000000000028
anova,1.0,0.0,0.0,0.0011,-0.0,3000,cat,num,cat,OrgLevel,DeptGenderRatio,PerfScore,False,False,1526,100.00000000000028
chi2,0.9975359421754796,0.0025,0.0,0.0012,0.0,3000,cat,cat,cat,SpanOfControl,OrgLevel,is_minority_dept,False,False,1527,100.00000000000028
logistic,1.0,0.0,0.0,0.9419,-0.0,3000,num,num,cat,TenureDays,StartYear,is_minority_dept,False,False,1528,100.00000000000028
anova,1.0,0.0,0.0,0.6225,-0.0,3000,num,cat,cat,TenureDays,StartQuarter,PayZone_encoded,False,False,1529,100.00000000000028
anova,1.0,0.0,0.0,0.0,-0.0,3000,num,cat,cat,TenureDays,SeniorityLevel,SeniorityLevel,False,False,1530,100.00000000000028
chi2,1.0,0.0,0.0,0.2077,-0.0,3000,cat,cat,cat,IsIC,IntersectionalID,SeniorityLevel,False,False,1531,100.00000000000028
anova,1.0,0.0,0.0,0.0167,-0.0,3000,cat,num,cat,SpanOfControl,ExitYear,SeniorityLevel,False,False,1532,100.00000000000028
anova,1.0,0.0,0.0,0.0179,-0.0,3000,cat,num,cat,IsIC,ExitYear,PerfScore,False,False,1533,100.00000000000028
anova,1.0,0.0,0.0,0.0,-0.0,3000,num,cat,cat,TenureDays,Generation,PayZone_encoded,False,False,1534,100.00000000000028
anova,1.0,0.0,0.0,0.0,-0.0,3000,cat,num,cat,IsIC,StartYear,SeniorityLevel,False,False,1535,100.00000000000028
anova,1.0,0.0,0.0,0.0,-0.0,3000,num,cat,cat,TenureDays,IntersectionalID,SeniorityLevel,False,False,1536,100.00000000000028
anova,1.0,0.0,0.0,0.0167,-0.0,3000,cat,num,cat,SpanOfControl,ExitYear,PayZone_encoded,False,False,1537,100.00000000000028
anova,1.0,0.0,0.0,0.0,-0.0,3000,num,cat,cat,TenureDays,SeniorityLevel,PerfScore,False,False,1538,100.00000000000028
anova,1.0,0.0,0.0,0.0167,-0.0,3000,cat,num,cat,SpanOfControl,ExitYear,PerfScore,False,False,1539,100.00000000000028
anova,1.0,0.0,0.0,0.0,-0.0,3000,num,cat,cat,TenureDays,Generation,PerfScore,False,False,1540,100.00000000000028
anova,1.0,0.0,0.0,0.0,-0.0,3000,num,cat,cat,TenureDays,IntersectionalID,PayZone_encoded,False,False,1541,100.00000000000028
anova,1.0,0.0,0.0,0.0011,-0.0,3000,cat,num,cat,OrgLevel,DeptGenderRatio,SeniorityLevel,False,False,1542,100.00000000000028
anova,1.0,0.0,0.0,0.1842,-0.0,3000,cat,num,cat,IsIC,DeptDiversityScore,SeniorityLevel,False,False,1543,100.00000000000028
anova,1.0,0.0,0.0,0.0,-0.0,3000,num,cat,cat,TenureDays,Generation,SeniorityLevel,False,False,1544,100.00000000000028
anova,1.0,0.0,0.0,0.0,-0.0,3000,num,cat,cat,TenureDays,JobFamily,SeniorityLevel,False,False,1545,100.00000000000028
pearson,0.0,-0.843,0.7107,0.5598,0.0,3000,num,num,cat,TenureDays,ExitYear,PerfScore,True,True,1546,100.00000000000028
anova,1.0,0.0,0.0,0.0,-0.0,3000,num,cat,cat,TenureDays,JobFamily,PayZone_encoded,False,False,1547,100.00000000000028
anova,1.0,0.0,0.0,0.0,-0.0,3000,cat,num,cat,SpanOfControl,StartYear,SeniorityLevel,False,False,1548,100.00000000000028
logistic,1.0,0.0,0.0,0.9419,-0.0,3000,num,num,cat,TenureDays,StartYear,is_terminated,False,False,1549,100.00000000000028
logistic,1.0,0.0,0.0,0.5598,-0.0,3000,num,num,cat,TenureDays,ExitYear,is_terminated,False,False,1550,100.00000000000028
anova,1.0,0.0,0.0,0.0,-0.0,3000,num,cat,cat,TenureDays,SeniorityLevel,PayZone_encoded,False,False,1551,100.00000000000028
anova,1.0,0.0,0.0,0.6225,-0.0,3000,num,cat,cat,TenureDays,StartQuarter,SeniorityLevel,False,False,1552,100.00000000000028
anova,1.0,0.0,0.0,0.0,-0.0,3000,num,cat,cat,TenureDays,Region,SeniorityLevel,False,False,1553,100.00000000000028
logistic,1.0,0.0,0.0,0.0131,-0.0,3000,num,num,cat,Age,TenureYears,is_minority_dept,False,False,1554,100.00000000000028
chi2,0.0,1500.0,0.0,0.0223,0.0,3000,cat,cat,cat,GenderCode,DepartmentType,is_minority_dept,True,True,1555,100.00000000000028
logistic,1.0,0.0,0.0,0.0131,-0.0,3000,num,num,cat,Age,TenureYears,is_terminated,False,False,1556,100.00000000000028
anova,1.0,0.0,0.0,0.0207,-0.0,3000,num,cat,cat,DeptDiversityScore,PerfScore,SeniorityLevel,False,False,1557,100.00000000000028
logistic,1.0,0.0,0.0,0.0,-0.0,3000,num,num,cat,Age,ExitYear,is_terminated,False,False,1558,100.00000000000028
anova,1.0,0.0,0.0,0.0,-0.0,3000,num,cat,cat,Age,StartQuarter,SeniorityLevel,False,False,1559,100.00000000000028
logistic,1.0,0.0,0.0,0.0016,-0.0,3000,num,num,cat,DeptDiversityScore,ExitYear,is_minority_dept,False,False,1560,100.00000000000028
anova,1.0,0.0,0.0,0.0,-0.0,3000,num,cat,cat,Age,StartQuarter,PayZone_encoded,False,False,1561,100.00000000000028
anova,1.0,0.0,0.0,0.0,-0.0,3000,num,cat,cat,DeptDiversityScore,ExitQuarter,PerfScore,False,False,1562,100.00000000000028
anova,1.0,0.0,0.0,0.0,-0.0,3000,num,cat,cat,DeptDiversityScore,ExitQuarter,PayZone_encoded,False,False,1563,100.00000000000028
anova,1.0,0.0,0.0,0.0,-0.0,3000,num,cat,cat,DeptDiversityScore,ExitQuarter,SeniorityLevel,False,False,1564,100.00000000000028
anova,1.0,0.0,0.0,0.0,-0.0,3000,num,cat,cat,Age,StartQuarter,PerfScore,False,False,1565,100.00000000000028
anova,1.0,0.0,0.0,0.0207,-0.0,3000,num,cat,cat,DeptDiversityScore,PerfScore,PerfScore,False,False,1566,100.00000000000028
anova,1.0,0.0,0.0,0.0207,-0.0,3000,num,cat,cat,DeptDiversityScore,PerfScore,PayZone_encoded,False,False,1567,100.00000000000028
anova,1.0,0.0,0.0,0.0051,-0.0,3000,num,cat,cat,DeptDiversityScore,GenderCode,PerfScore,False,False,1568,100.00000000000028
logistic,1.0,0.0,0.0,0.0047,-0.0,3000,num,num,cat,Age,TenureDays,is_minority_dept,False,False,1569,100.00000000000028
anova,1.0,0.0,0.0,0.0051,-0.0,3000,num,cat,cat,DeptDiversityScore,GenderCode,PayZone_encoded,False,False,1570,100.00000000000028
anova,1.0,0.0,0.0,0.0008,-0.0,3000,num,cat,cat,TenureDays,GenderCode,SeniorityLevel,False,False,1571,100.00000000000028
chi2,1.0,0.0,0.0,0.0144,-0.0,3000,cat,cat,cat,IsExecutive,StartQuarter,SeniorityLevel,False,False,1572,100.00000000000028
anova,1.0,0.0,0.0,0.0,-0.0,3000,num,cat,cat,TenureDays,RaceDesc,PerfScore,False,False,1573,100.00000000000028
chi2,0.0,578.5098,0.0,0.3833,0.0,3000,cat,cat,cat,SeniorityLevel,IsManager,PerfScore,True,True,1574,100.00000000000028
chi2,0.0,1211.4967,0.0,0.3833,0.0,3000,cat,cat,cat,SeniorityLevel,IsManager,is_minority_dept,True,True,1575,100.00000000000028
chi2,1.0,0.0,0.0,0.3833,-0.0,3000,cat,cat,cat,SeniorityLevel,IsManager,SeniorityLevel,False,False,1576,100.00000000000028
chi2,0.0,1500.0,0.0,0.5438,0.0,3000,cat,cat,cat,SeniorityLevel,IsIC,is_terminated,True,True,1577,100.00000000000028
chi2,0.0,741.4381,0.0,0.5438,0.0,3000,cat,cat,cat,SeniorityLevel,IsIC,PerfScore,True,True,1578,100.00000000000028
chi2,1.0,0.0,0.0,0.0098,-0.0,3000,cat,cat,cat,IsLongTenure,StartQuarter,is_minority_dept,False,False,1579,100.00000000000028
logistic,1.0,0.0,0.0,0.0016,-0.0,3000,num,num,cat,DeptDiversityScore,ExitYear,is_terminated,False,False,1580,100.00000000000028
anova,1.0,0.0,0.0,0.0,-0.0,3000,num,cat,cat,DeptDiversityScore,StartQuarter,SeniorityLevel,False,False,1581,100.00000000000028
anova,1.0,0.0,0.0,0.0,-0.0,3000,num,cat,cat,DeptDiversityScore,StartQuarter,PayZone_encoded,False,False,1582,100.00000000000028
anova,1.0,0.0,0.0,0.0,-0.0,3000,num,cat,cat,DeptDiversityScore,StartQuarter,PerfScore,False,False,1583,100.00000000000028
anova,1.0,0.0,0.0,0.0433,-0.0,3000,num,cat,cat,Age,IntersectionalID,SeniorityLevel,False,False,1584,100.00000000000028
anova,1.0,0.0,0.0,0.0042,-0.0,3000,cat,num,cat,IntersectionalID,ExitYear,SeniorityLevel,False,False,1585,100.00000000000028
anova,1.0,0.0,0.0,0.0433,-0.0,3000,num,cat,cat,Age,IntersectionalID,PayZone_encoded,False,False,1586,100.00000000000028
anova,1.0,0.0,0.0,0.0433,-0.0,3000,num,cat,cat,Age,IntersectionalID,PerfScore,False,False,1587,100.00000000000028
chi2,1.0,0.0,0.0,0.0068,-0.0,3000,cat,cat,cat,IntersectionalID,PerfScore,PerfScore,False,False,1588,100.00000000000028
logistic,1.0,0.0,0.0,0.0428,-0.0,3000,num,num,cat,Age,DeptDiversityScore,is_minority_dept,False,False,1589,100.00000000000028
chi2,0.0,1500.0,0.0,0.6854,0.0,3000,cat,cat,cat,IntersectionalID,GenderCode,is_terminated,True,True,1590,100.00000000000028
chi2,0.0,750.0,0.0,0.6854,0.0,3000,cat,cat,cat,IntersectionalID,GenderCode,PerfScore,True,True,1591,100.00000000000028
logistic,1.0,0.0,0.0,0.0428,-0.0,3000,num,num,cat,Age,DeptDiversityScore,is_terminated,False,False,1592,100.00000000000028
chi2,0.0,1500.0,0.0,0.6854,0.0,3000,cat,cat,cat,IntersectionalID,GenderCode,is_minority_dept,True,True,1593,100.00000000000028
chi2,0.0,1000.0,0.0,0.6854,0.0,3000,cat,cat,cat,IntersectionalID,GenderCode,SeniorityLevel,True,True,1594,100.00000000000028
anova,1.0,0.0,0.0,0.0,-0.0,3000,num,cat,cat,DeptDiversityScore,RaceDesc,PerfScore,False,False,1595,100.00000000000028
logistic,1.0,0.0,0.0,0.0123,-0.0,3000,num,num,cat,Age,StartYear,is_minority_dept,False,False,1596,100.00000000000028
anova,1.0,0.0,0.0,0.0051,-0.0,3000,num,cat,cat,DeptDiversityScore,GenderCode,SeniorityLevel,False,False,1597,100.00000000000028
chi2,0.0,1500.0,0.0,0.0051,0.0,3000,num,cat,cat,DeptDiversityScore,GenderCode,is_minority_dept,True,True,1598,100.00000000000028
anova,1.0,0.0,0.0,1.0332,-0.0,3000,num,cat,cat,DeptDiversityScore,IntersectionalID,PerfScore,False,False,1599,100.00000000000028
anova,1.0,0.0,0.0,1.0332,-0.0,3000,num,cat,cat,DeptDiversityScore,IntersectionalID,PayZone_encoded,False,False,1600,100.00000000000028
chi2,0.0,7500.0,0.0,1.0332,0.0,3000,num,cat,cat,DeptDiversityScore,IntersectionalID,is_minority_dept,True,True,1601,100.00000000000028
anova,1.0,0.0,0.0,1.0332,-0.0,3000,num,cat,cat,DeptDiversityScore,IntersectionalID,SeniorityLevel,False,False,1602,100.00000000000028
logistic,1.0,0.0,0.0,0.0,-0.0,3000,num,num,cat,DeptDiversityScore,StartYear,is_terminated,False,False,1603,100.00000000000028
logistic,1.0,0.0,0.0,0.0,-0.0,3000,num,num,cat,DeptDiversityScore,StartYear,is_minority_dept,False,False,1604,100.00000000000028
chi2,0.0,1500.0,0.0,0.5438,0.0,3000,cat,cat,cat,SeniorityLevel,IsIC,is_minority_dept,True,True,1605,100.00000000000028
chi2,1.0,0.0,0.0,0.5438,-0.0,3000,cat,cat,cat,SeniorityLevel,IsIC,SeniorityLevel,False,False,1606,100.00000000000028
chi2,1.0,0.0,0.0,0.0,-0.0,3000,cat,cat,cat,SeniorityLevel,SpanOfControl,SeniorityLevel,False,False,1607,100.00000000000028
chi2,1.0,0.0,0.0,0.0049,-0.0,3000,cat,cat,cat,IsLongTenure,PerfScore,PayZone_encoded,False,False,1608,100.00000000000028
chi2,0.0,1316.4316,0.0,0.6043,0.0,3000,cat,cat,cat,JobFamily,DepartmentType,SeniorityLevel,True,True,1609,100.00000000000028
chi2,1.0,0.0,0.0,0.0049,-0.0,3000,cat,cat,cat,IsLongTenure,PerfScore,PerfScore,False,False,1610,100.00000000000028
chi2,1.0,0.0,0.0,0.0049,-0.0,3000,cat,cat,cat,IsLongTenure,PerfScore,is_terminated,False,False,1611,100.00000000000028
chi2,1.0,0.0,0.0,0.0037,-0.0,3000,cat,cat,cat,IsLongTenure,ExitQuarter,SeniorityLevel,False,False,1612,100.00000000000028
chi2,1.0,0.0,0.0,0.0,-0.0,3000,cat,cat,cat,SeniorityLevel,DivisionGroup,SeniorityLevel,False,False,1613,100.00000000000028
chi2,1.0,0.0,0.0,0.0037,-0.0,3000,cat,cat,cat,IsLongTenure,ExitQuarter,is_minority_dept,False,False,1614,100.00000000000028
chi2,1.0,0.0,0.0,0.0037,-0.0,3000,cat,cat,cat,IsLongTenure,ExitQuarter,PayZone_encoded,False,False,1615,100.00000000000028
chi2,1.0,0.0,0.0,0.0037,-0.0,3000,cat,cat,cat,IsLongTenure,ExitQuarter,PerfScore,False,False,1616,100.00000000000028
chi2,1.0,0.0,0.0,0.0037,-0.0,3000,cat,cat,cat,IsLongTenure,ExitQuarter,is_terminated,False,False,1617,100.00000000000028
chi2,1.0,0.0,0.0,0.1002,-0.0,3000,cat,cat,cat,SeniorityLevel,Region,SeniorityLevel,False,False,1618,100.00000000000028
anova,1.0,0.0,0.0,0.0182,-0.0,3000,cat,num,cat,IsLongTenure,ExitYear,SeniorityLevel,False,False,1619,100.00000000000028
chi2,1.0,0.0,0.0,0.0182,-0.0,3000,cat,num,cat,IsLongTenure,ExitYear,is_minority_dept,False,False,1620,100.00000000000028
anova,1.0,0.0,0.0,0.0182,-0.0,3000,cat,num,cat,IsLongTenure,ExitYear,PayZone_encoded,False,False,1621,100.00000000000028
anova,1.0,0.0,0.0,0.0182,-0.0,3000,cat,num,cat,IsLongTenure,ExitYear,PerfScore,False,False,1622,100.00000000000028
chi2,1.0,0.0,0.0,0.0,-0.0,3000,cat,cat,cat,SeniorityLevel,Generation,SeniorityLevel,False,False,1623,100.00000000000028
chi2,0.0,1500.0,0.0,0.077,0.0,3000,cat,cat,cat,SeniorityLevel,IsExecutive,is_terminated,True,True,1624,100.00000000000028
chi2,0.0,590.25,0.0,0.077,0.0,3000,cat,cat,cat,SeniorityLevel,IsExecutive,PerfScore,True,True,1625,100.00000000000028
chi2,1.0,0.0,0.0,0.0182,-0.0,3000,cat,num,cat,IsLongTenure,ExitYear,is_terminated,False,False,1626,100.00000000000028
chi2,0.0,1500.0,0.0,0.077,0.0,3000,cat,cat,cat,SeniorityLevel,IsExecutive,is_minority_dept,True,True,1627,100.00000000000028
chi2,1.0,0.0,0.0,0.0076,-0.0,3000,cat,cat,cat,IsLongTenure,IntersectionalID,PayZone_encoded,False,False,1628,100.00000000000028
chi2,1.0,0.0,0.0,0.2237,-0.0,3000,cat,cat,cat,SeniorityLevel,IntersectionalID,SeniorityLevel,False,False,1629,100.00000000000028
chi2,0.0,2332.8066,0.0,0.6043,0.0,3000,cat,cat,cat,JobFamily,DepartmentType,is_minority_dept,True,True,1630,100.00000000000028
chi2,0.0,1070.4034,0.0,0.6043,0.0,3000,cat,cat,cat,JobFamily,DepartmentType,PerfScore,True,True,1631,100.00000000000028
chi2,1.0,0.0,0.0,0.0098,-0.0,3000,cat,cat,cat,IsLongTenure,StartQuarter,PayZone_encoded,False,False,1632,100.00000000000028
chi2,0.0,2099.0612,0.0,0.6043,0.0,3000,cat,cat,cat,JobFamily,DepartmentType,is_terminated,True,True,1633,100.00000000000028
chi2,1.0,0.0,0.0,0.0098,-0.0,3000,cat,cat,cat,IsLongTenure,StartQuarter,PerfScore,False,False,1634,100.00000000000028
chi2,1.0,0.0,0.0,0.0098,-0.0,3000,cat,cat,cat,IsLongTenure,StartQuarter,is_terminated,False,False,1635,100.00000000000028
anova,1.0,0.0,0.0,0.0,-0.0,3000,cat,num,cat,IsLongTenure,StartYear,SeniorityLevel,False,False,1636,100.00000000000028
chi2,1.0,0.0,0.0,0.0027,-0.0,3000,cat,cat,cat,SeniorityLevel,OrgLevel,SeniorityLevel,False,False,1637,100.00000000000028
chi2,1.0,0.0,0.0,0.0,-0.0,3000,cat,num,cat,IsLongTenure,StartYear,is_minority_dept,False,False,1638,100.00000000000028
anova,1.0,0.0,0.0,0.1957,-0.0,3000,cat,num,cat,SeniorityLevel,DeptGenderRatio,PerfScore,False,False,1639,100.00000000000028
anova,1.0,0.0,0.0,0.0,-0.0,3000,cat,num,cat,IsLongTenure,StartYear,PayZone_encoded,False,False,1640,100.00000000000028
anova,1.0,0.0,0.0,0.1957,-0.0,3000,cat,num,cat,SeniorityLevel,DeptGenderRatio,SeniorityLevel,False,False,1641,100.00000000000028
anova,1.0,0.0,0.0,0.0,-0.0,3000,cat,num,cat,IsLongTenure,StartYear,PerfScore,False,False,1642,100.00000000000028
anova,1.0,0.0,0.0,0.1782,-0.0,3000,cat,num,cat,SeniorityLevel,DeptDiversityScore,PerfScore,False,False,1643,100.00000000000028
anova,1.0,0.0,0.0,0.1782,-0.0,3000,cat,num,cat,SeniorityLevel,DeptDiversityScore,PayZone_encoded,False,False,1644,100.00000000000028
chi2,1.0,0.0,0.0,0.0,-0.0,3000,cat,num,cat,IsLongTenure,StartYear,is_terminated,False,False,1645,100.00000000000028
anova,1.0,0.0,0.0,0.1782,-0.0,3000,cat,num,cat,SeniorityLevel,DeptDiversityScore,SeniorityLevel,False,False,1646,100.00000000000028
chi2,1.0,0.0,0.0,0.0076,-0.0,3000,cat,cat,cat,IsLongTenure,IntersectionalID,SeniorityLevel,False,False,1647,100.00000000000028
chi2,1.0,0.0,0.0,0.0076,-0.0,3000,cat,cat,cat,IsLongTenure,IntersectionalID,is_minority_dept,False,False,1648,100.00000000000028
chi2,1.0,0.0,0.0,0.0098,-0.0,3000,cat,cat,cat,IsLongTenure,StartQuarter,SeniorityLevel,False,False,1649,100.00000000000028
chi2,0.0,1234.416,0.0,0.3833,0.0,3000,cat,cat,cat,SeniorityLevel,IsManager,is_terminated,True,True,1650,100.00000000000028
chi2,1.0,0.0,0.0,0.0076,-0.0,3000,cat,cat,cat,IsLongTenure,IntersectionalID,PerfScore,False,False,1651,100.00000000000028
chi2,1.0,0.0,0.0,0.077,-0.0,3000,cat,cat,cat,SeniorityLevel,IsExecutive,SeniorityLevel,False,False,1652,100.00000000000028
chi2,1.0,0.0,0.0,0.0049,-0.0,3000,cat,cat,cat,IsLongTenure,PerfScore,SeniorityLevel,False,False,1653,100.00000000000028
chi2,1.0,0.0,0.0,0.0049,-0.0,3000,cat,cat,cat,IsLongTenure,PerfScore,is_minority_dept,False,False,1654,100.00000000000028
chi2,0.0,7306.5,0.0,1.0332,0.0,3000,num,cat,cat,DeptDiversityScore,IntersectionalID,is_terminated,True,True,1655,100.00000000000028
anova,1.0,0.0,0.0,0.0042,-0.0,3000,cat,num,cat,IntersectionalID,ExitYear,PayZone_encoded,False,False,1656,100.00000000000028
logistic,1.0,0.0,0.0,0.0123,-0.0,3000,num,num,cat,Age,StartYear,is_terminated,False,False,1657,100.00000000000028
anova,1.0,0.0,0.0,0.0,-0.0,3000,num,cat,cat,ExitYear,DepartmentType,PayZone_encoded,False,False,1658,100.00000000000028
anova,1.0,0.0,0.0,0.0,-0.0,3000,num,cat,cat,ExitYear,DepartmentType,SeniorityLevel,False,False,1659,100.00000000000028
chi2,1.0,0.0,0.0,0.0,-0.0,3000,cat,cat,cat,ExitQuarter,PerfScore,PerfScore,False,False,1660,100.00000000000028
chi2,0.0,6000.0,0.0,1.6064,0.0,3000,cat,cat,cat,IntersectionalID,RaceDesc,is_minority_dept,True,True,1661,100.00000000000028
chi2,0.0,3000.0,0.0,1.6064,0.0,3000,cat,cat,cat,IntersectionalID,RaceDesc,PerfScore,True,True,1662,100.00000000000028
anova,1.0,0.0,0.0,0.0034,-0.0,3000,cat,num,cat,OrgLevel,ExitYear,PayZone_encoded,False,False,1663,100.00000000000028
anova,1.0,0.0,0.0,0.0302,-0.0,3000,num,cat,cat,DeptGenderRatio,PerfScore,PerfScore,False,False,1664,100.00000000000028
logistic,1.0,0.0,0.0,0.0,-0.0,3000,num,num,cat,DeptGenderRatio,StartYear,is_minority_dept,False,False,1665,100.00000000000028
anova,1.0,0.0,0.0,0.0,-0.0,3000,num,cat,cat,DeptGenderRatio,StartQuarter,PerfScore,False,False,1666,100.00000000000028
anova,1.0,0.0,0.0,0.0,-0.0,3000,num,cat,cat,DeptGenderRatio,StartQuarter,PayZone_encoded,False,False,1667,100.00000000000028
anova,1.0,0.0,0.0,0.0,-0.0,3000,num,cat,cat,DeptGenderRatio,StartQuarter,SeniorityLevel,False,False,1668,100.00000000000028
logistic,1.0,0.0,0.0,0.0076,-0.0,3000,num,num,cat,DeptGenderRatio,ExitYear,is_terminated,False,False,1669,100.00000000000028
anova,1.0,0.0,0.0,0.0,-0.0,3000,num,cat,cat,Age,ExitQuarter,SeniorityLevel,False,False,1670,100.00000000000028
logistic,1.0,0.0,0.0,0.0076,-0.0,3000,num,num,cat,DeptGenderRatio,ExitYear,is_minority_dept,False,False,1671,100.00000000000028
anova,1.0,0.0,0.0,0.0,-0.0,3000,num,cat,cat,Age,ExitQuarter,PayZone_encoded,False,False,1672,100.00000000000028
anova,1.0,0.0,0.0,0.0,-0.0,3000,num,cat,cat,Age,ExitQuarter,PerfScore,False,False,1673,100.00000000000028
anova,1.0,0.0,0.0,0.0,-0.0,3000,num,cat,cat,DeptGenderRatio,ExitQuarter,PayZone_encoded,False,False,1674,100.00000000000028
anova,1.0,0.0,0.0,0.0,-0.0,3000,num,cat,cat,DeptGenderRatio,ExitQuarter,SeniorityLevel,False,False,1675,100.00000000000028
anova,1.0,0.0,0.0,0.0302,-0.0,3000,num,cat,cat,DeptGenderRatio,PerfScore,PayZone_encoded,False,False,1676,100.00000000000028
anova,1.0,0.0,0.0,1.0502,-0.0,3000,num,cat,cat,DeptGenderRatio,IntersectionalID,SeniorityLevel,False,False,1677,100.00000000000028
anova,1.0,0.0,0.0,0.0302,-0.0,3000,num,cat,cat,DeptGenderRatio,PerfScore,SeniorityLevel,False,False,1678,100.00000000000028
logistic,1.0,0.0,0.0,0.0,-0.0,3000,num,num,cat,Age,ExitYear,is_minority_dept,False,False,1679,100.00000000000028
anova,1.0,0.0,0.0,0.0,-0.0,3000,num,cat,cat,Age,DivisionGroup,SeniorityLevel,False,False,1680,100.00000000000028
anova,1.0,0.0,0.0,0.0,-0.0,3000,num,cat,cat,ExitYear,DepartmentType,PerfScore,False,False,1681,100.00000000000028
anova,1.0,0.0,0.0,0.005,-0.0,3000,num,cat,cat,DeptGenderRatio,GenderCode,PayZone_encoded,False,False,1682,100.00000000000028
anova,1.0,0.0,0.0,0.0307,-0.0,3000,num,cat,cat,Age,Region,PerfScore,False,False,1683,100.00000000000028
anova,1.0,0.0,0.0,0.0145,-0.0,3000,num,cat,cat,Age,SeniorityLevel,SeniorityLevel,False,False,1684,100.00000000000028
chi2,0.9999999999575643,928.5238,0.0,0.0,0.0,3000,num,cat,cat,Age,DivisionGroup,is_terminated,False,False,1685,100.00000000000028
anova,1.0,0.0,0.0,0.0,-0.0,3000,num,cat,cat,Age,DivisionGroup,PerfScore,False,False,1686,100.00000000000028
anova,1.0,0.0,0.0,0.0,-0.0,3000,num,cat,cat,Age,DivisionGroup,PayZone_encoded,False,False,1687,100.00000000000028
chi2,0.0,6000.0,0.0,1.2184,0.0,3000,num,cat,cat,Age,Generation,is_terminated,True,True,1688,100.00000000000028
anova,1.0,0.0,0.0,0.0307,-0.0,3000,num,cat,cat,Age,Region,SeniorityLevel,False,False,1689,100.00000000000028
anova,1.0,0.0,0.0,0.0307,-0.0,3000,num,cat,cat,Age,Region,PayZone_encoded,False,False,1690,100.00000000000028
chi2,0.0,1618.9202,0.0,0.7653,0.0,3000,num,cat,cat,ExitYear,ExitQuarter,is_terminated,True,True,1691,100.00000000000028
anova,1.0,0.0,0.0,0.7653,-0.0,3000,num,cat,cat,ExitYear,ExitQuarter,PerfScore,False,False,1692,100.00000000000028
anova,1.0,0.0,0.0,0.7653,-0.0,3000,num,cat,cat,ExitYear,ExitQuarter,PayZone_encoded,False,False,1693,100.00000000000028
chi2,0.0,1818.6355,0.0,0.7653,0.0,3000,num,cat,cat,ExitYear,ExitQuarter,is_minority_dept,True,True,1694,100.00000000000028
anova,1.0,0.0,0.0,0.7653,-0.0,3000,num,cat,cat,ExitYear,ExitQuarter,SeniorityLevel,False,False,1695,100.00000000000028
anova,1.0,0.0,0.0,0.0,-0.0,3000,num,cat,cat,ExitYear,PerfScore,PerfScore,False,False,1696,100.00000000000028
anova,1.0,0.0,0.0,0.0,-0.0,3000,num,cat,cat,ExitYear,PerfScore,PayZone_encoded,False,False,1697,100.00000000000028
anova,1.0,0.0,0.0,0.0,-0.0,3000,num,cat,cat,ExitYear,PerfScore,SeniorityLevel,False,False,1698,100.00000000000028
anova,1.0,0.0,0.0,0.0,-0.0,3000,num,cat,cat,ExitYear,GenderCode,PerfScore,False,False,1699,100.00000000000028
anova,1.0,0.0,0.0,0.0,-0.0,3000,num,cat,cat,ExitYear,GenderCode,PayZone_encoded,False,False,1700,100.00000000000028
anova,1.0,0.0,0.0,0.0,-0.0,3000,num,cat,cat,ExitYear,GenderCode,SeniorityLevel,False,False,1701,100.00000000000028
anova,1.0,0.0,0.0,0.0,-0.0,3000,num,cat,cat,ExitYear,RaceDesc,PerfScore,False,False,1702,100.00000000000028
anova,1.0,0.0,0.0,0.0,-0.0,3000,num,cat,cat,ExitYear,RaceDesc,PayZone_encoded,False,False,1703,100.00000000000028
anova,1.0,0.0,0.0,0.0,-0.0,3000,num,cat,cat,ExitYear,RaceDesc,SeniorityLevel,False,False,1704,100.00000000000028
anova,1.0,0.0,0.0,0.005,-0.0,3000,num,cat,cat,DeptGenderRatio,GenderCode,PerfScore,False,False,1705,100.00000000000028
chi2,0.0,1500.0,0.0,0.005,0.0,3000,num,cat,cat,DeptGenderRatio,GenderCode,is_minority_dept,True,True,1706,100.00000000000028
anova,1.0,0.0,0.0,0.0,-0.0,3000,cat,num,cat,IntersectionalID,StartYear,SeniorityLevel,False,False,1707,100.00000000000028
anova,1.0,0.0,0.0,0.0139,-0.0,3000,num,cat,cat,Age,GenderCode,PayZone_encoded,False,False,1708,100.00000000000028
anova,1.0,0.0,0.0,0.0,-0.0,3000,num,cat,cat,Age,PerfScore,SeniorityLevel,False,False,1709,100.00000000000028
logistic,1.0,0.0,0.0,1.0292,-0.0,3000,num,num,cat,DeptGenderRatio,DeptDiversityScore,is_terminated,False,False,1710,100.00000000000028
chi2,0.9553205311991566,1031.6659,0.0,0.0,0.0,3000,num,cat,cat,Age,PerfScore,is_minority_dept,False,False,1711,100.00000000000028
anova,1.0,0.0,0.0,0.0,-0.0,3000,num,cat,cat,Age,PerfScore,PayZone_encoded,False,False,1712,100.00000000000028
logistic,1.0,0.0,0.0,1.0292,-0.0,3000,num,num,cat,DeptGenderRatio,DeptDiversityScore,is_minority_dept,False,False,1713,100.00000000000028
anova,1.0,0.0,0.0,0.0,-0.0,3000,num,cat,cat,Age,PerfScore,PerfScore,False,False,1714,100.00000000000028
chi2,0.0,7306.5,0.0,1.0502,0.0,3000,num,cat,cat,DeptGenderRatio,IntersectionalID,is_terminated,True,True,1715,100.00000000000028
anova,1.0,0.0,0.0,1.0502,-0.0,3000,num,cat,cat,DeptGenderRatio,IntersectionalID,PerfScore,False,False,1716,100.00000000000028
anova,1.0,0.0,0.0,1.0418,-0.0,3000,num,cat,cat,DeptGenderRatio,DepartmentType,PayZone_encoded,False,False,1717,100.00000000000028
chi2,0.0,7500.0,0.0,1.0418,0.0,3000,num,cat,cat,DeptGenderRatio,DepartmentType,is_minority_dept,True,True,1718,100.00000000000028
anova,1.0,0.0,0.0,1.0418,-0.0,3000,num,cat,cat,DeptGenderRatio,DepartmentType,SeniorityLevel,False,False,1719,100.00000000000028
anova,1.0,0.0,0.0,0.0042,-0.0,3000,cat,num,cat,IntersectionalID,ExitYear,PerfScore,False,False,1720,100.00000000000028
anova,1.0,0.0,0.0,0.0,-0.0,3000,num,cat,cat,DeptDiversityScore,RaceDesc,PayZone_encoded,False,False,1721,100.00000000000028
anova,1.0,0.0,0.0,0.0,-0.0,3000,num,cat,cat,DeptDiversityScore,RaceDesc,SeniorityLevel,False,False,1722,100.00000000000028
chi2,0.0,7306.5,0.0,1.0518,0.0,3000,num,cat,cat,DeptDiversityScore,DepartmentType,is_terminated,True,True,1723,100.00000000000028
anova,1.0,0.0,0.0,1.0518,-0.0,3000,num,cat,cat,DeptDiversityScore,DepartmentType,PerfScore,False,False,1724,100.00000000000028
anova,1.0,0.0,0.0,1.0518,-0.0,3000,num,cat,cat,DeptDiversityScore,DepartmentType,PayZone_encoded,False,False,1725,100.00000000000028
chi2,0.0,7500.0,0.0,1.0518,0.0,3000,num,cat,cat,DeptDiversityScore,DepartmentType,is_minority_dept,True,True,1726,100.00000000000028
anova,1.0,0.0,0.0,1.0518,-0.0,3000,num,cat,cat,DeptDiversityScore,DepartmentType,SeniorityLevel,False,False,1727,100.00000000000028
anova,1.0,0.0,0.0,0.0,-0.0,3000,cat,num,cat,IntersectionalID,StartYear,PerfScore,False,False,1728,100.00000000000028
anova,1.0,0.0,0.0,0.0,-0.0,3000,cat,num,cat,IntersectionalID,StartYear,PayZone_encoded,False,False,1729,100.00000000000028
anova,1.0,0.0,0.0,0.0139,-0.0,3000,num,cat,cat,Age,GenderCode,PerfScore,False,False,1730,100.00000000000028
anova,1.0,0.0,0.0,0.0139,-0.0,3000,num,cat,cat,Age,GenderCode,SeniorityLevel,False,False,1731,100.00000000000028
anova,1.0,0.0,0.0,0.005,-0.0,3000,num,cat,cat,DeptGenderRatio,GenderCode,SeniorityLevel,False,False,1732,100.00000000000028
anova,1.0,0.0,0.0,1.0502,-0.0,3000,num,cat,cat,DeptGenderRatio,IntersectionalID,PayZone_encoded,False,False,1733,100.00000000000028
anova,1.0,0.0,0.0,0.0073,-0.0,3000,num,cat,cat,DeptGenderRatio,RaceDesc,PerfScore,False,False,1734,100.00000000000028
anova,1.0,0.0,0.0,0.0073,-0.0,3000,num,cat,cat,DeptGenderRatio,RaceDesc,PayZone_encoded,False,False,1735,100.00000000000028
anova,1.0,0.0,0.0,0.0073,-0.0,3000,num,cat,cat,DeptGenderRatio,RaceDesc,SeniorityLevel,False,False,1736,100.00000000000028
chi2,0.0,7306.5,0.0,1.0418,0.0,3000,num,cat,cat,DeptGenderRatio,DepartmentType,is_terminated,True,True,1737,100.00000000000028
anova,1.0,0.0,0.0,1.0418,-0.0,3000,num,cat,cat,DeptGenderRatio,DepartmentType,PerfScore,False,False,1738,100.00000000000028
logistic,1.0,0.0,0.0,0.0,-0.0,3000,num,num,cat,DeptGenderRatio,StartYear,is_terminated,False,False,1739,100.00000000000028
chi2,0.0,7500.0,0.0,1.0502,0.0,3000,num,cat,cat,DeptGenderRatio,IntersectionalID,is_minority_dept,True,True,1740,100.00000000000028
chi2,0.0,6000.0,0.0,1.6064,0.0,3000,cat,cat,cat,IntersectionalID,RaceDesc,is_terminated,True,True,1741,100.00000000000028
anova,1.0,0.0,0.0,0.0,-0.0,3000,num,cat,cat,Age,RaceDesc,PayZone_encoded,False,False,1742,100.00000000000028
pearson,0.0,0.9999,0.9999,4.268,0.0,3000,num,num,cat,TenureDays,TenureYears,PayZone_encoded,True,True,1743,100.00000000000028
anova,1.0,0.0,0.0,0.0034,-0.0,3000,cat,num,cat,OrgLevel,ExitYear,SeniorityLevel,False,False,1744,100.00000000000028
pearson,0.0,0.9999,0.9999,4.268,0.0,3000,num,num,cat,TenureDays,TenureYears,PerfScore,True,True,1745,100.00000000000028
chi2,1.0,0.0,0.0,0.0065,-0.0,3000,cat,cat,cat,OrgLevel,PerfScore,PerfScore,False,False,1746,100.00000000000028
logistic,1.0,0.0,0.0,4.268,-0.0,3000,num,num,cat,TenureDays,TenureYears,is_terminated,False,False,1747,100.00000000000028
anova,1.0,0.0,0.0,0.0304,-0.0,3000,num,cat,cat,Age,DepartmentType,SeniorityLevel,False,False,1748,100.00000000000028
anova,1.0,0.0,0.0,0.0304,-0.0,3000,num,cat,cat,Age,DepartmentType,PayZone_encoded,False,False,1749,100.00000000000028
chi2,1.0,0.0,0.0,0.0,-0.0,3000,cat,cat,cat,OrgLevel,GenderCode,is_terminated,False,False,1750,100.00000000000028
chi2,1.0,0.0,0.0,0.0,-0.0,3000,cat,cat,cat,OrgLevel,GenderCode,SeniorityLevel,False,False,1751,100.00000000000028
anova,1.0,0.0,0.0,0.0304,-0.0,3000,num,cat,cat,Age,DepartmentType,PerfScore,False,False,1752,100.00000000000028
anova,1.0,0.0,0.0,0.0,-0.0,3000,num,cat,cat,Age,RaceDesc,SeniorityLevel,False,False,1753,100.00000000000028
anova,1.0,0.0,0.0,0.0,-0.0,3000,num,cat,cat,Age,RaceDesc,PerfScore,False,False,1754,100.00000000000028
logistic,1.0,0.0,0.0,0.0047,-0.0,3000,num,num,cat,Age,TenureDays,is_terminated,False,False,1755,100.00000000000028
