EmpID,StartDate,ExitDate,JobFamily,Supervisor,BusinessUnit,EmployeeStatus,EmployeeType,PayZone,EmployeeClassificationType,TerminationType,TerminationDescription,DepartmentType,DivisionGroup,DOB,Region,JobFunctionGroup,GenderCode,LocationCode,RaceDesc,MaritalDesc,Performance Score,Current Employee Rating,IsActive,Age,TenureDays,SeniorityLevel
3427,2019-09-20,,Production,Peter Oneill,CCDR,Active,Contract,Zone C,Temporary,Unk,,Production       ,Finance,1969,Northeast,Finance & Analysis,Female,34904,White,Widowed,Fully Meets,4,True,55.73169062286105,2111,Entry
3428,2023-02-11,,Production,Renee Mccormick,EW,Active,Contract,Zone A,Part-Time,Unk,,Production       ,Field Engineering / Operations,,Northeast,Labor & Site Work,Male,6593,Hispanic,Widowed,Fully Meets,3,True,,871,Entry
3429,2018-12-10,,Sales,Crystal Walker,PL,Active,Full-Time,Zone B,Part-Time,Unk,,Sales,General Operations,1991,Northeast,Admin & Support,Male,2330,Hispanic,Widowed,Fully Meets,4,True,33.73579739904175,2395,Manager
3430,2021-06-21,,Sales,Rebekah Wright,CCDR,Active,Contract,Zone A,Full-Time,Unk,,Sales,Finance,1998,Midwest,Admin & Support,Male,58782,Other,Single,Fully Meets,2,True,27.241615331964407,1471,Manager
3431,2019-06-29,,Sales,Jason Kim,TNS,Active,Contract,Zone A,Temporary,Unk,,Sales,General Operations,,South,Labor & Site Work,Female,33174,Other,Married,Fully Meets,3,True,,2194,Manager
3432,2020-01-17,,Sales,Sheri Campos,BPC,Active,Contract,Zone B,Full-Time,Unk,,Sales,Field Engineering / Operations,1949,Northeast,Other,Male,6050,Black,Married,Fully Meets,3,True,76.24366872005476,1992,Manager
3433,2022-04-06,2023-07-03,Sales,Jacob Braun,WBL,Active,Full-Time,Zone B,Temporary,Involuntary,Me see picture nature degree benefit.,Sales,General Operations,1942,West,Field Operations,Female,90007,Hispanic,Divorced,Exceeds,4,False,83.00068446269678,453,Manager
3434,2020-11-06,2023-01-29,Sales,Tracy Marquez,CCDR,Active,Contract,Zone C,Full-Time,Involuntary,Blue community type skill story.,Sales,Field Engineering / Operations,1957,West,Engineering,Female,97756,White,Divorced,Fully Meets,2,False,68.31759069130733,814,Manager
3435,2018-08-18,,Sales,Sharon Becker,NEL,Active,Contract,Zone B,Part-Time,Unk,,Sales,Executive,,South,Executive & Leadership,Male,78789,Black,Widowed,Exceeds,3,True,,2509,Manager
3436,2022-01-21,2023-06-29,Sales,George Jenkins,BPC,Active,Part-Time,Zone B,Temporary,Resignation,Summer personal bag.,Sales,Field Engineering / Operations,1949,South,Engineering,Male,78207,Asian,Widowed,Fully Meets,5,False,75.63586584531143,524,Manager
3437,2023-08-04,,Sales,Troy White,SVG,Active,Contract,Zone B,Temporary,Unk,,Sales,Field Engineering / Operations,,Midwest,Field Operations,Female,46204,Other,Single,Fully Meets,5,True,,697,Manager
3438,2018-08-10,2019-11-04,Sales,Brian Miller,MSC,Active,Full-Time,Zone C,Temporary,Retirement,Alone once than. More condition pay far.,Sales,General Operations,1948,South,Field Operations,Female,30428,Asian,Married,Fully Meets,3,False,77.23477070499658,451,Manager
3439,2022-05-25,2022-11-27,Sales,Charles Parks,EW,Active,Full-Time,Zone A,Temporary,Involuntary,Foot in theory minute recognize test.,Sales,Field Engineering / Operations,,Other,Other,Male,80820,Other,Single,Fully Meets,3,False,,186,Manager
3440,2019-12-05,2023-02-17,Sales,Gregory Walker,CCDR,Active,Contract,Zone A,Full-Time,Resignation,Degree wish science when thing week old.,Sales,Finance,1951,South,Finance & Analysis,Female,40220,White,Divorced,Fully Meets,3,False,73.65092402464066,1170,Manager
3441,2019-04-28,,Sales,Tyler Lewis,BPC,Active,Part-Time,Zone A,Part-Time,Unk,,Sales,General Operations,,West,Field Operations,Male,89139,Asian,Widowed,Exceeds,4,True,,2256,Manager
3442,2019-07-09,2022-06-16,Sales,Ashley Scott,PYZ,Active,Full-Time,Zone A,Full-Time,Retirement,Fear particular method stage.,IT/IS,Field Engineering / Operations,,Northeast,Labor & Site Work,Male,2810,Black,Single,Exceeds,2,False,,1073,Manager
3443,2021-04-05,2023-05-12,Sales,Lauren Jones,WBL,Active,Full-Time,Zone C,Part-Time,Voluntary,Wall body wonder successful.,IT/IS,Project Management,1994,South,Project / Site Management,Male,2621,Asian,Widowed,Fully Meets,3,False,31.23066392881588,767,Manager
3444,2021-11-28,2022-02-04,Sales,Matthew Jackson,NEL,Active,Contract,Zone A,Part-Time,Voluntary,Visit foot nearly radio treatment.,Sales,Field Engineering / Operations,,South,Executive & Leadership,Male,44553,Other,Widowed,Fully Meets,3,False,,68,Manager
3445,2021-01-16,,Sales,Michelle Mitchell,PL,Active,Contract,Zone C,Full-Time,Unk,,Sales,Project Management,1985,South,Project / Site Management,Female,5360,Other,Married,Exceeds,4,True,39.564681724846,1627,Manager
3446,2021-08-24,,Sales,Sydney French,BPC,Active,Part-Time,Zone A,Part-Time,Unk,,Sales,Field Engineering / Operations,1996,South,Field Operations,Female,16325,White,Divorced,Exceeds,2,True,29.16632443531828,1407,Manager
3447,2020-05-26,2023-06-18,Sales,Michelle Evans MD,CCDR,Future Start,Part-Time,Zone C,Part-Time,Involuntary,Unit pass office southern break one.,Sales,General Operations,,South,Field Operations,Female,43481,Asian,Widowed,Fully Meets,3,False,,1118,Manager
3448,2019-10-01,2020-11-06,Sales,Patricia Cook,SVG,Future Start,Full-Time,Zone A,Temporary,Retirement,List class mind.,Sales,Field Engineering / Operations,1958,South,Other,Male,50705,Asian,Widowed,Fully Meets,3,False,67.13757700205339,402,Manager
3449,2023-05-10,2023-05-27,Sales,Ashley Reeves,EW,Future Start,Contract,Zone B,Temporary,Involuntary,Price third parent evening.,Sales,General Operations,,Other,Field Operations,Male,5168,Black,Single,Fully Meets,5,False,,17,Manager
3450,2020-09-01,2022-12-04,Sales,Stanley Harvey,MSC,Active,Contract,Zone C,Temporary,Resignation,Cause military a sense. Doctor property may.,Sales,Field Engineering / Operations,1994,Other,Field Operations,Male,11765,Other,Single,Exceeds,2,False,30.888432580424368,824,Manager
3451,2021-02-18,2022-11-11,Sales,Michael Bradshaw,TNS,Active,Contract,Zone C,Full-Time,Voluntary,Station another son positive.,Sales,General Operations,,Other,Field Operations,Male,71071,Other,Divorced,Exceeds,3,False,,631,Manager
3452,2022-11-08,,Sales,Debbie Crosby,PYZ,Active,Part-Time,Zone A,Part-Time,Unk,,Sales,General Operations,1947,Midwest,Project / Site Management,Male,12122,Black,Divorced,Fully Meets,2,True,78.48049281314168,966,Manager
3453,2022-10-13,,Sales,Elizabeth Taylor,WBL,Active,Contract,Zone C,Part-Time,Unk,,Sales,Field Engineering / Operations,1982,Northeast,Engineering,Male,87065,White,Widowed,Fully Meets,4,True,43.23340177960301,992,Manager
3454,2022-09-11,,Sales,Brian Dunlap,PYZ,Active,Full-Time,Zone C,Full-Time,Unk,,IT/IS,General Operations,,South,Project / Site Management,Male,10415,Hispanic,Married,Needs Improvement,4,True,,1024,Manager
3455,2021-06-29,2022-07-05,Sales,Daniel Rodriguez,WBL,Active,Full-Time,Zone C,Temporary,Resignation,Pm local take example fund. Small heavy listen.,Sales,Project Management,,South,Project / Site Management,Male,3763,Other,Widowed,Exceeds,4,False,,371,Manager
3456,2023-03-06,,Sales,Martin Hammond,NEL,Active,Full-Time,Zone A,Temporary,Unk,,Sales,Field Engineering / Operations,,South,Field Operations,Female,79623,Black,Divorced,Fully Meets,3,True,,848,Manager
3457,2020-09-25,,Sales,Sara Bell,PL,Active,Full-Time,Zone B,Temporary,Unk,,Sales,Field Engineering / Operations,,South,Field Operations,Female,69189,White,Divorced,Needs Improvement,3,True,,1740,Manager
3458,2022-04-28,2023-05-24,Sales,Elizabeth Anderson,BPC,Future Start,Contract,Zone A,Full-Time,Voluntary,Several young whether that expert.,Sales,Field Engineering / Operations,1996,South,Labor & Site Work,Female,5194,Hispanic,Single,Needs Improvement,3,False,28.88432580424367,391,Manager
3459,2021-04-18,2022-06-21,Sales,Erin Bailey,CCDR,Future Start,Part-Time,Zone A,Full-Time,Retirement,Science end approach democratic treatment.,Sales,General Operations,1944,South,Other,Male,8779,Black,Widowed,Exceeds,2,False,81.39082819986311,429,Manager
3460,2020-02-19,,Sales,Dennis Henderson,SVG,Active,Full-Time,Zone A,Full-Time,Unk,,Sales,Field Engineering / Operations,1944,South,Field Operations,Male,74682,Asian,Married,Fully Meets,3,True,81.38809034907598,1959,Manager
3461,2019-07-18,2021-10-01,Sales,Tammy Conner,EW,Future Start,Full-Time,Zone C,Part-Time,Resignation,Base scene central unit per argue. Might last of.,Sales,General Operations,,Other,Project / Site Management,Male,78046,Hispanic,Married,Needs Improvement,1,False,,806,Manager
3462,2018-09-13,2021-09-17,Sales,Brianna Mathews,MSC,Active,Contract,Zone A,Full-Time,Involuntary,Yourself book budget product.,Sales,Field Engineering / Operations,1942,Other,Project / Site Management,Male,27270,Hispanic,Divorced,Needs Improvement,3,False,82.89390828199863,1100,Manager
3463,2020-04-30,2021-07-18,Sales,Jessica Peters,TNS,Active,Part-Time,Zone A,Temporary,Retirement,Paper can score else investment.,Sales,Field Engineering / Operations,,Midwest,Field Operations,Male,12703,Hispanic,Single,Fully Meets,1,False,,444,Manager
3464,2018-12-03,2022-09-09,Sales,Mark Harris,PYZ,Active,Contract,Zone B,Full-Time,Involuntary,Stuff different color how.,Sales,Logistics / Maintenance,,Northeast,Maintenance & Logistics,Male,66835,Black,Widowed,Needs Improvement,5,False,,1376,Manager
3465,2021-11-08,,Sales,Elizabeth Tapia,WBL,Active,Full-Time,Zone B,Full-Time,Unk,,Sales,General Operations,1962,Northeast,Labor & Site Work,Male,66150,Asian,Divorced,Needs Improvement,3,True,63.4798083504449,1331,Manager
3466,2022-04-13,2023-04-10,Sales,Jon Holden,PYZ,Active,Part-Time,Zone C,Full-Time,Retirement,Sign figure employee card education.,IT/IS,Field Engineering / Operations,,South,Project / Site Management,Male,64288,Other,Married,Exceeds,4,False,,362,Manager
3467,2020-05-06,,Sales,Michael Odonnell,WBL,Active,Contract,Zone A,Part-Time,Unk,,Sales,Field Engineering / Operations,,South,Engineering,Female,94333,Asian,Divorced,Exceeds,1,True,,1882,Manager
3468,2019-09-09,,Sales,Andres Parker,NEL,Active,Contract,Zone B,Temporary,Unk,,Sales,Field Engineering / Operations,,South,Project / Site Management,Female,45453,Black,Single,Fully Meets,4,True,,2122,Manager
3469,2020-07-29,2023-01-05,Sales,James Berry,PL,Future Start,Contract,Zone B,Full-Time,Resignation,Right cut matter arrive difference.,Sales,Field Engineering / Operations,,South,Other,Female,81905,Asian,Divorced,Needs Improvement,3,False,,890,Manager
3470,2018-11-14,2019-10-28,Sales,Gail Ali,BPC,Future Start,Contract,Zone C,Part-Time,Retirement,Speak professor statement result.,Sales,Field Engineering / Operations,,South,Field Operations,Female,12491,Black,Married,Needs Improvement,3,False,,348,Manager
3471,2020-02-29,,Sales,John Marshall,CCDR,Active,Part-Time,Zone C,Temporary,Unk,,Sales,Field Engineering / Operations,1967,South,Project / Site Management,Male,64350,Asian,Married,Fully Meets,4,True,58.49144421629021,1949,Manager
3472,2023-01-15,,Sales,Jessica Chang,SVG,Active,Contract,Zone C,Full-Time,Unk,,Sales,Project Management,1982,South,Executive & Leadership,Male,74124,Other,Married,Exceeds,4,True,43.46611909650924,898,Manager
3473,2023-06-29,,Sales,Desiree Vang,EW,Active,Part-Time,Zone A,Temporary,Unk,,Sales,Logistics / Maintenance,1950,Other,Project / Site Management,Male,33379,Hispanic,Widowed,Exceeds,2,True,74.74880219028063,733,Manager
3474,2020-03-09,,Sales,Andrew Goodman,MSC,Active,Full-Time,Zone A,Temporary,Unk,,Sales,Field Engineering / Operations,,Other,Labor & Site Work,Male,34481,Other,Divorced,Fully Meets,2,True,,1940,Manager
3475,2021-09-21,2023-04-13,Sales,Rebecca Simpson,TNS,Active,Full-Time,Zone C,Temporary,Resignation,Expert challenge education air none money wide.,Sales,General Operations,,Midwest,Project / Site Management,Male,90406,Asian,Widowed,Fully Meets,2,False,,569,Manager
3476,2023-06-12,2023-07-06,Sales,Samantha Cardenas,PYZ,Active,Part-Time,Zone A,Temporary,Voluntary,Buy become improve guess business know.,Sales,Field Engineering / Operations,,Northeast,Engineering,Male,95774,Asian,Divorced,Needs Improvement,2,False,,24,Manager
3477,2019-04-07,,Sales,Nancy Johnson,PYZ,Active,Part-Time,Zone A,Full-Time,Unk,,IT/IS,Field Engineering / Operations,1969,South,Labor & Site Work,Female,16058,Asian,Widowed,Needs Improvement,2,True,55.57563312799452,2277,Manager
3478,2018-09-17,2019-01-09,Sales,Richard Hodges,WBL,Active,Full-Time,Zone C,Temporary,Resignation,Read family dark scene scene guess.,Sales,Field Engineering / Operations,1957,South,Labor & Site Work,Female,45149,Hispanic,Married,Fully Meets,2,False,67.72347707049965,114,Manager
3479,2022-08-02,2023-04-02,Sales,Madison Wilson,NEL,Active,Contract,Zone A,Part-Time,Involuntary,Somebody great could yet.,Sales,Project Management,,South,Field Operations,Female,96336,Hispanic,Widowed,Fully Meets,2,False,,243,Manager
3480,2022-09-08,2022-10-16,Sales,Eric King,PL,Future Start,Full-Time,Zone C,Temporary,Retirement,View vote contain within fight cup party war.,Sales,Field Engineering / Operations,1946,South,Project / Site Management,Female,75671,Black,Widowed,Fully Meets,1,False,78.89390828199863,38,Manager
3481,2019-03-07,2021-05-31,Sales,Brandon Harris,BPC,Future Start,Full-Time,Zone C,Part-Time,Voluntary,Buy house certain wrong research chair.,Sales,Field Engineering / Operations,1965,South,Other,Male,61149,Other,Widowed,Fully Meets,4,False,59.553730321697465,816,Manager
3482,2019-10-29,2021-02-07,Sales,Matthew Flores,CCDR,Future Start,Full-Time,Zone A,Temporary,Resignation,Miss onto none our discussion year.,Sales,Field Engineering / Operations,1990,South,Field Operations,Male,57302,Asian,Divorced,Needs Improvement,2,False,35.383983572895275,467,Manager
3483,2021-09-26,,Sales,Krystal Hamilton,SVG,Active,Part-Time,Zone B,Temporary,Unk,,Sales,Project Management,,Other,Project / Site Management,Male,42605,Asian,Widowed,Fully Meets,1,True,,1374,Manager
3484,2018-08-29,,Sales,Amber Hernandez,EW,Active,Part-Time,Zone B,Full-Time,Unk,,Sales,General Operations,,Other,Admin & Support,Male,64036,Other,Single,Fully Meets,4,True,,2498,Manager
3485,2021-10-26,,Sales,Patricia Smith,MSC,Active,Contract,Zone C,Full-Time,Unk,,Sales,Field Engineering / Operations,,Other,Labor & Site Work,Male,23173,White,Widowed,Fully Meets,5,True,,1344,Manager
3486,2022-10-31,2023-06-08,Sales,Victoria Krause,TNS,Active,Part-Time,Zone C,Temporary,Involuntary,Nature finish modern push former American.,Sales,Field Engineering / Operations,,Midwest,Engineering,Male,19665,Other,Widowed,Fully Meets,4,False,,220,Manager
3487,2023-03-15,,Sales,Jesse Hunt,BPC,Active,Contract,Zone B,Part-Time,Unk,,Sales,General Operations,1994,South,Admin & Support,Female,41161,Other,Divorced,Fully Meets,4,True,31.4113620807666,839,Manager
3488,2022-09-09,,Sales,Shane Jones,CCDR,Active,Contract,Zone B,Full-Time,Unk,,Sales,Field Engineering / Operations,1997,South,Field Operations,Female,52499,Asian,Single,Fully Meets,2,True,27.633127994524298,1026,Manager
3489,2022-03-04,,Sales,Jessica Murphy,EW,Active,Part-Time,Zone A,Temporary,Unk,,Sales,Field Engineering / Operations,1953,South,Labor & Site Work,Female,25634,Black,Divorced,Fully Meets,2,True,72.16427104722793,1215,Manager
3490,2019-02-11,,Sales,Crystal Wallace,MSC,Active,Part-Time,Zone A,Part-Time,Unk,,Sales,General Operations,1991,South,Executive & Leadership,Female,37965,Hispanic,Divorced,Fully Meets,2,True,33.97672826830938,2332,Manager
3491,2021-01-26,,Sales,Tina Nelson,NEL,Active,Contract,Zone B,Full-Time,Unk,,Sales,Field Engineering / Operations,1973,South,Other,Male,39504,White,Widowed,Fully Meets,5,True,52.07939767282683,1617,Manager
3492,2019-11-26,,Sales,Ashley Smith,PL,Active,Full-Time,Zone C,Full-Time,Unk,,Sales,General Operations,1993,Other,Admin & Support,Male,31676,Asian,Married,Fully Meets,1,True,32.47638603696099,2044,Manager
3493,2019-07-15,,Sales,Eric Taylor,PYZ,Active,Full-Time,Zone C,Full-Time,Unk,,Sales,Project Management,,Other,Project / Site Management,Male,28784,Asian,Widowed,Fully Meets,5,True,,2178,Manager
3494,2020-06-18,,Sales,Jacob Snyder,SVG,Active,Contract,Zone B,Full-Time,Unk,,Sales,General Operations,1994,Other,Field Operations,Male,90983,Black,Single,Fully Meets,4,True,31.392197125256672,1839,Manager
3495,2023-06-22,2023-07-22,Sales,Daniel Cabrera,TNS,Active,Part-Time,Zone B,Temporary,Retirement,Night company image able suggest.,Sales,Field Engineering / Operations,,Midwest,Labor & Site Work,Male,1115,Other,Married,Fully Meets,4,False,,30,Manager
3496,2021-12-02,,Sales,Barbara Garcia,WBL,Active,Contract,Zone A,Part-Time,Unk,,Sales,General Operations,,West,Admin & Support,Male,72233,Other,Widowed,Fully Meets,5,True,,1307,Manager
3497,2021-12-08,,Sales,Kendra Murray,TNS,Active,Part-Time,Zone C,Temporary,Unk,,Sales,Project Management,,West,Field Operations,Female,58210,Hispanic,Widowed,Fully Meets,1,True,,1301,Manager
3498,2023-04-26,2023-06-22,Sales,Peter Harvey,PYZ,Active,Full-Time,Zone A,Full-Time,Voluntary,About allow article. For gas player magazine.,Sales,General Operations,,South,Labor & Site Work,Female,36087,White,Widowed,Fully Meets,2,False,,57,Manager
3499,2018-09-25,2021-12-20,Sales,Patrick Daniel,WBL,Active,Part-Time,Zone C,Temporary,Involuntary,Seem hand dog. Us six beyond place fund well.,Sales,Field Engineering / Operations,,South,Field Operations,Female,61457,Asian,Widowed,Fully Meets,5,False,,1182,Manager
3500,2018-11-20,2020-06-21,Sales,Bryan Douglas,NEL,Active,Full-Time,Zone B,Part-Time,Voluntary,Game hour boy not write somebody owner.,Sales,Logistics / Maintenance,,South,Maintenance & Logistics,Female,80424,White,Divorced,Fully Meets,1,False,,579,Manager
3501,2020-08-30,2022-08-30,Sales,Destiny Hopkins,PL,Future Start,Part-Time,Zone A,Part-Time,Retirement,Worker medical commercial participant tough leg.,Sales,General Operations,,South,Field Operations,Male,6240,Other,Widowed,Fully Meets,4,False,,730,Manager
3502,2019-10-01,,Sales,Angela Morris,BPC,Active,Full-Time,Zone C,Temporary,Unk,,Sales,Field Engineering / Operations,,South,Other,Male,49914,White,Married,Fully Meets,1,True,,2100,Manager
3503,2022-01-20,,Sales,Erica Franklin,CCDR,Active,Part-Time,Zone A,Temporary,Unk,,Sales,Project Management,,Other,Project / Site Management,Male,71319,Other,Single,Fully Meets,4,True,,1258,Manager
3504,2021-10-10,,Sales,Gabriela Orr,SVG,Active,Full-Time,Zone B,Part-Time,Unk,,Sales,General Operations,,Other,Labor & Site Work,Male,27992,Hispanic,Married,Fully Meets,2,True,,1360,Manager
3505,2020-08-29,,Sales,Michael Wilkins,EW,Active,Contract,Zone B,Temporary,Unk,,Sales,Field Engineering / Operations,,Midwest,Labor & Site Work,Male,72324,Hispanic,Widowed,Fully Meets,1,True,,1767,Manager
3506,2019-08-27,2023-05-10,Sales,Jordan Vega,MSC,Active,Full-Time,Zone B,Temporary,Voluntary,Fund nor half early miss follow.,Sales,Field Engineering / Operations,1988,Midwest,Field Operations,Male,38740,Other,Married,Fully Meets,2,False,36.98562628336756,1352,Manager
3507,2021-02-25,2023-04-07,Sales,John Miller,TNS,Active,Full-Time,Zone A,Full-Time,Retirement,Line later deal stand sometimes too mind.,Sales,Project Management,,West,Project / Site Management,Male,9437,White,Single,Fully Meets,4,False,,771,Manager
3508,2021-07-13,,Sales,Trevor Adkins,CCDR,Active,Full-Time,Zone B,Part-Time,Unk,,Sales,Field Engineering / Operations,,West,Labor & Site Work,Male,9385,Asian,Single,Fully Meets,5,True,,1449,Manager
3509,2021-04-14,,Sales,Marcus Hunt,BPC,Active,Part-Time,Zone C,Full-Time,Unk,,Sales,General Operations,1977,South,Project / Site Management,Female,75993,Black,Married,Fully Meets,2,True,47.65503080082136,1539,Manager
3510,2020-02-10,,Sales,Jennifer King,PYZ,Active,Part-Time,Zone A,Full-Time,Unk,,Sales,General Operations,,South,Labor & Site Work,Female,65329,Hispanic,Married,Fully Meets,2,True,,1968,Manager
3511,2021-08-17,2021-12-31,Sales,Shawn Dudley,WBL,Active,Part-Time,Zone B,Full-Time,Resignation,Tell paper every.,Sales,Finance,,South,Executive & Leadership,Female,41111,Asian,Divorced,Fully Meets,4,False,,136,Manager
3512,2023-04-17,2023-06-22,Sales,Lindsay Chang,NEL,Future Start,Contract,Zone C,Temporary,Voluntary,Why sport must page bad.,Sales,Logistics / Maintenance,,South,Project / Site Management,Female,58860,Black,Single,Fully Meets,2,False,,66,Manager
3513,2022-09-02,2023-05-24,Sales,Sharon Ruiz,PL,Future Start,Contract,Zone C,Temporary,Involuntary,Something sense information final building.,Sales,General Operations,,South,Labor & Site Work,Male,93051,Other,Married,Fully Meets,5,False,,264,Manager
3514,2020-04-15,,Sales,April Randolph,BPC,Active,Full-Time,Zone B,Part-Time,Unk,,Sales,Field Engineering / Operations,1958,South,Project / Site Management,Male,17419,Asian,Married,Fully Meets,1,True,67.49075975359342,1903,Manager
3515,2022-03-09,2022-12-10,Sales,Mary Reilly,CCDR,Future Start,Part-Time,Zone A,Part-Time,Retirement,School see rest firm I.,Sales,Finance,,Other,Finance & Analysis,Male,59593,White,Single,Fully Meets,4,False,,276,Manager
3516,2022-04-07,2023-01-22,Sales,Eric Goodman,SVG,Active,Contract,Zone B,Part-Time,Retirement,Source doctor rock group this.,Sales,Project Management,,Other,Project / Site Management,Male,96350,Asian,Divorced,Fully Meets,5,False,,290,Manager
3517,2020-02-19,,Sales,Caleb Schneider,EW,Active,Part-Time,Zone A,Part-Time,Unk,,Sales,Field Engineering / Operations,1942,Midwest,Other,Male,44469,Hispanic,Widowed,Fully Meets,4,True,83.4880219028063,1959,Manager
3518,2021-04-10,2022-07-04,Sales,Cheryl Henry,MSC,Active,Contract,Zone B,Part-Time,Involuntary,Little imagine career he produce program.,Sales,General Operations,,West,Project / Site Management,Female,13249,Hispanic,Married,Fully Meets,2,False,,450,Manager
3519,2021-12-19,2022-03-02,Sales,Dan Hernandez,TNS,Active,Part-Time,Zone C,Temporary,Resignation,Your very trip successful memory to while out.,Sales,Field Engineering / Operations,,West,Labor & Site Work,Male,17123,Hispanic,Widowed,Fully Meets,2,False,,73,Manager
3520,2020-12-13,2023-01-13,Sales,Teresa Daniel,TNS,Active,Full-Time,Zone C,Temporary,Involuntary,Red some option.,Sales,Project Management,1963,Midwest,Project / Site Management,Female,18983,Black,Divorced,Fully Meets,1,False,62.33538672142368,761,Manager
3521,2019-02-26,,Sales,Melissa Decker,WBL,Active,Contract,Zone C,Part-Time,Unk,,Sales,General Operations,,South,Other,Female,51795,Asian,Divorced,Fully Meets,4,True,,2317,Manager
3522,2020-03-02,,Sales,Michael Nguyen,BPC,Active,Full-Time,Zone C,Part-Time,Unk,,Sales,Field Engineering / Operations,1983,South,Other,Female,34369,Other,Single,Fully Meets,1,True,41.71937029431896,1947,Manager
3523,2021-06-25,2022-08-25,Sales,Tony Mcconnell,CCDR,Active,Full-Time,Zone A,Temporary,Resignation,Theory grow future week house.,Sales,General Operations,,South,Labor & Site Work,Female,23092,Other,Single,Fully Meets,2,False,,426,Manager
3524,2021-07-26,2022-05-04,Sales,Adam Gibson,EW,Future Start,Contract,Zone B,Full-Time,Resignation,Inside week also so.,Sales,Field Engineering / Operations,1999,South,Labor & Site Work,Male,6074,Asian,Divorced,Fully Meets,2,False,25.637234770705,282,Manager
3525,2022-07-03,2023-01-10,Sales,Stephanie Duke,MSC,Future Start,Contract,Zone B,Temporary,Retirement,Surface vote old picture.,Sales,General Operations,,South,Project / Site Management,Male,72264,Hispanic,Single,Fully Meets,2,False,,191,Manager
3526,2022-09-15,,Sales,Paige Flores MD,NEL,Active,Full-Time,Zone B,Full-Time,Unk,,Sales,General Operations,,South,Project / Site Management,Male,28282,White,Widowed,Fully Meets,4,True,,1020,Manager
3527,2020-05-01,2021-02-25,Sales,Hannah Snyder,PL,Active,Full-Time,Zone B,Temporary,Retirement,Especially thing recognize year fine shoulder.,Sales,Field Engineering / Operations,,Other,Field Operations,Male,46645,Black,Married,Fully Meets,1,False,,300,Manager
3528,2022-10-13,,Sales,William Ayala,PYZ,Active,Full-Time,Zone C,Part-Time,Unk,,Sales,Finance,,Other,Finance & Analysis,Male,10790,Hispanic,Widowed,Fully Meets,2,True,,992,Manager
3529,2020-01-03,2020-08-24,Sales,Samuel Moore,SVG,Active,Part-Time,Zone C,Full-Time,Voluntary,Camera spring color about energy provide claim.,Sales,Field Engineering / Operations,,Midwest,Other,Male,67282,Hispanic,Single,Fully Meets,2,False,,234,Manager
3530,2019-11-13,,Sales,Jenna Weaver,TNS,Active,Full-Time,Zone B,Part-Time,Unk,,Sales,Field Engineering / Operations,,West,Field Operations,Female,62321,Black,Widowed,Fully Meets,2,True,,2057,Manager
3531,2023-06-17,,Sales,Dylan Blake,WBL,Active,Full-Time,Zone C,Full-Time,Unk,,Sales,Project Management,,West,Project / Site Management,Male,18409,Black,Divorced,Fully Meets,1,True,,745,Manager
3532,2021-10-14,,Sales,Monique Anderson,EW,Active,Part-Time,Zone B,Full-Time,Unk,,IT/IS,Other,,West,Field Operations,Female,40306,Black,Widowed,Fully Meets,1,True,,1356,Manager
3533,2021-06-01,2023-07-16,Sales,Kelsey Gibson,MSC,Active,Contract,Zone B,Full-Time,Voluntary,Pass language out side age evidence.,Sales,General Operations,1966,Midwest,Admin & Support,Male,65183,White,Married,Fully Meets,2,False,58.63381245722108,775,Manager
3534,2018-09-14,,Sales,Sonia Diaz,TNS,Active,Full-Time,Zone A,Full-Time,Unk,,Sales,Field Engineering / Operations,,South,Engineering,Female,97002,Asian,Single,Fully Meets,4,True,,2482,Manager
3535,2018-12-11,2022-06-02,Sales,Brian Morton,PYZ,Active,Full-Time,Zone A,Temporary,Retirement,Popular west moment natural step activity.,Sales,Field Engineering / Operations,1994,South,Engineering,Female,29811,Black,Single,Fully Meets,4,False,31.408624229979463,1269,Manager
3536,2022-08-06,,Sales,Thomas Holmes,WBL,Active,Contract,Zone C,Temporary,Unk,,Sales,General Operations,1989,South,Admin & Support,Female,89169,Black,Single,Fully Meets,2,True,36.492813141683776,1060,Manager
3537,2022-05-28,2023-02-24,Sales,Dawn Perez,NEL,Future Start,Contract,Zone C,Part-Time,Retirement,Manager lead both sing.,Sales,Field Engineering / Operations,1954,South,Project / Site Management,Male,63882,Hispanic,Married,Fully Meets,2,False,70.97330595482546,272,Manager
3538,2019-06-16,2022-03-05,Sales,Diane Parker,PL,Future Start,Part-Time,Zone C,Part-Time,Resignation,And after why station much cell low.,Sales,Field Engineering / Operations,,South,Engineering,Male,62328,Asian,Widowed,Fully Meets,2,False,,993,Manager
3539,2019-12-08,,Sales,John Johnson,BPC,Active,Full-Time,Zone C,Temporary,Unk,,Sales,General Operations,,Other,Project / Site Management,Male,74448,Hispanic,Single,Fully Meets,5,True,,2032,Manager
3540,2020-03-12,2022-10-09,Sales,Dakota Robinson,CCDR,Active,Full-Time,Zone B,Part-Time,Retirement,American rule surface very figure.,Sales,Field Engineering / Operations,1983,Other,Project / Site Management,Male,18721,White,Widowed,Exceeds,4,False,42.06160164271047,941,Manager
3541,2020-04-06,2023-07-24,Sales,Melanie Garcia,SVG,Active,Full-Time,Zone B,Full-Time,Involuntary,Read stand western white article campaign dog.,Sales,Field Engineering / Operations,,Midwest,Field Operations,Male,78938,Black,Married,Exceeds,2,False,,1204,Manager
3542,2023-04-15,,Sales,Amanda Knight,EW,Active,Contract,Zone A,Temporary,Unk,,Sales,Field Engineering / Operations,1948,Midwest,Project / Site Management,Male,45456,White,Married,Needs Improvement,1,True,77.33333333333333,808,Manager
3543,2020-11-10,,Sales,Kimberly Cardenas,MSC,Active,Part-Time,Zone A,Temporary,Unk,,Sales,General Operations,,West,Labor & Site Work,Female,45509,Black,Single,Fully Meets,2,True,,1694,Manager
3544,2023-06-29,2023-07-09,Sales,Laura Salinas,TNS,Active,Contract,Zone A,Temporary,Retirement,Political likely land country.,Sales,Field Engineering / Operations,,West,Project / Site Management,Male,13902,Asian,Single,Fully Meets,2,False,,10,Manager
3545,2022-03-07,,Sales,Andres Jones,EW,Active,Full-Time,Zone C,Temporary,Unk,,IT/IS,Field Engineering / Operations,,West,Other,Female,9733,Black,Widowed,Fully Meets,1,True,,1212,Manager
3546,2021-07-31,2023-01-27,Sales,Jeffrey Huffman,CCDR,Active,Full-Time,Zone B,Part-Time,Voluntary,Baby million million soldier.,Sales,General Operations,,Midwest,Project / Site Management,Male,35786,Hispanic,Widowed,Exceeds,1,False,,545,Manager
3547,2022-01-20,,Sales,Sara Edwards,BPC,Active,Contract,Zone B,Full-Time,Unk,,Sales,Project Management,,South,Project / Site Management,Female,1919,Other,Married,Needs Improvement,2,True,,1258,Manager
3548,2021-07-11,2022-10-10,Sales,Stephen Garcia,WBL,Active,Part-Time,Zone A,Full-Time,Resignation,Bit reveal forget the.,Sales,General Operations,,South,Field Operations,Female,40135,White,Single,Fully Meets,1,False,,456,Manager
3549,2018-10-15,2020-10-18,Sales,Tracy Castro MD,TNS,Active,Full-Time,Zone C,Full-Time,Retirement,Fact southern recognize themselves type mean.,Sales,Field Engineering / Operations,,South,Field Operations,Female,72975,Black,Divorced,Fully Meets,2,False,,734,Manager
3550,2021-11-26,2022-10-14,Sales,Jennifer Hicks,SVG,Future Start,Part-Time,Zone C,Temporary,Resignation,Will person decade Republican.,Sales,Field Engineering / Operations,,South,Finance & Analysis,Male,57754,White,Divorced,Fully Meets,1,False,,322,Manager
3551,2018-08-11,,Sales,Victoria Bailey,PYZ,Active,Part-Time,Zone C,Part-Time,Unk,,Sales,Field Engineering / Operations,1954,South,Engineering,Male,81142,Black,Married,Needs Improvement,4,True,70.99247091033538,2516,Manager
3552,2020-02-16,2020-06-03,Sales,Maria Chan,PL,Active,Full-Time,Zone B,Full-Time,Retirement,Stand possible truth bank on meet daughter.,Sales,Field Engineering / Operations,1942,Other,Project / Site Management,Male,28714,White,Single,Needs Improvement,1,False,82.88843258042436,108,Manager
3553,2020-01-20,,Sales,Regina Martinez,NEL,Active,Contract,Zone C,Temporary,Unk,,Sales,Field Engineering / Operations,1949,Other,Project / Site Management,Male,50379,Black,Divorced,Fully Meets,4,True,76.15058179329226,1989,Manager
3554,2019-03-31,,Sales,Tonya Martin,MSC,Active,Part-Time,Zone C,Temporary,Unk,,Sales,HR / People Services,,Midwest,Other,Male,78385,Asian,Widowed,Fully Meets,1,True,,2284,Manager
3555,2023-01-06,2023-05-07,Sales,Daniel Wolf,EW,Active,Full-Time,Zone C,Temporary,Resignation,Choose list of all nor stock.,Sales,General Operations,1988,Midwest,Engineering,Female,48104,Hispanic,Widowed,Fully Meets,4,False,37.47022587268994,121,Manager
3556,2019-07-18,2020-01-15,Sales,Sarah Petersen,CCDR,Active,Full-Time,Zone B,Temporary,Retirement,Community material much behind.,Sales,Field Engineering / Operations,,West,Executive & Leadership,Male,86009,White,Single,Exceeds,2,False,,181,Manager
3557,2019-02-13,,Sales,Victoria Christian DDS,BPC,Active,Part-Time,Zone C,Temporary,Unk,,Sales,Field Engineering / Operations,1960,Northeast,Field Operations,Male,68837,Other,Single,Fully Meets,2,True,65.06776180698152,2330,Manager
3558,2018-12-30,,Production,Erin Moore,MSC,Active,Part-Time,Zone A,Part-Time,Unk,,Production       ,Logistics / Maintenance,1959,Northeast,Project / Site Management,Female,2145,Black,Single,Fully Meets,1,True,66.07529089664614,2375,Entry
3559,2019-11-06,2020-09-06,Production,Andrea Gutierrez,NEL,Active,Part-Time,Zone C,Full-Time,Retirement,Age approach seek person across yes care.,Production       ,Field Engineering / Operations,,Northeast,Admin & Support,Male,1960,White,Single,Fully Meets,2,False,,305,Entry
3560,2022-06-01,,Production,Wanda Ross DDS,MSC,Active,Contract,Zone C,Full-Time,Unk,,Production       ,Field Engineering / Operations,,Northeast,Field Operations,Female,2127,Asian,Divorced,Exceeds,4,True,,1126,Entry
3561,2023-03-28,,Production,Steven King,BPC,Active,Part-Time,Zone C,Temporary,Unk,,Production       ,General Operations,,Northeast,Field Operations,Female,2171,White,Married,Fully Meets,5,True,,826,Mid
3562,2019-05-21,2023-01-05,Production,Stephen Rodriguez,CCDR,Future Start,Contract,Zone B,Full-Time,Retirement,Whom summer common produce despite follow.,Production       ,Logistics / Maintenance,1954,Northeast,Project / Site Management,Female,1821,Other,Single,Exceeds,2,False,71.22792607802874,1325,Entry
3563,2019-01-01,,Production,Patricia Carter,WBL,Active,Contract,Zone B,Full-Time,Unk,,Production       ,Field Engineering / Operations,,Northeast,Other,Male,2148,Black,Widowed,PIP,4,True,,2373,Entry
3564,2019-01-26,2020-12-02,Production,Diana Johnson,SVG,Voluntarily Terminated,Full-Time,Zone C,Temporary,Resignation,Week degree party available measure.,Production       ,Field Engineering / Operations,1994,Northeast,Field Operations,Female,2122,White,Divorced,Fully Meets,1,False,30.647501711156742,676,Mid
3565,2021-09-11,,Production,Diana Good,WBL,Active,Part-Time,Zone B,Full-Time,Unk,,Production       ,General Operations,1968,Northeast,Field Operations,Male,1887,Other,Divorced,Fully Meets,4,True,57.14168377823409,1389,Entry
3566,2021-09-26,,Production,Desiree Stephens,PL,Active,Part-Time,Zone A,Part-Time,Unk,,Production       ,Field Engineering / Operations,1963,Northeast,Field Operations,Male,1460,Black,Single,Fully Meets,2,True,61.738535249828885,1374,Mid
3567,2023-03-04,,Production,Debra Garcia,EW,Active,Full-Time,Zone C,Full-Time,Unk,,Production       ,General Operations,1966,Northeast,Field Operations,Male,2747,Asian,Widowed,Fully Meets,4,True,58.82819986310746,850,Entry
3568,2023-07-11,2023-07-29,Production,Susan Brown,EW,Voluntarily Terminated,Full-Time,Zone B,Part-Time,Involuntary,Couple really very hear.,Production       ,Field Engineering / Operations,1974,Northeast,Project / Site Management,Male,2478,Asian,Divorced,Fully Meets,2,False,50.56262833675565,18,Entry
3569,2019-02-09,2020-08-28,Production,Margaret Hampton,MSC,Active,Part-Time,Zone B,Temporary,Involuntary,Trial little must kitchen recently.,Production       ,Field Engineering / Operations,,Northeast,Project / Site Management,Female,2763,Hispanic,Divorced,Fully Meets,2,False,,566,Entry
3570,2019-04-19,2021-10-26,Production,Brandon Miller,TNS,Voluntarily Terminated,Full-Time,Zone B,Temporary,Voluntary,Change instead determine share far leg ground.,Production       ,Field Engineering / Operations,,Northeast,Engineering,Female,2445,Asian,Married,Fully Meets,1,False,,921,Mid
3571,2022-07-07,2023-07-17,Production,Dr. Matthew Schmitt,NEL,Voluntarily Terminated,Part-Time,Zone C,Full-Time,Resignation,Heavy throughout program.,Production       ,Field Engineering / Operations,,Northeast,Engineering,Female,1886,White,Widowed,Fully Meets,4,False,,375,Entry
3572,2019-03-12,2020-05-19,Production,Shawn Berry,WBL,Active,Contract,Zone A,Part-Time,Retirement,Where first Mr remember crime.,Production       ,Field Engineering / Operations,1994,Northeast,Engineering,Male,2747,White,Single,Fully Meets,5,False,31.066392881587955,434,Entry
3573,2020-03-09,2021-10-17,Production,Brittany Martin,NEL,Active,Contract,Zone B,Full-Time,Involuntary,Cup purpose hundred region similar.,Production       ,Field Engineering / Operations,,Northeast,Field Operations,Female,2346,Asian,Divorced,Exceeds,4,False,,587,Entry
3574,2021-05-18,2022-01-04,Production,Timothy Weaver,WBL,Future Start,Contract,Zone B,Full-Time,Involuntary,News quite number answer program.,Production       ,Field Engineering / Operations,1951,Northeast,Labor & Site Work,Female,2124,Hispanic,Widowed,Fully Meets,1,False,74.15468856947297,231,Entry
3575,2021-04-28,2022-01-18,Production,Amanda Smith,MSC,Voluntarily Terminated,Part-Time,Zone A,Temporary,Resignation,Big large training region.,Production       ,Field Engineering / Operations,1987,Northeast,Labor & Site Work,Male,2445,Hispanic,Single,Exceeds,5,False,38.32443531827516,265,Entry
3576,2021-07-21,2023-04-26,Production,Marc Cummings,PL,Active,Full-Time,Zone B,Full-Time,Voluntary,Reflect off growth mouth have.,Production       ,Field Engineering / Operations,,Northeast,Project / Site Management,Female,2133,Asian,Single,Exceeds,4,False,,644,Mid
3577,2019-09-15,,Production,James Rodriguez,BPC,Active,Part-Time,Zone C,Temporary,Unk,,Production       ,Field Engineering / Operations,,Northeast,Field Operations,Male,2129,White,Widowed,Fully Meets,4,True,,2116,Entry
3578,2019-05-04,,Production,Elizabeth Sullivan MD,WBL,Active,Full-Time,Zone A,Temporary,Unk,,Production       ,Field Engineering / Operations,,Northeast,Field Operations,Male,1760,Hispanic,Married,Exceeds,2,True,,2250,Entry
3579,2021-05-20,,Production,Sean Marsh,BPC,Active,Full-Time,Zone C,Part-Time,Unk,,Production       ,Field Engineering / Operations,,Northeast,Labor & Site Work,Female,1851,Asian,Widowed,Needs Improvement,4,True,,1503,Mid
3580,2019-12-16,,Production,Kathryn Wilkinson,PYZ,Active,Full-Time,Zone C,Full-Time,Unk,,Production       ,Field Engineering / Operations,,Northeast,Project / Site Management,Male,41016,Other,Married,Fully Meets,4,True,,2024,Entry
3581,2020-11-20,2023-05-01,Production,Paul Walker,SVG,Active,Full-Time,Zone A,Part-Time,Voluntary,Memory high then mind concern carry level life.,Production       ,Field Engineering / Operations,1943,Northeast,Project / Site Management,Male,18389,Other,Divorced,Fully Meets,2,False,82.31622176591375,892,Entry
3582,2020-08-19,2022-05-04,Production,Elizabeth Robertson,TNS,Active,Part-Time,Zone B,Part-Time,Retirement,Other might rise today.,Production       ,Logistics / Maintenance,1968,Northeast,Labor & Site Work,Male,90676,Asian,Widowed,Fully Meets,4,False,56.89253935660506,623,Entry
3583,2021-04-28,2022-04-18,Production,Tasha Mayer,WBL,Active,Full-Time,Zone C,Temporary,Retirement,Others those data before major how.,Production       ,Field Engineering / Operations,,Northeast,Project / Site Management,Female,16011,White,Married,Needs Improvement,4,False,,355,Entry
3584,2020-08-14,,Production,Chris Walker,BPC,Active,Contract,Zone C,Full-Time,Unk,,Production       ,Field Engineering / Operations,1987,Northeast,Field Operations,Female,2051,Other,Married,Fully Meets,4,True,37.64818617385352,1782,Entry
3585,2021-12-22,,Production,Traci Floyd,CCDR,Active,Full-Time,Zone A,Full-Time,Unk,,Production       ,Logistics / Maintenance,,Northeast,Labor & Site Work,Female,3074,Black,Divorced,Fully Meets,4,True,,1287,Entry
3586,2019-02-01,2019-02-10,Production,Veronica Wiley,EW,Active,Part-Time,Zone B,Full-Time,Resignation,Identify next game leader.,Production       ,HR / People Services,,Northeast,Project / Site Management,Female,24711,Hispanic,Single,Fully Meets,2,False,,9,Entry
3587,2021-05-10,2021-12-17,Production,Katherine Gay,MSC,Active,Full-Time,Zone B,Temporary,Resignation,Society red to able.,Production       ,General Operations,,Northeast,Admin & Support,Male,74564,Other,Divorced,Fully Meets,2,False,,221,Entry
3588,2019-06-25,2019-08-15,Production,Paul Lopez,NEL,Active,Full-Time,Zone C,Full-Time,Retirement,Everybody no four arrive major ten culture.,Production       ,Logistics / Maintenance,1972,Northeast,Maintenance & Logistics,Male,14504,Black,Widowed,Fully Meets,2,False,53.31416837782341,51,Entry
3589,2019-04-25,,Production,Jay Bush,PL,Active,Contract,Zone B,Temporary,Unk,,Production       ,Field Engineering / Operations,1951,Northeast,Labor & Site Work,Male,2683,White,Single,Fully Meets,1,True,73.91375770020534,2259,Entry
3590,2021-02-25,2022-10-13,Production,Jessica Allen,PYZ,Future Start,Part-Time,Zone C,Full-Time,Retirement,Country as dream project office.,Production       ,Field Engineering / Operations,,Northeast,Labor & Site Work,Male,66167,Asian,Widowed,Fully Meets,4,False,,595,Entry
3591,2021-11-23,2023-05-29,Production,Dr. William Thompson,SVG,Future Start,Contract,Zone B,Part-Time,Voluntary,Quality decade director.,Production       ,Field Engineering / Operations,,Northeast,Project / Site Management,Female,21634,White,Married,Needs Improvement,5,False,,552,Entry
3592,2021-10-05,2022-06-18,Production,Mrs. Audrey Gonzalez DDS,TNS,Future Start,Contract,Zone B,Full-Time,Voluntary,Particular network available hospital.,Production       ,Field Engineering / Operations,,Northeast,Field Operations,Male,9454,Other,Single,Fully Meets,3,False,,256,Entry
3593,2020-05-30,,Production,Ashley Bradshaw,WBL,Active,Contract,Zone A,Full-Time,Unk,,Production       ,General Operations,1949,Northeast,Project / Site Management,Male,48453,Asian,Married,Fully Meets,1,True,75.63586584531143,1858,Entry
3594,2018-12-11,,Production,Ashley Meyer,PYZ,Active,Part-Time,Zone B,Part-Time,Unk,,Production       ,Field Engineering / Operations,,Northeast,Field Operations,Male,72888,Black,Married,Needs Improvement,1,True,,2394,Entry
3595,2020-09-22,2022-09-14,Production,Nicole Delgado,WBL,Active,Contract,Zone A,Temporary,Resignation,Dark meeting play room head join truth involve.,Production       ,Field Engineering / Operations,1952,Northeast,Field Operations,Male,56703,Other,Divorced,Fully Meets,1,False,73.3305954825462,722,Entry
3596,2019-07-28,,Production,John Henry,NEL,Active,Part-Time,Zone C,Full-Time,Unk,,Production       ,Field Engineering / Operations,,Northeast,Field Operations,Male,33998,Other,Single,Needs Improvement,2,True,,2165,Entry
3597,2020-06-06,2021-04-14,Production,Autumn Decker,PYZ,Future Start,Contract,Zone C,Part-Time,Retirement,Democrat themselves deal future early.,Production       ,General Operations,,Northeast,Project / Site Management,Female,17650,Black,Single,Fully Meets,1,False,,312,Mid
3598,2018-09-28,2023-08-05,Production,Alex Moore,SVG,Voluntarily Terminated,Part-Time,Zone A,Full-Time,Resignation,Majority executive plan imagine.,Production       ,Project Management,1950,Northeast,Project / Site Management,Female,72750,Other,Married,Needs Improvement,1,False,74.73511293634498,1772,Mid
3599,2020-04-12,,Production,Dana Smith,TNS,Active,Part-Time,Zone A,Temporary,Unk,,Production       ,General Operations,,Northeast,Field Operations,Female,14044,White,Divorced,Fully Meets,2,True,,1906,Mid
3600,2022-11-01,,Production,Bobby Serrano,WBL,Active,Contract,Zone B,Temporary,Unk,,Production       ,Field Engineering / Operations,1949,Northeast,Field Operations,Female,34810,White,Single,Fully Meets,2,True,75.73169062286105,973,Mid
3601,2022-11-21,,Production,Robert Riley,BPC,Active,Part-Time,Zone B,Full-Time,Unk,,Production       ,Field Engineering / Operations,,Northeast,Finance & Analysis,Female,75187,White,Married,Fully Meets,5,True,,953,Mid
3602,2021-04-11,2023-05-24,Production,Crystal Mcneil,CCDR,Voluntarily Terminated,Full-Time,Zone B,Part-Time,Involuntary,Quality audience deal assume.,Production       ,Field Engineering / Operations,1994,Northeast,Engineering,Female,30766,Hispanic,Married,Fully Meets,5,False,30.718685831622174,773,Mid
3603,2018-11-29,2019-02-21,Production,Christine Costa,EW,Voluntarily Terminated,Full-Time,Zone A,Part-Time,Resignation,To trial deep.,Production       ,Field Engineering / Operations,,Northeast,Field Operations,Female,58348,White,Married,Fully Meets,2,False,,84,Mid
3604,2019-01-16,2022-08-31,Production,Mark Hale,MSC,Active,Part-Time,Zone B,Full-Time,Resignation,Sometimes surface page stand area.,Production       ,Field Engineering / Operations,1948,Northeast,Project / Site Management,Female,44626,Hispanic,Divorced,Needs Improvement,4,False,77.31143052703628,1323,Mid
3605,2019-09-18,,Production,Destiny Johnson,CCDR,Active,Contract,Zone C,Temporary,Unk,,Production       ,Field Engineering / Operations,,Northeast,Field Operations,Male,2315,Other,Divorced,Fully Meets,4,True,,2113,Entry
3606,2019-08-01,2023-01-20,Production,Eric Gonzales,SVG,Voluntarily Terminated,Part-Time,Zone C,Full-Time,Involuntary,Poor list reduce reality.,Production       ,Consulting / Client Delivery,,Northeast,Engineering,Male,95618,Other,Divorced,Fully Meets,3,False,,1268,Entry
3607,2019-06-18,2021-04-14,Production,Christopher Murray,EW,Active,Full-Time,Zone A,Full-Time,Resignation,Finally build do analysis beyond heavy.,Production       ,Project Management,1976,Northeast,Project / Site Management,Male,15195,Other,Married,Fully Meets,5,False,48.90896646132786,666,Entry
3608,2019-02-13,,Production,Ashley Williamson,MSC,Active,Full-Time,Zone C,Part-Time,Unk,,Production       ,Field Engineering / Operations,1979,Northeast,Field Operations,Male,74447,Other,Married,Fully Meets,3,True,45.987679671457904,2330,Entry
3609,2021-06-02,,Production,Frederick Harrison,TNS,Active,Contract,Zone B,Full-Time,Unk,,Production       ,Logistics / Maintenance,1993,Northeast,Other,Female,21318,Other,Widowed,Fully Meets,3,True,32.06023271731691,1490,Entry
3610,2018-10-11,,Production,Brian Arnold,PYZ,Active,Part-Time,Zone C,Full-Time,Unk,,Production       ,Field Engineering / Operations,1973,Northeast,Labor & Site Work,Female,51430,Other,Single,Fully Meets,3,True,52.23271731690623,2455,Entry
3611,2021-03-09,,Production,Lori Reed,WBL,Active,Contract,Zone C,Full-Time,Unk,,Production       ,Project Management,,Northeast,Field Operations,Female,85651,Hispanic,Married,Fully Meets,2,True,,1575,Entry
3612,2022-01-23,,Production,Trevor Rodriguez,NEL,Active,Contract,Zone A,Part-Time,Unk,,Production       ,Field Engineering / Operations,,Northeast,Field Operations,Male,68900,Black,Single,PIP,4,True,,1255,Entry
3613,2019-02-24,,Production,Jason Owens,PL,Active,Contract,Zone B,Part-Time,Unk,,Production       ,Field Engineering / Operations,,Northeast,Labor & Site Work,Male,9241,Asian,Married,Exceeds,1,True,,2319,Entry
3614,2020-01-08,2021-07-02,Production,Clifford Martinez,BPC,Active,Contract,Zone B,Temporary,Voluntary,Store common between real.,Production       ,Project Management,,Northeast,Field Operations,Male,23691,White,Married,Fully Meets,2,False,,541,Entry
3615,2021-05-13,2022-09-22,Production,Lee Hudson,CCDR,Future Start,Full-Time,Zone B,Part-Time,Retirement,View ever record ahead.,Production       ,General Operations,,Northeast,Project / Site Management,Male,74388,Asian,Divorced,Exceeds,2,False,,497,Entry
3616,2022-02-12,,Production,Allison Tran,SVG,Active,Contract,Zone C,Full-Time,Unk,,Production       ,General Operations,,Northeast,Labor & Site Work,Female,14234,Hispanic,Married,Fully Meets,4,True,,1235,Entry
3617,2023-02-01,,Production,Pamela Johnson,EW,Active,Full-Time,Zone C,Full-Time,Unk,,Production       ,Field Engineering / Operations,,Northeast,Other,Female,37635,Hispanic,Married,Fully Meets,1,True,,881,Entry
3618,2023-02-04,,Production,Erin Harris,MSC,Active,Part-Time,Zone B,Temporary,Unk,,Production       ,Field Engineering / Operations,1944,Northeast,Other,Male,13186,Black,Married,Fully Meets,3,True,81.15537303216975,878,Entry
3619,2023-03-23,2023-05-01,Production,Robert Wright,TNS,Active,Full-Time,Zone A,Full-Time,Involuntary,Some others lot miss land similar.,Production       ,General Operations,,Northeast,Field Operations,Male,76278,Asian,Married,Fully Meets,3,False,,39,Entry
3620,2023-03-22,2023-07-14,Production,Mr. Nicholas Austin,PYZ,Active,Part-Time,Zone A,Temporary,Involuntary,Outside sing song relationship action teach.,Production       ,General Operations,1994,Northeast,Other,Male,77580,Hispanic,Married,Fully Meets,2,False,30.718685831622174,114,Entry
3621,2018-11-28,,Production,Natalie Cannon,WBL,Active,Contract,Zone A,Full-Time,Unk,,Production       ,Other,1997,Northeast,Labor & Site Work,Male,15586,White,Married,Fully Meets,2,True,27.808350444900757,2407,Entry
3622,2020-07-09,2021-07-10,Production,Christopher Ayers,SVG,Active,Part-Time,Zone A,Temporary,Resignation,Song remember visit finish edge difficult down.,Production       ,Field Engineering / Operations,,Northeast,Labor & Site Work,Female,75607,Hispanic,Divorced,Fully Meets,3,False,,366,Mid
3623,2019-02-11,,Production,Elizabeth Burton,EW,Active,Part-Time,Zone A,Full-Time,Unk,,Production       ,Field Engineering / Operations,,Northeast,Engineering,Female,47289,Asian,Divorced,Fully Meets,3,True,,2332,Mid
3624,2020-01-09,,Production,Timothy Curtis,MSC,Active,Part-Time,Zone B,Part-Time,Unk,,Production       ,IT,1996,Northeast,Engineering,Female,85711,Asian,Married,Fully Meets,4,True,29.404517453798768,2000,Mid
3625,2021-11-11,2022-07-31,Production,Tammy Navarro,TNS,Voluntarily Terminated,Contract,Zone B,Part-Time,Resignation,Interesting final piece follow.,Production       ,Field Engineering / Operations,,Northeast,Engineering,Female,54392,Asian,Single,Fully Meets,5,False,,262,Mid
3626,2021-05-15,,Production,Natalie Baker,PYZ,Active,Full-Time,Zone B,Temporary,Unk,,Production       ,Field Engineering / Operations,,Northeast,Project / Site Management,Female,61825,Asian,Single,Fully Meets,2,True,,1508,Mid
3627,2019-08-21,2022-10-28,Production,Jesse Wilson,WBL,Voluntarily Terminated,Contract,Zone C,Full-Time,Resignation,Sport enter think order determine.,Production       ,Field Engineering / Operations,,Northeast,Project / Site Management,Female,52646,Black,Married,Fully Meets,3,False,,1164,Mid
3628,2020-09-18,,Production,Megan Small,NEL,Active,Contract,Zone B,Part-Time,Unk,,Production       ,Field Engineering / Operations,,Northeast,Field Operations,Female,56126,Hispanic,Married,Fully Meets,3,True,,1747,Mid
3629,2022-08-27,2022-12-03,Production,Dr. David Austin Jr.,NEL,Voluntarily Terminated,Contract,Zone B,Full-Time,Voluntary,Expect grow back list letter.,Production       ,Field Engineering / Operations,,Northeast,Labor & Site Work,Male,70056,Black,Divorced,Fully Meets,5,False,,98,Entry
3630,2019-02-23,,Production,Scott Davis,MSC,Active,Contract,Zone B,Full-Time,Unk,,Production       ,Field Engineering / Operations,1965,Northeast,Labor & Site Work,Male,81819,Other,Widowed,Fully Meets,5,True,60.15058179329227,2320,Entry
3631,2022-08-08,2022-10-25,Production,Kristin Salinas,EW,Active,Contract,Zone C,Full-Time,Retirement,Experience room top and including compare.,Production       ,Field Engineering / Operations,,Northeast,Other,Male,12978,Other,Divorced,Fully Meets,3,False,,78,Entry
3632,2022-09-24,2022-10-24,Production,Bridget Jones,CCDR,Active,Contract,Zone C,Full-Time,Involuntary,Realize work series fact weight contain.,Production       ,Field Engineering / Operations,1945,Northeast,Project / Site Management,Male,37983,Asian,Married,Fully Meets,3,False,79.74264202600958,30,Entry
3633,2022-03-21,,Production,Melissa Wilkinson,BPC,Active,Contract,Zone B,Temporary,Unk,,Production       ,Field Engineering / Operations,,Northeast,Labor & Site Work,Female,56687,Hispanic,Single,Fully Meets,5,True,,1198,Entry
3634,2023-06-23,2023-07-26,Production,Eric Cunningham,PYZ,Active,Part-Time,Zone B,Full-Time,Retirement,Despite budget compare international little.,Production       ,General Operations,,Northeast,Project / Site Management,Female,40148,Other,Married,Fully Meets,5,False,,33,Entry
3635,2020-10-26,,Production,Stephen Barron,WBL,Active,Part-Time,Zone C,Part-Time,Unk,,Production       ,Logistics / Maintenance,1978,Northeast,Admin & Support,Female,71593,Hispanic,Single,Fully Meets,4,True,47.304585900068446,1709,Entry
3636,2020-01-29,,Production,Jennifer Soto,NEL,Active,Contract,Zone B,Temporary,Unk,,Production       ,Field Engineering / Operations,,Northeast,Project / Site Management,Male,10775,Asian,Divorced,Fully Meets,3,True,,1980,Entry
3637,2022-04-23,,Production,John Jones,PL,Active,Full-Time,Zone C,Full-Time,Unk,,Production       ,Field Engineering / Operations,,Northeast,Engineering,Male,59441,Asian,Divorced,Fully Meets,3,True,,1165,Entry
3638,2023-06-15,,Production,Ernest Evans,BPC,Active,Full-Time,Zone C,Part-Time,Unk,,Production       ,Field Engineering / Operations,1978,Northeast,Other,Male,55470,Hispanic,Single,Fully Meets,3,True,46.55715263518138,747,Entry
3639,2019-09-19,2020-04-14,Production,Mark Knight,CCDR,Future Start,Contract,Zone C,Full-Time,Retirement,Official growth onto speech after truth.,Production       ,Field Engineering / Operations,1966,Northeast,Admin & Support,Female,8655,Hispanic,Divorced,Fully Meets,3,False,59.47707049965777,208,Entry
3640,2023-01-07,,Production,Gina Leon,SVG,Active,Contract,Zone A,Temporary,Unk,,Production       ,Field Engineering / Operations,,Northeast,Project / Site Management,Female,48077,Asian,Divorced,Fully Meets,3,True,,906,Entry
3641,2020-02-07,2021-05-01,Production,Eric Michael,EW,Future Start,Contract,Zone B,Full-Time,Voluntary,Air act watch affect save positive among.,Production       ,General Operations,,Northeast,Field Operations,Male,56039,Other,Widowed,Fully Meets,3,False,,449,Entry
3642,2020-04-29,2021-11-12,Production,Alexandra Martin,MSC,Future Start,Contract,Zone B,Full-Time,Retirement,Cold dinner seat property a hear.,Production       ,Field Engineering / Operations,,Northeast,Labor & Site Work,Male,7474,Black,Single,Fully Meets,3,False,,562,Entry
3643,2020-04-16,,Production,Eric Calderon,TNS,Active,Full-Time,Zone A,Full-Time,Unk,,Production       ,Field Engineering / Operations,,Northeast,Labor & Site Work,Male,9287,Asian,Single,Fully Meets,3,True,,1902,Entry
3644,2022-06-16,,Production,Thomas Jones,PYZ,Active,Part-Time,Zone B,Full-Time,Unk,,Production       ,Field Engineering / Operations,,Northeast,Labor & Site Work,Male,42213,Black,Married,Fully Meets,3,True,,1111,Entry
3645,2019-07-22,,Production,Bridget Mills,WBL,Active,Part-Time,Zone C,Full-Time,Unk,,Production       ,General Operations,,Northeast,Field Operations,Male,34428,Asian,Single,Fully Meets,3,True,,2171,Entry
3646,2023-04-22,,Production,Sara Bullock,SVG,Active,Part-Time,Zone A,Full-Time,Unk,,Production       ,Field Engineering / Operations,1968,Northeast,Other,Female,77551,Hispanic,Widowed,Fully Meets,3,True,57.497604380561256,801,Mid
3647,2020-12-28,2021-01-30,Production,Craig Leblanc,EW,Voluntarily Terminated,Part-Time,Zone A,Part-Time,Involuntary,Best room cell task majority budget.,Production       ,Field Engineering / Operations,,Northeast,Engineering,Female,20847,Black,Single,Fully Meets,3,False,,33,Mid
3648,2022-02-23,,Production,Peter Smith,MSC,Active,Contract,Zone A,Full-Time,Unk,,Production       ,Field Engineering / Operations,,Northeast,Field Operations,Female,76615,Other,Divorced,Exceeds,4,True,,1224,Mid
3649,2022-08-13,,Production,Stephen Green,TNS,Active,Contract,Zone A,Part-Time,Unk,,Production       ,Field Engineering / Operations,1968,Northeast,Field Operations,Female,26602,White,Married,Exceeds,4,True,57.06776180698152,1053,Mid
3650,2019-10-03,2022-02-28,Production,Jason Jenkins,PYZ,Voluntarily Terminated,Full-Time,Zone B,Part-Time,Retirement,Late least forward bill realize camera.,Production       ,Field Engineering / Operations,,Northeast,Labor & Site Work,Female,72818,White,Divorced,Fully Meets,3,False,,879,Mid
3651,2019-10-14,,Production,Chad Jones,WBL,Active,Full-Time,Zone C,Full-Time,Unk,,Production       ,General Operations,,Northeast,Field Operations,Female,90347,White,Single,Fully Meets,3,True,,2087,Mid
3652,2019-08-30,2022-08-27,Production,Victoria Maldonado,NEL,Voluntarily Terminated,Part-Time,Zone C,Part-Time,Resignation,Window stuff western interesting.,Production       ,Field Engineering / Operations,,Northeast,Project / Site Management,Male,96845,Other,Married,Fully Meets,3,False,,1093,Entry
3653,2021-02-04,2023-07-30,Production,William Watson,PL,Voluntarily Terminated,Contract,Zone B,Part-Time,Voluntary,Particular same detail note.,Production       ,General Operations,,Northeast,Project / Site Management,Male,67277,Asian,Widowed,Exceeds,3,False,,906,Entry
3654,2022-11-23,,Production,Jody Cox,PYZ,Active,Part-Time,Zone A,Part-Time,Unk,,Production       ,Field Engineering / Operations,,Northeast,Field Operations,Male,17975,Asian,Divorced,Exceeds,4,True,,951,Entry
3655,2023-02-25,,Production,Shelia Good,SVG,Active,Part-Time,Zone C,Full-Time,Unk,,Production       ,Field Engineering / Operations,,Northeast,Engineering,Male,97142,Asian,Married,Fully Meets,3,True,,857,Entry
3656,2019-12-15,,Production,Darlene Green,TNS,Active,Part-Time,Zone B,Part-Time,Unk,,Production       ,Field Engineering / Operations,,Northeast,Labor & Site Work,Male,72523,Hispanic,Divorced,Exceeds,5,True,,2025,Entry
3657,2021-08-29,,Production,Christine Mccarthy,WBL,Active,Part-Time,Zone C,Full-Time,Unk,,Production       ,General Operations,1992,Northeast,Labor & Site Work,Female,44406,Black,Single,Fully Meets,4,True,33.32511978097194,1402,Entry
3658,2022-11-04,2023-07-07,Production,Thomas Jackson,BPC,Active,Part-Time,Zone C,Temporary,Involuntary,Once simple the decade.,Production       ,Project Management,,Northeast,Field Operations,Female,95682,Black,Divorced,Fully Meets,3,False,,245,Entry
3659,2019-10-02,2019-10-13,Production,Eric Powell,CCDR,Active,Full-Time,Zone A,Part-Time,Voluntary,Second focus stay scientist.,Production       ,Field Engineering / Operations,,Northeast,Engineering,Male,86746,Other,Divorced,Exceeds,1,False,,11,Entry
3660,2019-05-24,,Production,Joel Browning,EW,Active,Full-Time,Zone A,Full-Time,Unk,,Production       ,Field Engineering / Operations,,Northeast,Project / Site Management,Male,73540,Hispanic,Single,Exceeds,3,True,,2230,Entry
3661,2022-02-28,2022-09-05,Production,Denise Roman,MSC,Active,Contract,Zone C,Temporary,Involuntary,Decide group difference decide.,Production       ,Executive,,Northeast,Executive & Leadership,Male,21624,Asian,Married,Fully Meets,3,False,,189,Entry
3662,2023-06-13,,Production,Linda Cummings,NEL,Active,Full-Time,Zone B,Temporary,Unk,,Production       ,Field Engineering / Operations,,Northeast,Labor & Site Work,Male,90473,Other,Married,Exceeds,2,True,,749,Entry
3663,2019-10-07,2022-01-22,Production,Sean Kennedy,PL,Future Start,Part-Time,Zone B,Full-Time,Retirement,Bar serious exist pretty.,Production       ,General Operations,,Northeast,Project / Site Management,Female,13534,Black,Single,Exceeds,3,False,,838,Entry
3664,2020-10-06,2022-01-12,Production,Robert Reid,PYZ,Future Start,Full-Time,Zone C,Part-Time,Involuntary,Let political issue.,Production       ,Field Engineering / Operations,,Northeast,Other,Female,2667,Other,Widowed,Fully Meets,3,False,,463,Entry
3665,2019-11-22,,Production,Lucas Morse,SVG,Active,Full-Time,Zone B,Temporary,Unk,,Production       ,Field Engineering / Operations,,Northeast,Field Operations,Male,54319,Asian,Married,Fully Meets,3,True,,2048,Entry
3666,2022-04-29,2023-01-21,Production,Melissa Shaw,TNS,Active,Full-Time,Zone A,Full-Time,Involuntary,Rule film know if eat hear.,Production       ,Field Engineering / Operations,,Northeast,Labor & Site Work,Male,16052,Hispanic,Single,Fully Meets,3,False,,267,Entry
3667,2022-12-11,2023-04-28,Production,Brooke Meyer,WBL,Active,Part-Time,Zone B,Temporary,Resignation,Term southern major ever care.,Production       ,Consulting / Client Delivery,,Northeast,Field Operations,Male,18998,Black,Single,Fully Meets,3,False,,138,Entry
3668,2023-08-06,2023-08-06,Production,Christopher Clark,BPC,Active,Full-Time,Zone C,Full-Time,Voluntary,Rest such husband through his customer no look.,Production       ,Field Engineering / Operations,,Northeast,Field Operations,Male,33735,Asian,Widowed,Needs Improvement,3,False,,0,Entry
3669,2020-03-28,2023-03-12,Production,Joshua Francis,CCDR,Voluntarily Terminated,Contract,Zone A,Temporary,Retirement,Let former service.,Production       ,Finance,,Northeast,Admin & Support,Male,81928,Black,Widowed,Fully Meets,3,False,,1079,Entry
3670,2022-08-11,2023-03-27,Production,Walter Shaw,SVG,Active,Full-Time,Zone A,Full-Time,Resignation,Far happy light already.,Production       ,Consulting / Client Delivery,,Northeast,Engineering,Female,14006,Hispanic,Widowed,Needs Improvement,3,False,,228,Mid
3671,2023-01-26,2023-06-19,Production,Alexander Roberts,EW,Voluntarily Terminated,Part-Time,Zone A,Temporary,Involuntary,Edge cold language. Once bring quality hot.,Production       ,Field Engineering / Operations,,Northeast,Other,Female,45376,Asian,Divorced,Needs Improvement,3,False,,144,Mid
3672,2019-01-14,,Production,Aaron Holland,MSC,Active,Part-Time,Zone A,Full-Time,Unk,,Production       ,General Operations,,Northeast,Project / Site Management,Female,44501,Asian,Divorced,Fully Meets,3,True,,2360,Mid
3673,2022-06-11,2023-01-10,Production,Casey Morris,TNS,Voluntarily Terminated,Full-Time,Zone B,Temporary,Voluntary,My teach piece need school fight rock.,Production       ,HR / People Services,,Northeast,Project / Site Management,Female,47767,Other,Widowed,Fully Meets,3,False,,213,Mid
3674,2020-06-25,2022-03-02,Production,Sarah Williamson,BPC,Voluntarily Terminated,Part-Time,Zone C,Part-Time,Voluntary,Five carry couple goal western.,Production       ,Field Engineering / Operations,1996,Northeast,Engineering,Female,39141,Other,Single,Fully Meets,3,False,29.16632443531828,615,Mid
3675,2020-06-08,2022-12-29,Production,Melissa Torres,CCDR,Active,Full-Time,Zone C,Full-Time,Resignation,Herself others song center word almost without.,Production       ,Field Engineering / Operations,,Northeast,Field Operations,Female,70090,Hispanic,Divorced,Fully Meets,3,False,,934,Mid
3676,2018-08-29,,Production,Craig Hawkins,BPC,Active,Contract,Zone B,Part-Time,Unk,,Production       ,Logistics / Maintenance,,Northeast,Other,Male,35858,Black,Divorced,Fully Meets,3,True,,2498,Entry
3677,2022-10-01,,Production,Matthew Hughes,CCDR,Active,Full-Time,Zone A,Full-Time,Unk,,Production       ,Field Engineering / Operations,1960,Northeast,Project / Site Management,Male,27462,Hispanic,Single,Fully Meets,3,True,65.40451745379877,1004,Entry
3678,2021-07-22,,Production,Chad Ramirez,SVG,Active,Full-Time,Zone A,Full-Time,Unk,,Production       ,General Operations,,Northeast,Engineering,Male,65321,Asian,Single,Fully Meets,3,True,,1440,Entry
3679,2019-12-14,,Production,Erica Moore,EW,Active,Full-Time,Zone A,Full-Time,Unk,,Production       ,Field Engineering / Operations,,Northeast,Engineering,Male,54017,Asian,Divorced,Fully Meets,3,True,,2026,Entry
3680,2020-03-27,,Production,Felicia Ashley,MSC,Active,Part-Time,Zone B,Full-Time,Unk,,Production       ,Field Engineering / Operations,,Northeast,Field Operations,Female,51584,Other,Divorced,Fully Meets,3,True,,1922,Entry
3681,2021-11-25,,Production,James Williams,TNS,Active,Part-Time,Zone B,Temporary,Unk,,Production       ,Field Engineering / Operations,,Northeast,Project / Site Management,Female,75321,Black,Widowed,Fully Meets,3,True,,1314,Entry
3682,2023-07-08,,Production,Michael Diaz MD,PYZ,Active,Full-Time,Zone C,Temporary,Unk,,Production       ,Field Engineering / Operations,,Northeast,Field Operations,Female,37646,Black,Single,Fully Meets,4,True,,724,Entry
3683,2021-11-02,2021-12-11,Production,Mackenzie Porter,WBL,Active,Part-Time,Zone C,Temporary,Involuntary,Central baby moment benefit do.,Production       ,Finance,1956,Northeast,Admin & Support,Male,33204,Other,Divorced,Fully Meets,3,False,69.4839151266256,39,Entry
3684,2019-12-01,2022-12-25,Production,Robert Simmons,NEL,Active,Contract,Zone C,Part-Time,Involuntary,Scientist believe edge imagine push bit fast.,Production       ,Field Engineering / Operations,1954,Northeast,Field Operations,Male,76198,Hispanic,Widowed,Fully Meets,3,False,70.91033538672143,1120,Entry
3685,2022-08-16,2022-11-10,Production,Jordan Harrison,PL,Active,Full-Time,Zone C,Full-Time,Retirement,Factor doctor edge police.,Production       ,Project Management,,Northeast,Project / Site Management,Male,10600,Asian,Widowed,Fully Meets,3,False,,86,Entry
3686,2021-04-25,2022-12-12,Production,Jesse Farmer,BPC,Future Start,Part-Time,Zone A,Full-Time,Retirement,Concern expect add skill.,Production       ,Field Engineering / Operations,,Northeast,Executive & Leadership,Male,67909,White,Single,Exceeds,1,False,,596,Entry
3687,2019-05-17,,Production,Brianna Blake,CCDR,Active,Part-Time,Zone B,Temporary,Unk,,Production       ,Field Engineering / Operations,,Northeast,Project / Site Management,Female,26340,White,Divorced,Exceeds,1,True,,2237,Entry
3688,2019-05-04,2021-08-03,Production,Kathleen Clark,SVG,Future Start,Contract,Zone B,Full-Time,Involuntary,Matter man skill produce poor.,Production       ,Field Engineering / Operations,,Northeast,Project / Site Management,Female,42113,Asian,Divorced,Exceeds,3,False,,822,Entry
3689,2021-07-16,,Production,Jonathan Gutierrez,EW,Active,Contract,Zone A,Temporary,Unk,,Production       ,Field Engineering / Operations,,Northeast,Labor & Site Work,Male,95832,Asian,Married,Exceeds,3,True,,1446,Entry
3690,2020-08-04,2021-02-27,Production,Adam Barber,MSC,Active,Part-Time,Zone A,Temporary,Voluntary,Size manager receive decide attention play plant.,Production       ,Logistics / Maintenance,,Northeast,Labor & Site Work,Male,60287,White,Single,Needs Improvement,3,False,,207,Entry
3691,2020-11-23,,Production,David Valenzuela,TNS,Active,Part-Time,Zone C,Full-Time,Unk,,Production       ,Finance,1993,Northeast,Project / Site Management,Male,34316,Asian,Single,Needs Improvement,1,True,32.49007529089665,1681,Entry
3692,2019-11-11,,Production,Lisa Jordan,PYZ,Active,Full-Time,Zone B,Part-Time,Unk,,Production       ,Field Engineering / Operations,,Northeast,Field Operations,Male,75371,Black,Widowed,Needs Improvement,3,True,,2059,Entry
3693,2019-05-20,2020-08-30,Production,Alexa Smith,SVG,Active,Part-Time,Zone B,Temporary,Involuntary,Name social full approach. Position want win.,Production       ,Project Management,1977,Northeast,Field Operations,Female,13727,White,Married,Exceeds,2,False,47.9151266255989,468,Mid
3694,2019-11-05,2022-04-16,Production,Sue Harper,EW,Voluntarily Terminated,Full-Time,Zone A,Part-Time,Involuntary,Training civil attention exist matter water.,Production       ,Field Engineering / Operations,1961,Northeast,Other,Female,94278,Hispanic,Married,PIP,4,False,64.30663928815879,893,Mid
3695,2018-09-20,2021-02-04,Production,Savannah Schneider,MSC,Voluntarily Terminated,Contract,Zone C,Temporary,Voluntary,Public ask American affect market order.,Production       ,Field Engineering / Operations,,Northeast,Labor & Site Work,Female,70817,Hispanic,Divorced,PIP,4,False,,868,Mid
3696,2020-09-02,2023-05-26,Production,Chase Ramirez,TNS,Voluntarily Terminated,Contract,Zone B,Part-Time,Resignation,Arrive its during organization about.,Production       ,Other,1989,Northeast,Project / Site Management,Female,74423,Hispanic,Widowed,PIP,3,False,35.73169062286105,996,Mid
3697,2020-06-28,,Production,Connor Galloway,PYZ,Active,Full-Time,Zone A,Part-Time,Unk,,Production       ,Field Engineering / Operations,,Northeast,Field Operations,Female,51256,Other,Single,PIP,4,True,,1829,Mid
3698,2023-03-22,2023-05-30,Production,Savannah Weber,WBL,Active,Full-Time,Zone A,Full-Time,Involuntary,Usually section evening with cup left.,Production       ,Field Engineering / Operations,1984,Northeast,Project / Site Management,Female,16462,Hispanic,Married,PIP,3,False,41.05133470225873,69,Mid
3699,2022-08-30,2022-09-20,Production,Justin Harris,PYZ,Voluntarily Terminated,Part-Time,Zone B,Temporary,Involuntary,Business draw with hear dream eat.,Production       ,Field Engineering / Operations,,Northeast,Engineering,Male,48065,Asian,Divorced,PIP,2,False,,21,Entry
3700,2019-10-24,,Production,Wendy Rogers,PL,Active,Part-Time,Zone A,Temporary,Unk,,Production       ,Field Engineering / Operations,1988,Northeast,Project / Site Management,Male,93840,Hispanic,Divorced,PIP,1,True,37.21834360027378,2077,Entry
3701,2019-11-09,,Production,Bryan Greer,NEL,Active,Part-Time,Zone B,Temporary,Unk,,Production       ,Logistics / Maintenance,,Northeast,Maintenance & Logistics,Male,35917,Other,Single,PIP,2,True,,2061,Entry
3702,2019-07-13,,Production,David Brown,MSC,Active,Part-Time,Zone C,Part-Time,Unk,,Production       ,Field Engineering / Operations,,Northeast,Project / Site Management,Male,22165,Asian,Single,Exceeds,3,True,,2180,Entry
3703,2020-08-31,2022-06-26,Production,Cory Lee,EW,Active,Part-Time,Zone A,Part-Time,Resignation,Tax herself interview maybe control.,Production       ,Field Engineering / Operations,,Northeast,Engineering,Female,87563,White,Widowed,Exceeds,4,False,,664,Entry
3704,2019-01-25,2021-10-26,Production,April Stevens,CCDR,Active,Full-Time,Zone C,Part-Time,Involuntary,Message firm social daughter third ready.,Production       ,Field Engineering / Operations,1976,Northeast,Other,Female,20993,Asian,Married,Exceeds,5,False,49.40177960301163,1005,Entry
3705,2020-11-21,2023-04-09,Production,Bridget Little,BPC,Active,Full-Time,Zone A,Part-Time,Involuntary,Any after despite suddenly decade.,Production       ,General Operations,,Northeast,Executive & Leadership,Female,88723,White,Single,Exceeds,3,False,,869,Entry
3706,2019-09-23,,Production,Lisa Hamilton,WBL,Active,Full-Time,Zone B,Part-Time,Unk,,Production       ,Field Engineering / Operations,1974,Northeast,Labor & Site Work,Male,59933,White,Divorced,Exceeds,3,True,50.64476386036961,2108,Entry
3707,2022-12-11,,Production,Kenneth Keller,TNS,Active,Contract,Zone B,Temporary,Unk,,Production       ,Field Engineering / Operations,1995,Northeast,Project / Site Management,Male,81280,Asian,Divorced,Exceeds,3,True,29.582477754962355,933,Entry
3708,2020-08-21,2022-09-20,Production,Morgan Smith,SVG,Active,Full-Time,Zone C,Part-Time,Resignation,Finally feeling often some.,Production       ,Field Engineering / Operations,,Northeast,Engineering,Male,13899,Black,Married,Exceeds,4,False,,760,Entry
3709,2019-02-04,2023-04-17,Production,Donald Powell,PYZ,Active,Full-Time,Zone C,Part-Time,Voluntary,Provide late phone school score sound growth.,Production       ,Field Engineering / Operations,,Northeast,Other,Male,44907,Black,Divorced,Exceeds,5,False,,1533,Entry
3710,2021-10-29,,Production,Rebecca Henderson,PL,Active,Full-Time,Zone C,Part-Time,Unk,,Production       ,Field Engineering / Operations,,Northeast,Project / Site Management,Female,64630,Hispanic,Single,Exceeds,1,True,,1341,Entry
3711,2021-07-17,,Production,David Bowman,NEL,Active,Part-Time,Zone A,Temporary,Unk,,Production       ,Finance,1981,Northeast,Admin & Support,Female,36588,Black,Single,Needs Improvement,1,True,44.49007529089665,1445,Entry
3712,2019-04-28,2022-09-01,Production,Christopher Robertson,MSC,Future Start,Part-Time,Zone C,Temporary,Retirement,Year color woman become year scene very.,Production       ,Field Engineering / Operations,1956,Northeast,Field Operations,Male,33658,Asian,Married,Needs Improvement,5,False,69.24298425735797,1222,Entry
3713,2020-07-21,,Production,Michelle Miller,EW,Active,Full-Time,Zone B,Temporary,Unk,,Production       ,General Operations,1985,Northeast,Admin & Support,Male,87025,Hispanic,Widowed,Fully Meets,3,True,40.22450376454484,1806,Entry
3714,2020-01-19,,Production,Kyle Turner,CCDR,Active,Full-Time,Zone B,Part-Time,Unk,,Production       ,Field Engineering / Operations,,Northeast,Labor & Site Work,Male,93985,White,Married,Fully Meets,4,True,,1990,Entry
3715,2021-09-12,,Production,Dawn Mendoza,BPC,Active,Contract,Zone A,Full-Time,Unk,,Production       ,Project Management,1976,Northeast,Project / Site Management,Male,27233,Black,Widowed,Fully Meets,4,True,49.3223819301848,1388,Entry
3716,2022-07-31,2023-02-18,Production,David Goodman,SVG,Voluntarily Terminated,Full-Time,Zone A,Full-Time,Voluntary,Walk call activity onto seven about.,Production       ,General Operations,,Northeast,Labor & Site Work,Female,5569,Black,Married,Fully Meets,1,False,,202,Mid
3717,2023-05-18,,Production,Samuel Turner,EW,Active,Contract,Zone B,Full-Time,Unk,,Production       ,Field Engineering / Operations,1992,Northeast,Other,Female,21090,Asian,Married,Fully Meets,2,True,32.64613278576318,775,Mid
3718,2021-05-25,2021-10-22,Production,Claudia White,MSC,Voluntarily Terminated,Contract,Zone C,Temporary,Voluntary,Save east phone arrive floor maybe.,Production       ,Field Engineering / Operations,,Northeast,Other,Female,52357,Other,Married,Fully Meets,4,False,,150,Mid
3719,2022-07-22,,Production,David Ward,TNS,Active,Contract,Zone B,Full-Time,Unk,,Production       ,Field Engineering / Operations,1947,Northeast,Labor & Site Work,Female,47989,Hispanic,Divorced,Fully Meets,3,True,77.98220396988364,1075,Mid
3720,2019-05-23,2020-09-12,Production,Andrew Schneider,PYZ,Active,Part-Time,Zone B,Full-Time,Resignation,Young risk quality natural foreign claim.,Production       ,Field Engineering / Operations,,Northeast,Labor & Site Work,Female,31486,White,Single,Fully Meets,3,False,,478,Mid
3721,2020-02-12,2020-04-07,Production,Loretta Gonzalez,NEL,Active,Full-Time,Zone B,Full-Time,Resignation,Recent agent choose dark hard eye.,Production       ,Field Engineering / Operations,,Northeast,Engineering,Male,24794,Black,Widowed,Fully Meets,2,False,,55,Entry
3722,2020-02-16,2022-01-09,Production,Alice Key,PL,Voluntarily Terminated,Part-Time,Zone B,Full-Time,Involuntary,Fast glass machine compare after check.,Production       ,Field Engineering / Operations,,Northeast,Labor & Site Work,Male,80316,White,Married,Fully Meets,2,False,,693,Entry
3723,2022-04-29,2022-07-16,Production,Ryan Downs,BPC,Voluntarily Terminated,Full-Time,Zone A,Temporary,Retirement,Everyone chair white situation result.,Production       ,Field Engineering / Operations,,Northeast,Labor & Site Work,Male,46742,Asian,Married,Fully Meets,3,False,,78,Entry
3724,2019-10-10,2021-10-30,Production,Alyssa Johnson,CCDR,Voluntarily Terminated,Part-Time,Zone C,Temporary,Retirement,Board star job song. Hundred believe heavy.,Production       ,Field Engineering / Operations,,Northeast,Labor & Site Work,Male,30194,Asian,Divorced,Fully Meets,4,False,,751,Entry
3725,2019-04-07,2023-07-09,Production,Stephanie Patterson,SVG,Active,Contract,Zone B,Part-Time,Voluntary,Child write help growth home.,Production       ,Field Engineering / Operations,,Northeast,Field Operations,Male,36808,Asian,Widowed,Fully Meets,1,False,,1554,Entry
3726,2020-07-13,2021-09-18,Production,Sandra Richardson,EW,Active,Contract,Zone A,Full-Time,Voluntary,Great like sea behind stock drop debate such.,Production       ,General Operations,,Northeast,Field Operations,Female,36688,Other,Married,Fully Meets,4,False,,432,Entry
3727,2021-08-26,,Production,Courtney Garcia,MSC,Active,Part-Time,Zone C,Temporary,Unk,,Production       ,Field Engineering / Operations,,Northeast,Project / Site Management,Female,37883,Other,Divorced,Fully Meets,3,True,,1405,Entry
3728,2021-12-23,,Production,Tamara Grant,TNS,Active,Contract,Zone A,Part-Time,Unk,,Production       ,Field Engineering / Operations,1967,Northeast,Labor & Site Work,Male,39843,Hispanic,Divorced,Fully Meets,5,True,58.39561943874059,1286,Entry
3729,2022-12-08,2023-07-04,Production,Natasha Spears,BPC,Active,Contract,Zone B,Part-Time,Voluntary,Until reason late off training situation.,Production       ,Field Engineering / Operations,1943,Northeast,Project / Site Management,Male,69873,Other,Divorced,Fully Meets,3,False,82.49691991786447,208,Entry
3730,2022-01-18,,Production,Sharon Vincent,CCDR,Active,Contract,Zone B,Temporary,Unk,,Production       ,Field Engineering / Operations,1965,Northeast,Engineering,Male,2548,Black,Widowed,Fully Meets,4,True,59.56194387405886,1260,Entry
3731,2020-02-28,2022-12-14,Production,Kimberly Phelps,EW,Active,Part-Time,Zone B,Part-Time,Retirement,Along black change charge particular conference.,Production       ,Field Engineering / Operations,1998,Northeast,Engineering,Male,73555,Hispanic,Single,Fully Meets,3,False,26.99247091033539,1020,Entry
3732,2020-05-31,,Production,Charles Hoover,MSC,Active,Part-Time,Zone B,Part-Time,Unk,,Production       ,Field Engineering / Operations,1954,Northeast,Field Operations,Male,27650,Black,Widowed,Fully Meets,5,True,70.99520876112251,1857,Entry
3733,2020-04-20,2022-07-23,Production,Deborah Stevens,NEL,Future Start,Contract,Zone C,Part-Time,Retirement,Half glass sport. Oil arm middle play lose such.,Production       ,Field Engineering / Operations,,Northeast,Other,Female,2035,Hispanic,Single,Fully Meets,3,False,,824,Entry
3734,2019-03-07,,Production,Melissa Alvarez,PL,Active,Full-Time,Zone C,Temporary,Unk,,Production       ,IT,,Northeast,Engineering,Male,74284,White,Divorced,Fully Meets,3,True,,2308,Entry
3735,2019-05-29,,Production,Joel Nichols,PYZ,Active,Contract,Zone C,Temporary,Unk,,Production       ,Other,1963,Northeast,Project / Site Management,Male,81455,White,Married,Fully Meets,1,True,61.973990417522245,2225,Entry
3736,2020-10-18,2023-03-22,Production,Kimberly Soto,SVG,Active,Full-Time,Zone A,Part-Time,Resignation,Democrat home space past sense serious.,Production       ,Field Engineering / Operations,1976,Northeast,Labor & Site Work,Male,95345,Other,Married,Fully Meets,2,False,48.99657768651608,885,Entry
3737,2018-11-19,,Production,John Hill,TNS,Active,Part-Time,Zone B,Part-Time,Unk,,Production       ,HR / People Services,1946,Northeast,Executive & Leadership,Male,67176,Hispanic,Divorced,Fully Meets,5,True,78.55441478439425,2416,Entry
3738,2022-04-15,2023-01-09,Production,Steven Carter,SVG,Voluntarily Terminated,Full-Time,Zone A,Temporary,Involuntary,Partner perhaps they rock.,Production       ,General Operations,2000,Northeast,Field Operations,Female,21015,Hispanic,Widowed,Fully Meets,3,False,24.82409308692676,269,Mid
3739,2018-08-24,2021-03-22,Production,Rachel Pham,EW,Voluntarily Terminated,Full-Time,Zone B,Temporary,Voluntary,Themselves specific seem want seek hospital.,Production       ,Field Engineering / Operations,1951,Northeast,Field Operations,Female,80870,Asian,Divorced,Fully Meets,3,False,74.31348391512662,941,Mid
3740,2022-10-15,2023-02-17,Production,Christopher Cunningham,MSC,Voluntarily Terminated,Full-Time,Zone C,Part-Time,Voluntary,Final like human late job.,Production       ,HR / People Services,,Northeast,Internship,Female,12265,Other,Single,Fully Meets,4,False,,125,Mid
3741,2023-02-27,2023-03-28,Production,Brittany Marshall,TNS,Voluntarily Terminated,Full-Time,Zone A,Temporary,Voluntary,Board industry once tough investment age.,Production       ,Field Engineering / Operations,,Northeast,Engineering,Female,47025,Hispanic,Widowed,Fully Meets,1,False,,29,Mid
3742,2021-09-22,2023-05-15,Production,Ryan Anderson,PYZ,Active,Contract,Zone A,Temporary,Resignation,Wait small thing staff.,Production       ,Field Engineering / Operations,1981,Northeast,Project / Site Management,Female,81011,Asian,Married,Fully Meets,2,False,43.80013689253936,600,Mid
3743,2020-05-30,,Production,Stephanie Valdez,WBL,Active,Contract,Zone A,Part-Time,Unk,,Production       ,General Operations,,Northeast,Other,Male,13394,Black,Married,Fully Meets,2,True,,1858,Entry
3744,2020-09-11,,Production,Christopher Garcia,NEL,Active,Part-Time,Zone B,Full-Time,Unk,,Production       ,Field Engineering / Operations,,Northeast,Field Operations,Female,50967,Asian,Widowed,Fully Meets,5,True,,1754,Entry
3745,2019-05-31,2020-10-06,Production,Sarah Cross,PL,Voluntarily Terminated,Full-Time,Zone C,Full-Time,Involuntary,So give cause soldier.,Production       ,General Operations,,Northeast,Field Operations,Male,8286,Asian,Single,Fully Meets,4,False,,494,Entry
3746,2020-07-13,,Production,Judy Lambert,BPC,Active,Part-Time,Zone B,Full-Time,Unk,,Production       ,Logistics / Maintenance,,Northeast,Maintenance & Logistics,Male,68039,Black,Widowed,Fully Meets,3,True,,1814,Entry
3747,2021-09-09,2023-02-10,Production,Chelsea Bright,CCDR,Voluntarily Terminated,Part-Time,Zone C,Temporary,Retirement,Soon glass reveal Republican could.,Production       ,IT,,Northeast,Field Operations,Male,56563,Black,Widowed,Fully Meets,2,False,,519,Entry
3748,2019-04-06,,Production,Shawn Mckay,SVG,Active,Full-Time,Zone C,Part-Time,Unk,,Production       ,General Operations,,Northeast,Labor & Site Work,Male,96739,Other,Married,Fully Meets,1,True,,2278,Entry
3749,2021-02-16,,Production,Samantha Pugh,EW,Active,Full-Time,Zone A,Full-Time,Unk,,Production       ,Project Management,1985,Northeast,Engineering,Female,27488,Other,Married,Fully Meets,4,True,40.16427104722793,1596,Entry
3750,2020-02-17,,Production,Sheryl Curtis,MSC,Active,Full-Time,Zone C,Part-Time,Unk,,Production       ,Field Engineering / Operations,,Northeast,Engineering,Male,49299,Black,Single,Fully Meets,1,True,,1961,Entry
3751,2021-10-15,,Production,Eric Knight,TNS,Active,Contract,Zone A,Full-Time,Unk,,Production       ,Field Engineering / Operations,,Northeast,Admin & Support,Male,32547,Other,Single,Fully Meets,3,True,,1355,Entry
3752,2022-07-06,,Production,Morgan Ross,PYZ,Active,Full-Time,Zone A,Temporary,Unk,,Production       ,Field Engineering / Operations,1954,Northeast,Engineering,Male,11664,White,Divorced,Fully Meets,2,True,70.71868583162218,1091,Entry
3753,2019-03-05,2020-12-10,Production,Laura Mcpherson,WBL,Active,Part-Time,Zone B,Part-Time,Involuntary,Truth resource more week hope generation.,Production       ,Project Management,,Northeast,Engineering,Male,37926,White,Single,Fully Meets,4,False,,646,Entry
3754,2020-06-02,2022-01-25,Production,Sarah Morgan,NEL,Active,Full-Time,Zone C,Full-Time,Voluntary,Stage necessary although they.,Production       ,Project Management,,Northeast,Engineering,Male,76770,Black,Married,Fully Meets,1,False,,602,Entry
3755,2020-11-26,2023-02-17,Production,Emily Church,PL,Future Start,Full-Time,Zone C,Full-Time,Resignation,Scientist heart others employee church century.,Production       ,Executive,,Northeast,Project / Site Management,Female,72484,Black,Married,Fully Meets,4,False,,813,Entry
3756,2021-05-24,,Production,Melissa Hernandez,BPC,Active,Full-Time,Zone A,Temporary,Unk,,Production       ,Field Engineering / Operations,1944,Northeast,Field Operations,Female,13669,Hispanic,Married,Fully Meets,3,True,81.08145106091717,1499,Entry
3757,2022-10-17,2023-03-26,Production,Debra Yang,CCDR,Future Start,Full-Time,Zone B,Part-Time,Involuntary,Marriage sound myself others well morning wrong.,Production       ,Field Engineering / Operations,,Northeast,Field Operations,Male,7481,Asian,Single,Fully Meets,2,False,,160,Entry
3758,2022-11-16,2023-06-24,Production,Alejandro Palmer,SVG,Voluntarily Terminated,Contract,Zone A,Temporary,Retirement,Lawyer miss meet across agent.,Production       ,Field Engineering / Operations,,Northeast,Engineering,Male,76897,Other,Divorced,Fully Meets,3,False,,220,Entry
3759,2022-05-01,2022-09-25,Production,Emily Pugh,EW,Active,Contract,Zone B,Full-Time,Retirement,Authority different including gun production.,Production       ,Logistics / Maintenance,,Northeast,Labor & Site Work,Male,47326,Black,Married,Fully Meets,1,False,,147,Entry
3760,2021-08-24,,Production,Sherry Morris,MSC,Active,Full-Time,Zone A,Part-Time,Unk,,Production       ,General Operations,1960,Northeast,Field Operations,Male,20814,Other,Widowed,Fully Meets,3,True,65.38261464750171,1407,Entry
3761,2023-06-22,2023-07-10,Production,Melissa Conrad,CCDR,Active,Contract,Zone A,Full-Time,Involuntary,Item born upon blue.,Production       ,General Operations,,Northeast,Admin & Support,Female,75880,Black,Married,Fully Meets,1,False,,18,Mid
3762,2020-07-18,,Production,Lauren Villarreal,SVG,Active,Part-Time,Zone B,Temporary,Unk,,Production       ,Field Engineering / Operations,1949,Northeast,Engineering,Female,65366,Black,Divorced,Fully Meets,2,True,76.13963039014374,1809,Mid
3763,2023-01-12,2023-02-06,Production,Randall Williams,EW,Voluntarily Terminated,Full-Time,Zone B,Full-Time,Involuntary,They four last represent spend bit.,Production       ,Finance,,Northeast,Admin & Support,Female,40231,White,Widowed,Fully Meets,3,False,,25,Mid
3764,2022-02-16,,Production,Tiffany Stone,MSC,Active,Full-Time,Zone B,Temporary,Unk,,Production       ,General Operations,,Northeast,Project / Site Management,Female,41487,Black,Single,Fully Meets,3,True,,1231,Mid
3765,2022-09-02,,Production,Eric Smith,TNS,Active,Part-Time,Zone A,Temporary,Unk,,Production       ,Logistics / Maintenance,,Northeast,Admin & Support,Female,36904,Hispanic,Widowed,Fully Meets,3,True,,1033,Mid
3766,2019-02-02,2023-02-03,Production,Taylor Morris,PYZ,Active,Part-Time,Zone A,Part-Time,Resignation,Common no sure wonder up although.,Production       ,Logistics / Maintenance,1943,Northeast,Project / Site Management,Female,10110,Black,Widowed,Fully Meets,3,False,82.3107460643395,1462,Mid
3767,2021-08-26,2022-09-05,Production,Zachary Nelson,TNS,Voluntarily Terminated,Full-Time,Zone B,Part-Time,Retirement,Actually on Democrat down live base should.,Production       ,General Operations,1993,Northeast,Labor & Site Work,Female,46087,Black,Divorced,Fully Meets,2,False,32.31759069130732,375,Entry
3768,2020-12-31,,Production,David Garcia,SVG,Active,Contract,Zone B,Full-Time,Unk,,Production       ,Field Engineering / Operations,,Northeast,Project / Site Management,Female,37838,Black,Divorced,Fully Meets,4,True,,1643,Entry
3769,2020-12-12,,Production,Laura Chavez,PYZ,Active,Full-Time,Zone A,Full-Time,Unk,,Production       ,Field Engineering / Operations,,Northeast,Engineering,Male,15968,Asian,Married,Fully Meets,3,True,,1662,Entry
3770,2022-01-13,2023-04-11,Production,Rachel Jones,PL,Voluntarily Terminated,Contract,Zone B,Temporary,Involuntary,Land physical tax.,Production       ,Field Engineering / Operations,,Northeast,Field Operations,Male,21100,Asian,Married,Fully Meets,3,False,,453,Entry
3771,2021-01-24,2023-05-07,Production,Kathryn Jones,NEL,Voluntarily Terminated,Part-Time,Zone B,Temporary,Retirement,Catch issue water night recognize mention.,Production       ,General Operations,,Northeast,Project / Site Management,Male,65845,Asian,Married,Fully Meets,3,False,,833,Entry
3772,2022-02-08,2022-07-22,Production,Mrs. Rachel Henry,MSC,Active,Full-Time,Zone A,Temporary,Retirement,Side most force better region operation language.,Production       ,Field Engineering / Operations,1966,Northeast,Engineering,Female,58535,Asian,Divorced,Fully Meets,3,False,59.40041067761807,164,Entry
3773,2020-10-11,2022-02-26,Production,Laura Hernandez,EW,Voluntarily Terminated,Part-Time,Zone A,Temporary,Retirement,Building possible too process do.,Production       ,Field Engineering / Operations,,Northeast,Engineering,Female,3994,Hispanic,Divorced,Fully Meets,3,False,,503,Entry
3774,2019-06-20,2021-10-13,Production,Justin Stanley,CCDR,Active,Part-Time,Zone B,Full-Time,Involuntary,Success realize political move adult new.,Production       ,Field Engineering / Operations,1998,Northeast,Engineering,Male,32544,Black,Single,Fully Meets,3,False,27.236139630390145,846,Entry
3775,2021-07-13,2022-11-26,Production,Amy Ross,BPC,Active,Contract,Zone B,Part-Time,Resignation,Agency picture enjoy pattern since and piece.,Production       ,Field Engineering / Operations,,Northeast,Labor & Site Work,Male,36153,Other,Widowed,Fully Meets,3,False,,501,Entry
3776,2021-10-14,2021-10-30,Production,Benjamin Yates,WBL,Active,Contract,Zone A,Full-Time,Resignation,Goal someone serious myself way probably.,Production       ,General Operations,,Northeast,Admin & Support,Male,34262,Black,Married,Fully Meets,3,False,,16,Entry
3777,2021-11-09,,Production,Penny Estrada,TNS,Active,Contract,Zone C,Temporary,Unk,,Production       ,Field Engineering / Operations,,Northeast,Field Operations,Male,12906,Black,Single,Fully Meets,3,True,,1330,Entry
3778,2023-04-02,2023-07-27,Production,Frank Freeman,SVG,Active,Full-Time,Zone A,Full-Time,Involuntary,Similar computer less four.,Production       ,Field Engineering / Operations,1992,Northeast,Labor & Site Work,Male,30753,Other,Married,Fully Meets,3,False,33.39082819986311,116,Entry
3779,2022-10-19,2023-05-03,Production,Regina Bryant MD,PYZ,Future Start,Part-Time,Zone B,Temporary,Voluntary,About allow court us.,Production       ,Logistics / Maintenance,,Northeast,Field Operations,Female,60533,Other,Divorced,Fully Meets,3,False,,196,Entry
3780,2020-05-09,2021-09-14,Production,Samantha Roberts,PL,Future Start,Part-Time,Zone C,Part-Time,Retirement,Everything look could economy PM fast.,Production       ,General Operations,,Northeast,Field Operations,Female,36882,Black,Widowed,Fully Meets,3,False,,493,Entry
3781,2019-08-18,2022-05-05,Production,Daniel Peterson,NEL,Future Start,Contract,Zone B,Full-Time,Involuntary,Hot stay response fly himself accept.,Production       ,General Operations,,Northeast,Labor & Site Work,Male,62493,Black,Single,Fully Meets,3,False,,991,Entry
3782,2019-03-09,2020-05-02,Production,Dr. Matthew Harrell,MSC,Voluntarily Terminated,Full-Time,Zone B,Temporary,Retirement,Blood people direction all item.,Production       ,Field Engineering / Operations,,Northeast,Other,Male,92706,Asian,Widowed,Fully Meets,3,False,,420,Entry
3783,2020-05-09,,Production,Jared Whitehead,EW,Active,Contract,Zone A,Full-Time,Unk,,Production       ,Field Engineering / Operations,1962,Northeast,Engineering,Male,7773,Asian,Divorced,Fully Meets,3,True,63.22245037645448,1879,Entry
3784,2022-08-14,,Production,William Price,CCDR,Active,Contract,Zone A,Temporary,Unk,,Production       ,Field Engineering / Operations,,Northeast,Project / Site Management,Female,55514,White,Single,Fully Meets,3,True,,1052,Entry
3785,2022-01-18,,Production,Sheri Jackson,PL,Active,Contract,Zone C,Temporary,Unk,,Production       ,Project Management,,Northeast,Executive & Leadership,Female,13406,Black,Divorced,Fully Meets,3,True,,1260,Mid
3786,2021-06-22,2022-07-26,Production,Paul Richards,PYZ,Voluntarily Terminated,Full-Time,Zone A,Part-Time,Resignation,Cost high must body defense population.,Production       ,Field Engineering / Operations,1962,Northeast,Field Operations,Female,65379,Black,Divorced,Fully Meets,3,False,63.05817932922656,399,Mid
3787,2023-01-19,2023-06-20,Production,Alexis Gutierrez,SVG,Voluntarily Terminated,Full-Time,Zone C,Part-Time,Resignation,Peace anything sign third.,Production       ,General Operations,,Northeast,Project / Site Management,Female,69445,White,Widowed,Fully Meets,3,False,,152,Mid
3788,2023-05-17,2023-06-13,Production,Michael Mcclure,TNS,Voluntarily Terminated,Part-Time,Zone A,Full-Time,Involuntary,In read day your stay she.,Production       ,Field Engineering / Operations,1976,Northeast,Project / Site Management,Female,32440,Black,Married,Fully Meets,3,False,48.81587953456537,27,Mid
3789,2020-06-07,,Production,Randall Frey,WBL,Active,Contract,Zone A,Part-Time,Unk,,Production       ,Field Engineering / Operations,,Northeast,Project / Site Management,Female,30804,Other,Widowed,Fully Meets,3,True,,1850,Mid
3790,2023-07-07,2023-07-11,Production,Matthew Le,PYZ,Active,Full-Time,Zone A,Temporary,Resignation,Simply Mrs moment seven feel time.,Production       ,Logistics / Maintenance,1962,Northeast,Labor & Site Work,Female,17247,Hispanic,Single,Fully Meets,3,False,62.554414784394254,4,Mid
3791,2020-03-28,,Production,Ashley Petty,WBL,Active,Full-Time,Zone B,Full-Time,Unk,,Production       ,Finance,1978,Northeast,Admin & Support,Female,32417,Asian,Divorced,Fully Meets,3,True,47.408624229979466,1921,Entry
3792,2019-05-23,2022-05-10,Production,Angela Shaffer,NEL,Active,Part-Time,Zone C,Full-Time,Retirement,Analysis listen here fight.,Production       ,Field Engineering / Operations,1998,Northeast,Engineering,Male,50738,White,Married,Fully Meets,3,False,27.06365503080082,1083,Entry
3793,2019-04-20,,Production,Steven Walton,PL,Active,Full-Time,Zone B,Full-Time,Unk,,Production       ,General Operations,,Northeast,Project / Site Management,Male,34278,Asian,Married,Fully Meets,3,True,,2264,Entry
3794,2018-09-09,,Production,Abigail Robinson,BPC,Active,Contract,Zone A,Full-Time,Unk,,Production       ,General Operations,,Northeast,Project / Site Management,Male,40836,Asian,Widowed,Fully Meets,5,True,,2487,Entry
3795,2022-07-14,,Production,Brandi Howell,CCDR,Active,Part-Time,Zone A,Part-Time,Unk,,Production       ,General Operations,1989,Northeast,Project / Site Management,Male,59081,White,Divorced,Exceeds,3,True,35.9151266255989,1083,Entry
3796,2019-04-17,2021-12-02,Production,Connie Blackburn,SVG,Active,Contract,Zone A,Part-Time,Resignation,Better above culture throughout life me.,Production       ,General Operations,,Northeast,Labor & Site Work,Female,82019,Hispanic,Married,Exceeds,3,False,,960,Entry
3797,2020-05-15,,Production,Connie Martinez,EW,Active,Contract,Zone A,Full-Time,Unk,,Production       ,Field Engineering / Operations,,Northeast,Other,Female,32969,Black,Married,Fully Meets,3,True,,1873,Entry
3798,2020-04-04,2023-07-04,Production,Cheryl Martinez,MSC,Active,Full-Time,Zone C,Full-Time,Voluntary,Town impact science learn break talk.,Production       ,General Operations,,Northeast,Field Operations,Male,36648,Other,Widowed,Fully Meets,3,False,,1186,Entry
3799,2022-10-15,,Production,Ryan Carlson,TNS,Active,Full-Time,Zone A,Temporary,Unk,,Production       ,Executive,,Northeast,Executive & Leadership,Male,95984,Hispanic,Single,Exceeds,3,True,,990,Entry
3800,2019-07-11,,Production,Jamie Henderson,PYZ,Active,Contract,Zone C,Part-Time,Unk,,Production       ,General Operations,1950,Northeast,Admin & Support,Male,31864,Other,Married,Fully Meets,3,True,74.55989048596851,2182,Entry
3801,2019-10-02,,Production,Jamie Stark,WBL,Active,Contract,Zone C,Temporary,Unk,,Production       ,Field Engineering / Operations,,Northeast,Labor & Site Work,Female,54738,Hispanic,Single,Fully Meets,3,True,,2099,Entry
3802,2021-03-04,,Production,Michael Andrade,NEL,Active,Full-Time,Zone A,Full-Time,Unk,,Production       ,Field Engineering / Operations,,Northeast,Project / Site Management,Male,65896,White,Divorced,Fully Meets,3,True,,1580,Entry
3803,2021-02-10,2022-01-01,Production,Jason Haley,PL,Future Start,Contract,Zone B,Full-Time,Resignation,Cup arm drug place level table staff.,Production       ,Field Engineering / Operations,1985,Northeast,Field Operations,Female,35618,Black,Single,Fully Meets,3,False,40.1368925393566,325,Entry
3804,2019-05-15,,Production,Virginia Short,BPC,Active,Full-Time,Zone C,Part-Time,Unk,,Production       ,General Operations,,Northeast,Field Operations,Female,17561,Hispanic,Single,Fully Meets,3,True,,2239,Entry
3805,2022-04-28,,Production,Heather Bell,CCDR,Active,Full-Time,Zone B,Part-Time,Unk,,Production       ,General Operations,,Northeast,Maintenance & Logistics,Male,13779,Other,Divorced,Fully Meets,3,True,,1160,Entry
3806,2021-09-23,2023-07-01,Production,Maria Obrien,SVG,Active,Contract,Zone C,Temporary,Resignation,Everybody list to. Green best stock yes happen.,Production       ,Field Engineering / Operations,1974,Northeast,Labor & Site Work,Male,31026,Other,Married,Fully Meets,3,False,50.83093771389459,646,Entry
3807,2021-09-15,2021-11-10,Production,George Doyle,EW,Active,Contract,Zone C,Temporary,Resignation,Family identify bar modern. Yeah article rest.,Production       ,Project Management,,Northeast,Project / Site Management,Male,84074,Asian,Single,Fully Meets,3,False,,56,Entry
3808,2019-04-27,2020-03-20,IT & Infrastructure,Jason Miller,PYZ,Active,Contract,Zone B,Full-Time,Resignation,Address control day. Election safe free capital.,IT/IS,General Operations,,Northeast,Admin & Support,Female,2472,White,Widowed,Fully Meets,3,False,,328,Entry
3809,2019-10-06,2020-08-23,IT & Infrastructure,Raymond Bird,TNS,Active,Part-Time,Zone B,Part-Time,Resignation,Somebody arm memory pull word.,IT/IS,Field Engineering / Operations,,Northeast,Project / Site Management,Male,2343,Hispanic,Single,Fully Meets,3,False,,322,Entry
3810,2020-02-16,,IT & Infrastructure,Thomas Wilson,PL,Active,Full-Time,Zone A,Temporary,Unk,,IT/IS,General Operations,1959,Northeast,Admin & Support,Female,6033,Black,Single,Fully Meets,3,True,65.72484599589322,1962,Senior
3811,2022-05-14,2022-10-21,IT & Infrastructure,Robin Wilson,PL,Active,Part-Time,Zone B,Temporary,Involuntary,Back prove second tax air.,IT/IS,Field Engineering / Operations,1958,Northeast,Engineering,Male,6278,Hispanic,Widowed,Fully Meets,3,False,67.30732375085557,160,Senior
3812,2019-02-13,2020-08-06,IT & Infrastructure,Julie Lewis,BPC,Active,Contract,Zone B,Full-Time,Resignation,Center west table security.,IT/IS,General Operations,,Northeast,Admin & Support,Female,2453,Hispanic,Single,Fully Meets,3,False,,540,Senior
3813,2022-08-24,,IT & Infrastructure,Joseph Mathews,SVG,Active,Part-Time,Zone A,Part-Time,Unk,,IT/IS,Field Engineering / Operations,,Northeast,Engineering,Male,1886,Hispanic,Widowed,Fully Meets,3,True,,1042,Entry
3814,2019-01-07,2020-09-05,IT & Infrastructure,Karen Crawford,EW,Leave of Absence,Part-Time,Zone C,Full-Time,Retirement,Short quality fall name get science throughout.,IT/IS,Field Engineering / Operations,,Northeast,Project / Site Management,Male,2169,Black,Widowed,Fully Meets,3,False,,607,Senior
3815,2021-03-26,,IT & Infrastructure,Mary Mcmillan,SVG,Active,Contract,Zone C,Part-Time,Unk,,IT/IS,Project Management,,Northeast,Project / Site Management,Male,1420,White,Divorced,Fully Meets,3,True,,1558,Entry
3816,2021-05-01,,IT & Infrastructure,Kyle Adams,WBL,Active,Full-Time,Zone A,Temporary,Unk,,IT/IS,Field Engineering / Operations,1956,Northeast,Field Operations,Male,2135,Hispanic,Single,Fully Meets,3,True,68.88980150581793,1522,Entry
3817,2021-10-10,2023-01-21,IT & Infrastructure,Jamie Baker,CCDR,Active,Part-Time,Zone A,Full-Time,Resignation,Firm national vote result.,IT/IS,General Operations,1978,Northeast,Field Operations,Female,2119,Black,Single,Needs Improvement,3,False,47.49623545516769,468,Entry
3818,2020-01-02,2022-04-03,IT & Infrastructure,Daniel White,CCDR,Active,Part-Time,Zone A,Part-Time,Voluntary,Car book street pull try brother.,IT/IS,Other,,Northeast,Field Operations,Male,2138,Asian,Single,Fully Meets,3,False,,822,Entry
3819,2020-01-20,,IT & Infrastructure,William Johnson,MSC,Active,Full-Time,Zone B,Part-Time,Unk,,IT/IS,Field Engineering / Operations,,Northeast,Project / Site Management,Female,2048,Asian,Single,Fully Meets,3,True,,1989,Entry
3820,2018-08-11,2021-05-21,IT & Infrastructure,George Tran,EW,Active,Contract,Zone C,Full-Time,Voluntary,Pattern son memory power citizen personal unit.,IT/IS,General Operations,,Northeast,Project / Site Management,Female,1773,Other,Divorced,Fully Meets,3,False,,1014,Entry
3821,2021-12-18,,IT & Infrastructure,Jonathan Knight,TNS,Active,Contract,Zone A,Temporary,Unk,,IT/IS,Field Engineering / Operations,1981,Northeast,Project / Site Management,Male,1545,White,Single,Fully Meets,3,True,44.24366872005476,1291,Senior
3822,2019-09-24,2022-04-04,IT & Infrastructure,Calvin Williamson,WBL,Active,Full-Time,Zone B,Part-Time,Retirement,Nice sit hotel doctor.,Executive Office,General Operations,,Northeast,Field Operations,Male,56727,Hispanic,Divorced,Fully Meets,3,False,,923,Entry
3823,2022-10-17,2023-06-26,IT & Infrastructure,David Rodriguez,TNS,Active,Full-Time,Zone A,Temporary,Involuntary,Word once speech mind.,Executive Office,Logistics / Maintenance,,Northeast,Project / Site Management,Male,12469,White,Single,Needs Improvement,3,False,,252,Entry
3824,2020-01-07,,IT & Infrastructure,Carolyn Richards,SVG,Active,Contract,Zone C,Full-Time,Unk,,IT/IS,General Operations,,Northeast,Admin & Support,Male,83312,Black,Single,Fully Meets,3,True,,2002,Entry
3825,2022-11-05,,IT & Infrastructure,Karen York,PYZ,Active,Full-Time,Zone A,Part-Time,Unk,,IT/IS,Field Engineering / Operations,,Northeast,Field Operations,Male,97413,Black,Married,Fully Meets,3,True,,969,Entry
3826,2023-04-26,2023-06-03,IT & Infrastructure,Jessica Hernandez,PL,Active,Part-Time,Zone B,Full-Time,Resignation,Part officer father last trouble field.,IT/IS,Field Engineering / Operations,2001,Northeast,Labor & Site Work,Male,21759,Asian,Divorced,Fully Meets,3,False,24.2217659137577,38,Entry
3827,2019-05-29,,IT & Infrastructure,Dana Ballard,NEL,Active,Part-Time,Zone B,Part-Time,Unk,,IT/IS,General Operations,,Northeast,Engineering,Male,79707,Asian,Widowed,Fully Meets,3,True,,2225,Entry
3828,2019-09-12,,IT & Infrastructure,Charles Duncan,PL,Active,Part-Time,Zone A,Full-Time,Unk,,IT/IS,Field Engineering / Operations,,Northeast,Field Operations,Male,84152,Black,Divorced,Fully Meets,3,True,,2119,Senior
3829,2019-01-27,2021-02-26,IT & Infrastructure,Jesse Newman,BPC,Active,Part-Time,Zone C,Full-Time,Resignation,Suffer rock nothing happen strong major spend.,IT/IS,Project Management,1956,Northeast,Project / Site Management,Male,55408,Other,Married,Exceeds,3,False,69.30321697467488,761,Senior
3830,2019-08-20,,Data & Analytics,David Zavala,CCDR,Active,Part-Time,Zone C,Temporary,Unk,,IT/IS,Field Engineering / Operations,,Northeast,Field Operations,Male,89892,White,Widowed,PIP,3,True,,2142,Senior
3831,2018-09-14,,IT & Infrastructure,John Holt,SVG,Active,Part-Time,Zone C,Part-Time,Unk,,IT/IS,Field Engineering / Operations,1950,Northeast,Labor & Site Work,Female,16260,Hispanic,Divorced,Needs Improvement,3,True,75.31827515400411,2482,Entry
3832,2021-08-02,2022-09-29,Data & Analytics,Melinda Mcintyre,EW,Leave of Absence,Full-Time,Zone B,Part-Time,Resignation,Lead throw others.,IT/IS,Project Management,1964,Northeast,Engineering,Female,96097,Hispanic,Widowed,PIP,3,False,60.81314168377824,423,Senior
3833,2022-01-26,2022-11-02,IT & Infrastructure,Melissa Baker,PYZ,Active,Full-Time,Zone A,Part-Time,Retirement,Partner discover size agency alone.,Executive Office,Field Engineering / Operations,1953,Northeast,Other,Male,21738,Asian,Single,PIP,3,False,72.13689253935661,280,Entry
3834,2019-05-10,2021-08-05,IT & Infrastructure,Gregory Coleman,WBL,Active,Contract,Zone C,Part-Time,Involuntary,Participant candidate wonder growth agree.,Executive Office,Field Engineering / Operations,1961,Northeast,Field Operations,Male,40039,Hispanic,Married,Fully Meets,3,False,63.97262149212868,818,Entry
3835,2019-01-02,2022-12-06,IT & Infrastructure,Paul Smith,NEL,Active,Part-Time,Zone B,Part-Time,Resignation,Try crime reach magazine their grow feeling.,IT/IS,Logistics / Maintenance,1993,Northeast,Other,Male,45952,Hispanic,Divorced,Fully Meets,3,False,31.720739219712527,1434,Entry
3836,2021-08-13,,IT & Infrastructure,Heather Farmer,PL,Active,Contract,Zone A,Temporary,Unk,,IT/IS,General Operations,1946,Northeast,Field Operations,Male,9738,Black,Single,Fully Meets,3,True,79.46611909650925,1418,Entry
3837,2022-10-02,2022-11-13,IT & Infrastructure,Thomas Weaver,BPC,Active,Part-Time,Zone A,Part-Time,Resignation,Often my different just.,IT/IS,Finance,,Northeast,Admin & Support,Male,72879,Other,Single,PIP,3,False,,42,Entry
3838,2018-12-17,2021-04-21,IT & Infrastructure,Duane Le,CCDR,Active,Part-Time,Zone A,Full-Time,Voluntary,Race state time lose.,IT/IS,Field Engineering / Operations,,Northeast,Admin & Support,Female,28364,Asian,Single,PIP,3,False,,856,Entry
3839,2021-10-11,,IT & Infrastructure,Jason Morris DVM,PL,Active,Contract,Zone B,Part-Time,Unk,,IT/IS,General Operations,,Northeast,Field Operations,Male,94433,Hispanic,Divorced,PIP,3,True,,1359,Senior
3840,2023-04-01,2023-05-18,IT & Infrastructure,Alex Lewis,BPC,Active,Part-Time,Zone B,Full-Time,Voluntary,Item type author pick set read style.,IT/IS,Field Engineering / Operations,,Northeast,Project / Site Management,Male,97654,Hispanic,Single,Fully Meets,3,False,,47,Senior
3841,2021-03-20,,Data & Analytics,Kevin Gross,CCDR,Active,Full-Time,Zone C,Full-Time,Unk,,IT/IS,Field Engineering / Operations,,Northeast,Labor & Site Work,Male,78239,Asian,Single,Fully Meets,3,True,,1564,Senior
3842,2020-08-20,2021-08-11,IT & Infrastructure,Clayton Robertson,SVG,Leave of Absence,Part-Time,Zone B,Part-Time,Involuntary,Visit lawyer interesting.,IT/IS,Field Engineering / Operations,,Northeast,Field Operations,Female,40402,White,Divorced,Fully Meets,3,False,,356,Entry
3843,2023-07-16,2023-07-30,Data & Analytics,Melissa Pineda,EW,Leave of Absence,Full-Time,Zone C,Full-Time,Resignation,Place field everyone yourself.,IT/IS,Field Engineering / Operations,1977,Northeast,Engineering,Female,21480,Asian,Single,Fully Meets,3,False,48.39425051334703,14,Senior
3844,2021-06-10,2022-08-18,IT & Infrastructure,Melissa Torres,PYZ,Active,Part-Time,Zone C,Temporary,Voluntary,Church happen network dog kid thought.,Executive Office,General Operations,1961,Northeast,Labor & Site Work,Male,49677,White,Single,PIP,3,False,64.07939767282683,434,Entry
3845,2019-08-25,,IT & Infrastructure,Jordan Caldwell,WBL,Active,Contract,Zone A,Full-Time,Unk,,Executive Office,Field Engineering / Operations,1969,Northeast,Labor & Site Work,Male,69726,Hispanic,Single,PIP,3,True,55.89048596851472,2137,Entry
3846,2020-05-04,2023-05-15,IT & Infrastructure,Anthony Neal,NEL,Active,Contract,Zone C,Full-Time,Retirement,Fall often enjoy once house card something.,IT/IS,Field Engineering / Operations,1975,Northeast,Other,Male,44664,Asian,Single,Fully Meets,3,False,49.89185489390828,1106,Entry
3847,2019-02-24,2020-06-11,IT & Infrastructure,Gregory Rodriguez,PL,Active,Part-Time,Zone B,Temporary,Retirement,Indeed compare I since possible something.,IT/IS,Field Engineering / Operations,1998,Northeast,Labor & Site Work,Male,53800,Hispanic,Single,Fully Meets,3,False,26.81724845995893,473,Entry
3848,2019-09-24,,IT & Infrastructure,John Gordon,BPC,Active,Full-Time,Zone C,Temporary,Unk,,IT/IS,Field Engineering / Operations,,Northeast,Field Operations,Male,69459,Asian,Married,Fully Meets,3,True,,2107,Entry
3849,2021-02-13,,IT & Infrastructure,Darryl Vargas,CCDR,Active,Contract,Zone A,Part-Time,Unk,,IT/IS,General Operations,,Northeast,Project / Site Management,Female,78801,White,Widowed,Fully Meets,3,True,,1599,Entry
3850,2020-01-05,2022-04-25,IT & Infrastructure,Cheryl Cook,MSC,Active,Part-Time,Zone B,Temporary,Voluntary,Gas likely father read individual fly serve.,IT/IS,Logistics / Maintenance,,Northeast,Admin & Support,Male,77264,Hispanic,Single,Fully Meets,3,False,,841,Senior
3851,2019-01-18,2020-03-30,IT & Infrastructure,Thomas Hanson,NEL,Leave of Absence,Contract,Zone C,Temporary,Resignation,Law particularly paper friend.,IT/IS,Executive,1994,Northeast,Project / Site Management,Male,38058,Black,Married,PIP,3,False,30.98425735797399,437,Senior
3852,2019-03-01,2021-09-25,Data & Analytics,Dr. Eric Henderson,PL,Leave of Absence,Part-Time,Zone A,Temporary,Retirement,Modern fight pattern.,IT/IS,Field Engineering / Operations,1987,Northeast,Labor & Site Work,Female,34011,White,Widowed,PIP,3,False,37.80698151950719,939,Senior
3853,2021-08-14,2022-11-05,IT & Infrastructure,James Horn,PYZ,Leave of Absence,Full-Time,Zone A,Temporary,Resignation,Rule yes maintain treatment.,IT/IS,General Operations,,Northeast,Field Operations,Female,56198,Asian,Single,Fully Meets,3,False,,448,Entry
3854,2019-06-06,2019-09-05,IT & Infrastructure,Matthew Miranda,WBL,Active,Part-Time,Zone B,Temporary,Retirement,Area card test push day effect.,Executive Office,IT,,Northeast,Project / Site Management,Male,72343,Black,Single,Fully Meets,3,False,,91,Entry
3855,2021-05-25,2022-08-13,IT & Infrastructure,Jason Patel,WBL,Active,Part-Time,Zone B,Part-Time,Retirement,Case try necessary test. Full today TV bit year.,Executive Office,HR / People Services,1999,Northeast,Finance & Analysis,Male,77314,Other,Widowed,Fully Meets,3,False,25.749486652977414,445,Entry
3856,2023-03-17,2023-06-12,IT & Infrastructure,Michael Young,TNS,Active,Part-Time,Zone C,Part-Time,Involuntary,Stand cut knowledge staff course than class.,Executive Office,Field Engineering / Operations,,Northeast,Labor & Site Work,Male,57170,Other,Divorced,PIP,3,False,,87,Entry
3857,2022-10-02,2022-10-11,IT & Infrastructure,Lindsey Osborne,SVG,Active,Contract,Zone B,Temporary,Voluntary,Forget budget now window.,IT/IS,Field Engineering / Operations,,Northeast,Engineering,Male,18837,Black,Widowed,PIP,3,False,,9,Entry
3858,2022-01-22,,IT & Infrastructure,Gerald Yu,PYZ,Active,Full-Time,Zone B,Full-Time,Unk,,IT/IS,Field Engineering / Operations,1951,Northeast,Field Operations,Male,90580,Other,Married,Fully Meets,3,True,73.99863107460644,1256,Entry
3859,2019-11-29,2022-08-18,IT & Infrastructure,Randall Keller,PL,Active,Full-Time,Zone B,Part-Time,Voluntary,Conference feeling notice military.,IT/IS,Field Engineering / Operations,,Northeast,Engineering,Female,70282,Hispanic,Married,PIP,3,False,,993,Entry
3860,2020-07-01,2022-09-22,IT & Infrastructure,Ricky Banks,NEL,Active,Contract,Zone B,Temporary,Resignation,A matter seven second professor.,IT/IS,Field Engineering / Operations,1996,Northeast,Field Operations,Female,86329,Asian,Single,Fully Meets,3,False,29.489390828199863,813,Entry
3861,2022-03-24,,IT & Infrastructure,Jessica Figueroa,PL,Active,Full-Time,Zone C,Part-Time,Unk,,IT/IS,General Operations,,Northeast,Labor & Site Work,Male,70757,Other,Widowed,PIP,3,True,,1195,Senior
3862,2019-05-13,2023-06-06,IT & Infrastructure,Lindsey Gibson,BPC,Leave of Absence,Part-Time,Zone B,Temporary,Involuntary,Contain result down realize employee image in.,IT/IS,Project Management,1989,Northeast,Engineering,Male,58224,White,Married,PIP,3,False,36.15605749486653,1485,Senior
3863,2019-06-07,,Data & Analytics,Jeremy Hanson,CCDR,Active,Contract,Zone A,Temporary,Unk,,IT/IS,Field Engineering / Operations,,Northeast,Field Operations,Female,38413,Other,Single,PIP,3,True,,2216,Senior
3864,2022-12-05,2023-06-13,IT & Infrastructure,David Chung,SVG,Leave of Absence,Contract,Zone A,Full-Time,Resignation,Sort blue time total.,IT/IS,Field Engineering / Operations,,Northeast,Labor & Site Work,Female,32977,Other,Married,Needs Improvement,3,False,,190,Entry
3865,2020-09-29,2021-10-22,IT & Infrastructure,Jacob Russo,MSC,Active,Part-Time,Zone C,Temporary,Involuntary,Me husband about special within.,Production       ,Sales & Marketing,1963,Northeast,Executive & Leadership,Male,9209,Asian,Single,Needs Improvement,3,False,61.74401095140315,388,Entry
3866,2020-09-04,2021-04-17,IT & Infrastructure,Harold Lee,TNS,Active,Contract,Zone A,Full-Time,Retirement,First bed red in.,Executive Office,Field Engineering / Operations,1959,Northeast,Field Operations,Male,58737,Other,Divorced,Fully Meets,3,False,65.64271047227926,225,Entry
3867,2018-08-26,,IT & Infrastructure,Heather Hill,PYZ,Active,Part-Time,Zone B,Full-Time,Unk,,Executive Office,Field Engineering / Operations,,Northeast,Admin & Support,Male,5363,Other,Widowed,Fully Meets,3,True,,2501,Entry
3868,2019-08-17,,IT & Infrastructure,Jasmine Smith,WBL,Active,Contract,Zone A,Part-Time,Unk,,IT/IS,Finance,,Northeast,Admin & Support,Male,51175,Hispanic,Widowed,Fully Meets,3,True,,2145,Entry
3869,2019-09-25,2020-02-07,IT & Infrastructure,Shawn Martin,NEL,Active,Full-Time,Zone A,Temporary,Voluntary,Investment radio bring who. Big move rise return.,IT/IS,Field Engineering / Operations,1977,Northeast,Engineering,Male,49132,Hispanic,Divorced,Fully Meets,3,False,48.05749486652977,135,Entry
3870,2023-03-11,2023-03-11,IT & Infrastructure,Mr. Todd Lawson,PL,Active,Contract,Zone B,Temporary,Resignation,Capital economy while notice this nice.,IT/IS,Project Management,,Northeast,Labor & Site Work,Male,64853,Asian,Single,Fully Meets,3,False,,0,Entry
3871,2022-12-15,,IT & Infrastructure,Laura Sanchez,BPC,Active,Full-Time,Zone B,Full-Time,Unk,,IT/IS,General Operations,1971,Northeast,Field Operations,Female,39859,White,Widowed,Fully Meets,3,True,54.072553045859,929,Entry
3872,2018-08-10,2021-02-08,IT & Infrastructure,Jeffrey Ramos,CCDR,Active,Contract,Zone B,Part-Time,Resignation,Four yourself strong give focus meeting.,IT/IS,Field Engineering / Operations,1966,Northeast,Executive & Leadership,Female,48135,Asian,Single,Fully Meets,3,False,59.47707049965777,913,Entry
3873,2022-03-04,2023-06-22,IT & Infrastructure,Patricia Johnson,NEL,Active,Full-Time,Zone B,Part-Time,Resignation,Up reason question past attention.,IT/IS,Executive,,Northeast,Project / Site Management,Male,41066,Hispanic,Widowed,Fully Meets,3,False,,475,Senior
3874,2020-06-02,,IT & Infrastructure,Brandy Greer,PL,Active,Part-Time,Zone C,Part-Time,Unk,,IT/IS,General Operations,,Northeast,Labor & Site Work,Male,28613,Hispanic,Married,Fully Meets,3,True,,1855,Senior
3875,2021-06-29,,IT & Infrastructure,Charles Velez,BPC,Active,Contract,Zone A,Temporary,Unk,,IT/IS,Field Engineering / Operations,,Northeast,Labor & Site Work,Male,81215,Asian,Divorced,Fully Meets,3,True,,1463,Senior
3876,2021-10-24,,Data & Analytics,Deborah Bell,CCDR,Active,Contract,Zone C,Temporary,Unk,,IT/IS,General Operations,,Northeast,Field Operations,Female,70578,Hispanic,Single,PIP,3,True,,1346,Senior
3877,2018-10-22,2020-04-07,IT & Infrastructure,Christian Ortega,MSC,Active,Part-Time,Zone A,Full-Time,Resignation,Increase town serious care support key heavy.,Executive Office,General Operations,,Northeast,Field Operations,Male,81607,Asian,Single,PIP,3,False,,533,Entry
3878,2018-09-08,2021-08-23,IT & Infrastructure,Michael Morton,TNS,Active,Contract,Zone B,Part-Time,Voluntary,Hot star town often onto although cultural.,Executive Office,Field Engineering / Operations,,Northeast,Engineering,Male,69536,Other,Divorced,Fully Meets,3,False,,1080,Entry
3879,2019-02-08,2023-02-24,IT & Infrastructure,Brian Aguirre,PYZ,Active,Full-Time,Zone C,Part-Time,Involuntary,Say rate glass natural study pattern.,IT/IS,Field Engineering / Operations,,Northeast,Admin & Support,Male,16655,Hispanic,Married,Fully Meets,3,False,,1477,Entry
3880,2021-03-29,2021-06-27,IT & Infrastructure,Richard Gonzalez,WBL,Active,Part-Time,Zone B,Temporary,Voluntary,Offer kitchen foreign role.,IT/IS,General Operations,,Northeast,Admin & Support,Male,73726,Black,Single,Fully Meets,3,False,,90,Entry
3881,2019-06-19,,IT & Infrastructure,Karen Elliott,NEL,Active,Part-Time,Zone B,Part-Time,Unk,,IT/IS,Field Engineering / Operations,1992,Northeast,Labor & Site Work,Male,14181,Other,Divorced,Fully Meets,3,True,32.63244353182751,2204,Entry
3882,2019-01-30,,IT & Infrastructure,Kelly Bean,PL,Active,Contract,Zone C,Part-Time,Unk,,IT/IS,Other,,Northeast,Field Operations,Female,14438,Asian,Married,Fully Meets,3,True,,2344,Entry
3883,2022-05-06,2022-09-26,IT & Infrastructure,Jacob Hamilton,BPC,Active,Contract,Zone B,Full-Time,Involuntary,Here employee minute officer southern.,IT/IS,Field Engineering / Operations,,Northeast,Admin & Support,Female,11294,White,Widowed,Fully Meets,3,False,,143,Entry
3884,2019-02-02,,IT & Infrastructure,Barbara Skinner,CCDR,Active,Full-Time,Zone B,Temporary,Unk,,IT/IS,Field Engineering / Operations,,Northeast,Engineering,Female,96985,Black,Widowed,Fully Meets,3,True,,2341,Entry
3885,2021-12-08,,IT & Infrastructure,Aaron Oconnor,EW,Active,Full-Time,Zone B,Part-Time,Unk,,IT/IS,Field Engineering / Operations,,Northeast,Engineering,Female,93436,Black,Single,Fully Meets,3,True,,1301,Senior
3886,2018-10-12,,IT & Infrastructure,Christine Mcgee,MSC,Active,Part-Time,Zone B,Temporary,Unk,,IT/IS,Other,1977,Northeast,Field Operations,Male,42646,Other,Single,Fully Meets,3,True,47.56741957563313,2454,Senior
3887,2022-04-22,2023-05-15,IT & Infrastructure,Jose Moran,NEL,Leave of Absence,Contract,Zone B,Temporary,Retirement,Fact item service few contain less available.,IT/IS,General Operations,,Northeast,Labor & Site Work,Male,54502,White,Divorced,Exceeds,3,False,,388,Senior
3888,2021-09-05,2022-07-08,Data & Analytics,Jimmy Beck,PL,Leave of Absence,Full-Time,Zone B,Full-Time,Retirement,Too within that room.,IT/IS,Field Engineering / Operations,,Northeast,Engineering,Female,88391,Other,Divorced,Fully Meets,3,False,,306,Senior
3889,2022-09-05,2022-10-30,IT & Infrastructure,Lisa Chase,TNS,Active,Contract,Zone B,Part-Time,Resignation,With affect give water contain lose subject wide.,Executive Office,General Operations,,Northeast,Project / Site Management,Male,26421,Black,Single,Fully Meets,3,False,,55,Entry
3890,2022-07-19,2023-04-25,IT & Infrastructure,Susan Livingston,WBL,Active,Full-Time,Zone B,Temporary,Resignation,Card around respond current seem along.,IT/IS,General Operations,,Northeast,Project / Site Management,Male,85660,Asian,Divorced,Fully Meets,3,False,,280,Entry
3891,2022-05-26,,IT & Infrastructure,April Castillo,BPC,Active,Full-Time,Zone C,Temporary,Unk,,IT/IS,Field Engineering / Operations,1960,Northeast,Engineering,Male,60107,Other,Single,Fully Meets,3,True,64.99110198494182,1132,Entry
3892,2022-10-31,,IT & Infrastructure,Diane James,CCDR,Active,Full-Time,Zone A,Full-Time,Unk,,IT/IS,Field Engineering / Operations,1978,Northeast,Executive & Leadership,Male,60831,Hispanic,Divorced,Fully Meets,3,True,47.2498288843258,974,Entry
3893,2023-03-22,2023-07-28,IT & Infrastructure,Allison Shannon,EW,Active,Full-Time,Zone B,Part-Time,Involuntary,Series remember American lawyer probably be.,IT/IS,General Operations,,Northeast,Labor & Site Work,Female,68298,Asian,Married,Fully Meets,3,False,,128,Entry
3894,2023-05-29,,IT & Infrastructure,David Long,MSC,Active,Full-Time,Zone A,Full-Time,Unk,,IT/IS,Field Engineering / Operations,1959,Northeast,Field Operations,Female,72913,Black,Married,Fully Meets,3,True,66.33264887063655,764,Entry
3895,2020-02-23,2021-09-08,IT & Infrastructure,Kelly Hall,NEL,Active,Full-Time,Zone C,Full-Time,Retirement,Right hold rule similar yeah later floor.,IT/IS,Field Engineering / Operations,,Northeast,Other,Female,3137,Other,Single,Fully Meets,3,False,,563,Entry
3896,2019-08-13,2022-07-10,IT & Infrastructure,Rachel Sanchez,PL,Active,Part-Time,Zone B,Temporary,Involuntary,Meeting wind concern action. Scene western serve.,IT/IS,Field Engineering / Operations,,Northeast,Project / Site Management,Female,2618,Other,Widowed,Fully Meets,3,False,,1062,Entry
3897,2019-03-25,2021-09-13,IT & Infrastructure,Hector Singleton,NEL,Active,Part-Time,Zone A,Part-Time,Retirement,All machine best age ask court.,IT/IS,Field Engineering / Operations,,Northeast,Project / Site Management,Female,84396,Black,Married,Fully Meets,3,False,,903,Senior
3898,2018-12-14,2023-02-11,IT & Infrastructure,Denise Oconnor,PL,Leave of Absence,Part-Time,Zone C,Temporary,Retirement,Cut during return could hit view born present.,IT/IS,General Operations,1948,Northeast,Field Operations,Male,83611,Asian,Single,Fully Meets,3,False,76.9719370294319,1520,Senior
3899,2021-03-07,2021-08-31,IT & Infrastructure,Ruben Cook,BPC,Leave of Absence,Contract,Zone B,Part-Time,Resignation,Issue teacher page true relate. Fight out learn.,IT/IS,Field Engineering / Operations,,Northeast,Engineering,Female,88656,Other,Divorced,Fully Meets,3,False,,177,Senior
3900,2023-06-16,,Data & Analytics,Amy Duncan,CCDR,Active,Contract,Zone C,Full-Time,Unk,,IT/IS,Field Engineering / Operations,,Northeast,Field Operations,Female,79249,Asian,Single,Fully Meets,3,True,,746,Senior
3901,2021-06-18,,IT & Infrastructure,Anthony Cruz MD,EW,Active,Part-Time,Zone A,Temporary,Unk,,Executive Office,Project Management,1988,Northeast,Project / Site Management,Male,3921,Hispanic,Single,Fully Meets,3,True,37.40177960301163,1474,Entry
3902,2023-05-22,2023-06-16,IT & Infrastructure,Michelle Perry,MSC,Active,Contract,Zone B,Temporary,Resignation,Deep certainly boy record.,Executive Office,Field Engineering / Operations,1964,Northeast,Labor & Site Work,Male,84876,Black,Single,Fully Meets,3,False,61.07871321013005,25,Entry
3903,2019-05-14,,IT & Infrastructure,Victoria Shaw,TNS,Active,Full-Time,Zone A,Full-Time,Unk,,IT/IS,Field Engineering / Operations,,Northeast,Other,Male,66324,Hispanic,Single,Fully Meets,3,True,,2240,Entry
3904,2020-12-27,,IT & Infrastructure,Brad Lee,PYZ,Active,Contract,Zone A,Part-Time,Unk,,IT/IS,Field Engineering / Operations,1970,Northeast,Engineering,Male,86510,Asian,Widowed,Fully Meets,3,True,55.32922655715264,1647,Entry
3905,2020-08-04,2022-02-04,IT & Infrastructure,Todd Baker,WBL,Active,Full-Time,Zone A,Full-Time,Involuntary,Brother reduce since no during.,IT/IS,Consulting / Client Delivery,1958,Northeast,Engineering,Female,48843,Black,Widowed,Fully Meets,3,False,67.06365503080082,549,Entry
3906,2020-08-25,,IT & Infrastructure,Samuel Padilla,NEL,Active,Contract,Zone C,Temporary,Unk,,IT/IS,Field Engineering / Operations,1975,Northeast,Other,Female,70797,Other,Married,Fully Meets,3,True,49.82067077344285,1771,Entry
3907,2022-02-24,,IT & Infrastructure,Michael Wright,PL,Active,Full-Time,Zone A,Temporary,Unk,,IT/IS,Field Engineering / Operations,1964,Northeast,Executive & Leadership,Female,6437,White,Married,Fully Meets,3,True,60.9719370294319,1223,Entry
3908,2019-08-06,2021-03-21,IT & Infrastructure,Bryan Foley,BPC,Active,Part-Time,Zone C,Temporary,Resignation,Reduce center top without.,IT/IS,Field Engineering / Operations,1986,Northeast,Other,Female,92289,Black,Married,Needs Improvement,3,False,38.97330595482546,593,Entry
3909,2021-08-01,2021-09-24,IT & Infrastructure,April Anderson MD,CCDR,Active,Part-Time,Zone C,Part-Time,Resignation,Expect maintain knowledge thus.,IT/IS,General Operations,,Northeast,Admin & Support,Female,58900,Other,Married,Needs Improvement,3,False,,54,Entry
3910,2022-07-13,2023-01-22,IT & Infrastructure,Matthew Calderon DDS,WBL,Active,Part-Time,Zone A,Part-Time,Voluntary,Concern morning while.,IT/IS,Other,,Northeast,Field Operations,Female,35673,White,Widowed,Needs Improvement,3,False,,193,Senior
3911,2021-05-28,,IT & Infrastructure,Bryan Ramos,NEL,Active,Full-Time,Zone A,Part-Time,Unk,,IT/IS,Field Engineering / Operations,,Northeast,Other,Male,68952,White,Widowed,Fully Meets,3,True,,1495,Senior
3912,2020-07-06,2021-01-18,IT & Infrastructure,Alan Harris,PL,Leave of Absence,Part-Time,Zone C,Full-Time,Involuntary,Reach music five away. Too fish sure be.,IT/IS,General Operations,,Northeast,Project / Site Management,Male,97493,Hispanic,Widowed,Needs Improvement,3,False,,196,Senior
3913,2020-01-14,2022-06-08,IT & Infrastructure,Rodney Hart,BPC,Leave of Absence,Full-Time,Zone A,Part-Time,Resignation,Management so author training floor stage could.,IT/IS,Project Management,1942,Northeast,Finance & Analysis,Female,69903,White,Married,Fully Meets,3,False,83.08008213552361,876,Senior
3914,2020-02-04,2021-01-29,IT & Infrastructure,Jorge Mayo,SVG,Active,Contract,Zone C,Temporary,Resignation,Whole shake score look.,Executive Office,Field Engineering / Operations,,Northeast,Project / Site Management,Male,9758,Other,Single,Exceeds,3,False,,360,Entry
3915,2022-08-28,,IT & Infrastructure,Kimberly Good,TNS,Active,Contract,Zone B,Part-Time,Unk,,IT/IS,Field Engineering / Operations,1991,Northeast,Project / Site Management,Male,31391,Other,Widowed,Fully Meets,3,True,34.16290212183436,1038,Entry
3916,2022-06-27,,IT & Infrastructure,Stephanie Harris,WBL,Active,Part-Time,Zone C,Temporary,Unk,,IT/IS,Project Management,,Northeast,Project / Site Management,Male,14939,Other,Widowed,Fully Meets,3,True,,1100,Entry
3917,2019-12-19,2023-03-31,IT & Infrastructure,Ethan Allison,PYZ,Active,Part-Time,Zone C,Full-Time,Retirement,Might control article admit may water.,IT/IS,General Operations,1993,Northeast,Field Operations,Female,89635,Black,Widowed,Exceeds,3,False,32.2217659137577,1198,Entry
3918,2020-09-24,2023-03-27,IT & Infrastructure,Christian Mullen,WBL,Active,Contract,Zone A,Full-Time,Voluntary,Road he court. Officer blood couple.,IT/IS,Field Engineering / Operations,,Northeast,Labor & Site Work,Female,48262,Asian,Widowed,Fully Meets,3,False,,914,Entry
3919,2023-07-06,,IT & Infrastructure,Debra Oneal,NEL,Active,Contract,Zone C,Full-Time,Unk,,IT/IS,Field Engineering / Operations,1944,Northeast,Field Operations,Female,42410,Asian,Divorced,Fully Meets,3,True,80.73100616016427,726,Entry
3920,2021-04-11,2022-12-19,IT & Infrastructure,Cynthia Willis,PL,Active,Full-Time,Zone A,Part-Time,Involuntary,Sit parent popular even travel level who.,IT/IS,Field Engineering / Operations,1961,Northeast,Labor & Site Work,Female,62625,Other,Divorced,Fully Meets,3,False,63.65503080082136,617,Entry
3921,2020-02-12,2022-07-15,IT & Infrastructure,Lauren Douglas,BPC,Active,Contract,Zone A,Part-Time,Retirement,Form law draw east through particularly.,IT/IS,Field Engineering / Operations,,Northeast,Other,Female,56684,Other,Married,Fully Meets,3,False,,884,Entry
3922,2018-12-25,,IT & Infrastructure,Katherine Wright,CCDR,Active,Part-Time,Zone A,Full-Time,Unk,,IT/IS,General Operations,1996,Northeast,Field Operations,Female,26513,White,Widowed,Fully Meets,3,True,28.739219712525667,2380,Entry
3923,2021-12-25,2023-06-19,IT & Infrastructure,Jennifer Lester,WBL,Active,Full-Time,Zone C,Part-Time,Involuntary,Mouth activity price take take rather.,IT/IS,Field Engineering / Operations,,Northeast,Project / Site Management,Female,26918,Hispanic,Single,Exceeds,3,False,,541,Senior
3924,2021-05-22,,IT & Infrastructure,Erin Tran,NEL,Active,Full-Time,Zone B,Full-Time,Unk,,IT/IS,General Operations,,Northeast,Field Operations,Male,86917,Other,Widowed,Fully Meets,3,True,,1501,Senior
3925,2020-05-03,2022-11-14,IT & Infrastructure,Bill Barnes,PL,Leave of Absence,Contract,Zone C,Part-Time,Resignation,Environment Democrat personal design now.,IT/IS,General Operations,,Northeast,Executive & Leadership,Male,64495,Hispanic,Widowed,Fully Meets,3,False,,925,Senior
3926,2019-02-27,,IT & Infrastructure,Nicole Morales,BPC,Active,Full-Time,Zone C,Full-Time,Unk,,IT/IS,Other,,Northeast,Project / Site Management,Female,47528,Hispanic,Single,Needs Improvement,3,True,,2316,Senior
3927,2020-03-01,2022-03-05,IT & Infrastructure,Gary Davidson,SVG,Active,Contract,Zone C,Temporary,Involuntary,Four American something smile.,Executive Office,Field Engineering / Operations,1982,Northeast,Field Operations,Male,50639,Other,Single,Fully Meets,3,False,42.718685831622174,734,Entry
3928,2021-01-27,2021-10-18,IT & Infrastructure,Walter Powell,TNS,Active,Full-Time,Zone A,Temporary,Resignation,Red say check wish car food between member.,IT/IS,General Operations,1956,Northeast,Labor & Site Work,Male,59834,White,Widowed,Fully Meets,3,False,68.9719370294319,264,Entry
3929,2023-06-18,2023-07-24,IT & Infrastructure,Kimberly Wolf,WBL,Active,Contract,Zone C,Part-Time,Resignation,Whom part moment eye. Off wear be hold listen.,IT/IS,Field Engineering / Operations,,Northeast,Admin & Support,Female,73645,Asian,Married,Fully Meets,3,False,,36,Entry
3930,2019-11-24,,IT & Infrastructure,Patricia Andrews,BPC,Active,Contract,Zone A,Part-Time,Unk,,IT/IS,General Operations,1984,Northeast,Labor & Site Work,Female,65218,Asian,Married,Fully Meets,3,True,41.22655715263518,2046,Entry
3931,2021-09-24,,IT & Infrastructure,Michelle King,CCDR,Active,Part-Time,Zone A,Temporary,Unk,,IT/IS,Field Engineering / Operations,,Northeast,Engineering,Male,34001,Black,Widowed,Fully Meets,3,True,,1376,Entry
3932,2022-08-17,,IT & Infrastructure,Kenneth Rodriguez,EW,Active,Contract,Zone B,Full-Time,Unk,,IT/IS,General Operations,,Northeast,Finance & Analysis,Female,23569,Black,Single,Fully Meets,3,True,,1049,Entry
3933,2023-04-18,,IT & Infrastructure,Kevin Hudson,MSC,Active,Contract,Zone A,Part-Time,Unk,,IT/IS,Field Engineering / Operations,,Northeast,Engineering,Female,46935,White,Married,Fully Meets,3,True,,805,Entry
3934,2020-04-15,2022-05-13,IT & Infrastructure,Dustin Sanchez,NEL,Active,Full-Time,Zone C,Temporary,Involuntary,Development operation wrong law room.,IT/IS,Executive,1979,Northeast,Executive & Leadership,Female,80168,Asian,Widowed,Fully Meets,3,False,46.49144421629021,758,Entry
3935,2020-12-25,,IT & Infrastructure,Jennifer Flores,PL,Active,Full-Time,Zone C,Full-Time,Unk,,IT/IS,Field Engineering / Operations,,Northeast,Field Operations,Male,97304,White,Widowed,Fully Meets,3,True,,1649,Entry
3936,2022-07-21,2023-05-01,IT & Infrastructure,Stephen Rasmussen,MSC,Terminated for Cause,Full-Time,Zone B,Temporary,Involuntary,Manage brother himself deal.,IT/IS,General Operations,,Northeast,Executive & Leadership,Male,6033,Other,Widowed,Fully Meets,3,False,,284,Entry
3937,2022-11-04,,Data & Analytics,Christina Williams,EW,Active,Contract,Zone C,Part-Time,Unk,,IT/IS,Field Engineering / Operations,,Northeast,Labor & Site Work,Male,1960,White,Widowed,Fully Meets,3,True,,970,Entry
3938,2020-04-20,,Data & Analytics,Brittany Evans,BPC,Active,Part-Time,Zone B,Temporary,Unk,,IT/IS,Field Engineering / Operations,,Northeast,Field Operations,Female,1886,Hispanic,Married,Fully Meets,3,True,,1898,Mid
3939,2019-09-05,,Data & Analytics,Nicole Hill,CCDR,Active,Part-Time,Zone A,Part-Time,Unk,,IT/IS,General Operations,1992,South,Project / Site Management,Male,78230,Black,Married,Fully Meets,3,True,32.82135523613963,2126,Mid
3940,2019-08-11,,Data & Analytics,Kaitlyn Young,EW,Active,Contract,Zone B,Full-Time,Unk,,IT/IS,General Operations,1958,Northeast,Field Operations,Male,2148,Other,Divorced,Fully Meets,3,True,66.89390828199863,2151,Senior
3941,2018-11-04,,Data & Analytics,Alejandra Spencer,BPC,Active,Full-Time,Zone B,Temporary,Unk,,IT/IS,Field Engineering / Operations,,Northeast,Labor & Site Work,Male,1810,White,Married,Fully Meets,3,True,,2431,Mid
3942,2018-11-04,2021-12-22,Data & Analytics,Brian Gamble MD,PYZ,Voluntarily Terminated,Contract,Zone B,Temporary,Resignation,Begin mind time similar night travel.,IT/IS,Field Engineering / Operations,1951,Northeast,Labor & Site Work,Female,2703,Asian,Married,PIP,3,False,73.82340862422998,1144,Senior
3943,2019-07-27,2021-07-25,Data & Analytics,Lauren Moore,NEL,Voluntarily Terminated,Part-Time,Zone A,Part-Time,Resignation,Choose system picture one party decision.,IT/IS,General Operations,1971,Northeast,Admin & Support,Male,2452,Black,Single,Fully Meets,3,False,53.90828199863108,729,Mid
3944,2020-12-21,,Data & Analytics,Joseph Owen,SVG,Active,Full-Time,Zone A,Full-Time,Unk,,IT/IS,General Operations,1997,Northeast,Admin & Support,Female,2148,White,Single,Fully Meets,3,True,27.98904859685147,1653,Mid
3945,2022-07-25,,Data & Analytics,Carla Wilson,MSC,Active,Full-Time,Zone C,Temporary,Unk,,IT/IS,Field Engineering / Operations,,Northeast,Engineering,Female,1886,Black,Single,PIP,3,True,,1072,Mid
3946,2019-06-15,,Data & Analytics,Valerie Moody,NEL,Active,Contract,Zone A,Temporary,Unk,,IT/IS,Logistics / Maintenance,,Northeast,Field Operations,Female,2493,White,Married,Fully Meets,3,True,,2208,Entry
3947,2020-04-04,2022-06-22,Data & Analytics,Heather Phillips,EW,Terminated for Cause,Full-Time,Zone B,Full-Time,Resignation,Door hear include off.,IT/IS,Field Engineering / Operations,1996,Northeast,Field Operations,Female,2026,Hispanic,Married,Fully Meets,3,False,28.57494866529774,809,Entry
3948,2023-02-03,2023-05-29,Data & Analytics,Peggy Mccoy,MSC,Voluntarily Terminated,Contract,Zone C,Full-Time,Involuntary,Discuss budget Mrs line whom television.,IT/IS,Field Engineering / Operations,,Northeast,Project / Site Management,Male,2747,Hispanic,Married,Fully Meets,3,False,,115,Mid
3949,2022-09-20,2023-07-04,Data & Analytics,Natasha Walton,SVG,Future Start,Full-Time,Zone A,Temporary,Voluntary,City week discussion success month push.,IT/IS,General Operations,,Northeast,Labor & Site Work,Female,1886,White,Single,Fully Meets,3,False,,287,Senior
3950,2023-07-12,,Data & Analytics,George Willis,CCDR,Active,Full-Time,Zone A,Part-Time,Unk,,IT/IS,Field Engineering / Operations,,Northeast,Engineering,Female,2301,Hispanic,Widowed,Fully Meets,3,True,,720,Entry
3951,2021-04-25,2023-02-12,Data & Analytics,Joseph Jensen,MSC,Terminated for Cause,Contract,Zone A,Temporary,Resignation,Model candidate worker writer.,IT/IS,Field Engineering / Operations,1961,Northeast,Labor & Site Work,Female,2127,Asian,Divorced,Fully Meets,3,False,63.813826146475016,658,Entry
3952,2021-03-13,,Data & Analytics,Donna Young,EW,Active,Full-Time,Zone A,Full-Time,Unk,,IT/IS,Finance,1950,Northeast,Admin & Support,Male,2110,Black,Single,Fully Meets,3,True,74.66392881587953,1571,Mid
3953,2021-08-16,,Data & Analytics,Nicole Elliott,BPC,Active,Full-Time,Zone B,Full-Time,Unk,,IT/IS,General Operations,,Northeast,Engineering,Female,78692,White,Married,Fully Meets,3,True,,1415,Mid
3954,2021-10-18,,Data & Analytics,Gerald Carey,CCDR,Active,Full-Time,Zone B,Temporary,Unk,,IT/IS,General Operations,1946,Northeast,Labor & Site Work,Female,87816,Hispanic,Married,Fully Meets,3,True,78.63655030800821,1352,Entry
3955,2020-02-16,2023-03-16,Data & Analytics,Aaron Richards,SVG,Active,Contract,Zone C,Full-Time,Resignation,Detail positive wall bag project travel.,IT/IS,Project Management,,Northeast,Project / Site Management,Female,31207,Hispanic,Married,Fully Meets,3,False,,1124,Entry
3956,2019-08-07,2023-03-08,Data & Analytics,Joseph Shelton,EW,Active,Contract,Zone A,Temporary,Retirement,Billion same enter green imagine mouth country.,IT/IS,General Operations,1997,South,Project / Site Management,Female,6158,Black,Widowed,Fully Meets,3,False,28.49281314168378,1309,Entry
3957,2022-01-03,,Data & Analytics,Rose Conner,MSC,Active,Contract,Zone C,Temporary,Unk,,IT/IS,Field Engineering / Operations,1991,South,Admin & Support,Female,36554,Other,Divorced,Fully Meets,3,True,34.49418206707735,1275,Entry
3958,2020-09-22,,Data & Analytics,Jacqueline Huerta,TNS,Active,Part-Time,Zone C,Full-Time,Unk,,IT/IS,Field Engineering / Operations,,South,Project / Site Management,Female,53042,Hispanic,Married,PIP,3,True,,1743,Entry
3959,2022-11-11,2023-07-14,Data & Analytics,Douglas Chapman,PYZ,Terminated for Cause,Part-Time,Zone A,Full-Time,Resignation,Threat high fine everyone out.,IT/IS,General Operations,,South,Project / Site Management,Male,42665,Hispanic,Single,Fully Meets,3,False,,245,Entry
3960,2018-08-11,,Executive & Leadership,Guy Hansen,WBL,Active,Part-Time,Zone A,Full-Time,Unk,,IT/IS,Field Engineering / Operations,1947,South,Labor & Site Work,Male,95490,White,Married,Fully Meets,3,True,78.23956194387407,2516,Executive
3961,2023-03-31,,Data & Analytics,Angela Gibson,NEL,Active,Full-Time,Zone A,Full-Time,Unk,,IT/IS,Field Engineering / Operations,,Northeast,Field Operations,Male,74182,Black,Divorced,Fully Meets,3,True,,823,Director
3962,2021-03-10,,Data & Analytics,Joseph Patton,MSC,Active,Contract,Zone B,Part-Time,Unk,,IT/IS,Field Engineering / Operations,,Northeast,Field Operations,Female,49449,Hispanic,Divorced,Fully Meets,3,True,,1574,Senior
3963,2019-08-30,,Finance & Accounting,Debra Mckenzie,TNS,Active,Part-Time,Zone B,Temporary,Unk,,IT/IS,Field Engineering / Operations,,Northeast,Project / Site Management,Female,39060,Black,Widowed,Fully Meets,3,True,,2132,Senior
3964,2021-06-07,2023-01-25,Finance & Accounting,Wendy Jackson,PYZ,Future Start,Part-Time,Zone A,Temporary,Involuntary,Soon agency begin song.,IT/IS,Field Engineering / Operations,,Northeast,Field Operations,Male,21007,Black,Single,Exceeds,3,False,,597,Senior
3965,2020-04-22,,Operations / Shared Services,Shaun Bell,WBL,Active,Contract,Zone B,Part-Time,Unk,,IT/IS,General Operations,1998,Northeast,Labor & Site Work,Female,12883,Other,Married,Fully Meets,3,True,26.663928815879533,1896,Manager
3966,2018-10-19,2021-09-04,Other,Ruth Myers,NEL,Future Start,Contract,Zone A,Part-Time,Voluntary,Tree six high notice after news.,Software Engineering,Field Engineering / Operations,,Northeast,Labor & Site Work,Female,5707,Black,Single,Fully Meets,3,False,,1051,Entry
3967,2018-12-03,2021-01-20,Data & Analytics,Harold Jones,MSC,Active,Full-Time,Zone A,Temporary,Involuntary,Today policy same expert close drive drug.,IT/IS,Finance,,Northeast,Admin & Support,Female,10856,Black,Married,Fully Meets,3,False,,779,Mid
3968,2021-02-20,,Data & Analytics,Susan Smith,NEL,Active,Contract,Zone B,Temporary,Unk,,IT/IS,Field Engineering / Operations,,Northeast,Engineering,Female,94663,Other,Married,Fully Meets,3,True,,1592,Mid
3969,2021-01-17,,Data & Analytics,Derrick Johnson,PL,Active,Contract,Zone A,Full-Time,Unk,,IT/IS,Field Engineering / Operations,,Northeast,Field Operations,Female,61086,Asian,Divorced,Exceeds,3,True,,1626,Entry
3970,2020-10-04,2023-04-27,Data & Analytics,Cynthia Gardner,PYZ,Active,Part-Time,Zone B,Full-Time,Voluntary,Push reflect pay similar movement others morning.,IT/IS,Field Engineering / Operations,1950,Northeast,Project / Site Management,Female,44077,Other,Married,Exceeds,3,False,74.64476386036961,935,Entry
3971,2021-01-29,,Data & Analytics,Joel Hodge II,SVG,Active,Part-Time,Zone A,Temporary,Unk,,IT/IS,General Operations,,South,Field Operations,Female,49694,Other,Widowed,Fully Meets,3,True,,1614,Entry
3972,2022-07-26,,Data & Analytics,Raymond Wilson,TNS,Active,Part-Time,Zone B,Part-Time,Unk,,IT/IS,General Operations,1955,South,Project / Site Management,Female,21727,Black,Divorced,Fully Meets,3,True,70.06707734428474,1071,Entry
3973,2018-09-21,2023-06-22,Data & Analytics,Jason Sims,WBL,Terminated for Cause,Part-Time,Zone C,Temporary,Resignation,Professor now audience lay box.,IT/IS,Field Engineering / Operations,,South,Labor & Site Work,Female,50856,Hispanic,Single,Exceeds,3,False,,1735,Entry
3974,2018-12-25,2019-07-10,Data & Analytics,Ronnie Garcia,BPC,Terminated for Cause,Part-Time,Zone C,Full-Time,Involuntary,Way appear summer strong.,IT/IS,General Operations,1986,South,Engineering,Male,97255,Other,Married,Exceeds,3,False,39.4798083504449,197,Entry
3975,2020-11-03,2022-09-25,Executive & Leadership,Curtis Hill,CCDR,Terminated for Cause,Part-Time,Zone B,Temporary,Voluntary,Doctor good process certainly successful ask.,IT/IS,Field Engineering / Operations,,South,Field Operations,Male,44793,Asian,Single,Fully Meets,3,False,,691,Executive
3976,2021-10-22,,Data & Analytics,Curtis Mathis,MSC,Active,Full-Time,Zone C,Temporary,Unk,,IT/IS,Field Engineering / Operations,,Northeast,Labor & Site Work,Female,24094,White,Divorced,Fully Meets,3,True,,1348,Senior
3977,2018-08-27,,Finance & Accounting,Bryan Sanchez,TNS,Active,Full-Time,Zone A,Full-Time,Unk,,IT/IS,Field Engineering / Operations,,Northeast,Other,Female,41670,Black,Divorced,Fully Meets,3,True,,2500,Senior
3978,2020-07-12,,Finance & Accounting,Mark Hines DDS,PYZ,Active,Part-Time,Zone B,Part-Time,Unk,,IT/IS,General Operations,,Northeast,Labor & Site Work,Male,56453,Asian,Widowed,Fully Meets,3,True,,1815,Senior
3979,2021-01-25,2022-06-11,Operations / Shared Services,Emma Allen,WBL,Future Start,Contract,Zone C,Temporary,Resignation,Front car keep.,IT/IS,IT,,Northeast,Finance & Analysis,Female,5067,Black,Married,Fully Meets,3,False,,502,Manager
3980,2020-05-11,,Data & Analytics,John Hart,PL,Active,Full-Time,Zone C,Full-Time,Unk,,IT/IS,Project Management,1975,Northeast,Project / Site Management,Female,39598,White,Married,Exceeds,3,True,49.57973990417522,1877,Mid
3981,2020-07-24,2023-04-09,Data & Analytics,Richard Bailey,BPC,Active,Full-Time,Zone A,Temporary,Resignation,In throw short war process series ground.,IT/IS,Field Engineering / Operations,1960,Northeast,Labor & Site Work,Female,35765,Black,Divorced,Fully Meets,3,False,65.39630390143738,989,Mid
3982,2022-08-09,,Data & Analytics,Beverly Parker,CCDR,Active,Part-Time,Zone B,Part-Time,Unk,,IT/IS,Field Engineering / Operations,1957,Northeast,Labor & Site Work,Female,24218,Other,Married,Needs Improvement,3,True,68.05201916495551,1057,Entry
3983,2022-06-12,,Data & Analytics,Daniel Hart,SVG,Active,Full-Time,Zone A,Full-Time,Unk,,IT/IS,Field Engineering / Operations,1964,Northeast,Field Operations,Female,62116,Hispanic,Married,Exceeds,3,True,61.21834360027378,1115,Entry
3984,2022-02-10,2022-06-08,Data & Analytics,Thomas Ramirez,EW,Active,Contract,Zone B,Full-Time,Retirement,If require particularly civil.,IT/IS,Field Engineering / Operations,,South,Labor & Site Work,Female,67986,Hispanic,Single,Fully Meets,3,False,,118,Entry
3985,2023-01-13,2023-05-19,Data & Analytics,Melissa Turner,MSC,Terminated for Cause,Part-Time,Zone A,Part-Time,Resignation,Network dinner again position three.,IT/IS,HR / People Services,,South,Executive & Leadership,Male,26193,White,Widowed,Fully Meets,3,False,,126,Entry
3986,2020-03-10,,Data & Analytics,Lynn Jackson,TNS,Active,Part-Time,Zone A,Temporary,Unk,,IT/IS,Field Engineering / Operations,,South,Project / Site Management,Female,46762,Hispanic,Married,Fully Meets,3,True,,1939,Entry
3987,2022-02-25,2022-07-19,Data & Analytics,Lindsay Nelson,PYZ,Terminated for Cause,Full-Time,Zone A,Full-Time,Retirement,Appear happen list.,IT/IS,Field Engineering / Operations,1982,South,Project / Site Management,Male,81376,Other,Widowed,Exceeds,3,False,43.162217659137575,144,Entry
3988,2022-07-21,2022-11-21,Data & Analytics,Anthony Williams,SVG,Leave of Absence,Contract,Zone A,Temporary,Voluntary,Successful center consider.,IT/IS,Logistics / Maintenance,,Northeast,Maintenance & Logistics,Female,73583,White,Widowed,Fully Meets,3,False,,123,Senior
3989,2022-07-11,,Data & Analytics,Mr. Jason Brock,TNS,Active,Full-Time,Zone C,Part-Time,Unk,,IT/IS,General Operations,,Northeast,Project / Site Management,Female,43953,Asian,Widowed,Fully Meets,3,True,,1086,Senior
3990,2019-12-02,2019-12-26,Finance & Accounting,Caitlin Murphy,WBL,Future Start,Contract,Zone C,Temporary,Involuntary,Follow hit perform arm.,IT/IS,Safety & Compliance,,Northeast,Health & Safety,Male,73329,White,Divorced,Fully Meets,3,False,,24,Senior
3991,2023-04-10,,Finance & Accounting,Ashley Cervantes,BPC,Active,Contract,Zone B,Full-Time,Unk,,IT/IS,Project Management,1974,Northeast,Project / Site Management,Male,89576,Black,Single,Fully Meets,3,True,51.31279945242984,813,Senior
3992,2022-12-08,2023-05-07,Data & Analytics,Roy Villegas,SVG,Active,Part-Time,Zone A,Full-Time,Voluntary,Teach left short key over.,IT/IS,General Operations,,Northeast,Field Operations,Male,49077,Black,Married,Fully Meets,3,False,,150,Mid
3993,2022-06-22,,Data & Analytics,Gregory Ramirez,PYZ,Active,Contract,Zone C,Full-Time,Unk,,IT/IS,Field Engineering / Operations,,Northeast,Project / Site Management,Female,42676,Asian,Married,Fully Meets,3,True,,1105,Mid
3994,2022-09-22,,Data & Analytics,Latoya Lam,PL,Active,Full-Time,Zone A,Full-Time,Unk,,IT/IS,Field Engineering / Operations,1987,Northeast,Other,Female,53464,Asian,Single,Fully Meets,3,True,38.392881587953454,1013,Mid
3995,2019-07-15,2021-06-01,Data & Analytics,Stuart White,NEL,Active,Full-Time,Zone A,Temporary,Resignation,Or break sea say owner. Often guy local.,IT/IS,Field Engineering / Operations,1946,Northeast,Project / Site Management,Female,95641,Black,Widowed,Exceeds,3,False,78.56262833675565,687,Entry
3996,2021-09-01,,Data & Analytics,Summer Carter,MSC,Active,Part-Time,Zone C,Full-Time,Unk,,IT/IS,Field Engineering / Operations,,Northeast,Labor & Site Work,Female,82286,White,Widowed,Fully Meets,3,True,,1399,Entry
3997,2019-07-16,,Data & Analytics,Jordan George,EW,Active,Contract,Zone A,Temporary,Unk,,IT/IS,Field Engineering / Operations,1946,South,Project / Site Management,Male,72560,Black,Single,Needs Improvement,3,True,78.57905544147845,2177,Entry
3998,2021-12-24,2022-07-27,Data & Analytics,Brittany Rubio,CCDR,Terminated for Cause,Full-Time,Zone B,Full-Time,Resignation,Performance reflect military enter color.,IT/IS,Logistics / Maintenance,,South,Admin & Support,Female,82557,Other,Married,Fully Meets,3,False,,215,Entry
3999,2019-04-17,2021-08-17,Data & Analytics,John Henderson,BPC,Terminated for Cause,Full-Time,Zone B,Full-Time,Involuntary,Ball when check interview score manager.,IT/IS,Field Engineering / Operations,1943,South,Engineering,Male,13760,Asian,Single,Exceeds,3,False,82.41204654346338,853,Entry
4000,2019-10-26,2021-06-08,Data & Analytics,Eugene Morgan,PYZ,Terminated for Cause,Contract,Zone C,Full-Time,Involuntary,Stop air whole generation adult song.,IT/IS,Field Engineering / Operations,,South,Field Operations,Male,18464,Black,Divorced,Fully Meets,3,False,,591,Entry
1001,2019-08-29,,Other,Angela Carlson,BPC,Active,Part-Time,Zone A,Part-Time,Unk,,Software Engineering,Field Engineering / Operations,,Northeast,Engineering,Female,1749,Black,Married,Fully Meets,3,True,,2133,Entry
1002,2022-12-12,2023-05-28,Other,Angela Hayes,NEL,Active,Part-Time,Zone A,Temporary,Involuntary,Behind buy our of very claim.,Software Engineering,Field Engineering / Operations,1950,Northeast,Project / Site Management,Female,2135,Asian,Widowed,Fully Meets,3,False,74.98151950718686,167,Entry
1003,2023-03-08,2023-03-15,Other,Christina Copeland,WBL,Active,Contract,Zone A,Part-Time,Voluntary,Some make teach quite range seem conference.,Software Engineering,Field Engineering / Operations,,Northeast,Project / Site Management,Female,2176,White,Married,Fully Meets,3,False,,7,Entry
1004,2020-05-29,2021-03-05,Other,Jennifer Cohen,PYZ,Active,Part-Time,Zone C,Part-Time,Involuntary,Enter beautiful social store.,Software Engineering,Project Management,,Northeast,Project / Site Management,Male,2140,Black,Single,Fully Meets,3,False,,280,Entry
1005,2022-09-16,,Other,Mr. Jesus Richards,SVG,Active,Full-Time,Zone B,Temporary,Unk,,Software Engineering,Field Engineering / Operations,,Northeast,Project / Site Management,Male,1844,Black,Divorced,Fully Meets,3,True,,1019,Entry
1006,2021-08-15,2021-11-20,Other,Beth Johnson,MSC,Active,Full-Time,Zone C,Part-Time,Resignation,Throughout yet in serious here wish.,Software Engineering,Field Engineering / Operations,,Northeast,Admin & Support,Female,2110,White,Widowed,Fully Meets,3,False,,97,Entry
1007,2020-10-25,2021-09-26,Other,Raymond Adams,SVG,Voluntarily Terminated,Part-Time,Zone A,Part-Time,Involuntary,Recently however meeting economic.,Software Engineering,General Operations,,Northeast,Field Operations,Male,2451,Black,Widowed,Fully Meets,3,False,,336,Entry
1008,2019-08-28,2020-05-04,Other,Jessica Rhodes,BPC,Active,Contract,Zone B,Temporary,Voluntary,Instead story skill financial who.,Software Engineering,General Operations,,Northeast,Project / Site Management,Female,2132,Hispanic,Married,Fully Meets,3,False,,250,Entry
1009,2019-06-13,2023-01-12,Other,Steven Tran,NEL,Active,Part-Time,Zone C,Temporary,Retirement,Exactly vote including easy.,Software Engineering,General Operations,1987,Northeast,Admin & Support,Female,2132,Other,Single,Fully Meets,3,False,38.33538672142368,1309,Entry
1010,2021-01-12,2022-03-18,Other,Kristen Collier,EW,Voluntarily Terminated,Part-Time,Zone C,Temporary,Voluntary,West note present Mr woman family.,Software Engineering,Field Engineering / Operations,,Northeast,Project / Site Management,Male,12889,Hispanic,Divorced,Fully Meets,3,False,,430,Entry
1011,2022-02-07,2023-02-12,Other,David Lopez,MSC,Voluntarily Terminated,Contract,Zone A,Temporary,Resignation,Professor situation they bag interest there.,Software Engineering,General Operations,,Northeast,Project / Site Management,Male,21340,Hispanic,Married,Fully Meets,3,False,,370,Entry
1012,2020-11-09,2021-06-06,Other,Candice Schmidt,TNS,Voluntarily Terminated,Contract,Zone A,Temporary,Involuntary,Get apply economy artist right benefit ground.,Software Engineering,General Operations,1978,Northeast,Admin & Support,Male,67544,White,Single,Fully Meets,3,False,46.743326488706366,209,Entry
1013,2020-05-13,,Other,Christy Craig,PYZ,Active,Part-Time,Zone B,Full-Time,Unk,,Software Engineering,Field Engineering / Operations,,Northeast,Engineering,Male,36398,Asian,Single,Fully Meets,3,True,,1875,Entry
1014,2022-12-31,2023-07-13,Operations / Shared Services,Jermaine Weaver,WBL,Active,Part-Time,Zone A,Full-Time,Retirement,I back place no three offer economic.,Software Engineering,Field Engineering / Operations,,Northeast,Admin & Support,Male,2562,Other,Single,Fully Meets,3,False,,194,Manager
1015,2018-12-03,,Operations / Shared Services,James Barajas,NEL,Active,Contract,Zone A,Part-Time,Unk,,Software Engineering,HR / People Services,1961,Northeast,Executive & Leadership,Female,22621,White,Married,Fully Meets,3,True,63.572895277207394,2402,Manager
1016,2020-02-21,2021-05-29,Data & Analytics,Tyler Davis,PL,Active,Part-Time,Zone B,Part-Time,Involuntary,Friend agree stock teach price fish.,Admin Offices,Logistics / Maintenance,1956,Northeast,Maintenance & Logistics,Female,64065,White,Single,Fully Meets,3,False,69.3141683778234,463,Senior
1017,2020-09-07,2021-12-15,Data & Analytics,Joshua Gonzalez,BPC,Active,Full-Time,Zone B,Full-Time,Involuntary,True system strong often experience.,Admin Offices,Field Engineering / Operations,1947,Northeast,Labor & Site Work,Female,97374,Black,Single,Fully Meets,3,False,77.99041752224504,464,Senior
1018,2020-06-19,2021-12-08,Data & Analytics,Justin Sherman,CCDR,Active,Part-Time,Zone A,Part-Time,Involuntary,When price group admit fall fly around.,Admin Offices,General Operations,,Northeast,Labor & Site Work,Female,87646,White,Married,Fully Meets,3,False,,537,Senior
1019,2022-10-14,2023-07-28,Other,Sara Holland,EW,Voluntarily Terminated,Full-Time,Zone A,Temporary,Retirement,Article tough away forward home. Night author so.,Software Engineering,Field Engineering / Operations,,Northeast,Engineering,Male,77974,Hispanic,Widowed,Fully Meets,3,False,,287,Entry
1020,2023-06-20,2023-07-18,Other,Shelia Graham,MSC,Voluntarily Terminated,Contract,Zone C,Full-Time,Resignation,Man issue never strategy will maintain resource.,Software Engineering,Field Engineering / Operations,,Northeast,Project / Site Management,Female,42126,Black,Widowed,Fully Meets,3,False,,28,Entry
1021,2020-11-09,2023-07-17,Other,Amanda Hayden,TNS,Voluntarily Terminated,Full-Time,Zone C,Full-Time,Resignation,Section hospital clearly season history.,Software Engineering,General Operations,,Northeast,Finance & Analysis,Male,51613,Hispanic,Single,Fully Meets,3,False,,980,Entry
1022,2022-09-19,,Other,Nicole Haynes,PYZ,Active,Part-Time,Zone A,Temporary,Unk,,Software Engineering,Field Engineering / Operations,1962,Northeast,Engineering,Male,12765,Black,Divorced,Fully Meets,3,True,63.05544147843943,1016,Entry
1023,2018-11-09,2021-10-10,Operations / Shared Services,Debra Morales,WBL,Active,Contract,Zone C,Part-Time,Voluntary,Each wish foot person morning per significant.,Software Engineering,General Operations,1992,Northeast,Admin & Support,Male,64122,Hispanic,Divorced,Fully Meets,3,False,33.23750855578371,1066,Manager
1024,2018-12-30,2021-06-23,Operations / Shared Services,Chad Andrews,NEL,Active,Contract,Zone A,Part-Time,Involuntary,Free may every real agency as blue maintain.,Software Engineering,Field Engineering / Operations,,Northeast,Project / Site Management,Female,91332,Other,Divorced,Fully Meets,3,False,,906,Manager
1025,2023-05-11,2023-05-15,Data & Analytics,John Wallace,PL,Active,Full-Time,Zone A,Temporary,Retirement,Quite none ten order.,Admin Offices,Field Engineering / Operations,,Northeast,Project / Site Management,Female,39827,Other,Divorced,Fully Meets,3,False,,4,Senior
1026,2022-11-03,2023-02-09,Data & Analytics,Benjamin Frederick,BPC,Active,Contract,Zone A,Part-Time,Resignation,Where forward evening huge cost share eat.,Admin Offices,Field Engineering / Operations,1950,Northeast,Engineering,Female,27418,Other,Widowed,Fully Meets,3,False,74.64750171115674,98,Senior
1027,2020-06-14,2021-05-29,Data & Analytics,Michael Ramos,CCDR,Active,Part-Time,Zone A,Full-Time,Voluntary,Open test message part risk.,Admin Offices,General Operations,,Northeast,Labor & Site Work,Male,24931,Other,Single,Fully Meets,3,False,,349,Senior
1028,2019-10-15,2023-01-01,Other,Donna Boone,PYZ,Voluntarily Terminated,Full-Time,Zone C,Part-Time,Resignation,Federal less every character section think white.,Software Engineering,General Operations,,Northeast,Admin & Support,Male,2121,Asian,Single,Fully Meets,3,False,,1174,Entry
1029,2020-04-28,,Other,Jeffrey Johnston,SVG,Active,Part-Time,Zone B,Part-Time,Unk,,Software Engineering,Field Engineering / Operations,1979,Northeast,Other,Female,97697,Asian,Divorced,Fully Meets,3,True,46.08350444900753,1890,Entry
1030,2019-10-29,,Other,Sarah King,TNS,Active,Contract,Zone C,Temporary,Unk,,Software Engineering,Field Engineering / Operations,1955,Northeast,Project / Site Management,Male,75783,Black,Single,Fully Meets,3,True,69.98767967145791,2072,Entry
1031,2021-04-28,,Other,Cynthia Delgado,WBL,Active,Part-Time,Zone B,Temporary,Unk,,Software Engineering,General Operations,,Northeast,Field Operations,Male,26111,White,Widowed,Fully Meets,3,True,,1525,Entry
1032,2022-04-19,2022-08-26,Other,Dominique Bailey,PYZ,Active,Full-Time,Zone C,Part-Time,Voluntary,Off part culture choose strong public.,Software Engineering,Field Engineering / Operations,1954,Northeast,Labor & Site Work,Male,50656,Asian,Widowed,Fully Meets,3,False,71.00068446269678,129,Entry
1033,2023-03-28,,Operations / Shared Services,Teresa Meyer,WBL,Active,Contract,Zone B,Full-Time,Unk,,Software Engineering,Field Engineering / Operations,,Northeast,Field Operations,Male,71808,Other,Single,Fully Meets,3,True,,826,Manager
1034,2019-05-06,,Operations / Shared Services,Sarah Carey,NEL,Active,Full-Time,Zone C,Part-Time,Unk,,Software Engineering,Project Management,1977,Northeast,Project / Site Management,Female,1043,Black,Single,Fully Meets,3,True,47.56194387405886,2248,Manager
1035,2020-10-13,,Data & Analytics,Taylor Wright,PL,Active,Full-Time,Zone A,Temporary,Unk,,Admin Offices,Field Engineering / Operations,,Northeast,Labor & Site Work,Female,41260,Asian,Divorced,Fully Meets,3,True,,1722,Senior
1036,2021-07-06,2021-11-25,Data & Analytics,Daniel Moore,BPC,Active,Part-Time,Zone A,Part-Time,Resignation,Teacher door money tend song.,Admin Offices,Field Engineering / Operations,1993,Northeast,Project / Site Management,Male,15346,Asian,Single,Fully Meets,3,False,31.89596167008898,142,Senior
1037,2020-09-24,2020-11-02,Other,Stacey Vargas,CCDR,Voluntarily Terminated,Part-Time,Zone C,Full-Time,Voluntary,Accept knowledge drop bar understand.,Software Engineering,Field Engineering / Operations,,Northeast,Engineering,Male,4876,Other,Widowed,Fully Meets,3,False,,39,Entry
1038,2023-01-18,,Other,Beth Anderson,SVG,Active,Contract,Zone B,Part-Time,Unk,,Software Engineering,Field Engineering / Operations,1971,Northeast,Other,Male,14886,Hispanic,Married,Fully Meets,3,True,54.16016427104723,895,Entry
1039,2019-08-22,2022-03-25,Other,Joshua Daniels,EW,Voluntarily Terminated,Part-Time,Zone B,Part-Time,Involuntary,Under follow guess lot minute able history face.,Software Engineering,Finance,,Northeast,Admin & Support,Female,46407,Other,Widowed,Fully Meets,3,False,,946,Entry
1040,2019-07-25,2022-12-17,Other,Mark Mays,MSC,Voluntarily Terminated,Contract,Zone A,Part-Time,Retirement,Main customer television phone staff family.,Software Engineering,Field Engineering / Operations,,Northeast,Field Operations,Male,74234,White,Divorced,Fully Meets,3,False,,1241,Entry
1041,2019-11-11,2020-01-10,Other,Brandon Ortiz,TNS,Voluntarily Terminated,Full-Time,Zone A,Full-Time,Retirement,Suffer consider store find up.,Software Engineering,Field Engineering / Operations,1976,Northeast,Admin & Support,Male,45272,White,Single,Fully Meets,3,False,48.65434633812457,60,Entry
1042,2022-07-16,,Other,Cheryl Swanson,PYZ,Active,Contract,Zone B,Temporary,Unk,,Software Engineering,Field Engineering / Operations,,Northeast,Field Operations,Male,96170,Black,Widowed,Fully Meets,3,True,,1081,Entry
1043,2022-12-19,2023-05-10,Operations / Shared Services,Matthew Patel,WBL,Active,Full-Time,Zone C,Part-Time,Resignation,Agreement particular scene also war who.,Software Engineering,Field Engineering / Operations,,Northeast,Finance & Analysis,Female,65963,White,Married,Fully Meets,3,False,,142,Manager
1044,2020-09-15,,Operations / Shared Services,Jennifer Adams,NEL,Active,Contract,Zone A,Temporary,Unk,,Software Engineering,Field Engineering / Operations,,Northeast,Project / Site Management,Female,75123,Hispanic,Divorced,Fully Meets,3,True,,1750,Manager
1045,2020-10-04,2023-02-27,Data & Analytics,Kelly Williams,PL,Active,Full-Time,Zone C,Temporary,Involuntary,Artist technology ever body provide today doctor.,Admin Offices,Field Engineering / Operations,1963,Northeast,Project / Site Management,Female,11164,Black,Single,Fully Meets,3,False,62.05886379192334,876,Senior
1046,2022-04-23,2022-08-03,Other,Jose Daniel,CCDR,Voluntarily Terminated,Full-Time,Zone A,Temporary,Involuntary,Former treat check special economy.,Software Engineering,Field Engineering / Operations,,Northeast,Labor & Site Work,Male,65978,White,Single,Fully Meets,3,False,,102,Entry
1047,2021-11-27,,Other,Vanessa Ramirez,SVG,Active,Contract,Zone A,Part-Time,Unk,,Software Engineering,Field Engineering / Operations,,Northeast,Field Operations,Female,73877,Hispanic,Single,Fully Meets,3,True,,1312,Entry
1048,2019-11-29,,Other,Joshua Pittman,EW,Active,Part-Time,Zone A,Temporary,Unk,,Software Engineering,General Operations,,Northeast,Labor & Site Work,Male,48971,Asian,Widowed,Fully Meets,3,True,,2041,Entry
1049,2019-05-30,2020-12-19,Other,Patricia Brewer,MSC,Voluntarily Terminated,Part-Time,Zone B,Part-Time,Involuntary,Plan capital firm foreign.,Software Engineering,Field Engineering / Operations,,Northeast,Field Operations,Male,16259,White,Married,Fully Meets,3,False,,569,Entry
1050,2020-11-23,,Other,Jerry Suarez,TNS,Active,Contract,Zone B,Temporary,Unk,,Software Engineering,Finance,1993,Northeast,Finance & Analysis,Male,64114,Black,Widowed,Fully Meets,3,True,31.991786447638603,1681,Entry
1051,2022-04-08,2023-01-11,Other,Allison York,PYZ,Active,Full-Time,Zone C,Part-Time,Involuntary,Her office place.,Software Engineering,Field Engineering / Operations,,Northeast,Field Operations,Male,14669,White,Divorced,Fully Meets,3,False,,278,Entry
1052,2021-02-25,2021-06-04,Operations / Shared Services,Christopher Romero,WBL,Active,Contract,Zone B,Part-Time,Voluntary,Plant enjoy these drive themselves never hit PM.,Software Engineering,General Operations,,Northeast,Project / Site Management,Female,52448,Hispanic,Single,Fully Meets,3,False,,99,Manager
1053,2019-03-13,2021-04-07,Operations / Shared Services,Timothy Hansen,NEL,Active,Contract,Zone C,Full-Time,Resignation,Wind commercial in ahead will realize.,Software Engineering,Project Management,,Northeast,Project / Site Management,Female,43336,Hispanic,Divorced,Fully Meets,3,False,,756,Manager
1054,2023-02-12,,Other,Christopher Romero,PL,Active,Part-Time,Zone A,Full-Time,Unk,,Software Engineering,Field Engineering / Operations,1993,Northeast,Project / Site Management,Male,56271,White,Single,Fully Meets,3,True,32.14236824093087,870,Entry
1055,2018-09-08,,Other,Alec Hernandez,PYZ,Active,Contract,Zone C,Full-Time,Unk,,Software Engineering,Field Engineering / Operations,,Northeast,Labor & Site Work,Female,56708,White,Widowed,Fully Meets,3,True,,2488,Entry
1056,2021-11-18,,Other,Kari Bishop,SVG,Active,Contract,Zone C,Temporary,Unk,,Software Engineering,Field Engineering / Operations,1943,Northeast,Other,Male,12869,Hispanic,Widowed,Fully Meets,3,True,81.83162217659138,1321,Entry
1057,2023-07-01,,Other,Justin Grant,TNS,Active,Full-Time,Zone A,Full-Time,Unk,,Software Engineering,Field Engineering / Operations,,Northeast,Project / Site Management,Male,18240,Asian,Widowed,Fully Meets,3,True,,731,Entry
1058,2022-04-18,,Other,Sarah Sims,WBL,Active,Contract,Zone C,Temporary,Unk,,Software Engineering,Consulting / Client Delivery,,Northeast,Field Operations,Male,77311,Hispanic,Married,Fully Meets,3,True,,1170,Entry
1059,2023-04-29,,Other,Emily Brennan,BPC,Active,Part-Time,Zone C,Full-Time,Unk,,Software Engineering,Field Engineering / Operations,,Northeast,Engineering,Female,63959,Asian,Widowed,Fully Meets,3,True,,794,Entry
1060,2018-10-10,2018-12-25,Operations / Shared Services,Sandra Black,CCDR,Active,Part-Time,Zone B,Full-Time,Voluntary,Improve center sure Mr respond for recent.,Software Engineering,General Operations,1976,Northeast,Project / Site Management,Female,20331,Black,Single,Fully Meets,3,False,49.40177960301163,76,Manager
1061,2022-11-20,,Operations / Shared Services,Laura Norman,EW,Active,Part-Time,Zone C,Part-Time,Unk,,Software Engineering,General Operations,,Northeast,Other,Female,45515,Other,Single,Fully Meets,3,True,,954,Manager
1062,2019-05-18,2020-01-14,Other,Amanda Hale,BPC,Voluntarily Terminated,Part-Time,Zone A,Part-Time,Involuntary,Rise activity learn step power simple sure.,Software Engineering,Field Engineering / Operations,1969,Northeast,Project / Site Management,Male,59717,Hispanic,Married,Fully Meets,3,False,55.657768651608485,241,Entry
1063,2021-06-22,,Other,James Baker,CCDR,Active,Full-Time,Zone B,Temporary,Unk,,Software Engineering,Field Engineering / Operations,,Northeast,Project / Site Management,Female,15748,Black,Single,Fully Meets,3,True,,1470,Entry
1064,2022-03-30,2022-04-13,Other,Terry Durham,SVG,Voluntarily Terminated,Part-Time,Zone A,Part-Time,Retirement,North help rock stage someone book.,Software Engineering,Field Engineering / Operations,,Northeast,Field Operations,Male,67106,White,Divorced,Fully Meets,3,False,,14,Entry
1065,2018-08-28,,Other,Erik Simon,EW,Active,Contract,Zone C,Temporary,Unk,,Software Engineering,Field Engineering / Operations,,Northeast,Engineering,Male,33438,Other,Widowed,Fully Meets,3,True,,2499,Entry
1066,2021-12-27,2023-01-05,Other,Summer Moreno,MSC,Active,Full-Time,Zone C,Temporary,Voluntary,Face garden central since several food.,Software Engineering,Field Engineering / Operations,,Northeast,Field Operations,Male,61106,Hispanic,Single,Fully Meets,3,False,,374,Entry
1067,2020-11-14,,Other,Carla Cox,TNS,Active,Part-Time,Zone A,Temporary,Unk,,Software Engineering,Field Engineering / Operations,1948,Northeast,Field Operations,Female,25160,White,Married,Fully Meets,3,True,76.56399726214921,1690,Entry
1068,2021-10-01,,Other,Mary Mendoza,PYZ,Active,Full-Time,Zone B,Part-Time,Unk,,Software Engineering,Field Engineering / Operations,,Northeast,Project / Site Management,Female,52694,Black,Widowed,Fully Meets,3,True,,1369,Entry
1069,2018-10-13,2023-05-28,Operations / Shared Services,Cassandra Smith,WBL,Active,Full-Time,Zone B,Part-Time,Resignation,Really full stand face explain would keep energy.,Software Engineering,General Operations,,Northeast,Project / Site Management,Female,30264,Other,Widowed,Fully Meets,3,False,,1688,Manager
1070,2018-12-15,2022-05-28,Operations / Shared Services,Warren Baker,NEL,Active,Full-Time,Zone C,Temporary,Resignation,Or add data indicate account father early these.,Software Engineering,General Operations,1998,Northeast,Project / Site Management,Male,22326,Black,Married,Fully Meets,3,False,26.65571526351814,1260,Manager
1071,2019-03-28,2020-10-17,Other,Amy Bell,PL,Voluntarily Terminated,Contract,Zone A,Part-Time,Involuntary,Guy ten dream. Thing he care series.,Software Engineering,Field Engineering / Operations,,Northeast,Labor & Site Work,Male,30139,Black,Married,Fully Meets,3,False,,569,Entry
1072,2018-12-27,,Other,Teresa Lopez,BPC,Active,Part-Time,Zone C,Part-Time,Unk,,Software Engineering,Field Engineering / Operations,,Northeast,Field Operations,Female,93329,Asian,Widowed,Fully Meets,3,True,,2378,Entry
1073,2019-05-11,,Other,Kimberly Holland,CCDR,Active,Full-Time,Zone A,Full-Time,Unk,,Software Engineering,Field Engineering / Operations,,Northeast,Project / Site Management,Male,67825,White,Single,Fully Meets,3,True,,2243,Entry
1074,2021-02-19,2023-02-24,Other,Robert Garcia,SVG,Voluntarily Terminated,Full-Time,Zone A,Temporary,Voluntary,Professional usually hospital worker among.,Software Engineering,General Operations,1983,Northeast,Labor & Site Work,Male,86545,Asian,Divorced,Fully Meets,3,False,41.98220396988364,735,Entry
1075,2022-11-05,2023-04-16,Other,Nicholas Martinez,EW,Active,Part-Time,Zone B,Full-Time,Involuntary,Health American identify meeting.,Software Engineering,Field Engineering / Operations,,Northeast,Engineering,Male,76670,Asian,Married,Fully Meets,3,False,,162,Entry
1076,2020-03-22,2020-09-28,Other,Carlos Barnes,MSC,Active,Contract,Zone C,Part-Time,Retirement,Gun bill spend anyone.,Software Engineering,General Operations,,Northeast,Admin & Support,Female,29368,White,Widowed,Fully Meets,3,False,,190,Entry
1077,2019-02-02,,Other,Allison Jacobs,TNS,Active,Contract,Zone B,Temporary,Unk,,Software Engineering,Other,1992,Northeast,Project / Site Management,Female,97585,Black,Single,Fully Meets,3,True,33.14168377823409,2341,Entry
1078,2020-02-24,2021-06-16,Other,Angela Ramsey,PYZ,Active,Contract,Zone C,Temporary,Voluntary,Crime west best industry right alone begin.,Software Engineering,Field Engineering / Operations,,Northeast,Project / Site Management,Female,42710,Asian,Divorced,Fully Meets,3,False,,478,Entry
1079,2021-04-07,2022-05-01,Operations / Shared Services,Malik Smith,WBL,Active,Part-Time,Zone B,Full-Time,Resignation,Story knowledge policy. Board tax treatment.,Software Engineering,Project Management,2000,Northeast,Project / Site Management,Female,21279,Hispanic,Divorced,Fully Meets,3,False,25.22108145106092,389,Manager
1080,2020-11-14,,Operations / Shared Services,Jessica Lewis,NEL,Active,Part-Time,Zone C,Full-Time,Unk,,Software Engineering,Field Engineering / Operations,1988,Northeast,Engineering,Male,17976,Black,Widowed,Fully Meets,3,True,36.90622861054072,1690,Manager
1081,2022-01-17,2022-08-10,Other,Kayla Ibarra,EW,Voluntarily Terminated,Contract,Zone B,Part-Time,Involuntary,Imagine plant southern sound reduce.,Software Engineering,General Operations,,Northeast,Labor & Site Work,Male,53628,Asian,Divorced,Fully Meets,3,False,,205,Entry
1082,2021-09-02,2023-06-27,Other,Ryan Mathews,MSC,Active,Part-Time,Zone B,Part-Time,Retirement,Resource top fear shake green view great which.,Software Engineering,General Operations,1976,Northeast,Field Operations,Male,84761,Other,Married,Fully Meets,3,False,49.327857631759066,663,Entry
1083,2023-07-30,,Other,Melissa Scott,NEL,Active,Part-Time,Zone A,Full-Time,Unk,,Software Engineering,Field Engineering / Operations,1963,Northeast,Project / Site Management,Female,2187,Asian,Divorced,Fully Meets,3,True,62.47501711156742,702,Entry
1084,2023-06-27,,Other,Robert Schmitt,PL,Active,Contract,Zone C,Part-Time,Unk,,Software Engineering,Executive,1989,Northeast,Admin & Support,Male,76615,White,Single,Fully Meets,3,True,35.885010266940455,735,Entry
1085,2022-03-27,,Other,Patricia Wallace,PYZ,Active,Contract,Zone B,Full-Time,Unk,,Software Engineering,General Operations,1952,Northeast,Field Operations,Male,18707,Other,Divorced,Fully Meets,3,True,73.30869267624914,1192,Entry
1086,2022-08-12,2022-10-20,Other,Justin Young,SVG,Active,Contract,Zone A,Temporary,Voluntary,Thousand both simple network let.,Software Engineering,Field Engineering / Operations,,Northeast,Project / Site Management,Female,23203,Black,Single,Fully Meets,3,False,,69,Entry
1087,2022-07-08,2023-08-04,Other,Robert Salinas,TNS,Active,Part-Time,Zone A,Part-Time,Voluntary,Party explain perhaps.,Software Engineering,Field Engineering / Operations,1974,Northeast,Field Operations,Female,18844,Other,Married,Fully Meets,3,False,50.90485968514716,392,Entry
1088,2020-08-15,2021-01-23,Other,Mary Anderson,WBL,Active,Contract,Zone B,Part-Time,Resignation,Specific fire rate fly clearly.,Software Engineering,General Operations,1991,Northeast,Project / Site Management,Female,64815,White,Widowed,Fully Meets,3,False,34.23134839151266,161,Entry
1089,2023-05-27,2023-06-14,Other,Jennifer Stevens,BPC,Active,Full-Time,Zone A,Temporary,Involuntary,Your plant win seem hair him career style.,Software Engineering,Field Engineering / Operations,,Northeast,Labor & Site Work,Female,69860,Black,Married,Fully Meets,3,False,,18,Entry
1090,2023-01-02,,Operations / Shared Services,Jennifer Murphy,CCDR,Active,Part-Time,Zone C,Full-Time,Unk,,Software Engineering,Field Engineering / Operations,,Northeast,Field Operations,Female,93542,Black,Divorced,Fully Meets,3,True,,911,Manager
1091,2018-11-16,2021-04-03,Production,Daniel Booth,PYZ,Active,Contract,Zone B,Temporary,Involuntary,Fine use card current agent.,Production       ,General Operations,,Northeast,Project / Site Management,Male,2061,Asian,Single,Fully Meets,3,False,,869,Entry
1092,2022-07-12,,Production,Martin Jackson,PYZ,Active,Part-Time,Zone C,Full-Time,Unk,,Production       ,Field Engineering / Operations,,Northeast,Admin & Support,Female,2066,Hispanic,Divorced,Fully Meets,3,True,,1085,Entry
1093,2022-12-16,,Production,Elizabeth Richards,NEL,Active,Contract,Zone B,Part-Time,Unk,,Production       ,Field Engineering / Operations,,Northeast,Engineering,Female,1886,Asian,Widowed,Fully Meets,3,True,,928,Entry
1094,2023-05-08,,Production,Jose Bray,EW,Active,Part-Time,Zone A,Full-Time,Unk,,Production       ,Field Engineering / Operations,,Northeast,Project / Site Management,Female,1742,Other,Single,Fully Meets,3,True,,785,Mid
1095,2023-04-07,,Production,Jamie Frye,WBL,Active,Full-Time,Zone A,Temporary,Unk,,Production       ,Field Engineering / Operations,,Northeast,Engineering,Female,2176,Hispanic,Divorced,Fully Meets,3,True,,816,Mid
1096,2022-02-15,2022-10-19,Production,Adam Hunt,PYZ,Active,Part-Time,Zone C,Part-Time,Voluntary,Issue loss day provide everyone white.,Production       ,Logistics / Maintenance,1973,Northeast,Maintenance & Logistics,Female,1844,Asian,Married,Fully Meets,3,False,52.46817248459959,246,Entry
1097,2023-07-17,2023-08-03,Production,Jeffrey Saunders,SVG,Active,Contract,Zone B,Part-Time,Involuntary,Blue star hospital work.,Production       ,Field Engineering / Operations,1999,Northeast,Field Operations,Male,2132,Hispanic,Divorced,Fully Meets,3,False,25.913757700205338,17,Entry
1098,2019-05-03,2023-06-02,Production,Stephanie Griffin,PL,Voluntarily Terminated,Part-Time,Zone A,Temporary,Involuntary,Meet fight night. Image room nation.,Production       ,General Operations,1993,Northeast,Engineering,Male,1420,Asian,Widowed,Fully Meets,3,False,32.47091033538672,1491,Entry
1099,2022-03-25,2022-04-22,Production,Robert Sullivan,SVG,Active,Part-Time,Zone A,Part-Time,Retirement,Person say might throw war scientist.,Production       ,Field Engineering / Operations,,Northeast,Labor & Site Work,Female,2149,Other,Single,Fully Meets,3,False,,28,Entry
1100,2020-04-07,,Production,Charles Delacruz,EW,Active,Full-Time,Zone C,Temporary,Unk,,Production       ,Field Engineering / Operations,1964,Northeast,Labor & Site Work,Male,2421,White,Divorced,Fully Meets,3,True,61.14168377823409,1911,Entry
1101,2021-03-10,,Production,John Alvarez,TNS,Active,Full-Time,Zone A,Part-Time,Unk,,Production       ,Field Engineering / Operations,,Northeast,Engineering,Female,2451,White,Widowed,Fully Meets,3,True,,1574,Entry
1102,2019-08-04,,Production,Margaret Lee,EW,Active,Part-Time,Zone A,Part-Time,Unk,,Production       ,General Operations,,Northeast,Labor & Site Work,Female,2472,Black,Single,Fully Meets,3,True,,2158,Mid
1103,2021-04-11,2023-05-27,Production,Chad Moreno,BPC,Voluntarily Terminated,Full-Time,Zone C,Temporary,Involuntary,Garden sit drive assume large seat.,Production       ,Field Engineering / Operations,1957,Northeast,Other,Male,1938,Asian,Widowed,Fully Meets,3,False,68.24640657084188,776,Entry
1104,2019-06-16,,Production,Matthew West,PYZ,Active,Part-Time,Zone C,Temporary,Unk,,Production       ,General Operations,,Northeast,Project / Site Management,Male,2072,Asian,Divorced,Fully Meets,3,True,,2207,Entry
1105,2020-10-08,2022-12-04,Production,Mark Jacobs,PL,Voluntarily Terminated,Contract,Zone A,Full-Time,Voluntary,Others suggest generation budget large west real.,Production       ,General Operations,1948,Northeast,Field Operations,Female,2176,Hispanic,Single,Fully Meets,3,False,76.72005475701575,787,Entry
1106,2021-08-18,,Production,Isaac Long,BPC,Active,Full-Time,Zone B,Temporary,Unk,,Production       ,Field Engineering / Operations,1995,Northeast,Field Operations,Male,2143,Other,Single,Fully Meets,3,True,30.49691991786448,1413,Mid
1107,2020-03-16,,Production,Amanda Marshall,BPC,Active,Contract,Zone A,Part-Time,Unk,,Production       ,Field Engineering / Operations,1992,Northeast,Labor & Site Work,Female,1778,Other,Single,Fully Meets,3,True,33.39082819986311,1933,Mid
1108,2019-01-24,,Production,Danielle Jones,TNS,Active,Full-Time,Zone A,Full-Time,Unk,,Production       ,General Operations,,Northeast,Labor & Site Work,Male,2324,White,Married,Fully Meets,3,True,,2350,Entry
1109,2022-06-11,2022-09-25,Production,Timothy Moore,EW,Voluntarily Terminated,Full-Time,Zone C,Part-Time,Retirement,Large although outside technology office.,Production       ,Field Engineering / Operations,1981,Northeast,Labor & Site Work,Female,1775,White,Divorced,Fully Meets,3,False,43.748117727583846,106,Entry
1110,2022-07-02,,Production,Joshua Vasquez,NEL,Active,Full-Time,Zone B,Temporary,Unk,,Production       ,General Operations,1987,Northeast,Project / Site Management,Female,2148,Asian,Single,Fully Meets,3,True,38.157426420260094,1095,Mid
1111,2019-09-08,2020-08-29,Production,Mark Hernandez,BPC,Voluntarily Terminated,Full-Time,Zone A,Part-Time,Retirement,Gun fly subject those. Must member financial.,Production       ,Field Engineering / Operations,,Northeast,Other,Female,2127,White,Widowed,Fully Meets,3,False,,356,Entry
1112,2022-07-10,,Production,Kristi Andrews,MSC,Active,Full-Time,Zone A,Part-Time,Unk,,Production       ,Field Engineering / Operations,,Northeast,Project / Site Management,Female,84262,White,Single,Fully Meets,3,True,,1087,Entry
1113,2022-04-24,,Production,Kenneth Carter,NEL,Active,Contract,Zone B,Part-Time,Unk,,Production       ,General Operations,1976,Northeast,Field Operations,Female,31490,Asian,Divorced,Fully Meets,3,True,48.824093086926766,1164,Entry
1114,2020-03-31,,Production,John Smith,PL,Active,Full-Time,Zone C,Part-Time,Unk,,Production       ,General Operations,,Northeast,Labor & Site Work,Female,59522,Hispanic,Widowed,Fully Meets,3,True,,1918,Entry
1115,2019-03-23,,Production,Bradley Butler,PYZ,Active,Contract,Zone A,Part-Time,Unk,,Production       ,Field Engineering / Operations,,Northeast,Field Operations,Male,63452,Black,Widowed,Fully Meets,3,True,,2292,Entry
1116,2019-03-09,2023-07-12,Production,Ryan Jenkins,SVG,Voluntarily Terminated,Full-Time,Zone A,Full-Time,Voluntary,Maintain program process present knowledge PM.,Production       ,Field Engineering / Operations,1984,Northeast,Admin & Support,Male,50055,White,Divorced,Fully Meets,3,False,40.889801505817935,1586,Entry
1117,2019-02-21,2019-03-06,Production,Dennis Martinez,TNS,Voluntarily Terminated,Full-Time,Zone C,Temporary,Resignation,Place impact which although.,Production       ,General Operations,,Northeast,Field Operations,Male,6139,Other,Divorced,Fully Meets,3,False,,13,Entry
1118,2019-10-04,2022-11-26,Production,Stephen Parks,WBL,Active,Full-Time,Zone B,Temporary,Retirement,Power picture early anyone.,Production       ,Field Engineering / Operations,,Northeast,Project / Site Management,Male,44761,Asian,Divorced,Fully Meets,3,False,,1149,Entry
1119,2019-11-24,2020-12-20,Production,Brenda Garza DDS,BPC,Active,Part-Time,Zone C,Part-Time,Involuntary,City mouth training radio Mrs.,Production       ,Field Engineering / Operations,,Northeast,Labor & Site Work,Female,49105,White,Single,Fully Meets,3,False,,392,Entry
1120,2020-08-17,,Production,Ms. Diane Bradshaw DVM,CCDR,Active,Part-Time,Zone B,Temporary,Unk,,Production       ,HR / People Services,,Northeast,Admin & Support,Female,24637,Black,Divorced,Fully Meets,3,True,,1779,Entry
1121,2021-03-16,,Production,Alyssa Gill,EW,Active,Part-Time,Zone C,Full-Time,Unk,,Production       ,Field Engineering / Operations,,Northeast,Field Operations,Female,87582,Hispanic,Widowed,Fully Meets,3,True,,1568,Manager
1122,2021-11-16,2022-08-26,Production,Miss Haley Duke DVM,MSC,Active,Contract,Zone C,Part-Time,Retirement,Food ball huge out simply according.,Production       ,General Operations,,Northeast,Field Operations,Female,35632,White,Married,Fully Meets,3,False,,283,Manager
1123,2022-05-03,,Production,Barbara Gardner,NEL,Active,Full-Time,Zone B,Full-Time,Unk,,Production       ,Field Engineering / Operations,1965,Northeast,Field Operations,Female,38475,Other,Married,Fully Meets,3,True,59.64955509924709,1155,Manager
1124,2019-12-24,2022-11-11,Production,Monique Hudson DDS,PL,Active,Full-Time,Zone A,Full-Time,Involuntary,Strategy fear tough wife here now.,Production       ,Field Engineering / Operations,,Northeast,Field Operations,Female,80817,Other,Married,Fully Meets,3,False,,1053,Manager
1125,2021-10-21,,Production,Angela Peterson,WBL,Active,Contract,Zone B,Part-Time,Unk,,Production       ,Field Engineering / Operations,1991,Northeast,Field Operations,Male,10511,Hispanic,Married,Fully Meets,3,True,34.157426420260094,1349,Mid
1126,2018-09-08,2020-03-06,Production,Tony Pratt,NEL,Voluntarily Terminated,Part-Time,Zone C,Temporary,Retirement,Feeling usually west peace money political the.,Production       ,Field Engineering / Operations,,Northeast,Engineering,Male,6305,White,Divorced,Fully Meets,3,False,,545,Mid
1127,2019-02-26,,Production,Keith Lyons,PL,Active,Full-Time,Zone A,Full-Time,Unk,,Production       ,General Operations,,Northeast,Field Operations,Male,33576,White,Married,Fully Meets,3,True,,2317,Mid
1128,2023-04-21,,Production,Kevin Calderon,BPC,Active,Part-Time,Zone B,Part-Time,Unk,,Production       ,General Operations,,Northeast,Field Operations,Female,12707,Hispanic,Married,Fully Meets,3,True,,802,Mid
1129,2019-09-19,2021-10-23,Production,Laura Reid,CCDR,Voluntarily Terminated,Full-Time,Zone B,Part-Time,Resignation,Mission media writer cell.,Production       ,Field Engineering / Operations,,Northeast,Field Operations,Female,73131,Other,Married,Fully Meets,3,False,,765,Mid
1130,2020-12-23,,Production,Stacey Fowler,SVG,Active,Contract,Zone A,Part-Time,Unk,,Production       ,IT,,Northeast,Internship,Female,37659,Hispanic,Divorced,Fully Meets,3,True,,1651,Entry
1131,2019-03-29,,Production,Stephen Hebert,EW,Active,Part-Time,Zone B,Part-Time,Unk,,Production       ,Field Engineering / Operations,,Northeast,Field Operations,Female,48502,Black,Single,Fully Meets,3,True,,2286,Entry
1132,2021-05-15,2023-05-03,Production,James Burgess,NEL,Voluntarily Terminated,Contract,Zone B,Full-Time,Involuntary,Note claim hundred central bad.,Production       ,Field Engineering / Operations,1963,Northeast,Labor & Site Work,Female,88428,Hispanic,Widowed,Fully Meets,3,False,61.65639972621492,718,Entry
1133,2022-03-14,2022-10-02,Production,Jordan Robinson,PL,Voluntarily Terminated,Full-Time,Zone B,Part-Time,Voluntary,Field year certainly data sense table yes.,Production       ,Field Engineering / Operations,,Northeast,Engineering,Female,95347,Hispanic,Married,Fully Meets,3,False,,202,Entry
1134,2021-12-06,2022-01-08,Production,Matthew Baker,BPC,Voluntarily Terminated,Part-Time,Zone C,Temporary,Retirement,For majority down.,Production       ,General Operations,1996,Northeast,Field Operations,Female,80920,Asian,Single,Fully Meets,3,False,28.813141683778237,33,Entry
1135,2021-10-27,,Production,Anita Dudley,CCDR,Active,Full-Time,Zone A,Temporary,Unk,,Production       ,Field Engineering / Operations,,Northeast,Executive & Leadership,Male,7440,Other,Widowed,Fully Meets,3,True,,1343,Entry
1136,2023-04-01,,Production,Marilyn Cook,SVG,Active,Full-Time,Zone A,Temporary,Unk,,Production       ,Field Engineering / Operations,,Northeast,Other,Male,84202,Other,Divorced,Fully Meets,3,True,,822,Entry
1137,2019-05-29,,Production,Brian Hamilton,EW,Active,Full-Time,Zone C,Part-Time,Unk,,Production       ,Field Engineering / Operations,,Northeast,Labor & Site Work,Male,3187,Black,Single,Fully Meets,3,True,,2225,Entry
1138,2019-07-12,2022-07-12,Production,David Park,MSC,Active,Full-Time,Zone B,Temporary,Involuntary,It stay center free vote.,Production       ,General Operations,1983,Northeast,Project / Site Management,Male,2766,Black,Divorced,Fully Meets,3,False,41.91375770020534,1096,Entry
1139,2018-08-10,2022-02-21,Production,Victoria Campbell,TNS,Active,Contract,Zone A,Temporary,Involuntary,Most could result else think this window.,Production       ,Field Engineering / Operations,1953,Northeast,Field Operations,Male,75014,Hispanic,Married,Fully Meets,3,False,72.22176591375771,1291,Entry
1140,2021-09-29,,Production,Anthony Steele,PYZ,Active,Part-Time,Zone C,Full-Time,Unk,,Production       ,Field Engineering / Operations,1988,Northeast,Engineering,Female,53486,Black,Single,Fully Meets,3,True,36.8870636550308,1371,Entry
1141,2021-08-05,,Production,Terry Henson,WBL,Active,Contract,Zone A,Full-Time,Unk,,Production       ,Field Engineering / Operations,,Northeast,Other,Female,73898,Black,Divorced,Fully Meets,3,True,,1426,Entry
1142,2023-08-02,,Production,Katie Lucas,NEL,Active,Full-Time,Zone B,Temporary,Unk,,Production       ,Project Management,1992,Northeast,Project / Site Management,Female,89723,Asian,Married,Fully Meets,3,True,32.63791923340178,699,Manager
1143,2018-09-02,2021-07-28,Production,Margaret Gamble,PL,Active,Contract,Zone A,Full-Time,Resignation,Year total care thousand what each.,Production       ,Field Engineering / Operations,,Northeast,Field Operations,Female,46695,Hispanic,Widowed,Fully Meets,3,False,,1060,Manager
1144,2019-10-13,,Production,Heidi Wang,BPC,Active,Part-Time,Zone B,Part-Time,Unk,,Production       ,Field Engineering / Operations,,Northeast,Project / Site Management,Female,12711,Asian,Single,Fully Meets,3,True,,2088,Manager
1145,2020-09-24,,Production,David Moore,TNS,Active,Contract,Zone B,Full-Time,Unk,,Production       ,Logistics / Maintenance,1948,Northeast,Maintenance & Logistics,Male,66792,Hispanic,Married,Fully Meets,3,True,77.32511978097193,1741,Mid
1146,2023-08-06,,Production,Richard Harvey,SVG,Active,Contract,Zone C,Part-Time,Unk,,Production       ,Field Engineering / Operations,1963,Northeast,Labor & Site Work,Male,81317,Hispanic,Divorced,Fully Meets,3,True,61.63997262149213,695,Mid
1147,2019-06-11,2022-02-27,Production,Lisa Shaw,PYZ,Voluntarily Terminated,Full-Time,Zone B,Full-Time,Involuntary,By small force myself team industry.,Production       ,General Operations,,Northeast,Field Operations,Female,50894,Black,Single,Fully Meets,3,False,,992,Mid
1148,2019-02-14,,Production,Christopher Adams,PL,Active,Part-Time,Zone A,Temporary,Unk,,Production       ,Field Engineering / Operations,,Northeast,Project / Site Management,Female,22415,Black,Married,Fully Meets,3,True,,2329,Mid
1149,2022-03-17,,Production,Brittany Brown,NEL,Active,Part-Time,Zone C,Temporary,Unk,,Production       ,Field Engineering / Operations,,Northeast,Other,Female,5855,Asian,Married,Fully Meets,3,True,,1202,Mid
1150,2020-08-05,,Production,Riley Schultz,MSC,Active,Part-Time,Zone A,Full-Time,Unk,,Production       ,Field Engineering / Operations,1981,Northeast,Field Operations,Female,64124,White,Single,Fully Meets,3,True,44.24366872005476,1791,Entry
1151,2022-08-23,,Production,Bradley Mitchell,EW,Active,Part-Time,Zone A,Part-Time,Unk,,Production       ,Field Engineering / Operations,,Northeast,Labor & Site Work,Male,2497,Asian,Widowed,Fully Meets,3,True,,1043,Entry
1152,2023-01-12,,Production,Misty Mcknight,CCDR,Active,Full-Time,Zone A,Full-Time,Unk,,Production       ,Field Engineering / Operations,1963,Northeast,Engineering,Female,36242,Other,Divorced,Fully Meets,3,True,61.74674880219028,901,Entry
1153,2020-04-14,2021-09-10,Production,Brian Hudson,EW,Voluntarily Terminated,Part-Time,Zone A,Temporary,Resignation,Ok though floor sense want future.,Production       ,Field Engineering / Operations,,Northeast,Labor & Site Work,Female,87428,Asian,Divorced,Fully Meets,3,False,,514,Entry
1154,2021-09-27,2023-02-05,Production,Andrew Perez,MSC,Voluntarily Terminated,Full-Time,Zone C,Part-Time,Retirement,Leader above room hand collection imagine.,Production       ,Field Engineering / Operations,1987,Northeast,Labor & Site Work,Female,76772,White,Married,Fully Meets,3,False,37.66461327857632,496,Entry
1155,2018-11-17,2020-03-12,Production,Kimberly Marshall,NEL,Voluntarily Terminated,Contract,Zone A,Temporary,Resignation,Provide machine statement now.,Production       ,Finance,1951,Northeast,Admin & Support,Female,21218,Other,Married,Fully Meets,3,False,73.65092402464066,481,Entry
1156,2019-07-22,2023-02-28,Production,Ashley Washington,PL,Voluntarily Terminated,Contract,Zone A,Full-Time,Voluntary,Science available hard.,Production       ,Consulting / Client Delivery,,Northeast,Project / Site Management,Male,94316,Hispanic,Married,Fully Meets,3,False,,1317,Entry
1157,2019-02-10,,Production,Kristen Chan,PYZ,Active,Part-Time,Zone A,Temporary,Unk,,Production       ,Field Engineering / Operations,,Northeast,Project / Site Management,Male,39746,Hispanic,Married,Fully Meets,3,True,,2333,Entry
1158,2018-11-22,2020-07-19,Production,Sean Ellis,SVG,Voluntarily Terminated,Full-Time,Zone A,Full-Time,Resignation,Himself final success these or card strategy.,Production       ,Field Engineering / Operations,1958,Northeast,Field Operations,Male,96001,Asian,Widowed,Fully Meets,3,False,66.99247091033538,605,Entry
1159,2023-04-23,,Production,Jennifer Cox,TNS,Active,Part-Time,Zone A,Temporary,Unk,,Production       ,Field Engineering / Operations,1979,Northeast,Other,Male,62733,Other,Divorced,Fully Meets,3,True,46.07802874743327,800,Entry
1160,2022-12-26,2023-05-23,Production,Kevin Coleman,WBL,Active,Part-Time,Zone B,Full-Time,Retirement,Help economic analysis campaign young leg.,Production       ,General Operations,1976,Northeast,Labor & Site Work,Female,66418,Asian,Single,Fully Meets,3,False,48.80492813141684,148,Entry
1161,2020-06-14,,Production,Brian Henderson,PYZ,Active,Contract,Zone B,Part-Time,Unk,,Production       ,Logistics / Maintenance,,Northeast,Admin & Support,Female,78453,Other,Widowed,Fully Meets,3,True,,1843,Entry
1162,2022-03-29,2023-05-20,Production,Alyssa Myers DVM,WBL,Active,Full-Time,Zone C,Temporary,Resignation,For law simple design entire while.,Production       ,General Operations,,Northeast,Labor & Site Work,Female,85444,Asian,Widowed,Fully Meets,3,False,,417,Entry
1163,2022-12-18,,Production,Julie Griffin,NEL,Active,Contract,Zone A,Part-Time,Unk,,Production       ,Project Management,1996,Northeast,Project / Site Management,Female,93166,White,Divorced,Fully Meets,3,True,29.39630390143737,926,Manager
1164,2019-03-21,,Production,Curtis Fitzpatrick,PL,Active,Part-Time,Zone A,Part-Time,Unk,,Production       ,General Operations,,Northeast,Project / Site Management,Female,12732,Other,Married,Fully Meets,3,True,,2294,Manager
1165,2021-02-08,,Production,Elizabeth Garcia,BPC,Active,Full-Time,Zone C,Full-Time,Unk,,Production       ,Field Engineering / Operations,1998,Northeast,Labor & Site Work,Female,48895,Other,Widowed,Fully Meets,3,True,26.809034907597532,1604,Manager
1166,2022-06-06,,Production,Michelle Castillo,WBL,Active,Full-Time,Zone A,Temporary,Unk,,Production       ,Field Engineering / Operations,,Northeast,Project / Site Management,Male,73043,Other,Married,Fully Meets,3,True,,1121,Mid
1167,2021-11-01,,Production,Caroline Grant,NEL,Active,Contract,Zone B,Full-Time,Unk,,Production       ,Field Engineering / Operations,1955,Northeast,Labor & Site Work,Female,69064,Other,Single,Fully Meets,3,True,69.83162217659138,1338,Mid
1168,2023-01-19,,Production,Mark Ellis,PL,Active,Contract,Zone A,Full-Time,Unk,,Production       ,Field Engineering / Operations,1951,Northeast,Admin & Support,Female,85041,White,Married,Fully Meets,3,True,74.47227926078028,894,Mid
1169,2020-07-30,,Production,Mrs. Danielle Dickerson DDS,BPC,Active,Contract,Zone B,Part-Time,Unk,,Production       ,Field Engineering / Operations,,Northeast,Field Operations,Female,66037,Asian,Single,Fully Meets,3,True,,1797,Mid
1170,2023-07-16,,Production,Stacy Ellis,CCDR,Active,Part-Time,Zone C,Full-Time,Unk,,Production       ,Field Engineering / Operations,,Northeast,Labor & Site Work,Female,53112,Black,Single,Fully Meets,3,True,,716,Mid
1171,2022-06-16,,Production,Hannah Bailey,SVG,Active,Part-Time,Zone A,Part-Time,Unk,,Production       ,Field Engineering / Operations,,Northeast,Labor & Site Work,Female,93320,Hispanic,Single,Fully Meets,3,True,,1111,Entry
1172,2021-06-13,2022-05-27,Production,Charles Rogers,EW,Voluntarily Terminated,Full-Time,Zone C,Full-Time,Voluntary,Truth game down which.,Production       ,Field Engineering / Operations,,Northeast,Engineering,Male,39849,Asian,Married,Fully Meets,3,False,,348,Entry
1173,2020-11-14,2021-11-01,Production,Christine Foster,BPC,Voluntarily Terminated,Full-Time,Zone C,Full-Time,Resignation,Sure trip sound action.,Production       ,Field Engineering / Operations,,Northeast,Project / Site Management,Female,38596,White,Widowed,Fully Meets,3,False,,352,Entry
1174,2020-06-16,2023-03-13,Production,Tyler Brown,CCDR,Voluntarily Terminated,Full-Time,Zone C,Temporary,Resignation,Treatment power card almost pretty sister.,Production       ,Field Engineering / Operations,1973,Northeast,Project / Site Management,Female,31731,Other,Widowed,Fully Meets,3,False,51.5564681724846,1000,Entry
1175,2018-12-20,2020-12-24,Production,Holly Nichols,EW,Voluntarily Terminated,Full-Time,Zone A,Part-Time,Voluntary,Reduce subject positive war score interesting.,Production       ,Field Engineering / Operations,1996,Northeast,Labor & Site Work,Female,38710,Asian,Divorced,Fully Meets,3,False,28.90622861054073,735,Entry
1176,2022-10-29,,Production,Jennifer Phillips,MSC,Active,Contract,Zone A,Part-Time,Unk,,Production       ,Field Engineering / Operations,,Northeast,Project / Site Management,Female,7184,White,Married,Fully Meets,3,True,,976,Entry
1177,2020-07-20,,Production,Shannon Cruz,NEL,Active,Contract,Zone A,Temporary,Unk,,Production       ,Field Engineering / Operations,1968,Northeast,Field Operations,Female,13425,Other,Married,Fully Meets,3,True,56.98562628336756,1807,Entry
1178,2021-10-03,2021-12-19,Production,Jamie Lowe,PL,Voluntarily Terminated,Contract,Zone C,Part-Time,Involuntary,Occur air as along approach.,Production       ,Field Engineering / Operations,1959,Northeast,Labor & Site Work,Male,93796,Other,Single,Fully Meets,3,False,66.15195071868582,77,Entry
1179,2022-07-16,,Production,Paige Calderon,PYZ,Active,Part-Time,Zone A,Full-Time,Unk,,Production       ,Field Engineering / Operations,1990,Northeast,Project / Site Management,Male,92453,Black,Divorced,Fully Meets,3,True,34.81177275838467,1081,Entry
1180,2020-06-30,,Production,Jacob Taylor,SVG,Active,Full-Time,Zone B,Full-Time,Unk,,Production       ,Field Engineering / Operations,,Northeast,Labor & Site Work,Male,10449,Hispanic,Single,Fully Meets,3,True,,1827,Entry
1181,2021-06-13,,Production,Sandra Pollard,TNS,Active,Full-Time,Zone C,Part-Time,Unk,,Production       ,Field Engineering / Operations,,Northeast,Labor & Site Work,Male,14795,Other,Married,Fully Meets,3,True,,1479,Entry
1182,2020-12-29,2022-10-24,Production,Alex Cox,WBL,Active,Full-Time,Zone C,Temporary,Voluntary,Here best worry rich might about yourself.,Production       ,Field Engineering / Operations,1973,Northeast,Other,Female,60901,Black,Divorced,Fully Meets,3,False,51.55920602327173,664,Entry
1183,2022-02-03,,Production,Jon Adams,BPC,Active,Part-Time,Zone A,Full-Time,Unk,,Production       ,Field Engineering / Operations,,Northeast,Field Operations,Female,64083,Black,Married,Fully Meets,3,True,,1244,Entry
1184,2022-01-10,2023-05-11,Production,Cassandra Cox,CCDR,Active,Full-Time,Zone B,Temporary,Involuntary,New out peace director fish.,Production       ,Field Engineering / Operations,1951,Northeast,Project / Site Management,Female,50781,Hispanic,Divorced,Fully Meets,3,False,73.74948665297741,486,Entry
1185,2018-12-13,,Production,Lucas Duffy,EW,Active,Part-Time,Zone A,Full-Time,Unk,,Production       ,Field Engineering / Operations,,Northeast,Engineering,Female,67399,Other,Widowed,Fully Meets,3,True,,2392,Manager
1186,2021-03-03,,Production,Ashley Ellis,MSC,Active,Full-Time,Zone A,Temporary,Unk,,Production       ,Field Engineering / Operations,,Northeast,Other,Female,82086,Hispanic,Single,Fully Meets,3,True,,1581,Manager
1187,2021-07-04,,Production,Allison Figueroa,NEL,Active,Part-Time,Zone A,Full-Time,Unk,,Production       ,Field Engineering / Operations,,Northeast,Project / Site Management,Female,97001,Black,Single,Fully Meets,3,True,,1458,Manager
1188,2020-02-06,2021-07-21,Production,Alex Bernard,WBL,Voluntarily Terminated,Contract,Zone B,Part-Time,Retirement,Direction west appear son school anything.,Production       ,General Operations,,Northeast,Finance & Analysis,Male,13562,Black,Divorced,Fully Meets,3,False,,531,Mid
1189,2020-06-28,2022-07-11,Production,Micheal Bryant,NEL,Voluntarily Terminated,Contract,Zone C,Full-Time,Involuntary,Somebody pass again say cultural.,Production       ,General Operations,1988,Northeast,Engineering,Female,55949,Other,Married,Fully Meets,3,False,37.31690622861054,743,Mid
1190,2020-12-22,2021-11-20,Production,Bryan Simpson,PL,Voluntarily Terminated,Contract,Zone B,Full-Time,Resignation,Table day sit wish attention marriage cause.,Production       ,Project Management,,Northeast,Project / Site Management,Female,88496,Hispanic,Married,Fully Meets,3,False,,333,Mid
1191,2019-11-24,,Production,Tamara Carter,BPC,Active,Full-Time,Zone B,Full-Time,Unk,,Production       ,Field Engineering / Operations,,Northeast,Finance & Analysis,Female,55947,Black,Divorced,Fully Meets,3,True,,2046,Mid
1192,2022-09-23,,Production,Bryan Harris,CCDR,Active,Full-Time,Zone C,Full-Time,Unk,,Production       ,General Operations,1988,Northeast,Field Operations,Female,75540,White,Single,Fully Meets,3,True,36.563997262149215,1012,Mid
1193,2020-02-06,2022-01-23,Production,Anna Meyers,SVG,Voluntarily Terminated,Full-Time,Zone B,Temporary,Involuntary,Onto focus address treat before ability.,Production       ,Field Engineering / Operations,,Northeast,Project / Site Management,Female,68342,Black,Married,Fully Meets,3,False,,717,Entry
1194,2019-01-14,2021-08-06,Production,Christopher Levy,EW,Voluntarily Terminated,Full-Time,Zone C,Temporary,Resignation,Tonight answer benefit second commercial law.,Production       ,Field Engineering / Operations,1953,Northeast,Project / Site Management,Male,5779,Asian,Widowed,Fully Meets,3,False,72.31485284052019,935,Entry
1195,2019-06-25,2022-05-15,Production,David Maddox,TNS,Leave of Absence,Part-Time,Zone C,Part-Time,Retirement,Window management move.,Production       ,Field Engineering / Operations,,Northeast,Project / Site Management,Female,91065,Hispanic,Widowed,Fully Meets,3,False,,1055,Entry
1196,2019-03-09,,Production,John Lambert,PYZ,Active,Part-Time,Zone C,Temporary,Unk,,Production       ,General Operations,1978,Northeast,Admin & Support,Female,47386,Other,Married,Fully Meets,3,True,46.64750171115674,2306,Entry
1197,2020-06-13,,Production,Anthony Cross,WBL,Active,Full-Time,Zone B,Part-Time,Unk,,Production       ,Safety & Compliance,1958,Northeast,Admin & Support,Female,38009,Hispanic,Divorced,Fully Meets,3,True,67.05270362765229,1844,Entry
1198,2019-01-22,,Production,Daniel Blackburn,NEL,Active,Contract,Zone B,Part-Time,Unk,,Production       ,Field Engineering / Operations,,Northeast,Labor & Site Work,Female,61843,Asian,Married,Fully Meets,3,True,,2352,Entry
1199,2020-12-12,,Production,Richard Graves,PL,Active,Full-Time,Zone B,Part-Time,Unk,,Production       ,Field Engineering / Operations,,Northeast,Labor & Site Work,Female,75258,White,Widowed,Fully Meets,3,True,,1662,Entry
1200,2022-04-27,,Production,Sheryl Scott,BPC,Active,Part-Time,Zone A,Full-Time,Unk,,Production       ,General Operations,1977,Northeast,Labor & Site Work,Female,62616,Other,Married,Fully Meets,3,True,47.72895277207392,1161,Entry
1201,2022-04-11,2022-09-26,Production,Robert Hill,CCDR,Voluntarily Terminated,Contract,Zone A,Part-Time,Voluntary,Information race relate rich poor already make.,Production       ,General Operations,,Northeast,Labor & Site Work,Male,53450,Other,Divorced,Fully Meets,3,False,,168,Entry
1202,2022-09-01,2022-12-02,Production,Emily Rogers,SVG,Voluntarily Terminated,Contract,Zone B,Temporary,Voluntary,Tough that inside relate hundred leave.,Production       ,Field Engineering / Operations,,Northeast,Admin & Support,Male,9799,White,Widowed,Fully Meets,3,False,,92,Entry
1203,2018-09-08,,Production,Jasmine Johnson,EW,Active,Contract,Zone A,Part-Time,Unk,,Production       ,Field Engineering / Operations,,Northeast,Engineering,Male,14153,White,Divorced,Fully Meets,3,True,,2488,Entry
1204,2022-11-24,2023-08-05,Production,Melissa Tucker,MSC,Active,Full-Time,Zone B,Temporary,Voluntary,Attention summer we. Suffer impact imagine we.,Production       ,General Operations,,Northeast,Executive & Leadership,Male,76112,White,Married,Fully Meets,3,False,,254,Entry
1205,2020-07-23,,Production,Timothy Higgins,TNS,Active,Full-Time,Zone C,Part-Time,Unk,,Production       ,Logistics / Maintenance,1956,Northeast,Maintenance & Logistics,Female,73101,Hispanic,Single,Fully Meets,3,True,69.15811088295688,1804,Entry
1206,2018-12-28,2023-05-15,Production,Richard Scott,PYZ,Active,Part-Time,Zone C,Part-Time,Voluntary,Various step without couple within at gun.,Production       ,Field Engineering / Operations,,Northeast,Engineering,Female,82378,White,Divorced,Fully Meets,3,False,,1599,Entry
1207,2019-10-01,,Production,Hunter Hill,WBL,Active,Contract,Zone B,Full-Time,Unk,,Production       ,Field Engineering / Operations,1956,Northeast,Labor & Site Work,Female,63878,White,Divorced,Fully Meets,3,True,68.9801505817933,2100,Entry
1208,2019-08-17,2019-10-25,Production,Melissa Greene,NEL,Active,Contract,Zone A,Part-Time,Retirement,Decision example see low someone. Ball week that.,Production       ,Field Engineering / Operations,,Northeast,Labor & Site Work,Female,59862,Black,Single,Fully Meets,3,False,,69,Manager
1209,2023-05-31,,Production,Edwin Guerrero,PL,Active,Part-Time,Zone A,Part-Time,Unk,,Production       ,Field Engineering / Operations,1999,Northeast,Project / Site Management,Female,23252,Other,Married,Fully Meets,3,True,26.07529089664613,762,Manager
1210,2020-12-08,2023-06-10,Production,Ann Collins,BPC,Active,Full-Time,Zone B,Part-Time,Involuntary,Carry parent fight style series challenge.,Production       ,Field Engineering / Operations,,Northeast,Other,Female,91039,Asian,Divorced,Fully Meets,3,False,,914,Manager
1211,2018-11-05,2023-03-23,Production,John Miles,CCDR,Voluntarily Terminated,Part-Time,Zone B,Part-Time,Voluntary,Community probably bad day food place which loss.,Production       ,Field Engineering / Operations,1981,Northeast,Other,Male,37834,Other,Widowed,Fully Meets,3,False,43.553730321697465,1599,Mid
1212,2020-08-26,2023-04-05,Production,Kevin Mendez,EW,Voluntarily Terminated,Contract,Zone C,Full-Time,Voluntary,Start debate hot fact keep return.,Production       ,Field Engineering / Operations,,Northeast,Project / Site Management,Female,46678,Hispanic,Single,Fully Meets,3,False,,952,Mid
1213,2020-02-23,,Production,Joe Miller,MSC,Active,Part-Time,Zone A,Part-Time,Unk,,Production       ,Project Management,,Northeast,Project / Site Management,Female,41849,White,Married,Fully Meets,3,True,,1955,Mid
1214,2022-02-12,,Production,Joshua Barnes,NEL,Active,Full-Time,Zone B,Full-Time,Unk,,Production       ,Field Engineering / Operations,,Northeast,Other,Female,16422,Asian,Divorced,Fully Meets,3,True,,1235,Mid
1215,2020-02-13,,Production,Daniel Benson,PL,Active,Contract,Zone C,Temporary,Unk,,Production       ,Field Engineering / Operations,,Northeast,Labor & Site Work,Female,79625,Asian,Widowed,Fully Meets,3,True,,1965,Mid
1216,2023-02-15,2023-03-09,Production,Andrea Smith,PYZ,Voluntarily Terminated,Part-Time,Zone B,Part-Time,Voluntary,Rock stage better east bad view.,Production       ,General Operations,,Northeast,Field Operations,Female,11159,Black,Single,Fully Meets,3,False,,22,Entry
1217,2019-12-03,2021-08-31,Production,Joshua Johns,SVG,Voluntarily Terminated,Full-Time,Zone B,Part-Time,Voluntary,First choose again themselves thing however.,Production       ,Field Engineering / Operations,,Northeast,Executive & Leadership,Male,52300,Asian,Single,Fully Meets,3,False,,637,Entry
1218,2018-12-31,,Production,Robert Watts,WBL,Active,Full-Time,Zone B,Temporary,Unk,,Production       ,General Operations,,Northeast,Other,Female,32620,Black,Married,Fully Meets,3,True,,2374,Entry
1219,2020-01-16,2021-02-09,Production,Kelly Tate,BPC,Voluntarily Terminated,Part-Time,Zone B,Part-Time,Voluntary,Develop think capital player campaign prepare.,Production       ,Field Engineering / Operations,1974,Northeast,Engineering,Female,83986,Hispanic,Married,Fully Meets,3,False,51.38945927446954,390,Entry
1220,2018-11-20,2020-02-09,Production,Terry Flores,CCDR,Voluntarily Terminated,Full-Time,Zone C,Temporary,Voluntary,Center positive their garden industry.,Production       ,Executive,,Northeast,Executive & Leadership,Female,89298,Asian,Single,Fully Meets,3,False,,446,Entry
1221,2022-11-11,2023-07-03,Production,Leslie Davis,EW,Voluntarily Terminated,Part-Time,Zone A,Part-Time,Involuntary,Deep sea improve miss they nearly measure.,Production       ,Logistics / Maintenance,1967,Northeast,Project / Site Management,Female,91837,Asian,Single,Fully Meets,3,False,58.22861054072553,234,Entry
1222,2020-12-18,2021-07-23,Production,Sarah Williams,MSC,Voluntarily Terminated,Contract,Zone A,Part-Time,Involuntary,Improve sea attention baby local ahead.,Production       ,HR / People Services,,Northeast,HR / Talent,Female,31362,Asian,Widowed,Fully Meets,3,False,,217,Entry
1223,2021-01-26,,Production,Luke Miller,NEL,Active,Full-Time,Zone C,Temporary,Unk,,Production       ,Field Engineering / Operations,,Northeast,Engineering,Female,3274,Asian,Widowed,Fully Meets,3,True,,1617,Entry
1224,2021-11-26,2022-05-24,Production,Jeremiah Smith,PL,Voluntarily Terminated,Part-Time,Zone B,Part-Time,Retirement,Recently business give.,Production       ,Field Engineering / Operations,,Northeast,Admin & Support,Male,71373,Hispanic,Married,Fully Meets,3,False,,179,Entry
1225,2023-05-15,,Production,Krista Smith,PYZ,Active,Contract,Zone C,Part-Time,Unk,,Production       ,Finance,,Northeast,Finance & Analysis,Male,66660,Asian,Married,Fully Meets,3,True,,778,Entry
1226,2023-06-20,,Production,Eric Greer,SVG,Active,Full-Time,Zone A,Full-Time,Unk,,Production       ,Field Engineering / Operations,,Northeast,Field Operations,Male,26821,Other,Divorced,Fully Meets,3,True,,742,Entry
1227,2019-08-22,2022-06-06,Production,Hannah Davis,TNS,Active,Part-Time,Zone C,Part-Time,Voluntary,Relate size according two board.,Production       ,Consulting / Client Delivery,,Northeast,Engineering,Female,89365,Other,Divorced,Fully Meets,3,False,,1019,Entry
1228,2021-08-30,,Production,Anthony Murray,WBL,Active,Contract,Zone B,Full-Time,Unk,,Production       ,Field Engineering / Operations,1994,Northeast,Engineering,Female,88976,Other,Widowed,Fully Meets,3,True,30.57905544147844,1401,Entry
1229,2020-01-27,,Production,Michael Torres,BPC,Active,Part-Time,Zone B,Part-Time,Unk,,Production       ,Field Engineering / Operations,,Northeast,Field Operations,Female,43853,Black,Single,Fully Meets,3,True,,1982,Entry
1230,2022-03-04,,Production,Claire Baker,CCDR,Active,Contract,Zone C,Temporary,Unk,,Production       ,Field Engineering / Operations,,Northeast,Labor & Site Work,Female,19697,Hispanic,Widowed,Fully Meets,3,True,,1215,Entry
1231,2020-03-07,,Production,Michael Garcia,EW,Active,Contract,Zone B,Temporary,Unk,,Production       ,Other,1994,Northeast,Labor & Site Work,Female,50000,Black,Married,Fully Meets,3,True,30.74332648870637,1942,Manager
1232,2020-03-19,,Production,Mrs. Leslie Simmons,MSC,Active,Full-Time,Zone B,Full-Time,Unk,,Production       ,HR / People Services,,Northeast,Admin & Support,Female,35033,Other,Single,Fully Meets,3,True,,1930,Manager
1233,2022-07-23,,Production,Hannah Cruz,WBL,Active,Full-Time,Zone A,Part-Time,Unk,,Production       ,Field Engineering / Operations,1992,Northeast,Project / Site Management,Male,50676,Other,Divorced,Fully Meets,3,True,33.14989733059548,1074,Mid
1234,2019-10-18,2021-10-03,Production,Claudia Atkinson,NEL,Voluntarily Terminated,Full-Time,Zone A,Temporary,Involuntary,Learn whatever million.,Production       ,Sales & Marketing,,Northeast,Executive & Leadership,Female,25148,Black,Divorced,Fully Meets,3,False,,716,Mid
1235,2020-04-14,,Production,Virginia Castro,PL,Active,Full-Time,Zone B,Full-Time,Unk,,Production       ,General Operations,,Northeast,Admin & Support,Female,96915,Other,Widowed,Fully Meets,3,True,,1904,Mid
1236,2018-11-25,2019-07-25,Production,Tina Morgan,BPC,Voluntarily Terminated,Part-Time,Zone B,Full-Time,Retirement,Source join scientist personal when each.,Production       ,Field Engineering / Operations,1946,Northeast,Labor & Site Work,Female,95167,White,Married,Fully Meets,3,False,78.55441478439425,242,Mid
1237,2021-03-23,2022-08-26,Production,Nancy Gutierrez,CCDR,Voluntarily Terminated,Part-Time,Zone A,Part-Time,Resignation,Practice cover bar reason expect.,Production       ,Logistics / Maintenance,,Northeast,Engineering,Female,1223,Black,Divorced,Fully Meets,3,False,,521,Mid
1238,2020-10-27,2021-11-08,Production,Brandon Bates,SVG,Voluntarily Terminated,Part-Time,Zone B,Part-Time,Voluntary,My live interesting street purpose early.,Production       ,Field Engineering / Operations,1968,Northeast,Engineering,Female,31462,Other,Single,Fully Meets,3,False,56.799452429842574,377,Entry
1239,2022-06-11,2023-06-29,Production,Angela Brooks,TNS,Voluntarily Terminated,Part-Time,Zone C,Temporary,Voluntary,Guy know tend get best film hold.,Production       ,Field Engineering / Operations,2001,Northeast,Field Operations,Female,6735,Hispanic,Single,Fully Meets,3,False,23.978097193702943,383,Entry
1240,2020-03-19,,Production,Katie Barry,PYZ,Active,Contract,Zone B,Temporary,Unk,,Production       ,Field Engineering / Operations,1985,Northeast,Project / Site Management,Female,60585,Asian,Single,Fully Meets,3,True,40.2217659137577,1930,Entry
1241,2019-11-07,2022-12-07,Production,Craig Arias,WBL,Voluntarily Terminated,Contract,Zone B,Full-Time,Retirement,Fear night field child yard structure.,Production       ,Field Engineering / Operations,,Northeast,Labor & Site Work,Female,46736,Black,Married,Fully Meets,3,False,,1126,Entry
1242,2023-04-24,,Production,Luke Carter,NEL,Active,Full-Time,Zone C,Part-Time,Unk,,Production       ,Field Engineering / Operations,,Northeast,Project / Site Management,Female,35941,White,Married,Fully Meets,3,True,,799,Entry
1243,2020-06-04,,Production,Richard Oliver,PL,Active,Contract,Zone A,Temporary,Unk,,Production       ,General Operations,1979,Northeast,Project / Site Management,Female,11657,White,Widowed,Fully Meets,3,True,46.31895961670089,1853,Entry
1244,2022-05-23,,Production,Raymond Hernandez,BPC,Active,Part-Time,Zone A,Full-Time,Unk,,Production       ,Field Engineering / Operations,1954,Northeast,Field Operations,Male,72528,Asian,Married,Fully Meets,3,True,71.38398357289527,1135,Entry
1245,2019-05-17,,Production,James Clay,CCDR,Active,Full-Time,Zone B,Temporary,Unk,,Production       ,Field Engineering / Operations,1961,Northeast,Field Operations,Male,14705,White,Widowed,Fully Meets,3,True,64.40520191649556,2237,Entry
1246,2018-09-28,2021-04-25,Production,Casey Dennis,SVG,Voluntarily Terminated,Part-Time,Zone B,Temporary,Resignation,Control store point.,Production       ,Field Engineering / Operations,,Northeast,Executive & Leadership,Male,5254,Black,Widowed,Fully Meets,3,False,,940,Entry
1247,2019-03-04,,Production,Lisa Gonzalez,EW,Active,Part-Time,Zone C,Part-Time,Unk,,Production       ,Other,,Northeast,Project / Site Management,Female,94026,Other,Single,Fully Meets,3,True,,2311,Entry
1248,2021-03-29,2021-12-01,Production,Theresa Miller,MSC,Active,Part-Time,Zone B,Full-Time,Resignation,Suddenly free computer last spend.,Production       ,Field Engineering / Operations,1988,Northeast,Field Operations,Female,90967,White,Divorced,Fully Meets,3,False,36.80766598220397,247,Entry
1249,2019-07-07,2020-02-14,Production,Christopher Stewart,TNS,Active,Full-Time,Zone A,Part-Time,Retirement,Seek TV finally impact really build.,Production       ,Field Engineering / Operations,,Northeast,Other,Female,46879,Asian,Divorced,Fully Meets,3,False,,222,Entry
1250,2018-09-06,,Production,Sheri Pearson,BPC,Active,Contract,Zone B,Full-Time,Unk,,Production       ,General Operations,1990,Northeast,Field Operations,Female,70353,Black,Widowed,Fully Meets,3,True,34.562628336755644,2490,Entry
1251,2018-09-25,,Production,Dennis Davis,CCDR,Active,Part-Time,Zone A,Part-Time,Unk,,Production       ,Field Engineering / Operations,1948,Northeast,Labor & Site Work,Female,27888,Asian,Married,Fully Meets,3,True,77.3223819301848,2471,Entry
1252,2022-03-11,2022-04-25,Production,Timothy Hester,EW,Active,Part-Time,Zone A,Temporary,Voluntary,Dinner skill guess key building.,Production       ,Project Management,,Northeast,Field Operations,Female,36258,Asian,Divorced,Fully Meets,3,False,,45,Manager
1253,2020-07-13,2021-10-06,Production,Thomas Baker,MSC,Active,Part-Time,Zone A,Part-Time,Retirement,Necessary account office.,Production       ,Project Management,,Northeast,Engineering,Female,17844,Asian,Divorced,Fully Meets,3,False,,450,Manager
1254,2020-06-22,,Production,Tracy Ramos,WBL,Active,Contract,Zone B,Full-Time,Unk,,Production       ,General Operations,1950,Northeast,Labor & Site Work,Female,87263,White,Married,Fully Meets,3,True,75.06639288158796,1835,Mid
1255,2019-09-30,2021-03-02,Production,Alicia Lindsey,NEL,Voluntarily Terminated,Full-Time,Zone A,Temporary,Resignation,Shoulder then shake.,Production       ,General Operations,,Northeast,Labor & Site Work,Female,8671,Black,Married,Fully Meets,3,False,,519,Mid
1256,2020-01-08,,Production,Adam Harmon,PL,Active,Contract,Zone A,Temporary,Unk,,Production       ,Field Engineering / Operations,,Northeast,Labor & Site Work,Female,16520,White,Widowed,Fully Meets,3,True,,2001,Mid
1257,2021-10-16,,Production,Brandon Lane,BPC,Active,Full-Time,Zone B,Temporary,Unk,,Production       ,Field Engineering / Operations,1978,Northeast,Engineering,Female,22868,Asian,Divorced,Fully Meets,3,True,46.64750171115674,1354,Mid
1258,2022-06-29,,Production,Jeremy Thomas,CCDR,Active,Full-Time,Zone C,Temporary,Unk,,Production       ,Field Engineering / Operations,,Northeast,Project / Site Management,Female,59954,Other,Widowed,Fully Meets,3,True,,1098,Mid
1259,2022-05-01,2023-04-24,Production,Justin Phelps,SVG,Voluntarily Terminated,Full-Time,Zone A,Temporary,Retirement,Section effort four increase.,Production       ,General Operations,,Northeast,Labor & Site Work,Male,43998,White,Single,Fully Meets,3,False,,358,Entry
1260,2018-08-16,,Production,Tabitha Martin,TNS,Active,Full-Time,Zone B,Part-Time,Unk,,Production       ,Project Management,,Northeast,Project / Site Management,Female,75748,Asian,Married,Fully Meets,3,True,,2511,Entry
1261,2019-12-27,,Production,Katherine Huber,PYZ,Active,Part-Time,Zone C,Temporary,Unk,,Production       ,Field Engineering / Operations,,Northeast,Labor & Site Work,Female,87591,Hispanic,Married,Fully Meets,3,True,,2013,Entry
1262,2021-07-01,2023-03-28,Production,James Benson,WBL,Voluntarily Terminated,Part-Time,Zone A,Full-Time,Retirement,Her relationship national win raise American.,Production       ,Field Engineering / Operations,,Northeast,Engineering,Female,23777,Hispanic,Widowed,Fully Meets,3,False,,635,Entry
1263,2022-10-20,,Production,Thomas Rogers,NEL,Active,Full-Time,Zone B,Full-Time,Unk,,Production       ,Logistics / Maintenance,,Northeast,Project / Site Management,Female,34732,Hispanic,Divorced,Fully Meets,3,True,,985,Entry
1264,2019-02-15,,Production,Veronica Alexander MD,PL,Active,Full-Time,Zone C,Full-Time,Unk,,Production       ,Field Engineering / Operations,,Northeast,Executive & Leadership,Female,28097,Hispanic,Married,Fully Meets,3,True,,2328,Entry
1265,2022-01-17,2022-07-25,Production,Angela Jackson,BPC,Voluntarily Terminated,Part-Time,Zone C,Full-Time,Retirement,Page year stock own popular health.,Production       ,Field Engineering / Operations,,Northeast,Labor & Site Work,Male,39841,Black,Widowed,Fully Meets,3,False,,189,Entry
1266,2021-11-14,2022-07-01,Production,Lisa Campbell,CCDR,Voluntarily Terminated,Full-Time,Zone A,Full-Time,Involuntary,Form song garden right newspaper.,Production       ,Project Management,1971,Northeast,Project / Site Management,Male,46871,Hispanic,Divorced,Fully Meets,3,False,54.24229979466119,229,Entry
1267,2020-11-14,2020-12-22,Production,Sophia Bowman,SVG,Active,Part-Time,Zone C,Full-Time,Voluntary,Better five blue particularly a media firm.,Production       ,General Operations,1971,Northeast,Field Operations,Female,91614,White,Divorced,Fully Meets,3,False,53.804243668720055,38,Entry
1268,2023-02-25,,Production,Chelsey Crawford,EW,Active,Part-Time,Zone A,Part-Time,Unk,,Production       ,General Operations,,Northeast,Field Operations,Female,89515,Other,Single,Fully Meets,3,True,,857,Entry
1269,2022-08-23,,Production,Brianna Blanchard,MSC,Active,Contract,Zone A,Full-Time,Unk,,Production       ,Logistics / Maintenance,,Northeast,Labor & Site Work,Female,82774,Black,Divorced,Fully Meets,3,True,,1043,Entry
1270,2019-05-01,2019-12-31,Production,Adam Miller,TNS,Active,Part-Time,Zone C,Full-Time,Voluntary,When approach anyone hold along.,Production       ,Field Engineering / Operations,,Northeast,Labor & Site Work,Female,79937,Hispanic,Married,Fully Meets,3,False,,244,Entry
1271,2020-04-26,,Production,Brenda Johnson,PYZ,Active,Full-Time,Zone A,Part-Time,Unk,,Production       ,General Operations,,Northeast,Project / Site Management,Female,95232,Asian,Widowed,Fully Meets,3,True,,1892,Entry
1272,2021-02-08,2022-07-15,Production,Natalie Shaffer,WBL,Active,Full-Time,Zone C,Temporary,Involuntary,National detail star recently.,Production       ,General Operations,,Northeast,Project / Site Management,Female,37465,Black,Single,Fully Meets,3,False,,522,Entry
1273,2020-10-29,2021-01-26,Production,Rachel Wilkins,NEL,Active,Contract,Zone A,Part-Time,Retirement,Treat role defense or common service network.,Production       ,General Operations,,Northeast,Project / Site Management,Female,50409,Asian,Single,Fully Meets,3,False,,89,Manager
1274,2022-11-22,,Production,Nicole Pierce,PL,Active,Contract,Zone A,Full-Time,Unk,,Production       ,Field Engineering / Operations,1975,Northeast,Engineering,Female,2006,Black,Single,Fully Meets,3,True,49.65092402464066,952,Manager
1275,2022-10-11,,Production,Nicole Gamble,CCDR,Active,Full-Time,Zone B,Part-Time,Unk,,Production       ,Field Engineering / Operations,,Northeast,Other,Female,55846,Other,Single,Fully Meets,3,True,,994,Mid
1276,2019-12-28,,Production,Lauren Gonzales,EW,Active,Full-Time,Zone A,Full-Time,Unk,,Production       ,General Operations,,Northeast,Admin & Support,Female,74245,White,Married,Fully Meets,3,True,,2012,Mid
1277,2019-04-11,,Production,Margaret Murphy,MSC,Active,Full-Time,Zone C,Part-Time,Unk,,Production       ,Field Engineering / Operations,1984,Northeast,Field Operations,Female,95565,Other,Single,Fully Meets,3,True,41.14168377823409,2273,Mid
1278,2020-10-26,,Production,Christine Oneill,NEL,Active,Full-Time,Zone A,Part-Time,Unk,,Production       ,Field Engineering / Operations,,Northeast,Labor & Site Work,Female,89318,White,Divorced,Fully Meets,3,True,,1709,Mid
1279,2021-07-09,2023-01-27,Production,Regina Rogers,PL,Voluntarily Terminated,Part-Time,Zone B,Full-Time,Resignation,Mrs technology behavior fear.,Production       ,Field Engineering / Operations,,Northeast,Field Operations,Female,29507,White,Married,Fully Meets,3,False,,567,Mid
1280,2022-01-12,,Production,Timothy Blackwell,MSC,Active,Full-Time,Zone C,Temporary,Unk,,Production       ,General Operations,,Northeast,Admin & Support,Male,77219,Black,Single,Fully Meets,3,True,,1266,Entry
1281,2020-08-07,2021-07-20,Production,Jeffrey Bowen,TNS,Voluntarily Terminated,Part-Time,Zone A,Part-Time,Retirement,Tree cause agency reduce fine air.,Production       ,Finance,,Northeast,Admin & Support,Female,30117,White,Widowed,Fully Meets,3,False,,347,Entry
1282,2021-04-10,2022-11-19,Production,Eileen Rodriguez,BPC,Voluntarily Terminated,Part-Time,Zone A,Temporary,Involuntary,All guy thus card fill walk.,Production       ,Field Engineering / Operations,,Northeast,Admin & Support,Female,30179,Black,Widowed,Fully Meets,3,False,,588,Entry
1283,2021-01-11,,Production,Deborah Arnold,CCDR,Active,Full-Time,Zone C,Full-Time,Unk,,Production       ,General Operations,,Northeast,Engineering,Female,72581,Asian,Married,Fully Meets,3,True,,1632,Entry
1284,2019-12-08,,Production,Chase Hardy,EW,Active,Contract,Zone B,Full-Time,Unk,,Production       ,General Operations,,Northeast,Project / Site Management,Female,39352,Other,Married,Fully Meets,3,True,,2032,Entry
1285,2021-09-26,,Production,John Gonzalez,MSC,Active,Part-Time,Zone C,Full-Time,Unk,,Production       ,General Operations,,Northeast,Project / Site Management,Male,89374,Hispanic,Widowed,Fully Meets,3,True,,1374,Entry
1286,2021-09-09,2021-10-28,Production,Jennifer Randall,NEL,Voluntarily Terminated,Full-Time,Zone B,Temporary,Voluntary,Never few away level attack buy.,Production       ,Field Engineering / Operations,,Northeast,Field Operations,Male,74629,Asian,Divorced,Fully Meets,3,False,,49,Entry
1287,2020-09-19,2023-02-20,Production,Evelyn Diaz,PL,Voluntarily Terminated,Full-Time,Zone A,Full-Time,Retirement,American quickly treatment.,Production       ,General Operations,,Northeast,Field Operations,Female,56136,Black,Widowed,Fully Meets,3,False,,884,Entry
1288,2022-01-11,2022-10-26,Production,Justin Johnson,PYZ,Active,Full-Time,Zone C,Part-Time,Voluntary,Skill shoulder bag suffer.,Production       ,Field Engineering / Operations,,Northeast,Field Operations,Female,69514,Hispanic,Single,Fully Meets,3,False,,288,Entry
1289,2019-07-18,,Production,Kevin Pearson,SVG,Active,Full-Time,Zone C,Full-Time,Unk,,Production       ,General Operations,1942,Northeast,Admin & Support,Female,40307,Other,Single,Fully Meets,3,True,83.00068446269678,2175,Entry
1290,2021-04-13,,Production,Bryan Salas,TNS,Active,Full-Time,Zone A,Full-Time,Unk,,Production       ,General Operations,,Northeast,Admin & Support,Female,57255,White,Married,Fully Meets,3,True,,1540,Entry
1291,2023-06-17,2023-07-27,Production,Jeffery Williams,WBL,Active,Contract,Zone B,Temporary,Voluntary,Finally provide various but.,Production       ,Field Engineering / Operations,1988,Northeast,Project / Site Management,Female,94486,Black,Divorced,Fully Meets,3,False,37.30321697467488,40,Entry
1292,2018-10-27,,Production,Amy Hess,BPC,Active,Full-Time,Zone A,Part-Time,Unk,,Production       ,Field Engineering / Operations,,Northeast,Engineering,Female,28931,White,Divorced,Fully Meets,3,True,,2439,Entry
1293,2021-06-01,2023-04-29,Production,Ashley Craig,CCDR,Active,Contract,Zone B,Full-Time,Voluntary,Line with read most.,Production       ,Field Engineering / Operations,,Northeast,Field Operations,Female,60878,Asian,Single,Fully Meets,3,False,,697,Entry
1294,2023-04-07,2023-05-07,Production,Lisa Ward,EW,Active,Part-Time,Zone B,Part-Time,Voluntary,Choose thousand know often size company.,Production       ,Field Engineering / Operations,,Northeast,Labor & Site Work,Female,58589,Hispanic,Single,Fully Meets,3,False,,30,Manager
1295,2021-06-13,,Production,Richard Santos,PYZ,Active,Full-Time,Zone A,Full-Time,Unk,,Production       ,General Operations,,Northeast,Labor & Site Work,Female,26059,Other,Married,Fully Meets,3,True,,1479,Mid
1296,2019-03-13,2020-09-12,Production,Nathan Hill,WBL,Voluntarily Terminated,Full-Time,Zone B,Part-Time,Involuntary,Employee product meeting who kind.,Production       ,Field Engineering / Operations,,Northeast,Admin & Support,Female,94411,Asian,Widowed,Fully Meets,3,False,,549,Mid
1297,2019-05-24,2021-10-09,Production,Cindy Smith,NEL,Voluntarily Terminated,Part-Time,Zone A,Temporary,Resignation,Suffer phone son property money.,Production       ,Field Engineering / Operations,1968,Northeast,Field Operations,Female,46980,Other,Married,Fully Meets,3,False,56.8952772073922,869,Mid
1298,2023-02-25,,Production,Gerald Dunlap,PL,Active,Part-Time,Zone B,Temporary,Unk,,Production       ,General Operations,1983,Northeast,Labor & Site Work,Female,12398,Black,Married,Fully Meets,3,True,42.31074606433949,857,Mid
1299,2020-03-24,,Production,Joseph Dixon,BPC,Active,Contract,Zone B,Full-Time,Unk,,Production       ,Field Engineering / Operations,1953,Northeast,Project / Site Management,Female,95571,Asian,Widowed,Fully Meets,3,True,71.72347707049965,1925,Mid
1300,2021-06-12,,Production,Angela Garcia,CCDR,Active,Contract,Zone B,Temporary,Unk,,Production       ,Field Engineering / Operations,1967,Northeast,Labor & Site Work,Female,91189,Black,Married,Fully Meets,3,True,57.82067077344285,1480,Mid
1301,2019-03-22,2022-03-23,Production,Todd Nelson,MSC,Voluntarily Terminated,Part-Time,Zone B,Temporary,Retirement,Space long most area product drug tree.,Production       ,Field Engineering / Operations,,Northeast,Field Operations,Female,62803,Asian,Widowed,Fully Meets,3,False,,1097,Entry
1302,2021-03-08,2022-12-17,Production,Aaron Mendoza,TNS,Voluntarily Terminated,Full-Time,Zone A,Full-Time,Voluntary,Study way front fly member.,Production       ,Field Engineering / Operations,2000,Northeast,Labor & Site Work,Female,77552,Other,Married,Fully Meets,3,False,24.996577686516083,649,Entry
1303,2020-05-15,,Production,Crystal Taylor,PYZ,Active,Contract,Zone A,Full-Time,Unk,,Production       ,Finance,1957,Northeast,Admin & Support,Female,35973,Hispanic,Single,Fully Meets,3,True,68.41067761806981,1873,Entry
1304,2023-01-24,,Production,Amanda Barnes,WBL,Active,Full-Time,Zone B,Part-Time,Unk,,Production       ,Safety & Compliance,,Northeast,Health & Safety,Female,47801,Asian,Widowed,Fully Meets,3,True,,889,Entry
1305,2021-01-06,2022-12-30,Production,John Bradford,NEL,Voluntarily Terminated,Full-Time,Zone B,Temporary,Resignation,Fact soldier film yet president example car.,Production       ,Field Engineering / Operations,,Northeast,Labor & Site Work,Male,1615,White,Married,Fully Meets,3,False,,723,Entry
1306,2021-04-16,,Production,Christopher Norris,PL,Active,Part-Time,Zone B,Part-Time,Unk,,Production       ,Project Management,1997,Northeast,Project / Site Management,Male,49042,Hispanic,Single,Fully Meets,3,True,27.89869952087611,1537,Entry
1307,2021-09-22,2021-10-25,Production,Mr. Danny Snow,BPC,Voluntarily Terminated,Contract,Zone A,Full-Time,Voluntary,Thus whether read kitchen itself.,Production       ,Field Engineering / Operations,,Northeast,Executive & Leadership,Male,94852,Black,Married,Fully Meets,3,False,,33,Entry
1308,2022-06-28,2023-03-07,Production,Isaac Foley,CCDR,Active,Full-Time,Zone C,Full-Time,Retirement,Bar offer throughout different body quite.,Production       ,Project Management,1980,Northeast,Project / Site Management,Female,60350,Asian,Divorced,Fully Meets,3,False,44.7419575633128,252,Entry
1309,2020-08-17,,Production,Holly Pearson,SVG,Active,Part-Time,Zone C,Part-Time,Unk,,Production       ,Field Engineering / Operations,,Northeast,Field Operations,Female,41055,Other,Widowed,Fully Meets,3,True,,1779,Entry
1310,2023-04-03,2023-07-21,Production,Adam Vang,EW,Active,Part-Time,Zone B,Full-Time,Voluntary,Again kind talk lead.,Production       ,General Operations,1988,Northeast,Field Operations,Female,21439,Asian,Single,Fully Meets,3,False,37.385352498288846,109,Entry
1311,2023-05-26,2023-06-12,Production,Anna Townsend,MSC,Active,Full-Time,Zone C,Part-Time,Resignation,Hold parent PM claim star seek.,Production       ,Field Engineering / Operations,,Northeast,Other,Male,32645,Asian,Single,Fully Meets,3,False,,17,Entry
1312,2021-04-10,,Production,Edgar Moore,TNS,Active,Full-Time,Zone B,Full-Time,Unk,,Production       ,General Operations,1997,Northeast,Field Operations,Female,47354,Black,Widowed,Fully Meets,3,True,27.89322381930185,1543,Entry
1313,2023-04-18,,Production,Gary Nelson,PYZ,Active,Contract,Zone C,Part-Time,Unk,,Production       ,Field Engineering / Operations,1957,Northeast,Field Operations,Female,64005,Hispanic,Single,Fully Meets,3,True,67.5728952772074,805,Entry
1314,2021-10-13,2023-06-21,Production,Andrea Fowler,WBL,Active,Contract,Zone C,Full-Time,Retirement,Nation local peace nation blue official six.,Production       ,General Operations,,Northeast,Field Operations,Female,91553,White,Divorced,Fully Meets,3,False,,616,Entry
1315,2020-10-10,,Finance & Accounting,Gina Williams,NEL,Active,Part-Time,Zone A,Temporary,Unk,,Admin Offices,Field Engineering / Operations,,Northeast,Other,Female,2050,Asian,Widowed,Fully Meets,3,True,,1725,Senior
1316,2019-01-20,2021-09-15,Executive & Leadership,Michael West,CCDR,Active,Part-Time,Zone A,Full-Time,Involuntary,Upon writer black.,Executive Office,Field Engineering / Operations,,Northeast,Project / Site Management,Female,1902,Asian,Single,Fully Meets,3,False,,969,Executive
1317,2021-05-09,2022-10-27,Finance & Accounting,Leslie Allen,MSC,Active,Full-Time,Zone A,Part-Time,Involuntary,Everything discover represent full.,Admin Offices,Field Engineering / Operations,,Northeast,Field Operations,Female,2468,Black,Widowed,Fully Meets,3,False,,536,Senior
1318,2023-07-29,2023-08-04,Admin & Support,Donald Decker,WBL,Active,Contract,Zone B,Temporary,Retirement,Effort off over always. Form house mean treat.,Admin Offices,Field Engineering / Operations,,Northeast,Labor & Site Work,Female,2330,White,Divorced,Fully Meets,3,False,,6,Entry
1319,2019-08-24,2022-12-14,Finance & Accounting,Donald Richardson,EW,Active,Part-Time,Zone C,Temporary,Involuntary,Value class especially.,Admin Offices,Finance,,Northeast,Internship,Male,2703,Asian,Married,Fully Meets,3,False,,1208,Entry
1320,2018-12-25,,Admin & Support,James Bell,WBL,Active,Part-Time,Zone B,Full-Time,Unk,,Admin Offices,Field Engineering / Operations,1983,Northeast,Finance & Analysis,Female,2170,White,Widowed,Fully Meets,3,True,41.817932922655714,2380,Entry
1321,2021-05-27,2021-08-24,Finance & Accounting,Adrienne Roth,TNS,Active,Contract,Zone A,Full-Time,Involuntary,Actually scene law break four summer ability.,Admin Offices,Project Management,,Northeast,Executive & Leadership,Male,1460,Black,Single,Fully Meets,3,False,,89,Entry
1322,2023-02-02,2023-06-23,Finance & Accounting,Jessica Blackwell,TNS,Active,Full-Time,Zone B,Full-Time,Resignation,Public evidence bag trouble interesting.,Admin Offices,Executive,,Northeast,Executive & Leadership,Female,1450,Hispanic,Widowed,Fully Meets,3,False,,141,Entry
1323,2022-12-06,,Admin & Support,Mary Walker,PL,Active,Full-Time,Zone B,Temporary,Unk,,Admin Offices,Field Engineering / Operations,,Northeast,Project / Site Management,Female,1844,Black,Divorced,Fully Meets,3,True,,938,Entry
1324,2021-07-23,,Finance & Accounting,Derrick Garcia,MSC,Active,Part-Time,Zone A,Part-Time,Unk,,Admin Offices,General Operations,,Northeast,Labor & Site Work,Female,11194,Hispanic,Single,Fully Meets,3,True,,1439,Entry
1325,2019-11-16,,Finance & Accounting,Jesus Golden,TNS,Active,Contract,Zone B,Temporary,Unk,,Admin Offices,Field Engineering / Operations,1982,Northeast,Engineering,Female,60432,Black,Divorced,Fully Meets,3,True,43.16495550992471,2054,Entry
1326,2020-03-08,2021-11-07,IT & Infrastructure,Mark Greene,PYZ,Active,Full-Time,Zone A,Temporary,Retirement,Alone need gun surface. Bar involve wait often.,Admin Offices,General Operations,,Northeast,Finance & Analysis,Male,86677,White,Widowed,Fully Meets,3,False,,609,Senior
1327,2019-01-14,,IT & Infrastructure,Lisa Mills,WBL,Active,Part-Time,Zone B,Temporary,Unk,,Admin Offices,Field Engineering / Operations,,Northeast,Engineering,Male,93156,White,Single,Fully Meets,3,True,,2360,Senior
1328,2020-02-29,2021-09-23,IT & Infrastructure,Robert Sawyer,NEL,Active,Part-Time,Zone C,Full-Time,Voluntary,Draw interest over. Vote late marriage kind.,IT/IS,Executive,,Northeast,Executive & Leadership,Male,66733,Asian,Single,Fully Meets,3,False,,572,Senior
1329,2022-11-25,2023-04-12,Other,Desiree Bender,PL,Active,Contract,Zone B,Part-Time,Resignation,Finish join stage start page your seem.,Software Engineering,Field Engineering / Operations,1958,Northeast,Labor & Site Work,Male,77070,Black,Widowed,Fully Meets,3,False,66.66392881587953,138,Entry
1330,2022-09-15,2023-05-05,Finance & Accounting,Jeremy Smith,MSC,Active,Full-Time,Zone A,Part-Time,Retirement,Figure yard develop TV enjoy late standard.,Admin Offices,General Operations,1990,Northeast,Other,Female,66991,White,Divorced,Fully Meets,3,False,35.3347022587269,232,Entry
1331,2021-08-11,,Finance & Accounting,Mary Taylor,TNS,Active,Full-Time,Zone C,Temporary,Unk,,Admin Offices,HR / People Services,,Northeast,Internship,Female,69431,Black,Widowed,Fully Meets,3,True,,1420,Entry
1332,2023-08-03,,IT & Infrastructure,Barry Fitzgerald,PYZ,Active,Contract,Zone B,Part-Time,Unk,,Admin Offices,Field Engineering / Operations,,Northeast,Project / Site Management,Male,12089,Hispanic,Divorced,Fully Meets,3,True,,698,Senior
1333,2022-03-14,,IT & Infrastructure,Tracey Clark,WBL,Active,Part-Time,Zone A,Part-Time,Unk,,IT/IS,Field Engineering / Operations,,Northeast,Labor & Site Work,Male,74486,Black,Divorced,Fully Meets,3,True,,1205,Senior
1334,2020-09-01,2020-11-29,IT & Infrastructure,Christina Knight,NEL,Active,Full-Time,Zone B,Part-Time,Retirement,Authority our technology administration section.,IT/IS,Field Engineering / Operations,,Northeast,Labor & Site Work,Male,15975,Other,Widowed,Fully Meets,3,False,,89,Senior
1335,2021-10-31,,Other,Debra Garza,NEL,Active,Contract,Zone A,Full-Time,Unk,,Software Engineering,General Operations,,Northeast,Field Operations,Female,27425,White,Divorced,Fully Meets,3,True,,1339,Entry
1336,2020-02-26,2023-03-30,Finance & Accounting,Ashley Petersen,TNS,Active,Full-Time,Zone A,Part-Time,Retirement,Author often return hold compare natural.,Admin Offices,Field Engineering / Operations,,Northeast,Field Operations,Female,88247,Black,Married,Fully Meets,3,False,,1128,Entry
1337,2018-08-10,2021-12-07,Finance & Accounting,Jamie Collins,WBL,Active,Full-Time,Zone A,Temporary,Resignation,Wonder specific own others card. See else drop.,Admin Offices,General Operations,,Northeast,Project / Site Management,Female,71014,White,Single,Fully Meets,3,False,,1215,Entry
1338,2020-09-30,,IT & Infrastructure,Stephen Ray,BPC,Active,Contract,Zone C,Part-Time,Unk,,Admin Offices,Logistics / Maintenance,,Northeast,Maintenance & Logistics,Male,90987,Other,Widowed,Fully Meets,3,True,,1735,Senior
1339,2021-04-01,2022-08-14,IT & Infrastructure,Michael Norton,CCDR,Active,Contract,Zone B,Temporary,Retirement,Though upon remember later.,IT/IS,Field Engineering / Operations,,Northeast,Project / Site Management,Male,47635,Hispanic,Widowed,Fully Meets,3,False,,500,Senior
1340,2021-03-21,2021-11-21,IT & Infrastructure,Diane Ramirez,EW,Active,Full-Time,Zone B,Part-Time,Retirement,My himself avoid traditional simply wait.,IT/IS,General Operations,,Northeast,Engineering,Male,37302,White,Divorced,Fully Meets,3,False,,245,Senior
1341,2021-11-03,,Operations / Shared Services,Ralph Sloan,CCDR,Active,Part-Time,Zone C,Full-Time,Unk,,Software Engineering,Field Engineering / Operations,,Northeast,Engineering,Female,76343,Hispanic,Single,Fully Meets,3,True,,1336,Manager
1342,2019-06-22,2019-08-26,Finance & Accounting,Mark Willis,EW,Active,Full-Time,Zone B,Part-Time,Retirement,Win paper unit drug nearly card.,Admin Offices,Field Engineering / Operations,,Northeast,Field Operations,Female,2559,Asian,Single,Fully Meets,3,False,,65,Entry
1343,2019-11-12,2023-05-19,Finance & Accounting,Joshua Huber,MSC,Active,Contract,Zone B,Temporary,Voluntary,Effort situation use necessary.,Admin Offices,Logistics / Maintenance,,Northeast,Project / Site Management,Female,68008,White,Married,Fully Meets,3,False,,1284,Entry
1344,2022-09-20,,Finance & Accounting,John Clark MD,TNS,Active,Part-Time,Zone A,Part-Time,Unk,,Admin Offices,General Operations,,Northeast,Project / Site Management,Male,93554,White,Single,Fully Meets,3,True,,1015,Entry
1345,2023-01-27,,IT & Infrastructure,Amy Jones,PYZ,Active,Full-Time,Zone A,Full-Time,Unk,,Admin Offices,Field Engineering / Operations,,Northeast,Engineering,Male,85275,Other,Single,Fully Meets,3,True,,886,Senior
1346,2021-02-21,2022-08-22,IT & Infrastructure,Maurice Krause,WBL,Active,Contract,Zone C,Temporary,Retirement,Today situation minute figure friend opportunity.,IT/IS,Field Engineering / Operations,,Northeast,Labor & Site Work,Male,37276,White,Divorced,Fully Meets,3,False,,547,Senior
1347,2022-03-04,2023-01-18,IT & Infrastructure,Amy Griffin,NEL,Active,Part-Time,Zone B,Full-Time,Retirement,Guess fight various decade second pattern.,IT/IS,General Operations,,Northeast,Project / Site Management,Male,54734,Hispanic,Married,Fully Meets,3,False,,320,Senior
1348,2019-04-21,2020-12-02,Operations / Shared Services,Debra Gomez,WBL,Future Start,Contract,Zone C,Part-Time,Involuntary,They behind war evening. Particular film war yes.,Software Engineering,Field Engineering / Operations,,Northeast,Engineering,Female,34961,Other,Married,Fully Meets,3,False,,591,Manager
1349,2021-08-02,2022-11-26,Finance & Accounting,Jeremy Pope,EW,Active,Full-Time,Zone B,Part-Time,Retirement,Behind bar item management.,Admin Offices,Safety & Compliance,,Northeast,Project / Site Management,Female,33234,White,Divorced,Fully Meets,3,False,,481,Entry
1350,2022-03-04,,Finance & Accounting,Jeffrey Williams,MSC,Active,Part-Time,Zone B,Temporary,Unk,,Admin Offices,Field Engineering / Operations,1968,Northeast,Labor & Site Work,Female,45030,Black,Divorced,Fully Meets,3,True,56.65982203969884,1215,Entry
1351,2021-03-28,,Finance & Accounting,Daniel Cooper,TNS,Active,Contract,Zone C,Part-Time,Unk,,Admin Offices,Field Engineering / Operations,1998,Northeast,Field Operations,Male,38846,White,Divorced,Fully Meets,3,True,27.32375085557837,1556,Entry
1352,2018-08-08,2023-06-01,IT & Infrastructure,Chase Ho,PYZ,Active,Contract,Zone B,Full-Time,Voluntary,Series significant out.,Admin Offices,Field Engineering / Operations,,Northeast,Field Operations,Male,43568,Other,Divorced,Fully Meets,3,False,,1758,Senior
1353,2020-09-15,2022-01-06,IT & Infrastructure,Felicia Bailey,WBL,Active,Part-Time,Zone A,Temporary,Involuntary,Will message south game.,IT/IS,Field Engineering / Operations,1946,Northeast,Project / Site Management,Male,48891,White,Single,Fully Meets,3,False,79.32648870636551,478,Senior
1354,2020-10-28,2022-02-27,Operations / Shared Services,Christopher Jones,WBL,Future Start,Full-Time,Zone C,Full-Time,Involuntary,Wear happen goal choice must.,Software Engineering,Field Engineering / Operations,1959,Northeast,Other,Female,79778,Black,Widowed,Fully Meets,3,False,66.15195071868582,487,Manager
1355,2021-06-16,2021-11-23,Admin & Support,Alec Taylor,SVG,Active,Full-Time,Zone B,Temporary,Resignation,Common paper smile way career capital.,Admin Offices,General Operations,,Northeast,Project / Site Management,Female,79459,Hispanic,Single,Fully Meets,3,False,,160,Entry
1356,2023-03-20,2023-06-21,Finance & Accounting,Ronald Jones,EW,Active,Part-Time,Zone A,Temporary,Voluntary,List remember benefit memory also deal people.,Admin Offices,Field Engineering / Operations,1988,Northeast,Engineering,Female,93230,Hispanic,Married,Fully Meets,3,False,37.05133470225873,93,Entry
1357,2018-09-07,2021-07-16,Finance & Accounting,Mrs. Tracy Cisneros DDS,MSC,Active,Full-Time,Zone C,Temporary,Retirement,Fast whether mouth physical.,Admin Offices,Field Engineering / Operations,1972,Northeast,Executive & Leadership,Male,74550,Black,Divorced,Fully Meets,3,False,52.99110198494182,1043,Entry
1358,2018-11-08,2022-10-28,Finance & Accounting,Isabella Hawkins,TNS,Active,Part-Time,Zone B,Full-Time,Retirement,Involve study commercial billion and.,Admin Offices,Field Engineering / Operations,,Northeast,Labor & Site Work,Male,1706,Black,Married,Fully Meets,3,False,,1450,Entry
1359,2019-01-26,,IT & Infrastructure,Kendra Garcia,BPC,Active,Full-Time,Zone A,Part-Time,Unk,,Admin Offices,Field Engineering / Operations,,Northeast,Project / Site Management,Male,50894,Asian,Married,Fully Meets,3,True,,2348,Senior
1360,2021-08-30,,IT & Infrastructure,Dawn Williams,CCDR,Active,Contract,Zone B,Full-Time,Unk,,IT/IS,Field Engineering / Operations,,Northeast,Field Operations,Male,27367,Asian,Divorced,PIP,3,True,,1401,Senior
1361,2023-03-08,2023-03-30,Finance & Accounting,Rebecca Randolph,BPC,Future Start,Full-Time,Zone A,Full-Time,Voluntary,Second scene guy age alone sing year pick.,Admin Offices,Field Engineering / Operations,,Northeast,Project / Site Management,Female,18484,Black,Married,Exceeds,3,False,,22,Senior
1362,2019-11-10,2020-12-03,Admin & Support,William Page,SVG,Active,Full-Time,Zone C,Part-Time,Retirement,Rock entire unit amount hope seem hotel.,Admin Offices,General Operations,1983,Northeast,Field Operations,Female,36283,Asian,Widowed,Exceeds,3,False,41.72210814510609,389,Entry
1363,2023-07-28,,Finance & Accounting,Deborah Johnson,EW,Active,Full-Time,Zone A,Full-Time,Unk,,Admin Offices,General Operations,,Northeast,Labor & Site Work,Female,82125,Asian,Divorced,PIP,3,True,,704,Entry
1364,2019-04-03,2019-08-05,Finance & Accounting,Danny Williams,MSC,Active,Contract,Zone C,Temporary,Voluntary,Create although card she best and music.,Admin Offices,Finance,,Northeast,Admin & Support,Male,32101,White,Divorced,Exceeds,3,False,,124,Entry
1365,2019-07-24,,Finance & Accounting,Misty Collier,TNS,Active,Contract,Zone C,Part-Time,Unk,,Admin Offices,Field Engineering / Operations,,Northeast,Field Operations,Male,64340,Hispanic,Widowed,Exceeds,3,True,,2169,Entry
1366,2022-04-29,2022-12-11,IT & Infrastructure,Peter Ortiz,PYZ,Active,Contract,Zone B,Temporary,Voluntary,Just information assume act possible work later.,IT/IS,General Operations,,Northeast,Labor & Site Work,Male,14151,Black,Single,Exceeds,3,False,,226,Senior
1367,2020-10-06,,IT & Infrastructure,Jeremy Frye,WBL,Active,Part-Time,Zone B,Temporary,Unk,,IT/IS,Executive,1990,Northeast,Project / Site Management,Female,61754,White,Divorced,Exceeds,3,True,34.88569472963724,1729,Senior
1368,2020-04-04,,Finance & Accounting,Leah Boyd,PYZ,Active,Part-Time,Zone C,Temporary,Unk,,Admin Offices,General Operations,,Northeast,Finance & Analysis,Female,24157,White,Widowed,Exceeds,3,True,,1914,Senior
1369,2021-03-26,,Admin & Support,Darren Zimmerman,CCDR,Active,Contract,Zone C,Full-Time,Unk,,Sales,Field Engineering / Operations,,Northeast,Project / Site Management,Female,6564,Black,Married,Exceeds,3,True,,1558,Entry
1370,2022-05-19,,Admin & Support,Tommy Obrien,SVG,Active,Part-Time,Zone A,Temporary,Unk,,Admin Offices,General Operations,,Northeast,Other,Female,55619,Black,Married,Exceeds,3,True,,1139,Entry
1371,2021-08-28,2021-10-16,Finance & Accounting,Mrs. Nicole Garrison MD,EW,Active,Contract,Zone A,Part-Time,Involuntary,Tax thousand few tonight seek.,Admin Offices,Field Engineering / Operations,1957,Northeast,Field Operations,Female,26844,Black,Married,Exceeds,3,False,68.15058179329226,49,Entry
1372,2022-11-24,,Finance & Accounting,Gary Clark,MSC,Active,Contract,Zone A,Full-Time,Unk,,Admin Offices,Field Engineering / Operations,,Northeast,Project / Site Management,Male,34610,White,Single,Exceeds,3,True,,950,Entry
1373,2022-01-12,2022-11-11,Finance & Accounting,Tina Shaw,TNS,Active,Contract,Zone A,Part-Time,Resignation,Account Republican reduce right.,Admin Offices,Field Engineering / Operations,,Northeast,Labor & Site Work,Male,20630,Other,Divorced,Exceeds,3,False,,303,Entry
1374,2019-07-07,,IT & Infrastructure,Stephen Myers,PYZ,Active,Part-Time,Zone B,Temporary,Unk,,IT/IS,Field Engineering / Operations,1942,Northeast,Project / Site Management,Female,78109,White,Married,Exceeds,3,True,82.80082135523614,2186,Senior
1375,2021-07-14,,Finance & Accounting,Jeremy Anderson,PYZ,Active,Contract,Zone B,Full-Time,Unk,,Admin Offices,IT,1999,Northeast,Internship,Female,1498,Asian,Divorced,Exceeds,3,True,25.984941820670773,1448,Senior
1376,2019-12-03,2022-02-10,Admin & Support,Linda Brown,CCDR,Active,Full-Time,Zone B,Temporary,Retirement,Example field consider before old yes on since.,Sales,Field Engineering / Operations,1958,Northeast,Project / Site Management,Female,30890,Other,Single,Exceeds,3,False,66.56262833675565,800,Entry
1377,2021-03-03,2021-07-10,Admin & Support,Harry Ellis,SVG,Active,Part-Time,Zone A,Full-Time,Resignation,Current budget certain interview increase.,Admin Offices,General Operations,,Northeast,Field Operations,Female,67773,White,Divorced,Exceeds,3,False,,129,Entry
1378,2022-06-13,,Finance & Accounting,Michael Mathis,EW,Active,Full-Time,Zone C,Part-Time,Unk,,Admin Offices,Field Engineering / Operations,1975,Northeast,Engineering,Female,12640,White,Married,PIP,3,True,50.32169746748802,1114,Entry
1379,2023-01-23,,Finance & Accounting,Vincent Snyder,MSC,Active,Part-Time,Zone A,Temporary,Unk,,Admin Offices,General Operations,,Northeast,Project / Site Management,Male,64384,White,Widowed,Exceeds,3,True,,890,Entry
1380,2020-09-06,,Finance & Accounting,Mr. Richard Hicks MD,TNS,Active,Part-Time,Zone A,Temporary,Unk,,Admin Offices,Field Engineering / Operations,1953,Northeast,Labor & Site Work,Male,3676,Hispanic,Single,Exceeds,3,True,72.15879534565366,1759,Entry
1381,2022-10-17,,IT & Infrastructure,Chad Crawford,PYZ,Active,Full-Time,Zone A,Temporary,Unk,,IT/IS,Field Engineering / Operations,2000,Northeast,Project / Site Management,Female,71974,Other,Single,PIP,3,True,24.66255989048597,988,Senior
1382,2019-06-07,,Finance & Accounting,Ana Henry,TNS,Active,Full-Time,Zone B,Part-Time,Unk,,Admin Offices,Field Engineering / Operations,,Northeast,Project / Site Management,Female,27614,White,Widowed,Exceeds,3,True,,2216,Senior
1383,2022-01-28,2022-09-16,Finance & Accounting,Alan Rios,BPC,Active,Contract,Zone C,Part-Time,Resignation,Affect bar himself mention serious.,Admin Offices,General Operations,1994,Northeast,Field Operations,Female,88549,Hispanic,Divorced,Exceeds,3,False,30.72416153319644,231,Senior
1384,2020-07-01,2021-03-05,Admin & Support,Mrs. Tammy Ballard,CCDR,Active,Part-Time,Zone B,Full-Time,Resignation,Thousand every job spring more store.,Admin Offices,Field Engineering / Operations,1956,Northeast,Labor & Site Work,Female,14083,Other,Single,PIP,3,False,69.30321697467488,247,Entry
1385,2020-05-30,,Admin & Support,Brittany Glover,SVG,Active,Full-Time,Zone C,Part-Time,Unk,,Admin Offices,Field Engineering / Operations,1966,Northeast,Labor & Site Work,Female,37965,Hispanic,Divorced,PIP,3,True,59.14579055441479,1858,Entry
1386,2019-10-05,2023-02-04,Finance & Accounting,Joseph Edwards,EW,Active,Contract,Zone C,Full-Time,Involuntary,Realize view write beautiful.,Admin Offices,General Operations,,Northeast,Field Operations,Female,13405,White,Married,Exceeds,3,False,,1218,Entry
1387,2021-11-06,2023-04-20,Finance & Accounting,Sean Hall,MSC,Active,Contract,Zone B,Full-Time,Voluntary,Training run sport prevent toward yet.,Admin Offices,General Operations,,Northeast,Labor & Site Work,Male,63614,Hispanic,Divorced,PIP,3,False,,530,Entry
1388,2019-05-09,2020-05-07,Finance & Accounting,Jamie Gardner,TNS,Active,Part-Time,Zone B,Full-Time,Resignation,Approach better little check.,Admin Offices,Field Engineering / Operations,,Northeast,Project / Site Management,Female,31721,Black,Single,Exceeds,3,False,,364,Entry
1389,2019-10-28,,Production,James Hines,NEL,Active,Part-Time,Zone A,Full-Time,Unk,,Production       ,Field Engineering / Operations,1962,Northeast,Project / Site Management,Male,2128,Hispanic,Widowed,Exceeds,3,True,62.63655030800821,2073,Mid
1390,2019-01-11,,Production,Matthew Allen,SVG,Active,Contract,Zone C,Part-Time,Unk,,Production       ,General Operations,,Northeast,Field Operations,Male,2108,Asian,Married,Exceeds,3,True,,2363,Entry
1391,2020-04-02,,Production,Janet Jones,MSC,Active,Contract,Zone A,Temporary,Unk,,Production       ,Other,,Northeast,Project / Site Management,Female,2093,Other,Single,Needs Improvement,3,True,,1916,Entry
1392,2019-06-07,2019-08-15,Production,David Stephens,PL,Active,Part-Time,Zone A,Part-Time,Involuntary,Because wind like.,Production       ,Field Engineering / Operations,,Northeast,Field Operations,Female,2093,Hispanic,Widowed,Exceeds,3,False,,69,Entry
1393,2021-11-22,2022-11-23,Production,Abigail Johnson,SVG,Active,Part-Time,Zone C,Part-Time,Voluntary,On beyond process before event.,Production       ,General Operations,,Northeast,Labor & Site Work,Female,1775,Other,Single,Exceeds,3,False,,366,Entry
1394,2019-01-19,,Production,Wesley Stephens,NEL,Active,Full-Time,Zone A,Part-Time,Unk,,Production       ,Field Engineering / Operations,,Northeast,Labor & Site Work,Male,2134,Black,Married,Exceeds,3,True,,2355,Entry
1395,2021-12-17,2021-12-26,Production,Mr. Kevin Reid,SVG,Voluntarily Terminated,Full-Time,Zone C,Part-Time,Resignation,Father change close.,Production       ,General Operations,,Northeast,Labor & Site Work,Male,2045,Black,Divorced,Exceeds,3,False,,9,Mid
1396,2019-05-04,2021-02-15,Production,Jorge Taylor,SVG,Active,Part-Time,Zone A,Full-Time,Resignation,Vote look produce consider Mr war.,Production       ,General Operations,1956,Northeast,Engineering,Female,1810,Hispanic,Married,Exceeds,3,False,68.81314168377824,653,Entry
1397,2018-12-25,2019-03-11,Production,Robert Gonzalez,MSC,Active,Contract,Zone A,Part-Time,Voluntary,Science fall always move thank seat huge.,Production       ,General Operations,,Northeast,Labor & Site Work,Male,1801,Other,Single,Exceeds,3,False,,76,Entry
1398,2021-01-03,2023-03-08,Production,Kristin Baird,PYZ,Active,Part-Time,Zone C,Full-Time,Involuntary,Mr chair subject then technology.,Production       ,Field Engineering / Operations,1972,Northeast,Admin & Support,Female,2451,White,Single,Needs Improvement,3,False,52.55030800821356,794,Entry
1399,2023-06-15,,Production,Mrs. Sabrina Reed,BPC,Active,Part-Time,Zone C,Full-Time,Unk,,Production       ,General Operations,,Northeast,Project / Site Management,Female,2031,Other,Widowed,Needs Improvement,3,True,,747,Entry
1400,2018-08-29,2023-02-09,Production,Larry Frost,NEL,Active,Full-Time,Zone B,Full-Time,Resignation,Ability bed police onto exactly south.,Production       ,Field Engineering / Operations,1955,Northeast,Labor & Site Work,Female,2128,White,Divorced,Exceeds,3,False,70.24503764544832,1625,Mid
1401,2019-01-04,,Production,Michael Holland,PL,Active,Contract,Zone B,Part-Time,Unk,,Production       ,Field Engineering / Operations,,Northeast,Field Operations,Male,2451,White,Single,Exceeds,3,True,,2370,Entry
1402,2021-09-10,,Production,Kirk Brooks,MSC,Active,Full-Time,Zone B,Full-Time,Unk,,Production       ,General Operations,1988,Northeast,Field Operations,Female,1902,White,Divorced,Exceeds,3,True,36.71731690622861,1390,Entry
1403,2021-07-08,,Production,Austin Dixon,SVG,Active,Full-Time,Zone B,Temporary,Unk,,Production       ,Field Engineering / Operations,1944,Northeast,Field Operations,Female,2351,White,Widowed,Exceeds,3,True,80.55852156057495,1454,Entry
1404,2018-11-01,2021-04-29,Production,James Guzman,BPC,Voluntarily Terminated,Contract,Zone B,Part-Time,Involuntary,Third cost above management anything.,Production       ,Finance,1978,Northeast,Project / Site Management,Male,2472,Hispanic,Single,Exceeds,3,False,46.56810403832991,910,Mid
1405,2018-12-08,2022-06-11,Production,Lisa Peters,PL,Active,Part-Time,Zone A,Temporary,Involuntary,President TV note reach bad.,Production       ,Field Engineering / Operations,,Northeast,Project / Site Management,Female,2050,Other,Single,Exceeds,3,False,,1281,Mid
1406,2022-10-25,,Production,Gloria Yang,PYZ,Active,Part-Time,Zone A,Full-Time,Unk,,Production       ,General Operations,1982,Northeast,Labor & Site Work,Female,1752,Asian,Single,Exceeds,3,True,42.63928815879535,980,Mid
1407,2023-04-04,,Production,Stephanie Kelly,TNS,Active,Full-Time,Zone B,Temporary,Unk,,Production       ,General Operations,,Northeast,Admin & Support,Male,1730,Hispanic,Married,Exceeds,3,True,,819,Entry
1408,2021-03-17,,Production,Dr. Michael Melendez,PL,Active,Contract,Zone B,Part-Time,Unk,,Production       ,Field Engineering / Operations,1980,Northeast,Project / Site Management,Female,2155,Other,Single,Exceeds,3,True,44.57494866529774,1567,Entry
1409,2019-03-11,2021-09-06,Production,Amanda Perez,MSC,Voluntarily Terminated,Full-Time,Zone A,Part-Time,Retirement,On sport growth now general.,Production       ,General Operations,1981,Northeast,Field Operations,Female,2458,Other,Widowed,Exceeds,3,False,44.24640657084189,910,Entry
1410,2022-02-25,2023-04-28,Production,Tina Griffin,SVG,Active,Contract,Zone C,Temporary,Resignation,Else behind none grow up significant behavior.,Production       ,Field Engineering / Operations,1945,Northeast,Labor & Site Work,Female,26720,White,Widowed,Exceeds,3,False,79.89596167008898,427,Entry
1411,2019-07-02,,Production,Joshua Gregory,EW,Active,Part-Time,Zone C,Part-Time,Unk,,Production       ,Field Engineering / Operations,,Northeast,Project / Site Management,Female,78612,Hispanic,Married,Exceeds,3,True,,2191,Entry
1412,2019-06-20,,Production,Kathleen Patterson,MSC,Active,Part-Time,Zone B,Full-Time,Unk,,Production       ,Field Engineering / Operations,,Northeast,Field Operations,Female,75935,White,Widowed,Exceeds,3,True,,2203,Entry
1413,2019-09-27,2023-02-08,Production,Maria Payne,TNS,Active,Part-Time,Zone A,Full-Time,Retirement,Daughter case most. Even most man even.,Production       ,Finance,1943,Northeast,Finance & Analysis,Male,51599,Black,Widowed,Needs Improvement,3,False,82.30527036276523,1230,Entry
1414,2022-11-15,2023-07-26,Production,Samantha Salas,BPC,Active,Contract,Zone C,Full-Time,Involuntary,Else skin force security brother experience.,Production       ,Field Engineering / Operations,1966,Northeast,Labor & Site Work,Male,95839,Asian,Married,Exceeds,3,False,59.07734428473648,253,Entry
1415,2020-08-22,,Production,James Wilson,CCDR,Active,Part-Time,Zone A,Part-Time,Unk,,Production       ,Field Engineering / Operations,,Northeast,Field Operations,Male,93199,Asian,Divorced,Exceeds,3,True,,1774,Entry
1416,2020-04-09,,Production,Brandon Oconnell,EW,Active,Part-Time,Zone B,Full-Time,Unk,,Production       ,Field Engineering / Operations,1953,Northeast,Labor & Site Work,Male,39796,Asian,Widowed,Exceeds,3,True,71.80013689253936,1909,Entry
1417,2021-03-30,,Production,Bobby Martinez,MSC,Active,Full-Time,Zone C,Part-Time,Unk,,Production       ,Field Engineering / Operations,1949,Northeast,Project / Site Management,Female,10875,Other,Single,Exceeds,3,True,76.40793976728268,1554,Entry
1418,2018-09-26,,Production,Timothy Hill,NEL,Active,Part-Time,Zone C,Temporary,Unk,,Production       ,Field Engineering / Operations,,Northeast,Project / Site Management,Female,33720,Other,Married,Needs Improvement,3,True,,2470,Entry
1419,2023-05-22,,Production,Michael Ingram,PL,Active,Contract,Zone C,Full-Time,Unk,,Production       ,Field Engineering / Operations,1984,Northeast,Labor & Site Work,Female,50647,Other,Divorced,Exceeds,3,True,41.47022587268994,771,Entry
1420,2021-06-04,,Production,Jamie Ray,PYZ,Active,Contract,Zone B,Temporary,Unk,,Production       ,Project Management,,Northeast,Project / Site Management,Female,33776,White,Divorced,Exceeds,3,True,,1488,Entry
1421,2019-10-22,2023-07-25,Production,Michael Reese,SVG,Active,Contract,Zone C,Full-Time,Involuntary,Message eat guy pattern score suffer.,Production       ,General Operations,,Northeast,Admin & Support,Female,24552,Other,Married,Exceeds,3,False,,1372,Entry
1422,2019-10-04,2020-10-18,Production,Justin Kent,TNS,Future Start,Full-Time,Zone B,Full-Time,Involuntary,Buy ability certain question begin mind.,Production       ,IT,1994,Northeast,Field Operations,Female,6933,Hispanic,Divorced,Needs Improvement,3,False,30.746064339493497,380,Entry
1423,2022-06-25,,Production,Thomas Leon,WBL,Active,Full-Time,Zone A,Full-Time,Unk,,Production       ,Field Engineering / Operations,1992,Northeast,Labor & Site Work,Female,3012,White,Single,Needs Improvement,3,True,33.30321697467488,1102,Entry
1424,2021-11-17,2022-08-03,Production,Crystal Barnes,BPC,Leave of Absence,Full-Time,Zone B,Part-Time,Voluntary,Sound there everybody anything.,Production       ,General Operations,1982,Northeast,Labor & Site Work,Female,60993,Asian,Married,Needs Improvement,3,False,42.56262833675565,259,Entry
1425,2019-08-04,,Production,Nicholas Oconnor,CCDR,Active,Part-Time,Zone B,Full-Time,Unk,,Production       ,Field Engineering / Operations,,Northeast,Field Operations,Female,10504,Black,Single,Needs Improvement,3,True,,2158,Entry
1426,2022-03-08,2022-11-12,Production,Sarah Stevenson,EW,Voluntarily Terminated,Full-Time,Zone A,Full-Time,Retirement,Hold season meeting voice.,Production       ,General Operations,,Northeast,Field Operations,Female,11397,Hispanic,Widowed,Exceeds,3,False,,249,Entry
1427,2019-02-22,,Production,Barry Payne,CCDR,Active,Full-Time,Zone A,Part-Time,Unk,,Production       ,Field Engineering / Operations,1953,Northeast,Project / Site Management,Male,96208,Asian,Divorced,Needs Improvement,3,True,72.145106091718,2321,Mid
1428,2022-12-08,,Production,Paula Ross,SVG,Active,Full-Time,Zone C,Part-Time,Unk,,Production       ,Executive,,Northeast,Executive & Leadership,Male,76607,White,Divorced,Exceeds,3,True,,936,Mid
1429,2019-11-22,2022-03-12,Production,Lisa Spencer,EW,Voluntarily Terminated,Contract,Zone B,Temporary,Resignation,History avoid music new teach south only require.,Production       ,Field Engineering / Operations,1944,Northeast,Field Operations,Female,6668,Hispanic,Divorced,Exceeds,3,False,80.8268309377139,841,Mid
1430,2023-02-13,2023-03-03,Production,Joseph Smith,MSC,Voluntarily Terminated,Part-Time,Zone A,Temporary,Involuntary,Hour range a country focus.,Production       ,Logistics / Maintenance,,Northeast,Maintenance & Logistics,Female,36785,Asian,Single,Needs Improvement,3,False,,18,Mid
1431,2019-03-15,,Production,Samantha Ross,TNS,Active,Full-Time,Zone B,Full-Time,Unk,,Production       ,Field Engineering / Operations,,Northeast,Labor & Site Work,Female,16451,Black,Widowed,Exceeds,3,True,,2300,Mid
1432,2019-07-18,,Production,Timothy Johnston,PYZ,Active,Contract,Zone A,Part-Time,Unk,,Production       ,Project Management,,Northeast,Admin & Support,Male,96784,White,Married,Exceeds,3,True,,2175,Mid
1433,2021-04-09,2021-11-28,Production,Brandi Ruiz,SVG,Active,Part-Time,Zone C,Part-Time,Voluntary,Tree network those success nature control.,Production       ,General Operations,,Northeast,Admin & Support,Female,40314,White,Widowed,Needs Improvement,3,False,,233,Entry
1434,2018-12-30,2023-03-30,Production,Desiree Martinez,EW,Active,Part-Time,Zone C,Part-Time,Voluntary,Brother work amount rock newspaper.,Production       ,Field Engineering / Operations,,Northeast,Other,Female,88408,White,Divorced,Exceeds,3,False,,1551,Entry
1435,2021-07-30,,Production,Allison Sanders,MSC,Active,Contract,Zone C,Temporary,Unk,,Production       ,Field Engineering / Operations,,Northeast,Labor & Site Work,Female,70770,Hispanic,Single,Exceeds,3,True,,1432,Entry
1436,2022-10-28,,Production,Kimberly Meyer,TNS,Active,Full-Time,Zone C,Temporary,Unk,,Production       ,Field Engineering / Operations,,Northeast,Labor & Site Work,Male,35871,Hispanic,Married,Needs Improvement,3,True,,977,Entry
1437,2020-10-29,,Production,James Kennedy,PYZ,Active,Contract,Zone C,Temporary,Unk,,Production       ,Project Management,,Northeast,Project / Site Management,Male,13357,Asian,Single,Exceeds,3,True,,1706,Entry
1438,2023-03-17,2023-03-22,Production,Brianna Coleman,WBL,Active,Contract,Zone B,Part-Time,Voluntary,Order risk think. North born would might.,Production       ,Field Engineering / Operations,,Northeast,Project / Site Management,Male,51453,Asian,Married,Exceeds,3,False,,5,Entry
1439,2022-07-20,2023-04-26,Production,Daniel Mason,NEL,Active,Full-Time,Zone A,Temporary,Voluntary,Establish go so someone might none stop citizen.,Production       ,General Operations,,Northeast,Labor & Site Work,Female,76246,Asian,Widowed,Needs Improvement,3,False,,280,Entry
1440,2023-08-04,,Production,Tommy Green,PL,Active,Part-Time,Zone A,Temporary,Unk,,Production       ,Field Engineering / Operations,,Northeast,Other,Female,57866,Hispanic,Single,Needs Improvement,3,True,,697,Entry
1441,2021-11-26,2022-09-23,Production,Holly Lee,BPC,Active,Contract,Zone A,Temporary,Voluntary,Show home than data her. Act speak also best.,Production       ,Field Engineering / Operations,,Northeast,Labor & Site Work,Female,69720,Hispanic,Married,Needs Improvement,3,False,,301,Entry
1442,2018-09-27,,Production,Jerome Warren,CCDR,Active,Full-Time,Zone A,Temporary,Unk,,Production       ,Safety & Compliance,1993,Northeast,Health & Safety,Female,31956,Black,Single,Needs Improvement,3,True,31.97535934291581,2469,Entry
1443,2019-08-04,,Production,Robert Carter,SVG,Active,Contract,Zone C,Part-Time,Unk,,Production       ,Field Engineering / Operations,,Northeast,Field Operations,Female,96317,White,Divorced,Needs Improvement,3,True,,2158,Entry
1444,2019-10-03,,Production,John Mccarty,EW,Active,Contract,Zone C,Part-Time,Unk,,Production       ,General Operations,,Northeast,Labor & Site Work,Female,78331,White,Divorced,Needs Improvement,3,True,,2098,Entry
1445,2021-09-05,2022-09-29,Production,Felicia Goodwin,MSC,Future Start,Part-Time,Zone C,Part-Time,Voluntary,Party make program beat.,Production       ,Field Engineering / Operations,,Northeast,Labor & Site Work,Female,89203,White,Married,Exceeds,3,False,,389,Entry
1446,2020-07-21,2023-02-28,Production,Joseph Riley,TNS,Future Start,Full-Time,Zone B,Temporary,Involuntary,Be room ready hotel drug pressure.,Production       ,Field Engineering / Operations,1997,Northeast,Other,Female,68233,White,Married,Exceeds,3,False,28.22450376454483,952,Entry
1447,2022-12-12,2023-06-26,Production,Alexis Bell,PYZ,Leave of Absence,Full-Time,Zone C,Part-Time,Resignation,Far special physical including shoulder among.,Production       ,Field Engineering / Operations,,Northeast,Project / Site Management,Female,24188,Black,Single,Exceeds,3,False,,196,Entry
1448,2020-09-13,,Production,Jesus Mejia,WBL,Active,Part-Time,Zone A,Part-Time,Unk,,Production       ,General Operations,,Northeast,Field Operations,Female,72868,Other,Single,Needs Improvement,3,True,,1752,Entry
1449,2022-11-15,,Production,Ashley Gamble,PL,Active,Part-Time,Zone B,Temporary,Unk,,Production       ,General Operations,,Northeast,Admin & Support,Male,82061,Other,Divorced,Needs Improvement,3,True,,959,Mid
1450,2020-02-07,2022-04-20,Production,Michael Rodriguez,PYZ,Voluntarily Terminated,Full-Time,Zone C,Temporary,Retirement,Dog hot civil democratic tree public.,Production       ,Field Engineering / Operations,,Northeast,Project / Site Management,Male,19127,White,Single,Needs Improvement,3,False,,803,Mid
1451,2022-12-31,,Production,Miguel Whitehead,SVG,Active,Part-Time,Zone A,Part-Time,Unk,,Production       ,Field Engineering / Operations,,Northeast,Field Operations,Female,26670,Hispanic,Widowed,Needs Improvement,3,True,,913,Mid
1452,2019-03-26,,Production,Lindsey Carter PhD,TNS,Active,Full-Time,Zone B,Full-Time,Unk,,Production       ,Field Engineering / Operations,,Northeast,Other,Female,86883,White,Single,Needs Improvement,3,True,,2289,Mid
1453,2023-03-22,,Production,Sherry Jones,WBL,Active,Full-Time,Zone C,Temporary,Unk,,Production       ,Field Engineering / Operations,,Northeast,Engineering,Male,83496,Black,Single,Needs Improvement,3,True,,832,Mid
1454,2022-12-23,2022-12-25,Production,Ryan Cooke,WBL,Voluntarily Terminated,Full-Time,Zone C,Temporary,Voluntary,How civil act war dinner even campaign language.,Production       ,General Operations,1977,Northeast,Field Operations,Male,5270,Hispanic,Married,Needs Improvement,3,False,48.303901437371664,2,Mid
1455,2019-12-27,,Production,Sara Farrell,PL,Active,Contract,Zone C,Full-Time,Unk,,Production       ,General Operations,,Northeast,Admin & Support,Female,18041,Other,Widowed,Needs Improvement,3,True,,2013,Entry
1456,2019-06-25,2019-07-09,Production,Brittany Payne,PYZ,Active,Full-Time,Zone B,Full-Time,Resignation,Amount much food.,Production       ,Field Engineering / Operations,1956,Northeast,Engineering,Female,55931,Hispanic,Married,Exceeds,3,False,68.72826830937714,14,Entry
1457,2018-11-23,,Production,Linda Boyer,SVG,Active,Contract,Zone A,Part-Time,Unk,,Production       ,Field Engineering / Operations,1977,Northeast,Field Operations,Female,84889,Other,Married,Exceeds,3,True,47.90965092402464,2412,Entry
1458,2021-01-17,,Production,John Carter,TNS,Active,Full-Time,Zone A,Part-Time,Unk,,Production       ,Field Engineering / Operations,,Northeast,Project / Site Management,Female,20292,Hispanic,Single,Exceeds,3,True,,1626,Entry
1459,2021-09-08,,Production,Joshua Watkins,WBL,Active,Contract,Zone C,Temporary,Unk,,Production       ,Field Engineering / Operations,1946,Northeast,Field Operations,Male,46927,Black,Single,Exceeds,3,True,78.88569472963724,1392,Entry
1460,2021-02-24,2022-06-18,Production,Adam Graves,BPC,Active,Full-Time,Zone A,Temporary,Retirement,Deal strong chance cold.,Production       ,Field Engineering / Operations,,Northeast,Project / Site Management,Male,14170,Other,Divorced,Exceeds,3,False,,479,Entry
1461,2019-04-12,2020-09-28,Production,Shane Carr,CCDR,Active,Full-Time,Zone C,Full-Time,Retirement,Drive feel its former end allow.,Production       ,Project Management,2001,Northeast,Field Operations,Female,82370,Asian,Widowed,Exceeds,3,False,24.32854209445585,535,Entry
1462,2023-07-13,,Production,Kelly Patel,EW,Active,Contract,Zone C,Temporary,Unk,,Production       ,Field Engineering / Operations,1960,Northeast,Engineering,Female,83401,Other,Widowed,Exceeds,3,True,65.31690622861053,719,Entry
1463,2020-10-05,,Production,Maria Young,MSC,Active,Contract,Zone C,Temporary,Unk,,Production       ,Field Engineering / Operations,,Northeast,Field Operations,Female,28372,Hispanic,Divorced,Exceeds,3,True,,1730,Entry
1464,2019-01-27,,Production,Karen Cooke,NEL,Active,Part-Time,Zone C,Full-Time,Unk,,Production       ,General Operations,1957,Northeast,Project / Site Management,Female,7304,Asian,Married,Exceeds,3,True,67.74811772758385,2347,Entry
1465,2020-12-17,2021-11-20,Production,Tammy Gardner,PL,Active,Part-Time,Zone A,Full-Time,Retirement,Big evening develop our peace how reality place.,Production       ,IT,,Northeast,Finance & Analysis,Female,7717,Other,Single,Exceeds,3,False,,338,Entry
1466,2021-03-04,,Production,Jennifer Dillon,PYZ,Active,Full-Time,Zone A,Temporary,Unk,,Production       ,Consulting / Client Delivery,1989,Northeast,Engineering,Female,50559,White,Widowed,Exceeds,3,True,36.31485284052019,1580,Entry
1467,2023-03-30,,Production,Andrew Brown,SVG,Active,Full-Time,Zone A,Temporary,Unk,,Production       ,HR / People Services,,Northeast,HR / Talent,Female,18652,Black,Married,Fully Meets,3,True,,824,Entry
1468,2018-12-27,,Production,Michael Flowers,TNS,Active,Contract,Zone A,Part-Time,Unk,,Production       ,Field Engineering / Operations,,Northeast,Labor & Site Work,Female,24605,Hispanic,Divorced,Exceeds,3,True,,2378,Entry
1469,2021-09-20,,Production,Juan Gordon,WBL,Active,Full-Time,Zone B,Temporary,Unk,,Production       ,Field Engineering / Operations,,Northeast,Field Operations,Female,59499,Asian,Married,Exceeds,3,True,,1380,Entry
1470,2023-02-08,,Production,Kimberly Green,BPC,Active,Part-Time,Zone B,Part-Time,Unk,,Production       ,General Operations,,Northeast,Admin & Support,Female,62387,Asian,Married,Exceeds,3,True,,874,Entry
1471,2019-10-16,2022-01-12,Production,Connie Elliott,CCDR,Voluntarily Terminated,Full-Time,Zone B,Part-Time,Retirement,Explain happen heavy wall hot year ability.,Production       ,Field Engineering / Operations,1960,Northeast,Field Operations,Male,4589,White,Divorced,Exceeds,3,False,65.22655715263518,819,Mid
1472,2021-08-31,,Production,Chase Ali,SVG,Active,Contract,Zone C,Full-Time,Unk,,Production       ,Project Management,,Northeast,Field Operations,Male,46068,Other,Single,Exceeds,3,True,,1400,Mid
1473,2020-09-25,,Production,Teresa Wood,EW,Active,Contract,Zone B,Full-Time,Unk,,Production       ,Field Engineering / Operations,1942,Northeast,Labor & Site Work,Female,24519,Black,Divorced,Exceeds,3,True,82.73511293634498,1740,Mid
1474,2023-02-01,2023-02-03,Production,Timothy Powell,MSC,Voluntarily Terminated,Full-Time,Zone C,Part-Time,Voluntary,Then sing son.,Production       ,Field Engineering / Operations,,Northeast,Engineering,Female,46511,Hispanic,Married,Exceeds,3,False,,2,Mid
1475,2023-01-17,2023-05-21,Production,Michelle Webb,TNS,Active,Full-Time,Zone A,Temporary,Resignation,Teacher style heart so. Answer Mr that.,Production       ,Field Engineering / Operations,,Northeast,Labor & Site Work,Male,86113,Other,Married,Exceeds,3,False,,124,Mid
1476,2019-12-07,2020-09-02,Production,Jared Walsh,PYZ,Voluntarily Terminated,Contract,Zone C,Part-Time,Voluntary,Value health model day production identify.,Production       ,Field Engineering / Operations,1962,Northeast,Project / Site Management,Male,16157,Other,Divorced,PIP,3,False,62.64750171115674,270,Mid
1477,2018-11-21,2022-01-11,Production,Jennifer Rivera,CCDR,Active,Contract,Zone B,Full-Time,Retirement,Great relate within you. Red bill unit school.,Production       ,Field Engineering / Operations,1963,Northeast,Labor & Site Work,Female,75398,Asian,Married,Exceeds,3,False,61.80150581793292,1147,Entry
1478,2021-02-15,2023-07-18,Production,Susan Burns,SVG,Active,Part-Time,Zone B,Part-Time,Voluntary,Expert skill prove book wear half though.,Production       ,Field Engineering / Operations,,Northeast,Other,Female,35244,Other,Divorced,Exceeds,3,False,,883,Entry
1479,2021-01-06,,Production,Sandra Blackwell,EW,Active,Part-Time,Zone B,Full-Time,Unk,,Production       ,Project Management,1951,Northeast,Project / Site Management,Female,31819,White,Married,Exceeds,3,True,73.57426420260096,1637,Entry
1480,2019-01-18,,Production,Eric Oliver,MSC,Active,Part-Time,Zone B,Part-Time,Unk,,Production       ,Logistics / Maintenance,,Northeast,Maintenance & Logistics,Male,77316,Black,Married,Needs Improvement,3,True,,2356,Entry
1481,2023-03-15,,Production,Robyn Robbins,TNS,Active,Full-Time,Zone A,Part-Time,Unk,,Production       ,Field Engineering / Operations,2000,Northeast,Field Operations,Male,71882,Asian,Single,Exceeds,3,True,24.97741273100616,839,Entry
1482,2019-11-11,,Production,Robert Hall,PYZ,Active,Contract,Zone C,Temporary,Unk,,Production       ,Finance,1952,Northeast,Executive & Leadership,Female,81260,Asian,Widowed,Exceeds,3,True,73.40999315537303,2059,Entry
1483,2022-08-21,2023-01-20,Production,Jacob Smith,WBL,Active,Full-Time,Zone A,Full-Time,Retirement,A discussion quite mission.,Production       ,Logistics / Maintenance,,Northeast,Maintenance & Logistics,Female,74813,Hispanic,Single,Exceeds,3,False,,152,Entry
1484,2020-05-05,,Production,Sarah Harper,NEL,Active,Full-Time,Zone B,Full-Time,Unk,,Production       ,General Operations,1991,Northeast,Labor & Site Work,Female,43208,Hispanic,Married,Exceeds,3,True,33.99863107460644,1883,Entry
1485,2021-03-05,2023-04-02,Production,Dennis Yates,PL,Active,Contract,Zone A,Part-Time,Involuntary,Top ability sit onto so.,Production       ,Field Engineering / Operations,,Northeast,Labor & Site Work,Female,92712,Asian,Married,Exceeds,3,False,,758,Entry
1486,2019-03-07,,Production,Christopher Smith,BPC,Active,Part-Time,Zone A,Full-Time,Unk,,Production       ,Field Engineering / Operations,,Northeast,Engineering,Female,53726,Hispanic,Divorced,Fully Meets,3,True,,2308,Entry
1487,2022-05-08,2023-03-27,Production,Tracy Phillips,CCDR,Active,Full-Time,Zone B,Part-Time,Involuntary,Once type here really.,Production       ,General Operations,,Northeast,Field Operations,Female,31742,Asian,Widowed,Fully Meets,3,False,,323,Entry
1488,2020-08-21,2022-05-30,Production,Barry Martinez,SVG,Future Start,Part-Time,Zone A,Full-Time,Retirement,Speak others again behavior network quite none.,Production       ,Field Engineering / Operations,,Northeast,Project / Site Management,Female,7547,Hispanic,Single,Fully Meets,3,False,,647,Entry
1489,2020-12-01,,Production,David Young,EW,Active,Contract,Zone A,Part-Time,Unk,,Production       ,Field Engineering / Operations,,Northeast,Field Operations,Female,42750,White,Widowed,Fully Meets,3,True,,1673,Entry
1490,2019-08-13,,Production,Edwin Serrano,MSC,Active,Contract,Zone A,Temporary,Unk,,Production       ,Field Engineering / Operations,,Northeast,Executive & Leadership,Female,40934,White,Widowed,Needs Improvement,3,True,,2149,Entry
1491,2020-03-09,,Production,Kevin Jones,TNS,Active,Part-Time,Zone C,Temporary,Unk,,Production       ,Project Management,,Northeast,Project / Site Management,Female,4664,Hispanic,Married,Exceeds,3,True,,1940,Entry
1492,2020-05-06,,Production,Ian Price,CCDR,Active,Full-Time,Zone B,Temporary,Unk,,Production       ,Field Engineering / Operations,1955,Northeast,Engineering,Male,73153,Other,Divorced,Exceeds,3,True,69.56331279945243,1882,Mid
1493,2022-08-03,,Production,Kimberly Rivera,SVG,Active,Full-Time,Zone B,Temporary,Unk,,Production       ,Field Engineering / Operations,,Northeast,Labor & Site Work,Male,57107,Black,Married,Fully Meets,3,True,,1063,Mid
1494,2018-10-13,2019-12-04,Production,Miranda Brown,EW,Voluntarily Terminated,Contract,Zone B,Full-Time,Retirement,Thing join brother throughout.,Production       ,Field Engineering / Operations,1949,Northeast,Project / Site Management,Female,18325,Hispanic,Divorced,Fully Meets,3,False,76.30390143737166,417,Mid
1495,2021-07-04,,Production,Jorge Cunningham,MSC,Active,Part-Time,Zone A,Temporary,Unk,,Production       ,General Operations,1971,Northeast,Labor & Site Work,Male,38175,Hispanic,Single,Fully Meets,3,True,54.46954140999316,1458,Mid
1496,2019-04-30,2020-05-04,Production,Sarah Fisher,TNS,Active,Part-Time,Zone A,Full-Time,Retirement,Positive far win six might.,Production       ,Field Engineering / Operations,,Northeast,Field Operations,Male,27412,White,Widowed,Fully Meets,3,False,,370,Mid
1497,2020-11-03,,Production,Melissa Moreno,PYZ,Active,Contract,Zone C,Temporary,Unk,,Production       ,Field Engineering / Operations,1995,Northeast,Engineering,Male,26808,Black,Widowed,Needs Improvement,3,True,29.555099247091032,1701,Mid
1498,2022-08-15,2022-08-20,Production,Crystal Smith,BPC,Active,Full-Time,Zone B,Part-Time,Retirement,Will raise compare realize evidence most product.,Production       ,Field Engineering / Operations,,Northeast,Executive & Leadership,Female,43193,Black,Married,Exceeds,3,False,,5,Entry
1499,2022-02-26,2022-10-16,Production,Lori Lopez DVM,CCDR,Active,Contract,Zone A,Full-Time,Resignation,Win late significant throughout add.,Production       ,General Operations,,Northeast,Field Operations,Female,94816,Other,Married,Fully Meets,3,False,,232,Entry
1500,2019-05-13,,Production,Kevin Rodriguez,SVG,Active,Part-Time,Zone B,Part-Time,Unk,,Production       ,Field Engineering / Operations,1985,Northeast,Field Operations,Female,92438,Hispanic,Divorced,Fully Meets,3,True,40.40793976728269,2241,Entry
1501,2021-10-24,2022-10-03,Production,Mary Higgins,EW,Active,Contract,Zone A,Part-Time,Retirement,Surface mother in into pick middle too.,Production       ,Field Engineering / Operations,1999,Northeast,Field Operations,Male,12961,Hispanic,Widowed,Fully Meets,3,False,25.749486652977414,344,Entry
1502,2021-05-10,2023-04-10,Production,Austin Salas,MSC,Active,Full-Time,Zone B,Full-Time,Retirement,Subject improve what get care test development.,Production       ,General Operations,,Northeast,Admin & Support,Male,96477,White,Divorced,Fully Meets,3,False,,700,Entry
1503,2021-06-13,2021-06-20,Production,Marissa Clarke,TNS,Active,Contract,Zone A,Part-Time,Retirement,Remember teacher produce use voice.,Production       ,General Operations,,Northeast,Other,Female,31097,Black,Single,Fully Meets,3,False,,7,Entry
1504,2019-11-04,2021-07-28,Production,Cindy Lopez,PYZ,Active,Full-Time,Zone C,Full-Time,Resignation,Health section option interview.,Production       ,Field Engineering / Operations,,Northeast,Field Operations,Female,11962,Other,Married,Needs Improvement,3,False,,632,Entry
1505,2020-01-29,,Production,Nicole Harrington,WBL,Active,Full-Time,Zone A,Part-Time,Unk,,Production       ,Field Engineering / Operations,,Northeast,Project / Site Management,Female,29145,Other,Widowed,Exceeds,3,True,,1980,Entry
1506,2018-09-05,2020-09-08,Production,Christopher Garcia,NEL,Active,Part-Time,Zone B,Part-Time,Retirement,Likely former outside free short occur.,Production       ,Field Engineering / Operations,,Northeast,Engineering,Female,25033,Hispanic,Single,Exceeds,3,False,,734,Entry
1507,2021-07-21,,Production,Jamie Wallace,PL,Active,Full-Time,Zone C,Full-Time,Unk,,Production       ,General Operations,,Northeast,Admin & Support,Female,58830,Black,Widowed,Fully Meets,3,True,,1441,Entry
1508,2023-05-20,,Production,Noah Woods,BPC,Active,Part-Time,Zone B,Temporary,Unk,,Production       ,General Operations,,Northeast,Field Operations,Female,64063,White,Single,Fully Meets,3,True,,773,Entry
1509,2022-05-16,,Production,Taylor Fleming,CCDR,Active,Full-Time,Zone C,Full-Time,Unk,,Production       ,General Operations,,Northeast,Admin & Support,Female,92210,Other,Single,Fully Meets,3,True,,1142,Entry
1510,2021-03-15,,Production,Stacy Blackwell,SVG,Active,Contract,Zone C,Temporary,Unk,,Production       ,General Operations,,Northeast,Field Operations,Female,79031,Black,Married,Fully Meets,3,True,,1569,Entry
1511,2023-06-26,2023-07-30,Production,Melissa Morse,EW,Future Start,Full-Time,Zone C,Full-Time,Retirement,Spring sell become contain wear against design.,Production       ,Field Engineering / Operations,1995,Northeast,Labor & Site Work,Female,47284,Hispanic,Single,Fully Meets,3,False,29.99041752224504,34,Entry
1512,2019-10-11,2021-04-24,Production,Maria Huber,MSC,Leave of Absence,Contract,Zone B,Part-Time,Involuntary,Politics discover throw commercial economic.,Production       ,Field Engineering / Operations,,Northeast,Labor & Site Work,Female,42058,Asian,Widowed,Fully Meets,3,False,,561,Entry
1513,2019-12-21,,Production,Carol Knapp,PL,Active,Contract,Zone C,Temporary,Unk,,Production       ,General Operations,1993,Northeast,Engineering,Male,75433,Other,Widowed,Fully Meets,3,True,31.742642026009584,2019,Mid
1514,2022-07-15,,Production,Alan Anderson,PYZ,Active,Contract,Zone C,Part-Time,Unk,,Production       ,Field Engineering / Operations,1983,Northeast,Project / Site Management,Male,22316,Hispanic,Widowed,Fully Meets,3,True,41.57152635181382,1082,Mid
1515,2018-09-26,,Production,Catherine Durham,SVG,Active,Full-Time,Zone B,Part-Time,Unk,,Production       ,General Operations,,Northeast,Labor & Site Work,Female,96974,Other,Married,Fully Meets,3,True,,2470,Mid
1516,2022-10-16,,Production,Travis Smith,TNS,Active,Contract,Zone B,Full-Time,Unk,,Production       ,General Operations,1943,Northeast,Project / Site Management,Male,46694,Hispanic,Widowed,Fully Meets,3,True,82.072553045859,989,Mid
1517,2021-12-02,2022-04-25,Production,Deborah Clark,WBL,Active,Full-Time,Zone C,Part-Time,Involuntary,From through each buy.,Production       ,Field Engineering / Operations,1986,Northeast,Other,Male,4704,White,Married,Fully Meets,3,False,39.32375085557837,144,Mid
1518,2019-03-07,2023-03-06,Production,Tonya Lewis,BPC,Voluntarily Terminated,Full-Time,Zone B,Temporary,Retirement,Message senior woman care huge.,Production       ,Field Engineering / Operations,,Northeast,Engineering,Male,35960,White,Divorced,Fully Meets,3,False,,1460,Mid
1519,2023-05-02,2023-07-26,Production,Albert Wilson,BPC,Active,Part-Time,Zone B,Full-Time,Voluntary,Behind beautiful station court Mrs.,Production       ,Project Management,,Northeast,Project / Site Management,Female,76669,Asian,Single,Fully Meets,3,False,,85,Entry
1520,2020-08-24,2023-02-26,Production,Timothy Anthony,CCDR,Active,Full-Time,Zone A,Full-Time,Involuntary,Onto fall east employee record.,Production       ,Sales & Marketing,1976,Northeast,Executive & Leadership,Female,34189,White,Divorced,Fully Meets,3,False,48.99110198494182,916,Entry
1521,2020-12-08,2021-09-07,Production,Jackie Poole,SVG,Active,Contract,Zone B,Temporary,Voluntary,Material agency modern degree general.,Production       ,Field Engineering / Operations,,Northeast,Labor & Site Work,Male,16162,Black,Single,Needs Improvement,3,False,,273,Entry
1522,2021-02-15,,Production,Dr. Daisy James,EW,Active,Full-Time,Zone B,Full-Time,Unk,,Production       ,Field Engineering / Operations,,Northeast,Field Operations,Male,49777,Hispanic,Married,Fully Meets,3,True,,1597,Entry
1523,2020-09-15,2023-06-24,Production,Amber Gutierrez,MSC,Active,Contract,Zone B,Full-Time,Involuntary,Key because while father.,Production       ,HR / People Services,,Northeast,Executive & Leadership,Male,18628,Other,Married,Fully Meets,3,False,,1012,Entry
1524,2023-03-16,,Production,Johnny Simpson,TNS,Active,Full-Time,Zone A,Temporary,Unk,,Production       ,Field Engineering / Operations,,Northeast,Engineering,Female,5112,Other,Single,Fully Meets,3,True,,838,Entry
1525,2021-11-14,2022-10-07,Production,Ashley Padilla,BPC,Active,Full-Time,Zone B,Temporary,Involuntary,System less wrong.,Production       ,General Operations,,Northeast,Labor & Site Work,Female,42288,Asian,Widowed,Needs Improvement,3,False,,327,Entry
1526,2021-04-23,,Production,Seth Parks,CCDR,Active,Contract,Zone B,Full-Time,Unk,,Production       ,Field Engineering / Operations,1987,Northeast,Project / Site Management,Female,13579,Other,Divorced,Fully Meets,3,True,38.24229979466119,1530,Entry
1527,2022-06-05,2022-08-26,Production,Timothy Robbins,EW,Active,Part-Time,Zone A,Full-Time,Voluntary,Career unit oil always without bag its.,Production       ,Field Engineering / Operations,,Northeast,Engineering,Female,39855,Asian,Widowed,Fully Meets,3,False,,82,Entry
1528,2022-11-19,,Production,Troy Moore,MSC,Active,Part-Time,Zone A,Part-Time,Unk,,Production       ,Field Engineering / Operations,,Northeast,Labor & Site Work,Female,47571,Asian,Widowed,Fully Meets,3,True,,955,Entry
1529,2023-04-14,,Production,Dale Morgan,NEL,Active,Full-Time,Zone C,Part-Time,Unk,,Production       ,Field Engineering / Operations,,Northeast,Labor & Site Work,Female,90069,Hispanic,Married,Fully Meets,3,True,,809,Entry
1530,2022-12-13,,Production,Melissa Carlson,PL,Active,Contract,Zone B,Full-Time,Unk,,Production       ,Field Engineering / Operations,2000,Northeast,Other,Female,25072,Other,Single,Fully Meets,3,True,25.409993155373037,931,Entry
1531,2023-03-11,2023-04-09,Production,Paula Flynn,PYZ,Future Start,Part-Time,Zone A,Full-Time,Voluntary,Authority PM house child cost risk.,Production       ,Field Engineering / Operations,1985,Northeast,Field Operations,Female,2315,Asian,Widowed,Fully Meets,3,False,39.81930184804928,29,Entry
1532,2019-11-22,2020-02-18,Production,Kendra Huerta,SVG,Leave of Absence,Part-Time,Zone B,Full-Time,Retirement,Most receive serve way recent up with.,Production       ,General Operations,1944,Northeast,Field Operations,Female,74746,Asian,Divorced,Fully Meets,3,False,81.30869267624914,88,Entry
1533,2021-03-13,2021-11-19,Production,Larry Miller,TNS,Leave of Absence,Contract,Zone C,Full-Time,Resignation,Civil scientist green table.,Production       ,Field Engineering / Operations,,Northeast,Field Operations,Female,20157,Black,Widowed,Fully Meets,3,False,,251,Entry
1534,2022-02-27,,Production,Timothy Jennings,CCDR,Active,Full-Time,Zone B,Temporary,Unk,,Production       ,Field Engineering / Operations,1964,Northeast,Field Operations,Male,11719,White,Married,Fully Meets,3,True,60.63791923340178,1220,Mid
1535,2021-05-08,,Production,Mary Stokes,SVG,Active,Contract,Zone B,Part-Time,Unk,,Production       ,General Operations,2000,Northeast,Project / Site Management,Female,30912,Black,Widowed,Fully Meets,3,True,24.635181382614647,1515,Mid
1536,2022-12-27,,Production,Samuel Donovan,EW,Active,Contract,Zone C,Part-Time,Unk,,Production       ,General Operations,,Northeast,Other,Female,35052,Asian,Single,Fully Meets,3,True,,917,Mid
1537,2020-08-16,,Production,Eddie Herrera,MSC,Active,Contract,Zone B,Full-Time,Unk,,Production       ,Project Management,1950,Northeast,Executive & Leadership,Male,13235,Hispanic,Divorced,Fully Meets,3,True,75.46611909650925,1780,Mid
1538,2023-01-20,,Production,Michael Reed,TNS,Active,Contract,Zone B,Full-Time,Unk,,Production       ,Field Engineering / Operations,,Northeast,Other,Male,27010,White,Widowed,Fully Meets,3,True,,893,Mid
1539,2020-12-28,2021-10-01,Production,Luke Bright,PYZ,Voluntarily Terminated,Part-Time,Zone A,Full-Time,Voluntary,Treatment become trade enough improve.,Production       ,Project Management,1961,Northeast,Labor & Site Work,Male,79458,Hispanic,Widowed,Fully Meets,3,False,64.33127994524298,277,Mid
1540,2021-02-18,,Production,Bonnie Myers,BPC,Active,Contract,Zone C,Temporary,Unk,,Production       ,IT,,Northeast,Executive & Leadership,Female,62937,Black,Widowed,Fully Meets,3,True,,1594,Entry
1541,2021-01-16,,Production,Pamela Guzman,CCDR,Active,Part-Time,Zone C,Full-Time,Unk,,Production       ,General Operations,,Northeast,Admin & Support,Female,7598,Black,Widowed,Fully Meets,3,True,,1627,Entry
1542,2022-04-07,,Production,Brittany Sanchez,SVG,Active,Full-Time,Zone A,Temporary,Unk,,Production       ,Field Engineering / Operations,1992,Northeast,Project / Site Management,Male,26161,White,Married,Fully Meets,3,True,32.55304585900068,1181,Entry
1543,2019-07-11,2021-05-04,Production,Crystal Nelson,EW,Active,Part-Time,Zone A,Part-Time,Involuntary,Daughter know consider.,Production       ,Field Engineering / Operations,,Northeast,Labor & Site Work,Male,43421,Black,Married,Fully Meets,3,False,,663,Entry
1544,2020-08-09,2022-11-06,Production,Jenna Martin,MSC,Active,Part-Time,Zone C,Temporary,Retirement,Night office challenge several many.,Production       ,General Operations,,Northeast,Field Operations,Female,53393,Other,Married,Fully Meets,3,False,,819,Entry
1545,2018-09-20,,Production,Lacey Andrews,TNS,Active,Contract,Zone A,Part-Time,Unk,,Production       ,Field Engineering / Operations,1957,Northeast,Labor & Site Work,Female,33362,Hispanic,Married,Fully Meets,3,True,68.14784394250513,2476,Entry
1546,2020-01-21,2021-05-19,Production,Michelle Miller,PYZ,Active,Part-Time,Zone B,Part-Time,Voluntary,Week force explain of determine consumer.,Production       ,Field Engineering / Operations,,Northeast,Project / Site Management,Female,61239,Hispanic,Widowed,Fully Meets,3,False,,484,Entry
1547,2022-02-17,2023-02-14,Production,Charles Massey,WBL,Active,Contract,Zone B,Temporary,Retirement,Have event interest simply million onto.,Production       ,IT,,Northeast,Internship,Female,31989,Hispanic,Widowed,Fully Meets,3,False,,362,Entry
1548,2019-06-11,,Production,Karen Marquez MD,NEL,Active,Part-Time,Zone A,Full-Time,Unk,,Production       ,Field Engineering / Operations,1964,Northeast,Engineering,Male,75761,Asian,Widowed,Needs Improvement,3,True,60.91444216290212,2212,Entry
1549,2022-05-05,,Production,Valerie Gregory,PL,Active,Part-Time,Zone C,Full-Time,Unk,,Production       ,Executive,,Northeast,Executive & Leadership,Female,25854,Other,Married,Fully Meets,3,True,,1153,Entry
1550,2018-09-19,2020-08-12,Production,David Bullock,BPC,Active,Full-Time,Zone A,Temporary,Retirement,Name maybe wear yet.,Production       ,Field Engineering / Operations,,Northeast,Field Operations,Female,92807,Black,Widowed,Fully Meets,3,False,,693,Entry
1551,2021-06-01,2023-06-19,Production,Matthew Mcdaniel,CCDR,Future Start,Contract,Zone B,Full-Time,Resignation,Product high partner area piece.,Production       ,Field Engineering / Operations,,Northeast,Project / Site Management,Female,5288,Black,Divorced,Fully Meets,3,False,,748,Entry
1552,2023-07-05,2023-07-11,Production,Cory Edwards,SVG,Future Start,Part-Time,Zone C,Part-Time,Voluntary,Loss beyond low begin end husband.,Production       ,Field Engineering / Operations,1953,Northeast,Labor & Site Work,Female,66412,Asian,Widowed,Fully Meets,3,False,72.24366872005476,6,Entry
1553,2022-12-17,,Production,Kelly Reyes,EW,Active,Part-Time,Zone C,Part-Time,Unk,,Production       ,Field Engineering / Operations,1960,Northeast,Field Operations,Female,20484,Other,Single,Fully Meets,3,True,64.73921971252567,927,Entry
1554,2021-07-06,2022-09-15,Production,Dustin Alvarado,MSC,Leave of Absence,Full-Time,Zone B,Part-Time,Voluntary,However many movie effort.,Production       ,IT,,Northeast,Project / Site Management,Male,73854,White,Widowed,Fully Meets,3,False,,436,Entry
1555,2019-03-27,,Production,Kenneth Reeves,PL,Active,Part-Time,Zone A,Part-Time,Unk,,Production       ,Field Engineering / Operations,,Northeast,Field Operations,Female,86977,Hispanic,Divorced,Fully Meets,3,True,,2288,Mid
1556,2023-05-08,,Production,Juan Spencer,PYZ,Active,Full-Time,Zone B,Temporary,Unk,,Production       ,Project Management,1993,Northeast,Project / Site Management,Female,40039,Asian,Widowed,Fully Meets,3,True,32.38329911019849,785,Mid
1557,2018-12-12,2020-12-24,Production,Melissa Rodriguez,SVG,Voluntarily Terminated,Part-Time,Zone B,Temporary,Voluntary,Else student few send bag threat.,Production       ,Project Management,,Northeast,Project / Site Management,Male,25683,Hispanic,Divorced,Fully Meets,3,False,,743,Mid
1558,2020-08-25,,Production,Andrew Johnson,TNS,Active,Part-Time,Zone A,Temporary,Unk,,Production       ,Field Engineering / Operations,,Northeast,Project / Site Management,Male,3170,Black,Married,Fully Meets,3,True,,1771,Mid
1559,2022-04-22,2022-08-29,Production,Jodi Scott,WBL,Voluntarily Terminated,Full-Time,Zone B,Full-Time,Involuntary,Account national draw skin dream here how mind.,Production       ,Project Management,1965,Northeast,Project / Site Management,Male,32042,Other,Divorced,Fully Meets,3,False,59.578370978781656,129,Mid
1560,2021-12-20,2022-12-02,Production,Tyler Jackson,PYZ,Voluntarily Terminated,Full-Time,Zone A,Full-Time,Retirement,Sea people east bar indicate garden along.,Production       ,General Operations,1947,Northeast,Admin & Support,Male,52047,Other,Divorced,Fully Meets,3,False,77.81245722108144,347,Mid
1561,2021-02-12,,Production,Jordan Medina,PL,Active,Contract,Zone C,Full-Time,Unk,,Production       ,General Operations,,Northeast,Admin & Support,Female,88833,Hispanic,Single,Fully Meets,3,True,,1600,Entry
1562,2020-09-29,2021-10-19,Production,Thomas Garner,BPC,Active,Full-Time,Zone B,Temporary,Involuntary,Firm music future may most.,Production       ,General Operations,1944,Northeast,Admin & Support,Female,3211,Black,Single,Fully Meets,3,False,81.31143052703628,385,Entry
1563,2022-09-10,2023-02-09,Production,Anne Weaver,CCDR,Active,Contract,Zone C,Temporary,Resignation,Dinner level write land effort.,Production       ,Field Engineering / Operations,,Northeast,Engineering,Female,5789,Black,Widowed,Fully Meets,3,False,,152,Entry
1564,2023-03-11,2023-06-03,Production,Todd Cooper,SVG,Active,Contract,Zone A,Full-Time,Resignation,Cell indicate keep thus.,Production       ,General Operations,1991,Northeast,Field Operations,Male,14685,Other,Widowed,Exceeds,3,False,34.327173169062284,84,Entry
1565,2022-04-28,2023-03-12,Production,Kathryn Drake,EW,Active,Full-Time,Zone C,Full-Time,Voluntary,Research if officer land.,Production       ,Field Engineering / Operations,,Northeast,Project / Site Management,Male,6954,Asian,Widowed,Fully Meets,3,False,,318,Entry
1566,2022-03-20,2023-06-18,Production,April Mcdonald,MSC,Active,Full-Time,Zone B,Temporary,Retirement,Ball social thought so probably get.,Production       ,Logistics / Maintenance,,Northeast,Field Operations,Female,69989,Hispanic,Divorced,Exceeds,3,False,,455,Entry
1567,2022-03-04,2022-07-29,Production,Taylor Harris,TNS,Active,Contract,Zone C,Part-Time,Involuntary,Administration away choose.,Production       ,Field Engineering / Operations,,Northeast,Project / Site Management,Female,19999,Asian,Single,Fully Meets,3,False,,147,Entry
1568,2023-02-01,,Production,Amber Moody,PYZ,Active,Part-Time,Zone B,Full-Time,Unk,,Production       ,Logistics / Maintenance,,Northeast,Project / Site Management,Female,15282,Asian,Divorced,Fully Meets,3,True,,881,Entry
1569,2021-02-05,,Production,Larry Ramirez,WBL,Active,Part-Time,Zone C,Full-Time,Unk,,Production       ,Field Engineering / Operations,,Northeast,Engineering,Male,65852,Black,Widowed,Fully Meets,3,True,,1607,Entry
1570,2022-11-23,2023-05-26,Production,Debra Freeman,NEL,Active,Contract,Zone C,Part-Time,Retirement,Perhaps market reduce. Type find close.,Production       ,General Operations,1992,Northeast,Labor & Site Work,Male,79576,Asian,Single,Fully Meets,3,False,33.497604380561256,184,Entry
1571,2021-05-24,,Production,Lisa Walton,PL,Active,Part-Time,Zone A,Full-Time,Unk,,Production       ,Logistics / Maintenance,1986,Northeast,Other,Female,47974,Hispanic,Divorced,Exceeds,3,True,38.80082135523614,1499,Entry
1572,2021-09-28,2022-10-09,Production,Julie Porter,BPC,Active,Part-Time,Zone C,Part-Time,Resignation,Simple over long.,Production       ,Field Engineering / Operations,1951,Northeast,Engineering,Female,18550,Black,Married,Fully Meets,3,False,74.23134839151267,376,Entry
1573,2021-03-17,,Production,Kim Mcintyre,CCDR,Active,Contract,Zone A,Part-Time,Unk,,Production       ,Logistics / Maintenance,,Northeast,Project / Site Management,Female,21985,Other,Widowed,Fully Meets,3,True,,1567,Entry
1574,2023-07-03,2023-07-19,Production,Stacy Hall,SVG,Future Start,Full-Time,Zone C,Temporary,Voluntary,Think consider reach enjoy deep son good.,Production       ,General Operations,,Northeast,Project / Site Management,Female,17356,Hispanic,Widowed,Fully Meets,3,False,,16,Entry
1575,2019-08-11,2021-07-10,Production,Amanda Patterson,EW,Leave of Absence,Contract,Zone A,Temporary,Involuntary,Wonder worry life stand.,Production       ,Field Engineering / Operations,,Northeast,Labor & Site Work,Female,82586,Asian,Single,Fully Meets,3,False,,699,Entry
1576,2019-11-11,2020-09-29,Production,Bill Horn,MSC,Voluntarily Terminated,Full-Time,Zone C,Full-Time,Resignation,Card subject carry gas picture.,Production       ,Field Engineering / Operations,,Northeast,Field Operations,Male,74406,Black,Married,Needs Improvement,3,False,,323,Entry
1577,2020-12-15,,Production,Kevin Hall,PL,Active,Full-Time,Zone B,Temporary,Unk,,Production       ,Finance,,Northeast,Executive & Leadership,Female,11134,Black,Widowed,Fully Meets,3,True,,1659,Mid
1578,2021-05-06,2023-04-08,Production,Robin Valdez,PYZ,Voluntarily Terminated,Part-Time,Zone B,Part-Time,Retirement,Guy act during two. Film suggest either.,Production       ,Field Engineering / Operations,,Northeast,Field Operations,Male,71705,Hispanic,Married,Needs Improvement,3,False,,702,Mid
1579,2021-07-08,,Production,Zachary Santana,SVG,Active,Part-Time,Zone A,Full-Time,Unk,,Production       ,General Operations,,Northeast,Project / Site Management,Male,48643,White,Divorced,Fully Meets,3,True,,1454,Mid
1580,2023-04-04,,Production,Jennifer Campos,TNS,Active,Part-Time,Zone A,Full-Time,Unk,,Production       ,Finance,1972,Northeast,Admin & Support,Male,66491,Asian,Single,Needs Improvement,3,True,53.223819301848046,819,Mid
1581,2022-08-05,2023-01-30,Production,Alicia Orr,WBL,Voluntarily Terminated,Full-Time,Zone C,Part-Time,Voluntary,Left call artist tonight movement history happen.,Production       ,General Operations,,Northeast,Project / Site Management,Male,40823,Asian,Single,Fully Meets,3,False,,178,Mid
1582,2020-04-06,2021-12-08,Production,Edward Merritt II,BPC,Voluntarily Terminated,Part-Time,Zone C,Temporary,Resignation,Five national writer try mean training instead.,Production       ,Field Engineering / Operations,1995,Northeast,Engineering,Female,95601,Other,Single,Needs Improvement,3,False,30.250513347022583,611,Mid
1583,2023-03-02,2023-03-12,Production,Katherine Morris,NEL,Voluntarily Terminated,Full-Time,Zone B,Part-Time,Involuntary,Wall despite trial assume.,Production       ,Project Management,1973,Northeast,Project / Site Management,Female,60634,Other,Widowed,Fully Meets,3,False,52.0,10,Entry
1584,2020-04-09,,Production,Alexis Reed,PL,Active,Contract,Zone B,Part-Time,Unk,,Production       ,Field Engineering / Operations,,Northeast,Engineering,Female,2053,White,Married,Fully Meets,3,True,,1909,Entry
1585,2022-09-17,2023-07-10,Production,Dr. Ray Austin,BPC,Active,Part-Time,Zone A,Temporary,Retirement,Let trade loss cell political.,Production       ,Field Engineering / Operations,1956,Northeast,Other,Female,77910,Black,Single,Fully Meets,3,False,69.15811088295688,296,Entry
1586,2022-01-15,,Production,Samuel Horton,CCDR,Active,Full-Time,Zone C,Full-Time,Unk,,Production       ,General Operations,1973,Northeast,Field Operations,Female,16737,Hispanic,Widowed,Fully Meets,3,True,52.48459958932238,1263,Entry
1587,2022-05-23,,Production,Brenda Butler,SVG,Active,Part-Time,Zone C,Part-Time,Unk,,Production       ,Field Engineering / Operations,1984,Northeast,Other,Male,12898,Other,Divorced,Fully Meets,3,True,40.55030800821356,1135,Entry
1588,2021-07-15,,Production,April Sanchez,EW,Active,Full-Time,Zone A,Temporary,Unk,,Production       ,Field Engineering / Operations,,Northeast,Field Operations,Male,51245,Hispanic,Widowed,Fully Meets,3,True,,1447,Entry
1589,2020-08-28,2022-08-25,Production,Monica Hubbard,MSC,Active,Contract,Zone A,Part-Time,Involuntary,Small together man show.,Production       ,Field Engineering / Operations,1996,Northeast,Field Operations,Female,22497,White,Married,Fully Meets,3,False,28.996577686516083,727,Entry
1590,2021-09-09,,Production,Antonio Wilson,TNS,Active,Part-Time,Zone A,Full-Time,Unk,,Production       ,Field Engineering / Operations,1983,Northeast,Project / Site Management,Male,30814,Black,Single,Fully Meets,3,True,41.80971937029432,1391,Entry
1591,2023-02-10,2023-05-23,Production,Carla Francis,PYZ,Active,Contract,Zone A,Part-Time,Voluntary,Several clear purpose scientist.,Production       ,General Operations,,Northeast,Field Operations,Female,69254,Asian,Divorced,Fully Meets,3,False,,102,Entry
1592,2020-06-14,2023-07-18,Production,Elizabeth Allen,WBL,Active,Full-Time,Zone A,Full-Time,Retirement,Base source sort contain sport.,Production       ,Field Engineering / Operations,,Northeast,Engineering,Male,20973,Other,Single,Exceeds,3,False,,1129,Entry
1593,2020-12-05,,Production,Donna Collins,NEL,Active,Part-Time,Zone B,Full-Time,Unk,,Production       ,Field Engineering / Operations,,Northeast,Labor & Site Work,Male,43757,Asian,Widowed,Exceeds,3,True,,1669,Entry
1594,2022-07-16,,Production,Paul Smith,PL,Active,Part-Time,Zone B,Full-Time,Unk,,Production       ,Field Engineering / Operations,,Northeast,Field Operations,Female,32811,Black,Single,Exceeds,3,True,,1081,Entry
1595,2023-06-09,,Production,Laura Meadows,BPC,Active,Part-Time,Zone A,Full-Time,Unk,,Production       ,General Operations,1969,Northeast,Admin & Support,Female,75995,Black,Married,Exceeds,3,True,55.80287474332649,753,Entry
1596,2020-03-02,2020-05-25,Production,Jennifer Mendez,CCDR,Future Start,Contract,Zone C,Temporary,Voluntary,Follow tax above large president high.,Production       ,General Operations,,Northeast,Admin & Support,Female,2999,Other,Married,Exceeds,3,False,,84,Entry
1597,2018-11-23,2021-09-27,Production,Lynn Lewis,SVG,Future Start,Part-Time,Zone C,Temporary,Voluntary,Few as next east face window fight admit.,Production       ,Project Management,,Northeast,Project / Site Management,Female,75959,White,Married,Exceeds,3,False,,1039,Entry
1598,2019-05-27,2023-06-19,Production,Francisco Henry,EW,Leave of Absence,Contract,Zone A,Part-Time,Resignation,Treatment food too ten fill.,Production       ,General Operations,1978,Northeast,Labor & Site Work,Female,8372,Black,Divorced,Needs Improvement,3,False,47.32375085557837,1484,Entry
1599,2022-05-18,2023-04-10,Production,Marie Cruz,BPC,Voluntarily Terminated,Full-Time,Zone C,Full-Time,Resignation,Late hand figure just price blood.,Production       ,Field Engineering / Operations,,Northeast,Labor & Site Work,Male,82257,White,Divorced,Exceeds,3,False,,327,Mid
1600,2018-11-06,,Production,April Carpenter,CCDR,Active,Contract,Zone A,Full-Time,Unk,,Production       ,General Operations,,Northeast,Field Operations,Female,23314,Hispanic,Married,Exceeds,3,True,,2429,Mid
1601,2022-03-29,2023-07-24,Production,Christopher Sullivan,SVG,Active,Part-Time,Zone C,Temporary,Resignation,Participant create society method tough team.,Production       ,Field Engineering / Operations,1990,Northeast,Engineering,Male,45740,Asian,Single,Exceeds,3,False,34.729637234770706,482,Mid
1602,2021-11-04,2022-05-10,Production,Elizabeth Klein MD,EW,Active,Full-Time,Zone A,Part-Time,Voluntary,Event increase laugh same whatever.,Production       ,General Operations,2000,Northeast,Field Operations,Female,60262,Asian,Married,Exceeds,3,False,24.722792607802877,187,Mid
1603,2023-04-27,,Production,Jonathon Rivera,MSC,Active,Part-Time,Zone B,Part-Time,Unk,,Production       ,General Operations,,Northeast,Other,Male,29223,White,Single,Exceeds,3,True,,796,Mid
1604,2020-03-08,,Production,Ryan Dominguez,TNS,Active,Full-Time,Zone B,Full-Time,Unk,,Production       ,General Operations,,Northeast,Field Operations,Male,80948,Asian,Married,Exceeds,3,True,,1941,Mid
1605,2019-04-27,2020-10-08,Production,Mark Marks,NEL,Voluntarily Terminated,Full-Time,Zone B,Full-Time,Resignation,West hold these man affect heavy from myself.,Production       ,Field Engineering / Operations,,Northeast,Labor & Site Work,Female,95266,Black,Single,Exceeds,3,False,,530,Entry
1606,2019-05-11,,Production,Justin Hartman,PL,Active,Full-Time,Zone C,Full-Time,Unk,,Production       ,Field Engineering / Operations,1944,Northeast,Labor & Site Work,Female,33304,White,Divorced,Exceeds,3,True,81.31964407939768,2243,Entry
1607,2021-03-09,,Production,David Boyd,BPC,Active,Contract,Zone C,Temporary,Unk,,Production       ,Logistics / Maintenance,1987,Northeast,Maintenance & Logistics,Female,36632,Hispanic,Married,Needs Improvement,3,True,37.55783709787816,1575,Entry
1608,2020-11-05,,Production,Emily Flores,CCDR,Active,Part-Time,Zone A,Temporary,Unk,,Production       ,Field Engineering / Operations,,Northeast,Field Operations,Female,20625,White,Widowed,PIP,3,True,,1699,Entry
1609,2018-09-12,2023-02-25,Production,John Hopkins,SVG,Active,Contract,Zone A,Full-Time,Retirement,Fight look song material year happen.,Production       ,General Operations,,Northeast,Engineering,Male,26283,Black,Married,PIP,3,False,,1627,Entry
1610,2019-11-09,2019-11-18,Production,Wendy Williamson,EW,Active,Part-Time,Zone B,Full-Time,Involuntary,Option action around live school rich spend.,Production       ,General Operations,,Northeast,Labor & Site Work,Female,67750,White,Single,Needs Improvement,3,False,,9,Entry
1611,2018-11-29,2022-07-09,Production,Glenda Wilson,MSC,Active,Full-Time,Zone C,Part-Time,Voluntary,Over almost sport stay.,Production       ,Project Management,,Northeast,Project / Site Management,Female,53913,Hispanic,Widowed,Needs Improvement,3,False,,1318,Entry
1612,2022-07-03,2023-02-22,Production,Bailey Richards,TNS,Active,Part-Time,Zone B,Temporary,Retirement,Foreign truth concern break ground.,Production       ,General Operations,,Northeast,Field Operations,Male,76052,White,Single,Needs Improvement,3,False,,234,Entry
1613,2019-09-26,2020-08-01,Production,Taylor Cruz,PYZ,Active,Contract,Zone C,Full-Time,Voluntary,Real public realize evening building middle.,Production       ,Field Engineering / Operations,1995,Northeast,Labor & Site Work,Female,61768,Other,Single,Exceeds,3,False,29.9958932238193,310,Entry
1614,2022-12-23,,Production,Joseph Harris,WBL,Active,Part-Time,Zone B,Part-Time,Unk,,Production       ,Field Engineering / Operations,,Northeast,Executive & Leadership,Male,33335,Asian,Divorced,Needs Improvement,3,True,,921,Entry
1615,2023-01-19,,Production,Courtney Mann,NEL,Active,Part-Time,Zone C,Part-Time,Unk,,Production       ,General Operations,,Northeast,Project / Site Management,Male,69290,White,Married,Exceeds,3,True,,894,Entry
1616,2018-10-01,,Production,Anthony Page,PL,Active,Full-Time,Zone A,Part-Time,Unk,,Production       ,Field Engineering / Operations,1991,Northeast,Labor & Site Work,Female,65106,Black,Divorced,Needs Improvement,3,True,34.078028747433265,2465,Entry
1617,2022-02-18,,Production,Christina Powell,BPC,Active,Full-Time,Zone B,Full-Time,Unk,,Production       ,Field Engineering / Operations,,Northeast,Field Operations,Female,12740,Black,Divorced,Needs Improvement,3,True,,1229,Entry
1618,2021-12-09,,Production,Shane Smith,CCDR,Active,Full-Time,Zone B,Temporary,Unk,,Production       ,Field Engineering / Operations,,Northeast,Labor & Site Work,Male,58121,White,Widowed,Needs Improvement,3,True,,1300,Entry
1619,2019-01-01,2021-09-23,Production,Tammie Brown,SVG,Leave of Absence,Part-Time,Zone B,Full-Time,Retirement,Letter happen cut.,Production       ,General Operations,1964,Northeast,Project / Site Management,Female,95591,Black,Widowed,Needs Improvement,3,False,60.8952772073922,996,Entry
1620,2020-05-27,,Production,David Browning,EW,Active,Contract,Zone A,Full-Time,Unk,,Production       ,Executive,1967,Northeast,Executive & Leadership,Male,70072,Asian,Single,Needs Improvement,3,True,58.32717316906229,1861,Entry
1621,2021-09-21,2023-01-28,Data & Analytics,Alicia Mendoza,MSC,Active,Full-Time,Zone B,Temporary,Involuntary,That commercial east message peace.,IT/IS,Field Engineering / Operations,1975,Northeast,Project / Site Management,Male,2134,Other,Divorced,Needs Improvement,3,False,49.5605749486653,494,Entry
1622,2021-08-30,2022-03-22,Data & Analytics,Cynthia Goodwin,TNS,Active,Contract,Zone A,Part-Time,Retirement,Television represent skill police.,IT/IS,Field Engineering / Operations,,Northeast,Executive & Leadership,Male,2134,Asian,Single,Needs Improvement,3,False,,204,Entry
1623,2023-06-19,2023-07-31,Data & Analytics,David Beard,PYZ,Active,Full-Time,Zone C,Temporary,Voluntary,Stage pay south word speak.,IT/IS,Finance,,Northeast,Internship,Male,2045,Other,Divorced,Needs Improvement,3,False,,42,Entry
1624,2023-05-12,2023-05-16,Data & Analytics,Maria Rivera,WBL,Active,Full-Time,Zone A,Temporary,Resignation,Call certain industry out believe show.,IT/IS,Field Engineering / Operations,,Northeast,Other,Male,1887,White,Widowed,Needs Improvement,3,False,,4,Senior
1625,2022-06-05,,Data & Analytics,Victor Maynard,NEL,Active,Part-Time,Zone B,Part-Time,Unk,,IT/IS,Logistics / Maintenance,,Northeast,Project / Site Management,Male,2056,Other,Single,Exceeds,3,True,,1122,Senior
1626,2020-09-17,2021-06-08,Data & Analytics,William Green,PL,Active,Full-Time,Zone B,Temporary,Resignation,To national third with give law live.,IT/IS,General Operations,1947,Northeast,Field Operations,Female,2056,Other,Married,Needs Improvement,3,False,78.13826146475017,264,Entry
1627,2023-05-15,,Data & Analytics,Alicia Howard,BPC,Active,Full-Time,Zone C,Full-Time,Unk,,IT/IS,Field Engineering / Operations,,Northeast,Field Operations,Female,2110,Other,Divorced,Exceeds,3,True,,778,Entry
1628,2018-12-15,2019-11-14,Data & Analytics,Walter Thompson,CCDR,Active,Part-Time,Zone A,Temporary,Retirement,Evidence but adult coach claim minute simple.,IT/IS,Field Engineering / Operations,1974,Northeast,Project / Site Management,Female,1886,Asian,Single,Needs Improvement,3,False,51.21971252566736,334,Senior
1629,2019-11-06,2023-03-22,Data & Analytics,Robert Crawford,PL,Terminated for Cause,Part-Time,Zone B,Full-Time,Voluntary,Prevent sing be member democratic.,IT/IS,Field Engineering / Operations,1946,Northeast,Engineering,Female,2970,Hispanic,Married,Fully Meets,3,False,79.4880219028063,1232,Entry
1630,2021-04-25,2022-10-25,Data & Analytics,David Wu,BPC,Terminated for Cause,Contract,Zone C,Temporary,Involuntary,Avoid no beat from interesting.,IT/IS,General Operations,1944,Northeast,Project / Site Management,Female,13058,Other,Single,Fully Meets,3,False,81.40177960301163,548,Entry
1631,2023-06-17,2023-07-19,Data & Analytics,Jessica Peters,CCDR,Terminated for Cause,Full-Time,Zone C,Full-Time,Voluntary,President site student thank community.,IT/IS,Executive,,Northeast,Executive & Leadership,Female,20602,White,Widowed,Fully Meets,3,False,,32,Entry
1632,2022-01-14,,Data & Analytics,Mary Lewis,SVG,Active,Full-Time,Zone C,Full-Time,Unk,,IT/IS,Field Engineering / Operations,1970,Northeast,Field Operations,Female,40731,Black,Widowed,Fully Meets,3,True,54.90212183436002,1264,Entry
1633,2018-10-22,2019-03-13,Sales,Sandra Gardner,EW,Active,Contract,Zone B,Temporary,Involuntary,Establish hotel up value property.,IT/IS,Field Engineering / Operations,1994,Northeast,Labor & Site Work,Female,94379,Black,Widowed,Fully Meets,3,False,31.156741957563312,142,Manager
1634,2021-10-17,2022-11-13,Sales,Bethany Jackson,MSC,Active,Contract,Zone C,Part-Time,Voluntary,Partner decide help quite whether market.,IT/IS,Finance,,Northeast,Admin & Support,Male,62674,Black,Divorced,Fully Meets,3,False,,392,Manager
1635,2021-10-19,2023-04-10,Sales,Alexandra Harvey,TNS,Active,Full-Time,Zone C,Part-Time,Retirement,Upon south nice five reduce lose.,IT/IS,Safety & Compliance,,Northeast,Health & Safety,Male,18618,Hispanic,Single,Fully Meets,3,False,,538,Manager
1636,2018-10-16,2018-12-17,Sales,Donna Gomez,SVG,Active,Contract,Zone B,Part-Time,Involuntary,Four look heavy by much.,Admin Offices,Field Engineering / Operations,1998,Northeast,Field Operations,Male,6067,White,Single,Fully Meets,3,False,26.647501711156742,62,Manager
1637,2020-04-26,2020-07-21,Sales,Mr. Keith Smith DVM,EW,Active,Full-Time,Zone C,Part-Time,Resignation,Rather which writer family.,Admin Offices,General Operations,,Northeast,Project / Site Management,Male,78952,Black,Divorced,Fully Meets,3,False,,86,Manager
1638,2020-01-22,2022-10-26,Sales,Miss Andrea Robertson,MSC,Active,Full-Time,Zone B,Full-Time,Involuntary,Suggest point then however matter close her.,Sales,Finance,,Northeast,Finance & Analysis,Male,82541,Asian,Divorced,Fully Meets,3,False,,1008,Manager
1639,2022-03-30,2022-07-21,Data & Analytics,Robert Ford,EW,Terminated for Cause,Full-Time,Zone A,Full-Time,Resignation,Prevent entire business ask meeting contain tree.,IT/IS,Field Engineering / Operations,1958,Northeast,Field Operations,Male,87307,Black,Married,Fully Meets,3,False,67.4715947980835,113,Director
1640,2021-05-29,2022-09-03,Data & Analytics,Christopher Meyer,MSC,Terminated for Cause,Contract,Zone A,Full-Time,Voluntary,Item many international assume almost whole.,IT/IS,Field Engineering / Operations,,Northeast,Field Operations,Female,59443,Hispanic,Divorced,Fully Meets,3,False,,462,Entry
1641,2023-03-09,2023-05-30,Data & Analytics,Daniel Cooke,NEL,Terminated for Cause,Part-Time,Zone C,Temporary,Voluntary,Shake war over young like anything order.,IT/IS,Field Engineering / Operations,1989,Northeast,Labor & Site Work,Female,40835,Other,Married,Fully Meets,3,False,35.73442847364819,82,Entry
1642,2019-11-22,2019-12-28,Data & Analytics,Jennifer Davies,PL,Terminated for Cause,Contract,Zone A,Part-Time,Retirement,Nature here wrong why.,IT/IS,Field Engineering / Operations,,Northeast,Project / Site Management,Female,9049,Black,Single,Fully Meets,3,False,,36,Entry
1643,2019-04-07,2020-12-22,Sales,Christopher King,SVG,Active,Full-Time,Zone A,Full-Time,Involuntary,Player when almost cultural.,IT/IS,Field Engineering / Operations,,Northeast,Project / Site Management,Male,12567,Other,Widowed,Fully Meets,3,False,,625,Manager
1644,2023-03-23,2023-03-28,Sales,Jasmine Mclaughlin,TNS,Active,Contract,Zone C,Temporary,Voluntary,Away painting appear six live radio.,IT/IS,Field Engineering / Operations,2000,Northeast,Project / Site Management,Male,94154,Other,Widowed,Fully Meets,3,False,24.736481861738536,5,Manager
1645,2021-02-18,2022-10-28,Sales,Jennifer Briggs,WBL,Active,Part-Time,Zone A,Temporary,Resignation,Be choice ever concern.,IT/IS,Field Engineering / Operations,,Northeast,Engineering,Male,42258,Hispanic,Widowed,Fully Meets,3,False,,617,Manager
1646,2019-04-05,2021-05-07,Sales,Carol Morales,SVG,Active,Contract,Zone C,Full-Time,Voluntary,Fight beautiful describe personal.,Admin Offices,General Operations,,Northeast,Engineering,Male,74220,Black,Divorced,Fully Meets,3,False,,763,Manager
1647,2019-10-23,2022-07-09,Sales,Johnny Parker,EW,Active,Contract,Zone B,Part-Time,Involuntary,Book fill person size institution number attack.,IT/IS,Field Engineering / Operations,1986,Northeast,Project / Site Management,Male,47015,Black,Widowed,Fully Meets,3,False,39.40588637919233,990,Manager
1648,2021-05-14,,Sales,Karen Cordova,MSC,Active,Part-Time,Zone C,Part-Time,Unk,,Sales,Field Engineering / Operations,,Northeast,Other,Male,96848,White,Single,Fully Meets,3,True,,1509,Manager
1649,2019-03-19,,Executive & Leadership,Diana Schmitt,WBL,Active,Full-Time,Zone A,Part-Time,Unk,,IT/IS,Field Engineering / Operations,1964,South,Labor & Site Work,Male,87451,White,Single,Fully Meets,3,True,61.30869267624914,2296,Executive
1650,2019-05-08,2020-10-01,Data & Analytics,Courtney Chang,NEL,Terminated for Cause,Part-Time,Zone C,Temporary,Resignation,Past stand forget offer serious never.,IT/IS,Field Engineering / Operations,,Northeast,Field Operations,Male,29739,Asian,Widowed,Fully Meets,3,False,,512,Director
1651,2019-10-05,2023-05-21,Data & Analytics,Patricia Moore,PL,Terminated for Cause,Part-Time,Zone A,Temporary,Involuntary,Offer hundred defense street draw glass thank.,IT/IS,Field Engineering / Operations,,Northeast,Labor & Site Work,Female,13117,Black,Widowed,Fully Meets,3,False,,1324,Entry
1652,2021-11-29,2022-05-31,Data & Analytics,Tiffany Cantrell,BPC,Terminated for Cause,Full-Time,Zone C,Full-Time,Resignation,Environment campaign left bar.,IT/IS,Field Engineering / Operations,1985,Northeast,Other,Female,2581,White,Single,Fully Meets,3,False,40.08213552361397,183,Entry
1653,2018-11-06,2019-12-26,Sales,Alyssa Gutierrez,EW,Active,Part-Time,Zone B,Temporary,Involuntary,Within amount each onto hair. Single hope threat.,IT/IS,Field Engineering / Operations,1957,Northeast,Project / Site Management,Male,63435,Hispanic,Married,Fully Meets,3,False,68.47912388774812,415,Manager
1654,2021-07-27,2021-11-23,Sales,Raymond Walsh,MSC,Active,Full-Time,Zone B,Temporary,Resignation,Should three accept interesting these.,IT/IS,Field Engineering / Operations,,Northeast,Admin & Support,Male,87224,Black,Divorced,Fully Meets,3,False,,119,Manager
1655,2023-07-18,,Sales,Lisa Thompson,TNS,Active,Part-Time,Zone A,Temporary,Unk,,IT/IS,Field Engineering / Operations,1942,Northeast,Project / Site Management,Male,3563,Black,Married,Fully Meets,3,True,82.8309377138946,714,Manager
1656,2022-09-04,,Data & Analytics,Jessica Morgan,CCDR,Active,Part-Time,Zone C,Temporary,Unk,,Admin Offices,Field Engineering / Operations,,Northeast,Field Operations,Male,10497,Black,Single,Fully Meets,3,True,,1031,Senior
1657,2019-05-24,,Sales,Tristan Hutchinson,SVG,Active,Contract,Zone B,Part-Time,Unk,,IT/IS,Field Engineering / Operations,,Northeast,Engineering,Male,38675,Other,Married,Fully Meets,3,True,,2230,Manager
1658,2019-11-03,,Sales,Aaron Willis,EW,Active,Contract,Zone B,Part-Time,Unk,,IT/IS,Field Engineering / Operations,,Northeast,Labor & Site Work,Male,72313,Other,Widowed,Fully Meets,3,True,,2067,Manager
1659,2019-11-26,2021-03-19,Sales,Keith Fleming,MSC,Active,Full-Time,Zone C,Part-Time,Involuntary,North rise until plan join.,Sales,Field Engineering / Operations,,Northeast,Labor & Site Work,Female,39930,White,Single,Fully Meets,3,False,,479,Manager
1660,2022-08-09,2022-09-01,Executive & Leadership,Whitney Miller,WBL,Terminated for Cause,Contract,Zone B,Full-Time,Retirement,Tax five question.,IT/IS,General Operations,1971,Northeast,Field Operations,Male,47536,Other,Widowed,Fully Meets,3,False,53.99863107460644,23,Executive
1661,2019-03-19,,Data & Analytics,Christina Randall,NEL,Active,Contract,Zone C,Full-Time,Unk,,IT/IS,Finance,,Northeast,Admin & Support,Male,91255,Hispanic,Divorced,Fully Meets,3,True,,2296,Director
1662,2018-11-25,,Data & Analytics,William Lloyd,PL,Active,Contract,Zone C,Full-Time,Unk,,IT/IS,Field Engineering / Operations,1963,Northeast,Engineering,Female,19115,Hispanic,Married,Fully Meets,3,True,61.65639972621492,2410,Entry
1663,2022-04-10,2023-04-03,Data & Analytics,Mrs. Jennifer Hughes,BPC,Terminated for Cause,Full-Time,Zone C,Full-Time,Retirement,Economic its member focus growth.,IT/IS,Field Engineering / Operations,,Northeast,Field Operations,Female,32063,Asian,Widowed,Fully Meets,3,False,,358,Entry
1664,2021-04-02,,Sales,Jordan Bennett,EW,Active,Full-Time,Zone C,Full-Time,Unk,,IT/IS,Field Engineering / Operations,1991,Northeast,Labor & Site Work,Male,2597,White,Single,Fully Meets,3,True,33.80698151950719,1551,Manager
1665,2019-12-22,,Sales,Jonathan Taylor,MSC,Active,Contract,Zone A,Part-Time,Unk,,IT/IS,Project Management,1963,Northeast,Project / Site Management,Male,30018,Black,Widowed,Fully Meets,3,True,61.97672826830938,2018,Manager
1666,2021-08-14,,Sales,Alexis Johns,TNS,Active,Full-Time,Zone A,Part-Time,Unk,,IT/IS,General Operations,,West,Other,Male,38619,Black,Divorced,Fully Meets,3,True,,1417,Manager
1667,2018-08-28,,Data & Analytics,Gloria Franklin,BPC,Active,Full-Time,Zone A,Full-Time,Unk,,Admin Offices,Field Engineering / Operations,,Northeast,Other,Male,62112,Black,Widowed,Fully Meets,3,True,,2499,Senior
1668,2023-07-10,,Data & Analytics,Eric Mcclain,CCDR,Active,Part-Time,Zone C,Part-Time,Unk,,Admin Offices,Field Engineering / Operations,1947,Northeast,Labor & Site Work,Male,35842,Black,Single,Fully Meets,3,True,77.81519507186859,722,Senior
1669,2020-09-18,,Sales,Olivia Barton,SVG,Active,Part-Time,Zone A,Temporary,Unk,,IT/IS,Field Engineering / Operations,,Northeast,Executive & Leadership,Male,78813,Asian,Divorced,Fully Meets,3,True,,1747,Manager
1670,2019-07-18,,Sales,Bethany Norris,EW,Active,Contract,Zone A,Full-Time,Unk,,IT/IS,Field Engineering / Operations,1960,Northeast,Labor & Site Work,Female,4772,Other,Widowed,Fully Meets,3,True,64.64887063655031,2175,Manager
1671,2021-11-21,2021-12-12,Sales,Anita Brown,MSC,Active,Contract,Zone A,Full-Time,Involuntary,Position face whose and cut consider wide.,Sales,Project Management,1964,Northeast,Project / Site Management,Female,83162,White,Married,Fully Meets,3,False,60.72279260780287,21,Manager
1672,2021-03-08,,Executive & Leadership,Emily Chen,CCDR,Active,Full-Time,Zone B,Part-Time,Unk,,IT/IS,Field Engineering / Operations,,Northeast,Other,Male,21426,Asian,Married,Fully Meets,3,True,,1576,Executive
1673,2019-08-21,,Data & Analytics,April Gallagher,EW,Active,Part-Time,Zone C,Full-Time,Unk,,IT/IS,General Operations,1950,Northeast,Labor & Site Work,Female,74874,Other,Widowed,Fully Meets,3,True,74.64750171115674,2141,Director
1674,2022-04-30,2023-06-09,Data & Analytics,Deborah White,MSC,Terminated for Cause,Part-Time,Zone B,Full-Time,Involuntary,Tax reduce by firm.,IT/IS,Field Engineering / Operations,,Northeast,Labor & Site Work,Female,56043,Other,Married,Fully Meets,3,False,,405,Entry
1675,2023-02-03,2023-04-16,Sales,Crystal Garcia,SVG,Active,Full-Time,Zone A,Part-Time,Resignation,Simply class career vote.,IT/IS,Field Engineering / Operations,1959,Northeast,Field Operations,Male,59192,Hispanic,Widowed,Fully Meets,3,False,65.66187542778918,72,Manager
1676,2023-05-08,,Sales,Jeremy Ewing,TNS,Active,Part-Time,Zone B,Full-Time,Unk,,IT/IS,Field Engineering / Operations,1963,Northeast,Project / Site Management,Male,82767,Other,Widowed,Fully Meets,3,True,61.88637919233402,785,Manager
1677,2022-07-29,,Sales,Dillon Guerrero,WBL,Active,Part-Time,Zone B,Part-Time,Unk,,IT/IS,General Operations,,West,Project / Site Management,Female,44156,Other,Widowed,Fully Meets,3,True,,1068,Manager
1678,2020-11-18,2021-05-22,Data & Analytics,Barbara Boyd,PL,Active,Part-Time,Zone A,Part-Time,Resignation,Republican threat song to rock.,Admin Offices,Field Engineering / Operations,,Northeast,Field Operations,Female,59433,Black,Widowed,Fully Meets,3,False,,185,Senior
1679,2021-05-16,2022-04-14,Data & Analytics,Susan Barrett,BPC,Active,Part-Time,Zone C,Part-Time,Voluntary,Hope notice white husband turn manage.,Admin Offices,Field Engineering / Operations,,Northeast,Project / Site Management,Male,42691,Black,Widowed,Fully Meets,3,False,,333,Senior
1680,2019-10-25,2020-10-16,Data & Analytics,Anthony Foster,CCDR,Active,Full-Time,Zone C,Temporary,Involuntary,Soon prove offer couple word science.,IT/IS,General Operations,1976,Northeast,Labor & Site Work,Male,33673,Other,Divorced,Fully Meets,3,False,48.82956878850103,357,Senior
1681,2023-03-05,2023-05-04,Sales,Jennifer Cook,SVG,Active,Contract,Zone B,Temporary,Retirement,I western water easy practice dinner none.,IT/IS,Field Engineering / Operations,1974,Northeast,Engineering,Female,34659,White,Divorced,Fully Meets,3,False,50.72416153319645,60,Manager
1682,2021-06-01,,Sales,Elizabeth Romero,EW,Active,Part-Time,Zone B,Part-Time,Unk,,IT/IS,Field Engineering / Operations,,Northeast,Project / Site Management,Female,65125,Black,Married,Fully Meets,3,True,,1491,Manager
1683,2022-01-22,2022-07-25,Sales,Rebecca Davis,MSC,Voluntarily Terminated,Full-Time,Zone B,Part-Time,Voluntary,Heart lose care sort deal.,Sales,Field Engineering / Operations,,Northeast,Field Operations,Female,97969,Other,Married,Fully Meets,3,False,,184,Manager
1684,2023-07-09,2023-07-31,Executive & Leadership,Christopher Ayala,WBL,Terminated for Cause,Contract,Zone A,Part-Time,Involuntary,Not budget never social yourself agreement.,IT/IS,Field Engineering / Operations,1963,Northeast,Engineering,Male,18894,Hispanic,Widowed,Fully Meets,3,False,62.31895961670089,22,Executive
1685,2018-11-11,2019-05-27,Data & Analytics,Jeremy Wright,NEL,Terminated for Cause,Full-Time,Zone A,Full-Time,Retirement,Action whatever school machine fear.,IT/IS,Field Engineering / Operations,,Northeast,Project / Site Management,Female,16287,Black,Divorced,Fully Meets,3,False,,197,Director
1686,2021-01-05,2021-06-18,Data & Analytics,Jennifer Adams,SVG,Active,Contract,Zone C,Full-Time,Retirement,Scientist become a become value cell policy.,IT/IS,Finance,1954,Northeast,Internship,Male,63472,Black,Widowed,Fully Meets,3,False,71.32101300479124,164,Entry
1687,2022-11-25,,Sales,Charles Williamson,EW,Active,Part-Time,Zone C,Full-Time,Unk,,IT/IS,Field Engineering / Operations,,Northeast,Engineering,Male,19801,White,Widowed,Fully Meets,3,True,,949,Manager
1688,2020-03-30,2023-07-21,Sales,James Black,MSC,Active,Full-Time,Zone A,Full-Time,Voluntary,Together among marriage center evidence sure.,IT/IS,Logistics / Maintenance,,West,Maintenance & Logistics,Male,34107,Other,Divorced,Fully Meets,3,False,,1208,Manager
1689,2021-01-02,2022-09-22,Data & Analytics,Wendy Palmer,MSC,Active,Part-Time,Zone C,Temporary,Retirement,Benefit available decade.,Admin Offices,Field Engineering / Operations,1985,Northeast,Field Operations,Male,35372,Other,Married,Fully Meets,3,False,39.572895277207394,628,Senior
1690,2019-02-26,2019-07-26,Data & Analytics,Tracy Price,NEL,Active,Contract,Zone A,Temporary,Voluntary,Alone education career how difficult worry.,Admin Offices,Logistics / Maintenance,,Northeast,Admin & Support,Male,56249,Black,Widowed,Fully Meets,3,False,,150,Senior
1691,2019-10-06,,Data & Analytics,Ruth Cruz,PL,Active,Contract,Zone A,Part-Time,Unk,,IT/IS,Project Management,,Northeast,Field Operations,Male,77562,Black,Widowed,Fully Meets,3,True,,2095,Senior
1692,2020-04-19,2022-07-30,Sales,William Hutchinson,PYZ,Active,Part-Time,Zone C,Part-Time,Voluntary,Hundred nor last.,IT/IS,Field Engineering / Operations,,Northeast,Engineering,Female,23764,Other,Widowed,Fully Meets,3,False,,832,Manager
1693,2022-12-24,,Sales,Sharon Kim,SVG,Active,Contract,Zone C,Part-Time,Unk,,IT/IS,Field Engineering / Operations,,Northeast,Field Operations,Female,2558,Other,Single,Fully Meets,3,True,,920,Manager
1694,2021-04-09,2021-05-29,Executive & Leadership,Dennis Gardner,TNS,Terminated for Cause,Part-Time,Zone A,Temporary,Resignation,Make company education fish.,IT/IS,Field Engineering / Operations,1961,Northeast,Project / Site Management,Male,82773,Asian,Married,Fully Meets,3,False,63.73990417522245,50,Executive
1695,2018-09-04,2022-12-16,Data & Analytics,Jennifer Hernandez,SVG,Terminated for Cause,Contract,Zone C,Full-Time,Voluntary,Product key its something. Yourself pay anyone.,IT/IS,Field Engineering / Operations,,Northeast,Other,Female,20654,Other,Widowed,Fully Meets,3,False,,1564,Director
1696,2021-11-07,,Data & Analytics,Margaret Martinez,NEL,Active,Full-Time,Zone C,Temporary,Unk,,IT/IS,General Operations,,Northeast,Project / Site Management,Male,74846,Hispanic,Married,Fully Meets,3,True,,1332,Entry
1697,2023-05-24,2023-07-21,Data & Analytics,Melanie Campbell,MSC,Active,Full-Time,Zone B,Part-Time,Retirement,Soon color sit call certainly.,IT/IS,General Operations,,Northeast,Project / Site Management,Male,3758,Asian,Widowed,Fully Meets,3,False,,58,Entry
1698,2021-02-15,2021-06-05,Sales,Deborah Beltran,EW,Active,Full-Time,Zone A,Part-Time,Resignation,This cost difficult. Time meet should.,IT/IS,Consulting / Client Delivery,,Northeast,Engineering,Male,5156,White,Married,Fully Meets,3,False,,110,Manager
1699,2021-11-03,2022-08-19,Data & Analytics,Justin Jordan,PL,Active,Contract,Zone C,Part-Time,Voluntary,Picture recently military describe.,Admin Offices,Executive,,Northeast,Project / Site Management,Male,64233,Hispanic,Married,Fully Meets,3,False,,289,Senior
1700,2018-09-20,,Data & Analytics,Katherine Mccarthy,BPC,Active,Contract,Zone C,Temporary,Unk,,IT/IS,Field Engineering / Operations,1958,Northeast,Engineering,Male,61270,Asian,Widowed,Fully Meets,3,True,67.23066392881589,2476,Senior
1701,2019-07-23,2023-01-07,Data & Analytics,Jacob Brown,CCDR,Active,Contract,Zone A,Full-Time,Involuntary,Former huge figure enjoy all detail.,IT/IS,Project Management,1954,Northeast,Labor & Site Work,Male,36731,Other,Single,Fully Meets,3,False,70.65023956194388,1264,Senior
1702,2022-05-12,,Sales,Bradley Sandoval,SVG,Active,Contract,Zone A,Part-Time,Unk,,IT/IS,Project Management,1989,Northeast,Other,Female,49479,Other,Single,Fully Meets,3,True,35.81108829568789,1146,Manager
1703,2018-10-03,,Sales,Mary Waters,EW,Active,Full-Time,Zone B,Part-Time,Unk,,Sales,Field Engineering / Operations,,Northeast,Field Operations,Female,26140,Other,Single,Fully Meets,3,True,,2463,Manager
1704,2020-11-26,,Executive & Leadership,Rachel Thomas,CCDR,Active,Part-Time,Zone C,Part-Time,Unk,,IT/IS,Project Management,,Northeast,Project / Site Management,Female,59091,Hispanic,Widowed,Fully Meets,3,True,,1678,Executive
1705,2018-10-04,,Data & Analytics,David Kirk,EW,Active,Part-Time,Zone B,Full-Time,Unk,,IT/IS,Project Management,,Northeast,Internship,Female,50425,Hispanic,Single,Fully Meets,3,True,,2462,Director
1706,2020-12-02,2023-02-25,Data & Analytics,Christopher Fisher,NEL,Active,Contract,Zone A,Full-Time,Involuntary,Happen ability as term fish.,IT/IS,Field Engineering / Operations,1990,Northeast,Project / Site Management,Female,81407,Hispanic,Married,Fully Meets,3,False,35.24435318275154,815,Entry
1707,2021-09-24,2023-07-20,Data & Analytics,Charles Mcdonald,PL,Active,Part-Time,Zone C,Full-Time,Voluntary,Fly see experience age Republican.,IT/IS,Field Engineering / Operations,,Northeast,Admin & Support,Male,93935,Asian,Married,Fully Meets,3,False,,664,Entry
1708,2020-09-10,2021-05-22,Data & Analytics,Bonnie Smith,PYZ,Active,Full-Time,Zone A,Temporary,Involuntary,With turn maybe herself trouble.,IT/IS,Field Engineering / Operations,1990,Northeast,Other,Male,65055,Asian,Widowed,Fully Meets,3,False,35.13757700205339,254,Entry
1709,2022-05-25,2022-11-17,Sales,Whitney Roberts,SVG,Active,Full-Time,Zone C,Temporary,Involuntary,Plant opportunity thank style.,IT/IS,General Operations,,West,Project / Site Management,Male,55354,Black,Married,Fully Meets,3,False,,176,Manager
1710,2019-02-15,2019-12-09,Data & Analytics,Paige Eaton DDS,PL,Active,Part-Time,Zone A,Part-Time,Resignation,Threat day deep final personal alone picture.,Admin Offices,Field Engineering / Operations,,Northeast,Field Operations,Male,46239,Black,Divorced,Fully Meets,3,False,,297,Senior
1711,2018-09-28,2023-02-01,Data & Analytics,Johnny Stevens,BPC,Active,Full-Time,Zone A,Temporary,Voluntary,Wrong how fund front foreign.,IT/IS,General Operations,,Northeast,Labor & Site Work,Male,43594,Other,Widowed,Fully Meets,3,False,,1587,Senior
1712,2018-12-12,,Data & Analytics,Joanna Lewis,CCDR,Active,Full-Time,Zone A,Temporary,Unk,,IT/IS,Field Engineering / Operations,,Northeast,Engineering,Female,72035,Black,Single,Fully Meets,3,True,,2393,Senior
1713,2021-12-01,,Sales,Isabella Cox,SVG,Active,Contract,Zone B,Full-Time,Unk,,IT/IS,General Operations,,Northeast,Labor & Site Work,Female,1218,Asian,Married,Fully Meets,3,True,,1308,Manager
1714,2022-01-12,,Sales,Nicholas Gomez,EW,Active,Full-Time,Zone B,Temporary,Unk,,Sales,Field Engineering / Operations,,Northeast,Labor & Site Work,Female,5062,White,Married,Fully Meets,3,True,,1266,Manager
1715,2020-10-27,2022-09-28,Executive & Leadership,Monique Barnes,WBL,Active,Full-Time,Zone B,Part-Time,Involuntary,Learn will marriage interesting note the success.,IT/IS,Field Engineering / Operations,1966,Northeast,Project / Site Management,Female,86362,White,Divorced,Fully Meets,3,False,59.4715947980835,701,Executive
1716,2020-11-02,2022-06-21,Data & Analytics,Steven Oliver,NEL,Active,Contract,Zone C,Part-Time,Involuntary,Can conference couple similar anything.,IT/IS,General Operations,,Northeast,Labor & Site Work,Female,21457,Asian,Widowed,Fully Meets,3,False,,596,Director
1717,2021-04-24,2023-02-28,Data & Analytics,Vicki Delgado,BPC,Active,Part-Time,Zone B,Part-Time,Retirement,Customer front detail bed say suddenly here.,IT/IS,General Operations,,Northeast,Admin & Support,Male,49370,Asian,Widowed,Fully Meets,3,False,,675,Entry
1718,2020-06-29,2023-08-03,Data & Analytics,Daryl Swanson,CCDR,Active,Full-Time,Zone B,Temporary,Involuntary,Someone situation else. Big statement else gas.,IT/IS,Field Engineering / Operations,2001,Northeast,Field Operations,Male,17318,Other,Divorced,Fully Meets,3,False,24.487337440109517,1130,Entry
1719,2021-07-15,,Data & Analytics,James Johnson,SVG,Active,Contract,Zone B,Temporary,Unk,,IT/IS,Field Engineering / Operations,1993,Northeast,Labor & Site Work,Male,93155,Hispanic,Widowed,Fully Meets,3,True,32.14236824093087,1447,Entry
1720,2023-06-20,,Data & Analytics,Juan Jackson,MSC,Active,Part-Time,Zone C,Part-Time,Unk,,IT/IS,Field Engineering / Operations,1965,Northeast,Labor & Site Work,Male,32840,Other,Single,Fully Meets,3,True,60.31485284052019,742,Senior
1721,2019-09-22,2022-11-10,Data & Analytics,Wendy Daniels,NEL,Active,Full-Time,Zone B,Full-Time,Retirement,Story get campaign affect at rule start.,IT/IS,Finance,,Northeast,Admin & Support,Male,46552,White,Divorced,Fully Meets,3,False,,1145,Senior
1722,2022-02-22,,Data & Analytics,John Smith,PL,Active,Full-Time,Zone B,Full-Time,Unk,,IT/IS,Other,,Northeast,Labor & Site Work,Female,26893,Hispanic,Divorced,Fully Meets,3,True,,1225,Senior
1723,2020-07-01,2022-06-26,Sales,Nicole Taylor,PYZ,Active,Full-Time,Zone B,Full-Time,Retirement,Say operation national race.,Sales,General Operations,1969,Northeast,Project / Site Management,Female,34649,Black,Widowed,Fully Meets,3,False,56.23271731690623,725,Manager
1724,2021-05-13,2021-12-11,Executive & Leadership,Amanda Shaw MD,TNS,Active,Part-Time,Zone C,Part-Time,Retirement,Their because nice party.,IT/IS,Logistics / Maintenance,,Northeast,Project / Site Management,Female,46050,Other,Divorced,Fully Meets,3,False,,212,Executive
1725,2021-05-30,,Data & Analytics,Nancy Cruz,PL,Active,Contract,Zone A,Part-Time,Unk,,IT/IS,Field Engineering / Operations,,Northeast,Field Operations,Male,55738,Black,Divorced,Fully Meets,3,True,,1493,Entry
1726,2019-07-04,,Data & Analytics,Elizabeth Walker,NEL,Active,Contract,Zone B,Full-Time,Unk,,IT/IS,Field Engineering / Operations,,Northeast,Admin & Support,Male,71994,Asian,Single,Fully Meets,3,True,,2189,Entry
1727,2019-05-31,2022-05-31,Data & Analytics,Leslie Tran,MSC,Active,Full-Time,Zone B,Full-Time,Involuntary,Candidate fact event level several onto store.,IT/IS,General Operations,,Northeast,Project / Site Management,Male,50024,Hispanic,Widowed,Fully Meets,3,False,,1096,Entry
1728,2020-03-13,,Production,Yesenia Woodard,WBL,Active,Full-Time,Zone C,Temporary,Unk,,Production       ,General Operations,1972,Northeast,Project / Site Management,Male,2452,White,Divorced,Fully Meets,3,True,53.47022587268994,1936,Entry
1729,2020-01-06,2020-12-24,Production,Michelle Henson,EW,Voluntarily Terminated,Contract,Zone A,Part-Time,Voluntary,Question kitchen gun find four wall heavy.,Production       ,General Operations,,Northeast,Project / Site Management,Female,1701,Other,Divorced,Fully Meets,3,False,,353,Entry
1730,2023-04-30,,Production,Natasha Sullivan,EW,Active,Full-Time,Zone B,Part-Time,Unk,,Production       ,General Operations,1976,Northeast,Field Operations,Female,2359,White,Divorced,Fully Meets,3,True,49.05681040383299,793,Entry
1731,2021-07-11,2022-02-08,Production,Mark Smith,WBL,Active,Contract,Zone B,Temporary,Retirement,Artist organization great heart.,Production       ,Field Engineering / Operations,,Northeast,Engineering,Male,1450,Black,Divorced,Fully Meets,3,False,,212,Mid
1732,2021-07-02,2021-12-13,Production,Samantha Hancock,WBL,Voluntarily Terminated,Contract,Zone B,Temporary,Voluntary,North position film eight. Movement dark turn.,Production       ,Field Engineering / Operations,,Northeast,Engineering,Female,1902,Hispanic,Widowed,Fully Meets,3,False,,164,Mid
1733,2019-10-23,2020-12-03,Production,Joshua Ward,EW,Active,Full-Time,Zone A,Temporary,Resignation,Head where have ground scene.,Production       ,Field Engineering / Operations,,Northeast,Labor & Site Work,Female,2330,Black,Married,Fully Meets,3,False,,407,Entry
1734,2019-01-19,,Production,Anthony Martinez,NEL,Active,Contract,Zone C,Full-Time,Unk,,Production       ,Field Engineering / Operations,,Northeast,Other,Male,1905,White,Widowed,Fully Meets,3,True,,2355,Entry
1735,2021-01-08,2023-01-14,Production,Cody Scott,NEL,Voluntarily Terminated,Full-Time,Zone A,Full-Time,Resignation,Along senior personal nature help crime.,Production       ,Logistics / Maintenance,1942,Northeast,Maintenance & Logistics,Female,1902,White,Divorced,Fully Meets,3,False,83.23066392881589,736,Entry
1736,2019-01-29,2022-07-08,Production,Jeffrey Thompson,TNS,Active,Contract,Zone A,Part-Time,Involuntary,Law difference five away.,Production       ,Field Engineering / Operations,,Northeast,Field Operations,Male,2048,Other,Married,Fully Meets,3,False,,1256,Entry
1737,2018-10-27,,Production,Jacqueline Jones,TNS,Active,Contract,Zone C,Full-Time,Unk,,Production       ,General Operations,,Northeast,Engineering,Female,1730,Hispanic,Widowed,Fully Meets,3,True,,2439,Entry
1738,2023-05-30,2023-07-05,Production,Tami Fuentes,CCDR,Voluntarily Terminated,Contract,Zone A,Part-Time,Involuntary,Rich together bad his agent blue.,Production       ,General Operations,,Northeast,Project / Site Management,Male,2169,White,Single,Fully Meets,3,False,,36,Mid
1739,2019-07-15,2023-05-01,Production,Michael Farmer,CCDR,Active,Contract,Zone B,Full-Time,Involuntary,Large relate work treatment Mrs.,Production       ,Field Engineering / Operations,1982,Northeast,Labor & Site Work,Female,2302,Hispanic,Married,Fully Meets,3,False,43.46885694729637,1386,Mid
1740,2020-03-17,2021-08-02,Production,Madeline Baker,NEL,Active,Contract,Zone B,Part-Time,Voluntary,This win treat they kid simple.,Production       ,General Operations,1963,Northeast,Labor & Site Work,Female,2132,Other,Married,Fully Meets,3,False,62.24503764544832,503,Entry
1741,2022-09-16,,Production,Katherine Costa,MSC,Active,Contract,Zone A,Temporary,Unk,,Production       ,General Operations,1981,Northeast,Engineering,Female,2125,Asian,Single,Fully Meets,3,True,44.46817248459959,1019,Entry
1742,2021-01-04,,Production,Rebecca Bird,TNS,Active,Part-Time,Zone B,Part-Time,Unk,,Production       ,Field Engineering / Operations,1971,Northeast,Labor & Site Work,Female,2081,Asian,Divorced,Fully Meets,3,True,54.33264887063656,1639,Entry
1743,2018-11-30,,Production,Sarah Mcdonald,SVG,Active,Full-Time,Zone C,Temporary,Unk,,Production       ,Field Engineering / Operations,2001,Northeast,Project / Site Management,Male,2169,Black,Single,Fully Meets,3,True,24.076659822039694,2405,Entry
1744,2022-07-24,,Production,Teresa Murray,PL,Active,Full-Time,Zone C,Full-Time,Unk,,Production       ,Field Engineering / Operations,1947,Northeast,Field Operations,Female,2021,Hispanic,Married,Fully Meets,3,True,78.1574264202601,1073,Entry
1745,2022-02-05,,Production,Erin Castro,EW,Active,Contract,Zone C,Part-Time,Unk,,Production       ,Field Engineering / Operations,,Northeast,Project / Site Management,Female,2090,Other,Widowed,Fully Meets,3,True,,1242,Mid
1746,2020-04-23,2022-01-07,Production,Joshua Gonzalez,WBL,Active,Full-Time,Zone A,Full-Time,Voluntary,Them security hit decide.,Production       ,General Operations,1962,Northeast,Executive & Leadership,Male,2451,Hispanic,Widowed,Fully Meets,3,False,63.23613963039014,624,Entry
1747,2023-06-23,2023-07-10,Production,Mary Blackwell,PL,Leave of Absence,Full-Time,Zone A,Temporary,Resignation,Too former relationship risk.,Production       ,Field Engineering / Operations,1992,Northeast,Other,Female,1886,White,Divorced,Fully Meets,3,False,32.91170431211499,17,Mid
1748,2022-01-13,2022-07-05,Production,Benjamin Hamilton,PYZ,Active,Part-Time,Zone A,Temporary,Retirement,Listen cover book.,Production       ,Field Engineering / Operations,1973,Northeast,Labor & Site Work,Female,1886,White,Widowed,Fully Meets,3,False,52.473648186173854,173,Entry
1749,2020-11-26,,Production,Kimberly Wilcox,PYZ,Active,Contract,Zone B,Temporary,Unk,,Production       ,Field Engineering / Operations,1964,Northeast,Project / Site Management,Female,70227,Hispanic,Divorced,Fully Meets,3,True,61.4072553045859,1678,Entry
1750,2018-12-07,,Production,Chase Swanson,WBL,Active,Full-Time,Zone C,Full-Time,Unk,,Production       ,Field Engineering / Operations,1977,Northeast,Field Operations,Female,3204,Other,Widowed,Fully Meets,3,True,48.2217659137577,2398,Entry
1751,2023-04-19,,Production,Evan Durham,NEL,Active,Contract,Zone C,Temporary,Unk,,Production       ,General Operations,,Northeast,Field Operations,Female,81228,Hispanic,Widowed,Fully Meets,3,True,,804,Entry
1752,2022-03-05,2022-04-08,Production,Mario Johnson MD,PL,Active,Part-Time,Zone B,Temporary,Resignation,Person identify music conference.,Production       ,General Operations,1982,Northeast,Maintenance & Logistics,Male,56894,White,Single,Fully Meets,3,False,42.65571526351814,34,Entry
1753,2019-06-20,2019-10-14,Production,Kimberly Williams,BPC,Active,Contract,Zone C,Full-Time,Resignation,Available no skill newspaper herself.,Production       ,Field Engineering / Operations,1943,Northeast,Admin & Support,Male,42759,Black,Divorced,Fully Meets,3,False,82.3189596167009,116,Entry
1754,2022-09-13,,Production,Alejandro Davies,CCDR,Active,Part-Time,Zone C,Temporary,Unk,,Production       ,Project Management,,Northeast,Project / Site Management,Male,61961,Asian,Single,Fully Meets,3,True,,1022,Entry
1755,2019-01-02,,Production,Duane Anderson,SVG,Active,Part-Time,Zone B,Full-Time,Unk,,Production       ,General Operations,1994,Northeast,Project / Site Management,Male,45449,Other,Widowed,Fully Meets,3,True,30.7378507871321,2372,Entry
1756,2022-06-06,,Production,David Cooper,EW,Active,Part-Time,Zone A,Part-Time,Unk,,Production       ,Field Engineering / Operations,,Northeast,Field Operations,Male,32636,Black,Widowed,Fully Meets,3,True,,1121,Entry
1757,2020-01-09,,Production,Rebecca Conway,MSC,Active,Full-Time,Zone A,Temporary,Unk,,Production       ,Finance,1985,Northeast,Executive & Leadership,Female,74346,White,Widowed,Fully Meets,3,True,40.41067761806981,2000,Entry
1758,2019-01-03,,Production,Melissa Chavez,TNS,Active,Part-Time,Zone B,Part-Time,Unk,,Production       ,Field Engineering / Operations,,Northeast,Admin & Support,Male,61791,White,Single,Fully Meets,3,True,,2371,Entry
1759,2021-01-23,2022-10-23,Production,Patricia Newman,PYZ,Active,Contract,Zone B,Part-Time,Retirement,Benefit turn that with well may former if.,Production       ,General Operations,1947,Northeast,Project / Site Management,Male,40003,White,Married,Fully Meets,3,False,77.55509924709104,638,Entry
1760,2020-02-08,2020-05-04,Production,Sally Meadows,WBL,Active,Part-Time,Zone C,Part-Time,Voluntary,Simply game everyone despite line.,Production       ,General Operations,,Northeast,Project / Site Management,Male,93320,Hispanic,Single,Fully Meets,3,False,,86,Entry
1761,2021-10-29,2022-08-02,Production,Sara Golden,NEL,Voluntarily Terminated,Contract,Zone C,Temporary,Voluntary,Ahead onto current situation speech while.,Production       ,Field Engineering / Operations,,Northeast,Field Operations,Female,97689,Other,Married,Fully Meets,3,False,,277,Entry
1762,2023-07-04,2023-07-12,Production,Roger Reed,PL,Voluntarily Terminated,Contract,Zone B,Part-Time,Voluntary,Myself produce sit outside after.,Production       ,Other,,Northeast,Project / Site Management,Female,37569,White,Divorced,Fully Meets,3,False,,8,Entry
1763,2023-04-06,,Production,Debra Boyer,BPC,Active,Part-Time,Zone B,Full-Time,Unk,,Production       ,Field Engineering / Operations,,Northeast,Admin & Support,Female,11574,Asian,Widowed,Fully Meets,3,True,,817,Entry
1764,2023-01-17,,Production,Robert Rios,CCDR,Active,Full-Time,Zone A,Temporary,Unk,,Production       ,Field Engineering / Operations,1949,Northeast,Engineering,Female,18917,Black,Married,Fully Meets,3,True,76.49281314168378,896,Entry
1765,2019-10-17,,Production,Kyle Bell,BPC,Active,Contract,Zone C,Part-Time,Unk,,Production       ,Project Management,1991,Northeast,Field Operations,Female,5819,Asian,Divorced,Fully Meets,3,True,33.81519507186858,2084,Mid
1766,2019-06-22,2021-05-01,Production,Michelle Herrera,PYZ,Active,Contract,Zone B,Temporary,Resignation,Reflect important account keep eye accept.,Production       ,Field Engineering / Operations,,Northeast,Labor & Site Work,Female,75004,Asian,Married,Fully Meets,3,False,,679,Entry
1767,2023-02-10,2023-05-01,Production,Renee Beasley,WBL,Active,Contract,Zone A,Full-Time,Retirement,Maintain material discover discover.,Production       ,General Operations,,Northeast,Project / Site Management,Female,39000,White,Divorced,Fully Meets,3,False,,80,Entry
1768,2022-10-13,2023-05-02,Production,Scott Graves,NEL,Active,Contract,Zone C,Temporary,Voluntary,Ask station everything race feeling by although.,Production       ,Field Engineering / Operations,,Northeast,Field Operations,Female,73245,Black,Married,Fully Meets,3,False,,201,Entry
1769,2023-03-07,2023-04-27,Production,Bryan Harvey,PL,Active,Contract,Zone B,Temporary,Resignation,State voice performance crime.,Production       ,Field Engineering / Operations,,Northeast,Field Operations,Male,83360,Hispanic,Widowed,Fully Meets,3,False,,51,Entry
1770,2018-09-12,,Production,John Ramirez,BPC,Active,Part-Time,Zone A,Full-Time,Unk,,Production       ,General Operations,1971,Northeast,Executive & Leadership,Male,2072,Hispanic,Single,Fully Meets,3,True,54.32443531827516,2484,Entry
1771,2020-06-27,,Production,David Reid,CCDR,Active,Part-Time,Zone C,Part-Time,Unk,,Production       ,Logistics / Maintenance,,Northeast,Maintenance & Logistics,Male,16902,Hispanic,Widowed,Fully Meets,3,True,,1830,Entry
1772,2018-12-28,2022-01-28,Production,Jamie Holloway,SVG,Active,Contract,Zone A,Part-Time,Resignation,Each bring star week kitchen without nature.,Production       ,General Operations,,Northeast,Labor & Site Work,Male,70792,Asian,Widowed,Fully Meets,3,False,,1127,Entry
1773,2021-01-20,2023-03-08,Production,Mitchell Woods,EW,Active,Part-Time,Zone B,Temporary,Retirement,Though resource simple health bring.,Production       ,General Operations,,Northeast,Admin & Support,Male,25699,Black,Married,Fully Meets,3,False,,777,Entry
1774,2019-09-14,2023-02-06,Production,Aaron Cochran,MSC,Active,Full-Time,Zone B,Part-Time,Involuntary,Wear television particular.,Production       ,Field Engineering / Operations,,Northeast,Field Operations,Female,96290,Asian,Widowed,Fully Meets,3,False,,1241,Entry
1775,2018-10-06,2019-12-12,Production,Scott Smith,TNS,Active,Contract,Zone A,Full-Time,Involuntary,Sing participant involve themselves plan.,Production       ,Field Engineering / Operations,1997,Northeast,Engineering,Male,23434,Black,Single,Fully Meets,3,False,28.139630390143736,432,Entry
1776,2021-08-03,2022-11-01,Production,Lucas Rodriguez,PYZ,Active,Full-Time,Zone C,Temporary,Retirement,Only alone imagine. Loss minute girl.,Production       ,Project Management,1955,Northeast,Engineering,Male,49243,Asian,Divorced,Fully Meets,3,False,70.30800821355236,455,Entry
1777,2019-07-05,2021-05-26,Production,Brian Rogers,WBL,Active,Full-Time,Zone B,Temporary,Involuntary,Professor late television spend foreign.,Production       ,Field Engineering / Operations,,Northeast,Other,Female,64893,Hispanic,Single,Fully Meets,3,False,,691,Entry
1778,2019-04-25,,Production,Brandon Mcdonald,NEL,Active,Full-Time,Zone B,Full-Time,Unk,,Production       ,General Operations,,Northeast,Project / Site Management,Female,91836,Other,Widowed,Fully Meets,3,True,,2259,Entry
1779,2023-07-15,,Production,Christina Cohen,PL,Active,Full-Time,Zone A,Temporary,Unk,,Production       ,Project Management,1961,Northeast,Executive & Leadership,Female,85791,Other,Married,Fully Meets,3,True,64.15879534565366,717,Entry
1780,2022-12-10,2023-02-11,Production,Jason Taylor,BPC,Active,Contract,Zone C,Temporary,Retirement,Half nice continue serious move lay itself.,Production       ,Field Engineering / Operations,1993,Northeast,Engineering,Female,17208,Hispanic,Widowed,Fully Meets,3,False,31.97262149212868,63,Entry
1781,2019-05-02,,Production,Angela Maxwell,CCDR,Active,Contract,Zone A,Part-Time,Unk,,Production       ,General Operations,1983,Northeast,Project / Site Management,Female,88454,White,Divorced,Fully Meets,3,True,41.55509924709104,2252,Entry
1782,2019-01-13,2023-07-02,Production,Kenneth Dean,NEL,Voluntarily Terminated,Contract,Zone A,Temporary,Retirement,Material as already course. See our realize.,Production       ,Field Engineering / Operations,1950,Northeast,Labor & Site Work,Female,69805,Other,Married,Fully Meets,3,False,74.7296372347707,1631,Mid
1783,2021-06-09,,Production,Julie Smith,PYZ,Active,Part-Time,Zone C,Part-Time,Unk,,Production       ,General Operations,1981,Northeast,Labor & Site Work,Female,27170,White,Widowed,Fully Meets,3,True,43.564681724846,1483,Entry
1784,2023-08-02,2023-08-02,Production,Mr. John Thomas,WBL,Active,Part-Time,Zone A,Temporary,Retirement,Need challenge education bank upon reach fall.,Production       ,General Operations,,Northeast,Field Operations,Female,14325,Other,Divorced,Fully Meets,3,False,,0,Entry
1785,2023-06-17,,Production,Michael Mcgee PhD,NEL,Active,Full-Time,Zone C,Full-Time,Unk,,Production       ,IT,,Northeast,Executive & Leadership,Female,39152,White,Widowed,Fully Meets,3,True,,745,Entry
1786,2022-03-31,2022-06-14,Production,Daniel Banks,PL,Active,Full-Time,Zone A,Temporary,Resignation,Treatment itself various campaign.,Production       ,Field Engineering / Operations,1979,Northeast,Labor & Site Work,Male,67173,Hispanic,Widowed,Fully Meets,3,False,45.63997262149213,75,Entry
1787,2019-04-06,2020-08-15,Production,Edward Peterson,BPC,Active,Contract,Zone B,Temporary,Voluntary,Perform question beyond article.,Production       ,Field Engineering / Operations,1956,Northeast,Engineering,Male,76007,Hispanic,Divorced,Fully Meets,3,False,68.97467488021903,497,Entry
1788,2020-07-11,,Production,Reginald Hernandez,CCDR,Active,Contract,Zone C,Full-Time,Unk,,Production       ,Field Engineering / Operations,1976,Northeast,Engineering,Male,50833,Other,Divorced,Fully Meets,3,True,49.39356605065024,1816,Entry
1789,2023-04-22,,Production,Danielle Smith,SVG,Active,Contract,Zone C,Part-Time,Unk,,Production       ,Field Engineering / Operations,,Northeast,Engineering,Male,54218,Other,Widowed,Fully Meets,3,True,,801,Entry
1790,2022-12-02,2023-04-08,Production,Sara Smith,EW,Active,Part-Time,Zone B,Part-Time,Resignation,Marriage almost cold sort public major cut.,Production       ,Field Engineering / Operations,1956,Northeast,Field Operations,Female,54589,Asian,Divorced,Fully Meets,3,False,69.31143052703628,127,Entry
1791,2021-03-06,2023-04-26,Production,Becky Cardenas,MSC,Active,Contract,Zone A,Temporary,Resignation,Year prove but moment house defense.,Production       ,Field Engineering / Operations,1981,Northeast,Admin & Support,Female,9310,Hispanic,Divorced,Fully Meets,3,False,43.912388774811774,781,Entry
1792,2019-05-21,,Production,Brittany Olson,TNS,Active,Full-Time,Zone C,Temporary,Unk,,Production       ,Project Management,1950,Northeast,Engineering,Male,6449,Black,Divorced,Fully Meets,3,True,75.24709103353867,2233,Entry
1793,2018-10-23,2022-12-02,Production,Victor Blair,BPC,Active,Full-Time,Zone B,Temporary,Resignation,Fight cup mean money easy stock stock strategy.,Production       ,Executive,,Northeast,Executive & Leadership,Female,77756,Hispanic,Single,Fully Meets,3,False,,1501,Entry
1794,2021-05-26,,Production,James Ashley,CCDR,Active,Contract,Zone A,Temporary,Unk,,Production       ,General Operations,,Northeast,Admin & Support,Female,95802,White,Widowed,Fully Meets,3,True,,1497,Entry
1795,2019-12-01,2020-06-08,Production,Shawn Howard,EW,Voluntarily Terminated,Full-Time,Zone B,Part-Time,Involuntary,Soon voice play will Mr card physical.,Production       ,Logistics / Maintenance,1960,Northeast,Project / Site Management,Female,71561,Asian,Widowed,Fully Meets,3,False,65.24024640657085,190,Entry
1796,2021-06-07,2022-12-13,Production,Pamela Cruz,MSC,Voluntarily Terminated,Contract,Zone A,Full-Time,Involuntary,Eight age article law stop quickly.,Production       ,Other,,Northeast,Other,Female,9967,Hispanic,Divorced,Fully Meets,3,False,,554,Entry
1797,2020-10-13,2022-11-09,Production,Jennifer Harrington,NEL,Active,Full-Time,Zone A,Full-Time,Voluntary,Us do by over. Source today then between.,Production       ,General Operations,,Northeast,Labor & Site Work,Female,63255,Hispanic,Widowed,Fully Meets,3,False,,757,Entry
1798,2022-10-30,,Production,Kathryn Avila,PL,Active,Part-Time,Zone A,Full-Time,Unk,,Production       ,Field Engineering / Operations,1985,Northeast,Other,Female,34441,Black,Widowed,Fully Meets,3,True,39.564681724846,975,Mid
1799,2022-09-04,2023-05-30,Production,Alexandra Clark,BPC,Voluntarily Terminated,Part-Time,Zone C,Temporary,Involuntary,Better one ball computer.,Production       ,Field Engineering / Operations,,Northeast,Field Operations,Male,12152,Black,Married,Fully Meets,3,False,,268,Mid
1800,2019-10-18,2021-04-19,Production,Bethany Wilkerson,TNS,Active,Part-Time,Zone C,Full-Time,Resignation,Own while top huge.,Production       ,Field Engineering / Operations,1976,Northeast,Field Operations,Female,57065,Black,Divorced,Fully Meets,3,False,49.23750855578371,549,Entry
1801,2021-07-25,2023-01-23,Production,Brian Archer,PYZ,Active,Full-Time,Zone C,Temporary,Involuntary,Figure third where boy.,Production       ,General Operations,1989,Northeast,Field Operations,Female,17441,Hispanic,Married,Fully Meets,3,False,35.90143737166324,547,Entry
1802,2020-03-31,,Production,Kathleen Moon,WBL,Active,Part-Time,Zone B,Temporary,Unk,,Production       ,Field Engineering / Operations,,Northeast,Field Operations,Female,1741,Other,Divorced,Fully Meets,3,True,,1918,Entry
1803,2019-11-11,2023-08-02,Production,William Cooper,NEL,Active,Full-Time,Zone C,Full-Time,Resignation,While win have company will identify certainly.,Production       ,General Operations,1982,Northeast,Finance & Analysis,Female,69859,Other,Divorced,Fully Meets,3,False,43.14031485284052,1360,Entry
1804,2021-12-05,2022-03-02,Production,Rebecca Pearson,PL,Active,Part-Time,Zone A,Temporary,Voluntary,Whom book science field follow treatment kind.,Production       ,Field Engineering / Operations,,Northeast,Labor & Site Work,Male,94462,Hispanic,Widowed,Fully Meets,3,False,,87,Entry
1805,2018-12-17,2022-09-03,Production,Patricia Perry,BPC,Active,Contract,Zone A,Temporary,Voluntary,Air for charge until want drug seek.,Production       ,Field Engineering / Operations,1969,Northeast,Labor & Site Work,Male,50864,Black,Divorced,Fully Meets,3,False,56.40520191649555,1356,Entry
1806,2022-03-06,,Production,Angela Reese,CCDR,Active,Part-Time,Zone A,Full-Time,Unk,,Production       ,General Operations,,Northeast,Labor & Site Work,Male,8972,Asian,Single,Fully Meets,3,True,,1213,Entry
1807,2019-09-04,,Production,Christina Hayden,SVG,Active,Contract,Zone C,Full-Time,Unk,,Production       ,Logistics / Maintenance,,Northeast,Field Operations,Female,94163,White,Widowed,Fully Meets,3,True,,2127,Entry
1808,2023-07-26,,Production,Victoria Jacobs,EW,Active,Part-Time,Zone A,Part-Time,Unk,,Production       ,Field Engineering / Operations,,Northeast,Project / Site Management,Female,37289,Black,Married,Fully Meets,3,True,,706,Entry
1809,2022-12-19,2023-05-19,Production,John Jordan,MSC,Active,Contract,Zone C,Part-Time,Involuntary,Simply national production language.,Production       ,Logistics / Maintenance,,Northeast,Project / Site Management,Female,21417,Other,Divorced,Fully Meets,3,False,,151,Entry
1810,2021-08-17,,Production,Stephen Richardson,TNS,Active,Full-Time,Zone A,Part-Time,Unk,,Production       ,General Operations,,Northeast,Engineering,Male,22860,Black,Divorced,Fully Meets,3,True,,1414,Entry
1811,2022-06-11,,Production,Catherine Baker,PYZ,Active,Contract,Zone A,Full-Time,Unk,,Production       ,IT,1977,Northeast,Project / Site Management,Female,50910,Black,Divorced,Fully Meets,3,True,47.553730321697465,1116,Entry
1812,2021-10-01,2023-06-18,Production,William Hall III,WBL,Voluntarily Terminated,Contract,Zone A,Full-Time,Involuntary,Build very significant imagine cell doctor.,Production       ,General Operations,,Northeast,Project / Site Management,Female,78363,Black,Widowed,Fully Meets,3,False,,625,Entry
1813,2020-08-04,,Production,James Meyer,NEL,Active,Contract,Zone C,Temporary,Unk,,Production       ,Field Engineering / Operations,1980,Northeast,Field Operations,Female,61521,Other,Divorced,Fully Meets,3,True,45.46748802190281,1792,Entry
1814,2022-02-11,,Production,Daniel Thomas,PL,Active,Full-Time,Zone A,Part-Time,Unk,,Production       ,Field Engineering / Operations,1980,Northeast,Labor & Site Work,Female,43420,Black,Widowed,Fully Meets,3,True,45.31416837782341,1236,Entry
1815,2020-06-22,,Production,Christopher Davis,BPC,Active,Contract,Zone A,Part-Time,Unk,,Production       ,Project Management,,Northeast,Project / Site Management,Female,44224,Asian,Married,Fully Meets,3,True,,1835,Entry
1816,2020-08-28,,Production,Ronald Castro,NEL,Active,Contract,Zone A,Temporary,Unk,,Production       ,General Operations,1951,Northeast,Project / Site Management,Female,83618,Other,Single,Fully Meets,3,True,74.14373716632444,1768,Mid
1817,2019-05-06,2022-04-09,Production,William Newman,PL,Active,Contract,Zone A,Temporary,Resignation,Condition ability least usually.,Production       ,Field Engineering / Operations,1987,Northeast,Field Operations,Female,41874,Other,Divorced,Fully Meets,3,False,38.48049281314169,1069,Mid
1818,2021-07-08,,Production,Kenneth Miller,BPC,Active,Contract,Zone C,Part-Time,Unk,,Production       ,Logistics / Maintenance,1956,Northeast,Labor & Site Work,Male,32718,Hispanic,Widowed,Fully Meets,3,True,69.48117727583846,1454,Mid
1819,2022-07-02,,Production,Deborah Blackwell,WBL,Active,Full-Time,Zone B,Temporary,Unk,,Production       ,General Operations,,Northeast,Field Operations,Female,24932,Black,Single,Fully Meets,3,True,,1095,Entry
1820,2023-05-04,,Production,Kenneth Elliott,PYZ,Active,Full-Time,Zone C,Part-Time,Unk,,Production       ,Logistics / Maintenance,1980,Northeast,Maintenance & Logistics,Female,74525,Black,Divorced,Fully Meets,3,True,45.412731006160165,789,Entry
1821,2022-12-19,,Production,Tricia Davies,WBL,Active,Full-Time,Zone B,Full-Time,Unk,,Production       ,General Operations,,Northeast,Finance & Analysis,Female,43930,Hispanic,Widowed,Fully Meets,3,True,,925,Entry
1822,2022-03-26,,Production,Lisa Hernandez,NEL,Active,Contract,Zone C,Part-Time,Unk,,Production       ,Field Engineering / Operations,,Northeast,Labor & Site Work,Female,5184,Black,Widowed,Fully Meets,3,True,,1193,Entry
1823,2021-05-09,2022-11-12,Production,Karen Pugh,PL,Active,Contract,Zone A,Full-Time,Voluntary,Term few fear whom without.,Production       ,Finance,,Northeast,Admin & Support,Male,68971,Black,Widowed,Fully Meets,3,False,,552,Entry
1824,2020-01-09,2022-03-10,Production,Lori Mason,BPC,Active,Contract,Zone B,Temporary,Voluntary,Small prove sea foot property father.,Production       ,Logistics / Maintenance,1960,Northeast,Executive & Leadership,Male,69340,Other,Married,Fully Meets,3,False,65.3305954825462,791,Entry
1825,2021-05-16,2023-05-14,Production,Stephen Neal,CCDR,Active,Contract,Zone A,Part-Time,Voluntary,Plan view month maybe always state.,Production       ,Field Engineering / Operations,1996,Northeast,Labor & Site Work,Male,45326,White,Married,Fully Meets,3,False,28.56947296372348,728,Entry
1826,2021-01-31,2022-06-03,Production,Robert Sanchez,SVG,Active,Part-Time,Zone B,Temporary,Resignation,Western unit case late investment.,Production       ,Field Engineering / Operations,,Northeast,Project / Site Management,Female,57901,Other,Widowed,Exceeds,3,False,,488,Entry
1827,2021-09-19,2022-09-14,Production,Glenda Williams,EW,Active,Contract,Zone C,Full-Time,Involuntary,Good technology same cut arrive anything remain.,Production       ,Field Engineering / Operations,,Northeast,Field Operations,Female,18674,Other,Widowed,Needs Improvement,3,False,,360,Entry
1828,2020-03-01,2022-03-26,Production,Patrick Hall,MSC,Active,Part-Time,Zone B,Temporary,Resignation,Break field attorney.,Production       ,Field Engineering / Operations,1983,Northeast,Project / Site Management,Male,64947,Black,Divorced,Exceeds,3,False,42.22861054072553,755,Entry
1829,2020-02-29,,Production,Joel Flynn,TNS,Active,Part-Time,Zone B,Temporary,Unk,,Production       ,Field Engineering / Operations,,Northeast,Project / Site Management,Male,37531,White,Married,Exceeds,3,True,,1949,Entry
1830,2018-12-08,,Production,Patrick Carpenter,PYZ,Active,Full-Time,Zone A,Temporary,Unk,,Production       ,Finance,,Northeast,Admin & Support,Female,78846,Black,Married,Needs Improvement,3,True,,2397,Entry
1831,2022-06-26,2023-06-15,Production,Daniel Mathis,WBL,Voluntarily Terminated,Part-Time,Zone B,Temporary,Retirement,End lay return last compare.,Production       ,Field Engineering / Operations,,Northeast,Field Operations,Female,40762,Asian,Widowed,Needs Improvement,3,False,,354,Entry
1832,2019-11-03,,Production,Bradley Randall,NEL,Active,Contract,Zone A,Part-Time,Unk,,Production       ,Field Engineering / Operations,1956,Northeast,Engineering,Female,70743,White,Married,Needs Improvement,3,True,69.08145106091717,2067,Entry
1833,2023-01-01,,Production,Anita Chapman,PL,Active,Part-Time,Zone B,Full-Time,Unk,,Production       ,Field Engineering / Operations,,Northeast,Field Operations,Female,3284,White,Married,Needs Improvement,3,True,,912,Entry
1834,2020-07-31,2021-04-05,Production,Joseph Diaz,CCDR,Active,Contract,Zone C,Full-Time,Resignation,Child lose recently.,Production       ,Project Management,,Northeast,Project / Site Management,Female,80929,White,Divorced,Needs Improvement,3,False,,248,Mid
1835,2021-09-10,2022-07-19,Production,Danielle Reyes,EW,Active,Part-Time,Zone B,Temporary,Resignation,Strategy word southern.,Production       ,Field Engineering / Operations,,Northeast,Labor & Site Work,Female,5480,Asian,Single,Needs Improvement,3,False,,312,Mid
1836,2019-06-19,,Production,Daniel Hardy,MSC,Active,Part-Time,Zone B,Temporary,Unk,,Production       ,Field Engineering / Operations,,Northeast,Labor & Site Work,Male,35394,Hispanic,Divorced,Needs Improvement,3,True,,2204,Mid
1837,2021-08-16,,Production,Michael Graves,NEL,Active,Part-Time,Zone B,Full-Time,Unk,,Production       ,Project Management,,Northeast,Field Operations,Female,5981,Asian,Divorced,Needs Improvement,3,True,,1415,Mid
1838,2019-07-08,,Production,Elizabeth Kaufman,TNS,Active,Part-Time,Zone A,Temporary,Unk,,Production       ,Field Engineering / Operations,,Northeast,Labor & Site Work,Female,4188,White,Widowed,Exceeds,3,True,,2185,Entry
1839,2021-08-17,2022-08-31,Production,Joshua Glenn,PYZ,Active,Full-Time,Zone A,Part-Time,Voluntary,First sing others lot film anyone.,Production       ,HR / People Services,,Northeast,Admin & Support,Female,74361,Other,Single,Exceeds,3,False,,379,Entry
1840,2021-01-08,,Production,Misty Brown,WBL,Active,Full-Time,Zone B,Part-Time,Unk,,Production       ,General Operations,1969,Northeast,Engineering,Female,56925,Hispanic,Single,Exceeds,3,True,55.898699520876114,1635,Entry
1841,2018-08-14,,Production,Brian Paul,NEL,Active,Contract,Zone B,Part-Time,Unk,,Production       ,Field Engineering / Operations,,Northeast,Field Operations,Female,62148,Hispanic,Widowed,Exceeds,3,True,,2513,Entry
1842,2021-07-30,,Production,Ricardo Harris,PL,Active,Part-Time,Zone B,Temporary,Unk,,Production       ,General Operations,1998,Northeast,Project / Site Management,Male,20467,Asian,Divorced,Exceeds,3,True,27.143052703627653,1432,Entry
1843,2023-04-08,,Production,Samantha French,BPC,Active,Full-Time,Zone C,Temporary,Unk,,Production       ,Field Engineering / Operations,1963,Northeast,Engineering,Male,43130,Hispanic,Married,Needs Improvement,3,True,62.46680355920602,815,Entry
1844,2019-09-11,,Production,Nicole Vasquez,CCDR,Active,Part-Time,Zone A,Part-Time,Unk,,Production       ,General Operations,,Northeast,Admin & Support,Female,52114,Other,Single,Exceeds,3,True,,2120,Entry
1845,2020-03-05,2021-08-22,Production,Matthew Ramirez,SVG,Active,Part-Time,Zone A,Temporary,Voluntary,Force leader remain machine place.,Production       ,Field Engineering / Operations,,Northeast,Labor & Site Work,Female,78947,Black,Single,Needs Improvement,3,False,,535,Entry
1846,2019-12-02,,Production,Sarah Delacruz,EW,Active,Full-Time,Zone C,Temporary,Unk,,Production       ,Field Engineering / Operations,,Northeast,Project / Site Management,Male,85558,Black,Single,Needs Improvement,3,True,,2038,Entry
1847,2022-12-03,2022-12-24,Production,Lee Lucas,MSC,Active,Full-Time,Zone C,Part-Time,Resignation,Beat scene dream because by who ok.,Production       ,Project Management,,Northeast,Project / Site Management,Male,16653,Other,Divorced,Needs Improvement,3,False,,21,Entry
1848,2021-12-23,,Production,Lisa Reed,TNS,Active,Contract,Zone C,Part-Time,Unk,,Production       ,Field Engineering / Operations,,Northeast,Engineering,Male,40621,Black,Divorced,PIP,3,True,,1286,Entry
1849,2022-01-28,,Production,Mary Conley,PYZ,Active,Part-Time,Zone B,Full-Time,Unk,,Production       ,Project Management,,Northeast,Project / Site Management,Female,31815,Hispanic,Divorced,PIP,3,True,,1250,Entry
1850,2019-12-15,2021-06-25,Production,Ashley Orozco,WBL,Voluntarily Terminated,Contract,Zone A,Full-Time,Voluntary,Food few generation seek outside.,Production       ,Field Engineering / Operations,,Northeast,Field Operations,Female,78073,White,Married,PIP,3,False,,558,Entry
1851,2021-11-11,2022-08-01,Production,Angelica Vazquez,NEL,Voluntarily Terminated,Full-Time,Zone B,Temporary,Retirement,Left how maintain structure these enter kitchen.,Production       ,General Operations,,Northeast,Labor & Site Work,Female,57276,Hispanic,Single,PIP,3,False,,263,Entry
1852,2019-02-15,2023-07-28,Production,Christopher Ponce,PL,Voluntarily Terminated,Full-Time,Zone A,Part-Time,Voluntary,Fall share energy myself.,Production       ,General Operations,,Northeast,Field Operations,Female,47682,Black,Single,PIP,3,False,,1624,Entry
1853,2022-03-31,,Production,Tara Fields,PYZ,Active,Contract,Zone B,Temporary,Unk,,Production       ,Field Engineering / Operations,,Northeast,Field Operations,Female,26452,Other,Divorced,PIP,3,True,,1188,Mid
1854,2020-10-25,2022-04-18,Production,Joshua Evans,WBL,Active,Contract,Zone A,Full-Time,Involuntary,Fight ahead group.,Production       ,Logistics / Maintenance,,Northeast,Maintenance & Logistics,Female,68252,Asian,Married,PIP,3,False,,540,Mid
1855,2022-07-25,2023-04-26,Production,Lisa Hernandez,NEL,Voluntarily Terminated,Part-Time,Zone B,Part-Time,Retirement,Pretty line two she accept be.,Production       ,General Operations,,Northeast,Other,Male,42024,Other,Married,Exceeds,3,False,,275,Mid
1856,2021-08-02,,Production,Nancy Valdez,PL,Active,Full-Time,Zone A,Full-Time,Unk,,Production       ,Field Engineering / Operations,,Northeast,Field Operations,Female,45723,Black,Widowed,Exceeds,3,True,,1429,Mid
1857,2021-11-13,2023-03-17,Production,David Garcia,BPC,Voluntarily Terminated,Contract,Zone C,Temporary,Involuntary,Have appear along within western city drug tough.,Production       ,Consulting / Client Delivery,1956,Northeast,Engineering,Male,93336,Other,Divorced,Exceeds,3,False,69.07323750855578,489,Mid
1858,2019-05-07,2019-11-27,Production,Ryan Baker,TNS,Active,Contract,Zone A,Full-Time,Resignation,Reality line toward follow well able.,Production       ,Field Engineering / Operations,,Northeast,Field Operations,Female,16981,Asian,Widowed,Exceeds,3,False,,204,Entry
1859,2020-12-31,2021-03-04,Production,Tammy Poole,PYZ,Active,Contract,Zone A,Part-Time,Voluntary,Article hope tree happy affect check people.,Production       ,Field Engineering / Operations,,Northeast,Field Operations,Female,66623,Hispanic,Married,Exceeds,3,False,,63,Entry
1860,2019-12-10,2020-03-07,Production,Jenna Perry,WBL,Voluntarily Terminated,Part-Time,Zone B,Full-Time,Involuntary,Entire list exactly control enough.,Production       ,Project Management,2000,Northeast,Project / Site Management,Female,34484,Asian,Divorced,Exceeds,3,False,25.05954825462012,88,Entry
1861,2020-06-11,,Production,Ana Harding,NEL,Active,Contract,Zone A,Full-Time,Unk,,Production       ,Field Engineering / Operations,1951,Northeast,Other,Male,97856,Black,Widowed,Exceeds,3,True,73.63723477070499,1846,Entry
1862,2021-08-30,,Production,Thomas Davis,PL,Active,Full-Time,Zone C,Temporary,Unk,,Production       ,Field Engineering / Operations,,Northeast,Labor & Site Work,Male,25103,Other,Single,Exceeds,3,True,,1401,Entry
1863,2019-11-04,2021-12-29,Production,Jennifer Boone,BPC,Active,Part-Time,Zone C,Full-Time,Involuntary,Nor director yard within car into final.,Production       ,Field Engineering / Operations,,Northeast,Engineering,Female,87036,Other,Single,Exceeds,3,False,,786,Entry
1864,2023-06-03,2023-07-18,Production,Karen Smith,CCDR,Active,Full-Time,Zone A,Temporary,Resignation,Take health either southern religious today.,Production       ,Field Engineering / Operations,,Northeast,Other,Female,51953,Hispanic,Married,Exceeds,3,False,,45,Entry
1865,2021-02-14,,Production,Jamie Anderson,SVG,Active,Part-Time,Zone C,Part-Time,Unk,,Production       ,Field Engineering / Operations,,Northeast,Field Operations,Female,67354,Asian,Single,Exceeds,3,True,,1598,Entry
1866,2023-02-28,,Production,Kathleen Boyle,EW,Active,Contract,Zone A,Temporary,Unk,,Production       ,Field Engineering / Operations,,Northeast,Field Operations,Male,81653,Asian,Divorced,Exceeds,3,True,,854,Entry
1867,2021-01-09,2021-08-17,Production,Natalie Roman,MSC,Active,Full-Time,Zone B,Temporary,Involuntary,Apply must visit street.,Production       ,Field Engineering / Operations,1942,Northeast,Field Operations,Male,25698,Asian,Divorced,Needs Improvement,3,False,82.66392881587953,220,Entry
1868,2022-03-22,2023-05-15,Production,Anthony Diaz,TNS,Active,Part-Time,Zone A,Full-Time,Resignation,Always agree room animal drug.,Production       ,Field Engineering / Operations,,Northeast,Labor & Site Work,Male,6756,Black,Single,Needs Improvement,3,False,,419,Entry
1869,2019-11-11,,Production,Robert Adams,PYZ,Active,Part-Time,Zone C,Temporary,Unk,,Production       ,Field Engineering / Operations,,Northeast,Project / Site Management,Female,70511,Asian,Married,Exceeds,3,True,,2059,Entry
1870,2022-10-04,,Production,Steven Reid,WBL,Active,Contract,Zone B,Full-Time,Unk,,Production       ,Field Engineering / Operations,,Northeast,Engineering,Female,73361,Hispanic,Married,Fully Meets,3,True,,1001,Entry
1871,2021-08-23,,Production,Andrew Calderon,NEL,Active,Contract,Zone C,Full-Time,Unk,,Production       ,Field Engineering / Operations,1996,Northeast,Labor & Site Work,Female,51310,White,Widowed,Fully Meets,3,True,28.892539356605067,1408,Entry
1872,2022-12-05,2023-06-18,Production,Andrew Ball,PL,Active,Full-Time,Zone B,Temporary,Retirement,General nature open.,Production       ,Field Engineering / Operations,,Northeast,Labor & Site Work,Female,64371,Hispanic,Married,Fully Meets,3,False,,195,Entry
1873,2019-07-20,2019-08-28,Production,Christine Larson,BPC,Active,Contract,Zone C,Temporary,Involuntary,Art professional rather move explain.,Production       ,Field Engineering / Operations,,Northeast,Field Operations,Female,76588,Black,Married,Fully Meets,3,False,,39,Mid
1874,2021-11-05,,Production,Brenda Thompson,CCDR,Active,Full-Time,Zone B,Part-Time,Unk,,Production       ,IT,1960,Northeast,Field Operations,Male,35018,Asian,Widowed,Fully Meets,3,True,64.56125941136209,1334,Mid
1875,2021-01-04,2023-03-04,Production,Patricia Robbins,EW,Voluntarily Terminated,Full-Time,Zone C,Full-Time,Involuntary,Young finally can fact.,Production       ,General Operations,1953,Northeast,Project / Site Management,Male,24806,Other,Single,Fully Meets,3,False,71.9151266255989,789,Mid
1876,2022-10-14,2023-03-02,Production,Terry Stevens,MSC,Leave of Absence,Full-Time,Zone A,Part-Time,Resignation,Sound modern feel special me fish produce.,Production       ,Field Engineering / Operations,,Northeast,Field Operations,Female,40691,Hispanic,Single,Fully Meets,3,False,,139,Mid
1877,2021-10-30,,Production,Rachel Paul,NEL,Active,Part-Time,Zone A,Full-Time,Unk,,Production       ,General Operations,,Northeast,Project / Site Management,Male,5750,Asian,Married,Fully Meets,3,True,,1340,Mid
1878,2022-10-02,2023-06-28,Production,Elizabeth Miller,WBL,Active,Part-Time,Zone B,Part-Time,Voluntary,Toward situation politics.,Production       ,Field Engineering / Operations,,Northeast,Project / Site Management,Female,78562,White,Single,Fully Meets,3,False,,269,Entry
1879,2018-11-25,2020-06-14,Production,David Vasquez,BPC,Voluntarily Terminated,Part-Time,Zone B,Temporary,Involuntary,Key real fill never sing feeling.,Production       ,Field Engineering / Operations,,Northeast,Engineering,Female,56517,Black,Single,Fully Meets,3,False,,567,Entry
1880,2021-07-09,2023-01-28,Production,Alexandra Rice,CCDR,Voluntarily Terminated,Full-Time,Zone A,Full-Time,Voluntary,Within direction court hope security stuff early.,Production       ,Project Management,1966,Northeast,Project / Site Management,Female,10781,Black,Widowed,Fully Meets,3,False,59.4798083504449,568,Entry
1881,2019-05-01,,Production,Thomas Lee,EW,Active,Full-Time,Zone B,Part-Time,Unk,,Production       ,Field Engineering / Operations,,Northeast,Field Operations,Male,54917,Asian,Single,Fully Meets,3,True,,2253,Entry
1882,2021-11-09,2023-01-13,Production,Christina Burgess,MSC,Active,Full-Time,Zone A,Part-Time,Retirement,List try partner four tax.,Production       ,Field Engineering / Operations,1945,Northeast,Engineering,Female,91039,Asian,Divorced,Fully Meets,3,False,80.39698836413416,430,Entry
1883,2018-08-27,2019-03-23,Production,Regina Goodwin,NEL,Active,Full-Time,Zone B,Temporary,Voluntary,Unit computer what age career.,Production       ,Project Management,1967,Northeast,Project / Site Management,Female,26876,Black,Single,Fully Meets,3,False,57.9958932238193,208,Entry
1884,2019-03-16,,Production,Alicia Gonzalez,PL,Active,Part-Time,Zone C,Part-Time,Unk,,Production       ,General Operations,,Northeast,Engineering,Female,57831,Other,Married,Fully Meets,3,True,,2299,Entry
1885,2022-01-07,,Production,Peter Giles,PYZ,Active,Contract,Zone B,Full-Time,Unk,,Production       ,General Operations,,Northeast,Field Operations,Male,67723,Other,Married,Fully Meets,3,True,,1271,Entry
1886,2022-10-04,2023-03-05,Production,Daniel Guerra,SVG,Active,Contract,Zone A,Temporary,Involuntary,Amount establish away part.,Production       ,Executive,1984,Northeast,Admin & Support,Male,79888,White,Single,Fully Meets,3,False,40.56673511293634,152,Entry
1887,2022-03-23,,Production,Ashley Clark,TNS,Active,Full-Time,Zone C,Full-Time,Unk,,Production       ,Field Engineering / Operations,,Northeast,Field Operations,Male,78957,White,Divorced,Fully Meets,3,True,,1196,Entry
1888,2020-05-05,2023-07-25,Production,Veronica Murphy,WBL,Active,Full-Time,Zone B,Temporary,Voluntary,History follow budget forget instead mind.,Production       ,Field Engineering / Operations,,Northeast,Engineering,Female,36015,White,Married,Fully Meets,3,False,,1176,Entry
1889,2020-11-23,,Production,Kelsey Thompson,PYZ,Active,Contract,Zone B,Temporary,Unk,,Production       ,General Operations,,Northeast,Labor & Site Work,Female,19032,Other,Divorced,Fully Meets,3,True,,1681,Entry
1890,2022-03-28,,Production,Cole Johns,WBL,Active,Contract,Zone B,Full-Time,Unk,,Production       ,Field Engineering / Operations,,Northeast,Labor & Site Work,Female,55466,White,Widowed,Fully Meets,3,True,,1191,Entry
1891,2020-03-25,,Production,Wendy Elliott,NEL,Active,Full-Time,Zone C,Full-Time,Unk,,Production       ,Field Engineering / Operations,,Northeast,Labor & Site Work,Female,6790,Hispanic,Married,Fully Meets,3,True,,1924,Entry
1892,2018-08-07,,Production,Nicholas Anderson,TNS,Active,Contract,Zone A,Temporary,Unk,,Production       ,Field Engineering / Operations,,Northeast,Field Operations,Female,91219,Asian,Single,Fully Meets,3,True,,2520,Mid
1893,2020-02-11,,Production,Darryl Scott,BPC,Active,Contract,Zone A,Full-Time,Unk,,Production       ,General Operations,,Northeast,Admin & Support,Male,84422,White,Divorced,Fully Meets,3,True,,1967,Mid
1894,2023-01-01,,Production,Clayton Wilson,CCDR,Active,Full-Time,Zone A,Full-Time,Unk,,Production       ,Field Engineering / Operations,,Northeast,Labor & Site Work,Male,12371,Other,Single,Fully Meets,3,True,,912,Mid
1895,2022-12-07,,Production,Phillip Fernandez,EW,Active,Part-Time,Zone A,Part-Time,Unk,,Production       ,Field Engineering / Operations,,Northeast,Field Operations,Female,23076,White,Married,Fully Meets,3,True,,937,Mid
1896,2023-03-13,,Production,Joshua Tapia,MSC,Active,Full-Time,Zone A,Part-Time,Unk,,Production       ,Field Engineering / Operations,,Northeast,Engineering,Female,80925,Hispanic,Married,Fully Meets,3,True,,841,Mid
1897,2021-11-14,,Production,Lauren Wilson,NEL,Active,Full-Time,Zone C,Temporary,Unk,,Production       ,Field Engineering / Operations,,Northeast,Labor & Site Work,Male,38371,Asian,Divorced,Fully Meets,3,True,,1325,Mid
1898,2019-06-05,2020-10-20,Production,Benjamin Lang,MSC,Active,Full-Time,Zone C,Temporary,Voluntary,Benefit avoid fill begin any individual thousand.,Production       ,Field Engineering / Operations,,Northeast,Labor & Site Work,Female,5154,White,Single,Fully Meets,3,False,,503,Entry
1899,2020-12-12,2023-05-28,Production,Ashley Cannon,TNS,Active,Contract,Zone C,Full-Time,Retirement,Occur tough thousand on recent.,Production       ,Field Engineering / Operations,1982,Northeast,Labor & Site Work,Female,57914,Asian,Married,Fully Meets,3,False,42.81724845995893,897,Entry
1900,2020-04-06,,Production,Lauren Thompson,PYZ,Active,Full-Time,Zone B,Full-Time,Unk,,Production       ,General Operations,,Northeast,Admin & Support,Female,46828,Hispanic,Widowed,Fully Meets,3,True,,1912,Entry
1901,2023-01-30,,Production,Diana Cox,WBL,Active,Full-Time,Zone B,Full-Time,Unk,,Production       ,Field Engineering / Operations,1959,Northeast,Engineering,Female,51699,White,Divorced,Fully Meets,3,True,65.89459274469542,883,Entry
1902,2020-09-08,2022-09-19,Production,Samantha Hester,NEL,Active,Full-Time,Zone A,Temporary,Retirement,Brother a billion wife watch south.,Production       ,Field Engineering / Operations,1952,Northeast,Project / Site Management,Male,86441,Other,Divorced,Fully Meets,3,False,73.38535249828884,741,Entry
1903,2020-12-14,2021-12-07,Production,Roger Lynch,PL,Active,Part-Time,Zone C,Part-Time,Resignation,Can ahead cell in most generation reduce.,Production       ,Field Engineering / Operations,1960,Northeast,Project / Site Management,Female,39875,Black,Divorced,Fully Meets,3,False,65.22108145106091,358,Entry
1904,2022-11-07,,Production,Brenda Rodriguez,BPC,Active,Contract,Zone C,Part-Time,Unk,,Production       ,General Operations,1982,Northeast,Labor & Site Work,Female,73332,Asian,Widowed,Fully Meets,3,True,42.72142368240931,967,Entry
1905,2022-04-06,,Production,Sean Moon,CCDR,Active,Part-Time,Zone B,Temporary,Unk,,Production       ,Field Engineering / Operations,1972,Northeast,Executive & Leadership,Female,85085,Asian,Married,Fully Meets,3,True,53.30869267624914,1182,Entry
1906,2021-02-22,,Production,Holly Hudson,SVG,Active,Part-Time,Zone B,Full-Time,Unk,,Production       ,Field Engineering / Operations,1947,Northeast,Labor & Site Work,Male,11009,Hispanic,Widowed,Fully Meets,3,True,77.91101984941821,1590,Entry
1907,2022-05-16,,Production,Charles Allen,EW,Active,Full-Time,Zone C,Part-Time,Unk,,Production       ,Field Engineering / Operations,1988,Northeast,Field Operations,Male,89719,Asian,Widowed,Fully Meets,3,True,36.65434633812457,1142,Entry
1908,2020-01-18,,Production,Bonnie Hardin,MSC,Active,Contract,Zone B,Part-Time,Unk,,Production       ,Field Engineering / Operations,,Northeast,Field Operations,Female,71466,White,Widowed,Fully Meets,3,True,,1991,Entry
1909,2021-10-21,,Production,Heather Michael,TNS,Active,Full-Time,Zone A,Part-Time,Unk,,Production       ,General Operations,,Northeast,Labor & Site Work,Female,68175,White,Widowed,Fully Meets,3,True,,1349,Entry
1910,2019-01-05,,Production,Jose Gomez,PYZ,Active,Full-Time,Zone C,Full-Time,Unk,,Production       ,General Operations,1942,Northeast,Engineering,Female,48973,Hispanic,Divorced,Fully Meets,3,True,82.64750171115674,2369,Entry
1911,2021-01-24,2022-01-27,Production,Angela Bailey,WBL,Voluntarily Terminated,Part-Time,Zone B,Temporary,Resignation,Human box wish natural student staff.,Production       ,Field Engineering / Operations,1991,Northeast,Labor & Site Work,Female,36064,White,Divorced,Fully Meets,3,False,34.053388090349074,368,Entry
1912,2020-03-06,2021-03-06,Production,Brett Sims,TNS,Active,Part-Time,Zone B,Temporary,Retirement,Here relationship possible purpose instead.,Production       ,Field Engineering / Operations,,Northeast,Engineering,Female,7544,Asian,Married,Fully Meets,3,False,,365,Mid
1913,2022-11-19,2023-02-15,Production,Natalie Johnson,PYZ,Voluntarily Terminated,Full-Time,Zone B,Full-Time,Involuntary,Fine many herself field method draw learn.,Production       ,General Operations,,Northeast,Field Operations,Male,70057,White,Married,Fully Meets,3,False,,88,Mid
1914,2019-03-15,2019-10-02,Production,Deanna Freeman,WBL,Voluntarily Terminated,Part-Time,Zone B,Full-Time,Resignation,Scene receive customer way medical way itself.,Production       ,Field Engineering / Operations,1981,Northeast,Project / Site Management,Female,34085,Other,Married,Fully Meets,3,False,44.24093086926762,201,Mid
1915,2023-05-11,2023-07-05,Production,Mary Todd,NEL,Leave of Absence,Part-Time,Zone B,Temporary,Voluntary,Rate pick despite too happy.,Production       ,General Operations,,Northeast,Labor & Site Work,Female,25099,Asian,Divorced,Fully Meets,3,False,,55,Mid
1916,2022-02-05,2023-02-07,Production,Kevin Perkins,PL,Leave of Absence,Full-Time,Zone A,Full-Time,Involuntary,Shake hold standard team seat word.,Production       ,General Operations,,Northeast,Field Operations,Male,86671,Other,Divorced,Fully Meets,3,False,,367,Mid
1917,2019-05-29,,Production,Joseph Bryant,EW,Active,Contract,Zone B,Full-Time,Unk,,Production       ,General Operations,1960,Northeast,Engineering,Female,39874,Black,Single,Fully Meets,3,True,64.65708418891171,2225,Entry
1918,2023-01-09,2023-03-14,Production,Kayla Shelton,MSC,Active,Contract,Zone B,Temporary,Involuntary,Talk beyond year seven.,Production       ,Field Engineering / Operations,1990,Northeast,Project / Site Management,Female,36065,Black,Single,Fully Meets,3,False,34.80082135523614,64,Entry
1919,2022-05-01,2022-11-21,Production,Dylan Foster,TNS,Voluntarily Terminated,Contract,Zone A,Full-Time,Involuntary,Man mean daughter best quite guess.,Production       ,Logistics / Maintenance,,Northeast,Maintenance & Logistics,Female,7972,Other,Widowed,Fully Meets,3,False,,204,Entry
1920,2021-01-26,2021-08-06,Production,Mary Morgan,PYZ,Voluntarily Terminated,Full-Time,Zone B,Full-Time,Retirement,Avoid song interview them class.,Production       ,Field Engineering / Operations,1948,Northeast,Field Operations,Female,81226,Hispanic,Widowed,Fully Meets,3,False,76.90896646132786,192,Entry
1921,2021-09-06,2023-07-02,Production,Danny Howard,WBL,Active,Contract,Zone C,Full-Time,Voluntary,Member space player.,Production       ,Field Engineering / Operations,,Northeast,Engineering,Male,10345,Other,Married,Fully Meets,3,False,,664,Entry
1922,2020-07-29,,Production,Lisa Morrison,NEL,Active,Full-Time,Zone A,Part-Time,Unk,,Production       ,General Operations,1958,Northeast,Field Operations,Male,89245,Asian,Divorced,Fully Meets,3,True,67.38398357289527,1798,Entry
1923,2023-03-31,2023-04-30,Production,John Adams,PL,Active,Full-Time,Zone B,Full-Time,Involuntary,Officer thus service.,Production       ,HR / People Services,1966,Northeast,Executive & Leadership,Female,46757,Other,Widowed,Fully Meets,3,False,58.652977412731005,30,Entry
1924,2023-05-16,2023-05-29,Production,Derek Thompson,BPC,Active,Part-Time,Zone B,Full-Time,Voluntary,More sure call best.,Production       ,Field Engineering / Operations,,Northeast,Project / Site Management,Female,53602,Hispanic,Married,Fully Meets,3,False,,13,Entry
1925,2023-04-29,2023-07-07,Production,Jason Kelly,CCDR,Active,Contract,Zone B,Full-Time,Voluntary,Gun better when. Ok suddenly certain seat.,Production       ,Field Engineering / Operations,,Northeast,Labor & Site Work,Male,91520,Other,Divorced,Fully Meets,3,False,,69,Entry
1926,2019-11-27,,Production,Cheryl Anderson,SVG,Active,Contract,Zone A,Temporary,Unk,,Production       ,Field Engineering / Operations,2000,Northeast,Executive & Leadership,Male,95240,Black,Single,Fully Meets,3,True,25.49486652977413,2043,Entry
1927,2022-11-03,2023-04-02,Production,Jeffrey Peters,EW,Active,Full-Time,Zone C,Full-Time,Involuntary,Explain put must.,Production       ,Field Engineering / Operations,1976,Northeast,Field Operations,Male,4497,Hispanic,Married,Fully Meets,3,False,49.23477070499658,150,Entry
1928,2022-08-08,,Production,Cindy Phillips,MSC,Active,Full-Time,Zone A,Part-Time,Unk,,Production       ,General Operations,,Northeast,Labor & Site Work,Female,89914,Hispanic,Widowed,Fully Meets,3,True,,1058,Entry
1929,2023-07-27,,Production,James Lee,TNS,Active,Contract,Zone A,Full-Time,Unk,,Production       ,Field Engineering / Operations,1988,Northeast,Project / Site Management,Female,97011,Asian,Widowed,Fully Meets,3,True,37.327857631759066,705,Entry
1930,2023-07-15,,Production,Kelly Vaughn,PYZ,Active,Full-Time,Zone C,Temporary,Unk,,Production       ,General Operations,,Northeast,Field Operations,Female,70906,Asian,Single,Fully Meets,3,True,,717,Entry
1931,2022-11-09,,Production,Donna Jones,WBL,Active,Full-Time,Zone B,Temporary,Unk,,Production       ,Field Engineering / Operations,,Northeast,Engineering,Female,17678,White,Single,Fully Meets,3,True,,965,Entry
1932,2019-12-24,2022-06-12,Sales,Emily Gaines,BPC,Active,Full-Time,Zone A,Temporary,Voluntary,Ok glass media learn grow.,Sales,General Operations,,Northeast,Project / Site Management,Male,1886,Other,Widowed,Fully Meets,3,False,,901,Manager
1933,2019-03-08,,Sales,Laura Smith,NEL,Active,Contract,Zone C,Part-Time,Unk,,Sales,Field Engineering / Operations,1989,Northeast,Field Operations,Female,5473,Black,Widowed,Fully Meets,3,True,35.663244353182755,2307,Manager
1934,2019-06-25,2020-10-04,Sales,Steve Grant,WBL,Voluntarily Terminated,Contract,Zone B,Full-Time,Voluntary,Baby still now positive traditional head while.,Sales,General Operations,,Northeast,Project / Site Management,Female,19444,Other,Widowed,Fully Meets,3,False,,467,Manager
1935,2019-01-03,,Production,Brent Hickman,TNS,Active,Part-Time,Zone A,Temporary,Unk,,Sales,Logistics / Maintenance,1974,Northeast,Project / Site Management,Male,60994,Hispanic,Divorced,Fully Meets,3,True,50.58179329226557,2371,Mid
1936,2023-02-02,,Production,Mary Weber,BPC,Active,Full-Time,Zone B,Part-Time,Unk,,Sales,Field Engineering / Operations,,Northeast,Field Operations,Female,78866,Hispanic,Widowed,Fully Meets,3,True,,880,Mid
1937,2022-03-30,2023-01-30,Production,Kayla Peterson,CCDR,Voluntarily Terminated,Full-Time,Zone A,Temporary,Involuntary,Decide prevent town important front.,Sales,Field Engineering / Operations,,Northeast,Field Operations,Female,34825,Asian,Single,Fully Meets,3,False,,306,Mid
1938,2020-03-23,,Production,Donna Gonzalez,TNS,Active,Part-Time,Zone A,Full-Time,Unk,,Sales,Field Engineering / Operations,,Northeast,Field Operations,Female,52524,Other,Single,Fully Meets,3,True,,1926,Mid
1939,2019-06-06,,Production,Michele Riddle,PYZ,Active,Contract,Zone C,Temporary,Unk,,Sales,Field Engineering / Operations,1942,Northeast,Engineering,Female,19068,Asian,Married,Fully Meets,3,True,83.32375085557837,2217,Mid
1940,2023-05-28,,Production,Stephanie Kerr,TNS,Active,Contract,Zone A,Temporary,Unk,,Sales,Field Engineering / Operations,1942,Northeast,Project / Site Management,Female,18285,Asian,Widowed,Fully Meets,3,True,82.89938398357289,765,Mid
1941,2021-02-03,,Production,Mackenzie Johnston,PYZ,Active,Contract,Zone A,Part-Time,Unk,,Sales,Field Engineering / Operations,1941,Northeast,Engineering,Female,13977,Hispanic,Widowed,Fully Meets,3,True,83.73442847364818,1609,Mid
1942,2019-07-30,2022-11-09,Production,William Thompson,TNS,Voluntarily Terminated,Part-Time,Zone A,Part-Time,Retirement,Sense station management factor.,Sales,Field Engineering / Operations,1964,Northeast,Labor & Site Work,Female,37830,Other,Widowed,Fully Meets,3,False,61.385352498288846,1198,Mid
1943,2022-05-08,2022-11-17,Production,Timothy Wheeler,PYZ,Voluntarily Terminated,Contract,Zone A,Part-Time,Retirement,Table try place week.,Sales,Logistics / Maintenance,,Northeast,Maintenance & Logistics,Female,34057,White,Widowed,Fully Meets,3,False,,193,Mid
1944,2020-05-12,,Production,Steve Macdonald,TNS,Active,Part-Time,Zone A,Full-Time,Unk,,Sales,Field Engineering / Operations,,Northeast,Field Operations,Female,80132,Asian,Married,Fully Meets,3,True,,1876,Mid
1945,2019-03-28,2022-12-10,Sales,Christopher Murray DDS,TNS,Voluntarily Terminated,Full-Time,Zone A,Temporary,Resignation,Team brother social realize town.,Sales,Field Engineering / Operations,,Northeast,Engineering,Female,36863,White,Married,Fully Meets,3,False,,1353,Manager
1946,2019-07-22,,Production,James Mitchell,WBL,Active,Full-Time,Zone A,Full-Time,Unk,,Sales,Field Engineering / Operations,,Northeast,Field Operations,Female,76522,Other,Widowed,Fully Meets,3,True,,2171,Mid
1947,2020-09-17,,Sales,John Chavez,MSC,Active,Part-Time,Zone C,Temporary,Unk,,Sales,General Operations,,Northeast,Project / Site Management,Female,42775,White,Single,Fully Meets,3,True,,1748,Manager
1948,2022-07-02,2022-08-09,Production,Teresa Williamson,TNS,Voluntarily Terminated,Part-Time,Zone B,Temporary,Retirement,Step loss place continue inside.,Sales,Field Engineering / Operations,1963,Northeast,Other,Female,46619,Black,Married,Fully Meets,3,False,61.56331279945243,38,Mid
1949,2019-11-30,,Sales,Kimberly Washington,MSC,Active,Contract,Zone A,Part-Time,Unk,,Sales,Field Engineering / Operations,1950,Northeast,Field Operations,Female,63764,Hispanic,Divorced,Fully Meets,3,True,75.24161533196441,2040,Manager
1950,2023-07-21,2023-07-21,Production,Stephanie Anderson,TNS,Voluntarily Terminated,Contract,Zone C,Temporary,Involuntary,Long before return human peace century team.,Production       ,Field Engineering / Operations,,Northeast,Other,Female,30495,Asian,Married,Fully Meets,3,False,,0,Mid
1951,2020-08-26,2021-05-30,Sales,Jeffery Snyder,SVG,Voluntarily Terminated,Full-Time,Zone A,Temporary,Voluntary,Final send three.,Sales,Field Engineering / Operations,1960,Northeast,Project / Site Management,Female,32929,Asian,Married,Fully Meets,3,False,64.72553045859,277,Manager
1952,2020-05-16,,Sales,Abigail Marks,TNS,Active,Full-Time,Zone A,Full-Time,Unk,,Sales,Field Engineering / Operations,,Northeast,Labor & Site Work,Female,57392,Other,Divorced,Fully Meets,3,True,,1872,Manager
1953,2023-04-06,2023-05-24,Production,Jeffrey Murphy,PL,Active,Full-Time,Zone B,Full-Time,Retirement,Any adult enter these less.,Production       ,Finance,,Northeast,Executive & Leadership,Female,2718,Asian,Divorced,Fully Meets,3,False,,48,Entry
1954,2019-02-18,2022-10-31,Production,Heather Riley,SVG,Voluntarily Terminated,Part-Time,Zone C,Temporary,Voluntary,Learn yes material management Mr vote.,Production       ,Finance,,Northeast,Admin & Support,Female,2129,Other,Divorced,Fully Meets,3,False,,1351,Mid
1955,2020-10-10,,Production,Jonathan Huber,MSC,Active,Full-Time,Zone A,Temporary,Unk,,Production       ,Field Engineering / Operations,1998,Northeast,Engineering,Male,1776,White,Married,Fully Meets,3,True,27.241615331964407,1725,Entry
1956,2021-05-15,,Production,Patrick Liu,PL,Active,Part-Time,Zone A,Full-Time,Unk,,Production       ,Consulting / Client Delivery,,Northeast,Engineering,Female,1915,Black,Married,Fully Meets,3,True,,1508,Entry
1957,2019-05-13,2022-05-30,Production,Jimmy Cox,TNS,Voluntarily Terminated,Part-Time,Zone C,Full-Time,Retirement,Prove do voice ten likely do.,Production       ,Field Engineering / Operations,,Northeast,Project / Site Management,Female,2330,Asian,Widowed,Fully Meets,3,False,,1113,Entry
1958,2019-07-04,,Production,Neil Aguilar,PYZ,Active,Contract,Zone B,Full-Time,Unk,,Production       ,Sales & Marketing,,Northeast,Admin & Support,Female,2170,Other,Married,Fully Meets,3,True,,2189,Entry
1959,2022-04-01,2022-04-28,Production,Kirsten Patel,CCDR,Active,Part-Time,Zone B,Temporary,Voluntary,Nation fight role according team candidate.,Production       ,Project Management,1989,Northeast,Project / Site Management,Female,2154,Asian,Married,Fully Meets,3,False,35.912388774811774,27,Entry
1960,2018-11-03,,Production,Sean Scott,PYZ,Active,Full-Time,Zone A,Part-Time,Unk,,Production       ,Field Engineering / Operations,,Northeast,Admin & Support,Male,2176,White,Divorced,Fully Meets,3,True,,2432,Entry
1961,2018-10-11,2022-05-04,Production,Matthew Hawkins,TNS,Voluntarily Terminated,Part-Time,Zone A,Full-Time,Voluntary,Trip letter possible institution nothing.,Production       ,General Operations,,Northeast,Engineering,Female,2351,Black,Married,Fully Meets,3,False,,1301,Entry
1962,2023-06-25,2023-07-25,Production,Susan Gilbert,CCDR,Active,Contract,Zone C,Part-Time,Involuntary,It likely program stay product.,Production       ,General Operations,,Northeast,Admin & Support,Female,1824,Other,Divorced,Fully Meets,3,False,,30,Mid
1963,2020-09-14,2021-08-31,Production,Tiffany Baker,CCDR,Voluntarily Terminated,Contract,Zone B,Full-Time,Resignation,Expert wrong space Mrs popular kitchen small.,Production       ,General Operations,1972,Northeast,Field Operations,Female,2446,Other,Married,Fully Meets,3,False,53.14715947980835,351,Entry
1964,2022-12-20,2023-03-11,Production,Ashley Wagner,EW,Terminated for Cause,Part-Time,Zone B,Part-Time,Voluntary,War good your trial second black sit.,Production       ,Executive,,Northeast,Project / Site Management,Female,2458,Other,Married,Fully Meets,3,False,,81,Entry
1965,2022-02-23,,Production,Pamela Smith,CCDR,Active,Full-Time,Zone A,Temporary,Unk,,Production       ,General Operations,,Northeast,Other,Female,2021,White,Widowed,Fully Meets,3,True,,1224,Mid
1966,2019-05-31,,Production,Jessica Klein,TNS,Active,Full-Time,Zone C,Part-Time,Unk,,Production       ,General Operations,1971,Northeast,Field Operations,Female,1040,Other,Widowed,Fully Meets,3,True,54.32717316906229,2223,Mid
1967,2019-01-29,,Production,Molly Freeman,PL,Active,Part-Time,Zone A,Part-Time,Unk,,Production       ,General Operations,1994,Northeast,Labor & Site Work,Female,2453,Other,Single,Fully Meets,3,True,30.55441478439425,2345,Entry
1968,2019-09-01,,Production,Cynthia Watkins,NEL,Active,Full-Time,Zone B,Temporary,Unk,,Production       ,General Operations,,Northeast,Labor & Site Work,Female,1887,Asian,Widowed,Fully Meets,3,True,,2130,Entry
1969,2021-01-17,2021-06-08,Production,Derek Vargas,MSC,Leave of Absence,Full-Time,Zone A,Part-Time,Retirement,Indicate mother account loss really past.,Production       ,General Operations,1975,Northeast,Project / Site Management,Female,2122,White,Single,Fully Meets,3,False,50.38740588637919,142,Entry
1970,2022-04-21,2022-04-21,Production,Mark Bradley,PYZ,Active,Part-Time,Zone C,Temporary,Retirement,Push must right.,Production       ,Field Engineering / Operations,,Northeast,Project / Site Management,Female,1886,Other,Single,Fully Meets,3,False,,0,Entry
1971,2018-09-15,2023-07-14,Production,Christopher Rodriguez,MSC,Voluntarily Terminated,Part-Time,Zone C,Full-Time,Voluntary,Glass minute shake food determine deep.,Production       ,General Operations,1994,Northeast,Field Operations,Female,2210,Other,Divorced,Fully Meets,3,False,31.38672142368241,1763,Mid
1972,2021-12-04,2022-01-07,Production,Caroline Little,EW,Active,Contract,Zone A,Temporary,Involuntary,Its card benefit dream bring.,Production       ,Field Engineering / Operations,,Northeast,Labor & Site Work,Male,2045,Asian,Single,Fully Meets,3,False,,34,Mid
1973,2019-11-14,,Production,Angela Watson,BPC,Active,Full-Time,Zone B,Full-Time,Unk,,Production       ,General Operations,1991,Northeast,Labor & Site Work,Female,2324,Black,Married,Fully Meets,3,True,33.724845995893226,2056,Mid
1974,2021-04-14,,Production,Robert Joseph,NEL,Active,Part-Time,Zone A,Temporary,Unk,,Production       ,Field Engineering / Operations,,Northeast,Project / Site Management,Female,2110,White,Widowed,Fully Meets,3,True,,1539,Entry
1975,2019-04-14,,Production,Logan Ball,SVG,Active,Contract,Zone A,Temporary,Unk,,Production       ,Project Management,,Northeast,Project / Site Management,Female,10062,Other,Divorced,Fully Meets,3,True,,2270,Entry
1976,2021-01-09,,Production,Steven Ramos,EW,Active,Full-Time,Zone C,Full-Time,Unk,,Production       ,Finance,,Northeast,Admin & Support,Female,82592,White,Single,Fully Meets,3,True,,1634,Entry
1977,2022-12-26,2023-07-04,Production,Ashley Williams,MSC,Voluntarily Terminated,Contract,Zone B,Full-Time,Voluntary,Before room than city she.,Production       ,Field Engineering / Operations,,Northeast,Field Operations,Female,4549,White,Single,Fully Meets,3,False,,190,Entry
1978,2021-10-05,2023-07-02,Production,James Foster,TNS,Voluntarily Terminated,Full-Time,Zone B,Part-Time,Voluntary,Economy choice authority responsibility.,Production       ,Finance,,Northeast,Admin & Support,Female,61287,Other,Divorced,Fully Meets,3,False,,635,Entry
1979,2022-09-25,2023-03-27,Production,Christopher Sanford,PYZ,Active,Part-Time,Zone B,Temporary,Voluntary,Let create wind fast gun heavy cold.,Production       ,Field Engineering / Operations,,Northeast,Engineering,Female,61958,Asian,Single,Fully Meets,3,False,,183,Entry
1980,2021-11-10,,Production,Heather Ramirez,WBL,Active,Part-Time,Zone C,Full-Time,Unk,,Production       ,General Operations,,Northeast,Project / Site Management,Female,37701,Hispanic,Married,Fully Meets,3,True,,1329,Entry
1981,2021-04-08,2023-07-16,Production,Amanda Mills,NEL,Active,Contract,Zone A,Temporary,Involuntary,Prevent involve hundred price.,Production       ,General Operations,,Northeast,Project / Site Management,Male,19755,Black,Divorced,Fully Meets,3,False,,829,Entry
1982,2018-11-14,,Production,Jordan Cox,PL,Active,Full-Time,Zone C,Temporary,Unk,,Production       ,General Operations,,Northeast,Project / Site Management,Female,48632,Hispanic,Married,Fully Meets,3,True,,2421,Entry
1983,2020-03-14,2022-10-22,Production,Daniel Huff,BPC,Active,Part-Time,Zone C,Full-Time,Resignation,Hold left direction. Ahead investment she.,Production       ,General Operations,,Northeast,Labor & Site Work,Female,31391,Asian,Widowed,Fully Meets,3,False,,952,Entry
1984,2020-06-24,,Production,Samantha Bryant,CCDR,Active,Full-Time,Zone B,Temporary,Unk,,Production       ,Field Engineering / Operations,1948,Northeast,Other,Female,8522,Black,Single,Fully Meets,3,True,77.38535249828884,1833,Entry
1985,2023-03-19,2023-04-04,Production,Hunter Cervantes,SVG,Active,Contract,Zone B,Temporary,Resignation,Race least white while real huge.,Production       ,General Operations,1963,Northeast,Field Operations,Female,88359,White,Widowed,Fully Meets,3,False,61.64271047227926,16,Entry
1986,2022-08-15,,Production,Samantha Wyatt,EW,Active,Contract,Zone C,Full-Time,Unk,,Production       ,Executive,,Northeast,Executive & Leadership,Female,21326,Black,Divorced,Fully Meets,3,True,,1051,Entry
1987,2018-11-09,,Production,Richard Davis II,MSC,Active,Full-Time,Zone C,Part-Time,Unk,,Production       ,General Operations,,Northeast,Admin & Support,Female,75570,White,Single,Fully Meets,3,True,,2426,Entry
1988,2018-11-23,2019-08-19,Production,Lisa Jones,TNS,Active,Contract,Zone A,Temporary,Retirement,Seven president one. Wind education reveal old.,Production       ,Field Engineering / Operations,,Northeast,Labor & Site Work,Female,97548,Black,Single,Fully Meets,3,False,,269,Entry
1989,2020-02-25,,Production,Jessica Garcia,PL,Active,Full-Time,Zone A,Temporary,Unk,,Production       ,Field Engineering / Operations,,Northeast,Labor & Site Work,Female,51952,Other,Married,Fully Meets,3,True,,1953,Mid
1990,2020-05-16,2022-05-18,Production,Jacqueline Jackson,BPC,Active,Full-Time,Zone C,Temporary,Resignation,To prevent method stand decision.,Production       ,Field Engineering / Operations,,Northeast,Labor & Site Work,Female,46806,Black,Divorced,Fully Meets,3,False,,732,Mid
1991,2019-06-18,2023-07-05,Production,Kimberly Fox,CCDR,Active,Contract,Zone B,Temporary,Involuntary,Best candidate this seem soldier summer.,Production       ,General Operations,1949,Northeast,Field Operations,Female,67662,Other,Married,Fully Meets,3,False,76.49555099247091,1478,Mid
1992,2019-05-20,2021-03-30,Production,Melissa Welch,SVG,Active,Contract,Zone A,Part-Time,Involuntary,Create who sound worry ground.,Production       ,General Operations,,Northeast,Labor & Site Work,Female,74114,White,Divorced,Fully Meets,3,False,,680,Mid
1993,2020-10-16,2021-02-12,Production,James Ferguson,EW,Active,Full-Time,Zone A,Full-Time,Voluntary,Stuff oil customer fact billion there.,Production       ,Field Engineering / Operations,,Northeast,Field Operations,Female,54589,Hispanic,Divorced,Fully Meets,3,False,,119,Mid
1994,2022-07-01,2022-11-03,Production,Michael Pope,MSC,Active,Full-Time,Zone A,Full-Time,Voluntary,Party course morning also blue.,Production       ,General Operations,,Northeast,Field Operations,Female,43526,Other,Single,Fully Meets,3,False,,125,Mid
1995,2022-12-17,,Production,Brandon Jones,TNS,Active,Contract,Zone A,Full-Time,Unk,,Production       ,Field Engineering / Operations,1978,Northeast,Field Operations,Female,22396,Other,Married,Fully Meets,3,True,46.90212183436002,927,Mid
1996,2021-10-24,2021-11-21,Production,Carrie Davidson,PYZ,Active,Part-Time,Zone A,Temporary,Resignation,Win join best machine feel.,Production       ,Field Engineering / Operations,1992,Northeast,Field Operations,Female,92216,White,Single,Fully Meets,3,False,32.97467488021903,28,Mid
1997,2019-02-28,2019-10-11,Production,Ricky Stephens,WBL,Active,Part-Time,Zone B,Full-Time,Retirement,Tv she everybody picture budget.,Production       ,Field Engineering / Operations,1990,Northeast,Project / Site Management,Female,64180,Asian,Divorced,Fully Meets,3,False,35.06091718001369,225,Mid
1998,2022-03-24,,Production,Kathleen Gonzalez,NEL,Active,Full-Time,Zone C,Part-Time,Unk,,Production       ,General Operations,,Northeast,Labor & Site Work,Female,34377,Black,Widowed,Fully Meets,3,True,,1195,Mid
1999,2021-10-17,2022-11-12,Production,Leslie Hernandez,PL,Active,Contract,Zone A,Temporary,Involuntary,Agreement cell total play relate.,Production       ,Field Engineering / Operations,,Northeast,Other,Female,65306,Other,Widowed,Fully Meets,3,False,,391,Mid
2000,2022-05-13,2022-09-12,Production,Judith Ryan,PYZ,Active,Full-Time,Zone A,Part-Time,Involuntary,Staff summer fire my game kitchen.,Production       ,General Operations,1963,Northeast,Labor & Site Work,Female,29557,Black,Widowed,Fully Meets,3,False,61.98494182067078,122,Entry
2001,2019-10-09,2023-01-06,Production,Kimberly Meyer,SVG,Voluntarily Terminated,Contract,Zone B,Full-Time,Resignation,Use eight hot bar board realize without.,Production       ,Logistics / Maintenance,,Northeast,Project / Site Management,Female,18299,White,Widowed,Fully Meets,3,False,,1185,Entry
2002,2018-10-12,2023-07-21,Production,Amanda Garcia,TNS,Voluntarily Terminated,Contract,Zone B,Temporary,Involuntary,Onto work name back goal claim reduce.,Production       ,General Operations,,Northeast,Labor & Site Work,Female,81634,White,Married,Fully Meets,3,False,,1743,Entry
2003,2020-04-13,2022-11-28,Production,Kathleen Hayes,WBL,Voluntarily Terminated,Contract,Zone B,Part-Time,Voluntary,Number environmental next shoulder kid move away.,Production       ,Logistics / Maintenance,1985,Northeast,Other,Female,48650,Other,Married,Fully Meets,3,False,40.0,959,Entry
2004,2021-04-25,,Production,Michael Austin,PYZ,Active,Contract,Zone B,Full-Time,Unk,,Production       ,Field Engineering / Operations,2001,Northeast,Engineering,Female,72181,Other,Divorced,Fully Meets,3,True,24.23819301848049,1528,Entry
2005,2018-12-21,2022-11-16,Production,Glenn Rollins,WBL,Active,Part-Time,Zone B,Part-Time,Retirement,Point himself deep audience upon door too.,Production       ,Field Engineering / Operations,1947,Northeast,Labor & Site Work,Female,53844,Asian,Widowed,Fully Meets,3,False,78.31348391512662,1426,Entry
2006,2021-09-19,,Production,Renee Valentine,NEL,Active,Contract,Zone C,Temporary,Unk,,Production       ,Executive,,Northeast,Executive & Leadership,Male,72825,Other,Married,Fully Meets,3,True,,1381,Entry
2007,2020-12-15,,Production,Elizabeth Stewart,PL,Active,Full-Time,Zone C,Temporary,Unk,,Production       ,Field Engineering / Operations,1979,Northeast,Other,Female,10308,Black,Widowed,Fully Meets,3,True,46.157426420260094,1659,Entry
2008,2019-07-15,2020-01-13,Production,Michelle Taylor,BPC,Active,Part-Time,Zone A,Temporary,Voluntary,Follow yourself child to foot.,Production       ,Field Engineering / Operations,1941,Northeast,Field Operations,Female,67443,Asian,Widowed,Fully Meets,3,False,83.82477754962355,182,Entry
2009,2021-11-17,,Production,Alexander Parker,CCDR,Active,Contract,Zone C,Temporary,Unk,,Production       ,Project Management,1997,Northeast,Engineering,Female,9141,White,Widowed,Fully Meets,3,True,27.74811772758385,1322,Entry
2010,2023-02-04,2023-06-24,Production,Eric Vincent,SVG,Active,Part-Time,Zone B,Part-Time,Resignation,Food shake indicate cost happen up president.,Production       ,Field Engineering / Operations,1949,Northeast,Labor & Site Work,Female,71663,Hispanic,Married,Fully Meets,3,False,76.31759069130733,140,Entry
2011,2022-07-03,2022-07-12,Production,Nichole Jordan,EW,Active,Contract,Zone B,Temporary,Retirement,Institution window ability miss recently around.,Production       ,Finance,1994,Northeast,Admin & Support,Female,91439,Asian,Married,Fully Meets,3,False,30.902121834360027,9,Entry
2012,2020-01-24,2022-09-14,Production,Jason Kennedy,MSC,Active,Contract,Zone B,Full-Time,Voluntary,Billion turn account cut spring.,Production       ,General Operations,1984,Northeast,Executive & Leadership,Female,44651,White,Single,Fully Meets,3,False,41.06776180698152,964,Entry
2013,2019-07-07,2021-03-27,Production,Crystal Johnson,TNS,Active,Contract,Zone A,Temporary,Voluntary,Maintain score scene attack face try wish.,Production       ,General Operations,1952,Northeast,Project / Site Management,Female,61363,Black,Widowed,Fully Meets,3,False,73.22929500342231,629,Entry
2014,2022-03-13,,Production,Corey Roberts,EW,Active,Part-Time,Zone B,Temporary,Unk,,Production       ,Field Engineering / Operations,1984,Northeast,Field Operations,Female,6175,Asian,Divorced,Fully Meets,3,True,40.63518138261465,1206,Mid
2015,2023-06-02,,Production,Nicholas Torres,MSC,Active,Part-Time,Zone B,Part-Time,Unk,,Production       ,Field Engineering / Operations,1992,Northeast,Engineering,Female,23634,White,Widowed,Fully Meets,3,True,33.322381930184804,760,Mid
2016,2021-04-08,,Production,Amy Durham,NEL,Active,Contract,Zone C,Full-Time,Unk,,Production       ,Field Engineering / Operations,1958,Northeast,Field Operations,Female,66919,White,Widowed,Fully Meets,3,True,66.74880219028063,1545,Mid
2017,2019-12-02,,Production,Miguel Brown,PL,Active,Full-Time,Zone B,Part-Time,Unk,,Production       ,Field Engineering / Operations,,Northeast,Labor & Site Work,Female,10719,Black,Single,Fully Meets,3,True,,2038,Mid
2018,2022-03-09,2023-05-18,Production,Kimberly Roth,PYZ,Active,Contract,Zone C,Temporary,Retirement,Various various decide per clear miss.,Production       ,Logistics / Maintenance,,Northeast,Admin & Support,Female,86107,Asian,Divorced,Fully Meets,3,False,,435,Mid
2019,2022-03-26,,Production,Danielle Little,SVG,Active,Full-Time,Zone C,Temporary,Unk,,Production       ,Field Engineering / Operations,1977,Northeast,Labor & Site Work,Female,65810,White,Widowed,Fully Meets,3,True,48.47638603696099,1193,Mid
2020,2021-05-08,2022-08-05,Production,Allison Fox,TNS,Active,Part-Time,Zone A,Full-Time,Involuntary,Law safe yard market likely wife case action.,Production       ,Field Engineering / Operations,,Northeast,Finance & Analysis,Female,47869,Black,Widowed,Fully Meets,3,False,,454,Mid
2021,2022-11-29,,Production,Christine Salas,WBL,Active,Part-Time,Zone A,Temporary,Unk,,Production       ,Field Engineering / Operations,1955,Northeast,Project / Site Management,Female,54120,Asian,Widowed,Fully Meets,3,True,69.55509924709104,945,Mid
2022,2019-05-24,,Production,Stephanie Bridges,BPC,Active,Contract,Zone B,Part-Time,Unk,,Production       ,Other,,Northeast,Field Operations,Female,21322,White,Divorced,Fully Meets,3,True,,2230,Mid
2023,2022-01-29,2022-04-23,Production,Sara Chapman,CCDR,Active,Part-Time,Zone C,Part-Time,Retirement,Leave probably series even avoid.,Production       ,General Operations,1962,Northeast,Project / Site Management,Female,31287,Hispanic,Divorced,Fully Meets,3,False,62.90759753593429,84,Mid
2024,2021-07-06,2022-03-14,Production,Troy Price,EW,Active,Full-Time,Zone C,Full-Time,Retirement,Range create to drive.,Production       ,Field Engineering / Operations,,Northeast,Project / Site Management,Female,5063,Asian,Single,Fully Meets,3,False,,251,Mid
2025,2021-01-29,2023-02-12,Production,Jason Johnson,MSC,Active,Part-Time,Zone C,Temporary,Resignation,Form prepare beat focus direction marriage.,Production       ,Field Engineering / Operations,1975,Northeast,Labor & Site Work,Female,90678,Asian,Single,Fully Meets,3,False,50.223134839151264,744,Mid
2026,2023-05-13,2023-06-10,Production,James White,SVG,Active,Contract,Zone A,Full-Time,Resignation,Deep new manage big picture.,Production       ,Field Engineering / Operations,,Northeast,Other,Female,5306,Hispanic,Married,Fully Meets,3,False,,28,Entry
2027,2019-05-22,,Production,Michael Ortiz,EW,Active,Part-Time,Zone A,Full-Time,Unk,,Production       ,Field Engineering / Operations,1974,Northeast,Engineering,Female,42458,Black,Single,Fully Meets,3,True,50.90759753593429,2232,Entry
2028,2021-09-30,2021-11-14,Production,Paul Wilcox,MSC,Voluntarily Terminated,Full-Time,Zone C,Temporary,Retirement,Half audience option safe.,Production       ,Field Engineering / Operations,1981,Northeast,Field Operations,Female,77958,Hispanic,Widowed,Fully Meets,3,False,44.16427104722793,45,Entry
2029,2019-09-09,,Production,Alyssa Garrett,TNS,Active,Contract,Zone C,Full-Time,Unk,,Production       ,General Operations,,Northeast,Finance & Analysis,Female,84191,Black,Single,Fully Meets,3,True,,2122,Entry
2030,2019-04-26,2019-05-13,Production,Nicole Rodriguez,PYZ,Active,Full-Time,Zone B,Full-Time,Resignation,Station opportunity already agency blood answer.,Production       ,Field Engineering / Operations,,Northeast,Field Operations,Female,34988,Asian,Married,Fully Meets,3,False,,17,Entry
2031,2022-02-19,2023-04-05,Production,Mary Clark,WBL,Active,Full-Time,Zone C,Full-Time,Involuntary,Smile friend too now move end institution.,Production       ,Project Management,,Northeast,Project / Site Management,Male,8786,Asian,Married,Fully Meets,3,False,,410,Entry
2032,2022-04-16,2022-12-25,Production,Daniel Stafford,NEL,Active,Contract,Zone C,Part-Time,Retirement,Participant under home.,Production       ,Field Engineering / Operations,1996,Northeast,Field Operations,Male,19087,Asian,Divorced,Fully Meets,3,False,28.65160848733744,253,Entry
2033,2022-05-12,,Production,Christopher White,PL,Active,Full-Time,Zone A,Full-Time,Unk,,Production       ,General Operations,,Northeast,Labor & Site Work,Female,47570,White,Divorced,Fully Meets,3,True,,1146,Entry
2034,2021-08-26,2023-08-03,Production,Randall Hill,BPC,Active,Full-Time,Zone C,Part-Time,Voluntary,Manage expert such rate stand.,Production       ,Field Engineering / Operations,,Northeast,Other,Female,95951,Asian,Married,Fully Meets,3,False,,707,Entry
2035,2020-06-06,2021-11-23,Production,Alicia Horton,CCDR,Active,Full-Time,Zone C,Full-Time,Retirement,Race a way theory analysis.,Production       ,Field Engineering / Operations,,Northeast,Field Operations,Female,44292,Asian,Married,Fully Meets,3,False,,535,Entry
2036,2022-06-26,,Production,Melinda Brown,SVG,Active,Contract,Zone A,Part-Time,Unk,,Production       ,Field Engineering / Operations,,Northeast,Labor & Site Work,Female,1372,Asian,Single,Fully Meets,3,True,,1101,Entry
2037,2021-01-09,2022-05-14,Production,Keith Morrison,EW,Active,Contract,Zone C,Full-Time,Involuntary,Present trip year.,Production       ,General Operations,,Northeast,Admin & Support,Female,14973,White,Married,Fully Meets,3,False,,490,Entry
2038,2018-09-02,,Production,Pamela Calderon,MSC,Active,Part-Time,Zone A,Temporary,Unk,,Production       ,Field Engineering / Operations,2001,Northeast,Project / Site Management,Female,81445,Black,Married,Fully Meets,3,True,24.15879534565366,2494,Entry
2039,2022-04-22,,Production,Andrea Riley,TNS,Active,Full-Time,Zone B,Full-Time,Unk,,Production       ,Field Engineering / Operations,1957,Northeast,Field Operations,Female,29345,White,Single,Fully Meets,3,True,67.73990417522245,1166,Entry
2040,2021-12-05,2023-06-26,Production,Eric Walton,NEL,Future Start,Contract,Zone B,Temporary,Involuntary,Impact central buy top section.,Production       ,General Operations,1949,Northeast,Field Operations,Female,33621,Other,Divorced,Fully Meets,3,False,75.5728952772074,568,Mid
2041,2022-09-13,,Production,Tina Jenkins,PL,Active,Part-Time,Zone C,Part-Time,Unk,,Production       ,General Operations,,Northeast,Labor & Site Work,Female,91981,Black,Single,Fully Meets,3,True,,1022,Mid
2042,2019-11-24,,Production,Logan Middleton,BPC,Active,Part-Time,Zone C,Part-Time,Unk,,Production       ,General Operations,,Northeast,Field Operations,Female,79529,White,Married,Fully Meets,3,True,,2046,Mid
2043,2020-03-19,,Production,Michelle Coleman,CCDR,Active,Contract,Zone C,Part-Time,Unk,,Production       ,Field Engineering / Operations,,Northeast,Field Operations,Female,7492,White,Married,Fully Meets,3,True,,1930,Mid
2044,2022-09-14,,Production,Christina Baldwin,SVG,Active,Contract,Zone C,Full-Time,Unk,,Production       ,Field Engineering / Operations,,Northeast,Field Operations,Female,16589,Black,Married,Fully Meets,3,True,,1021,Mid
2045,2021-09-21,,Production,Ricky Reyes,EW,Active,Part-Time,Zone A,Part-Time,Unk,,Production       ,Field Engineering / Operations,,Northeast,Engineering,Female,39813,Other,Divorced,Fully Meets,3,True,,1379,Mid
2046,2020-05-22,,Production,Rachel Nicholson,MSC,Active,Part-Time,Zone C,Part-Time,Unk,,Production       ,Project Management,,Northeast,Project / Site Management,Female,31663,Asian,Widowed,Fully Meets,3,True,,1866,Mid
2047,2022-12-13,,Production,Jacob Smith,TNS,Active,Contract,Zone A,Part-Time,Unk,,Production       ,Field Engineering / Operations,,Northeast,Labor & Site Work,Female,26502,White,Single,Fully Meets,3,True,,931,Mid
2048,2022-02-07,,Production,Adam Bates,PYZ,Active,Contract,Zone B,Part-Time,Unk,,Production       ,Field Engineering / Operations,1995,Northeast,Labor & Site Work,Female,4321,Asian,Married,Fully Meets,3,True,30.236824093086927,1240,Mid
2049,2020-10-06,,Production,Thomas Richard,WBL,Active,Contract,Zone A,Full-Time,Unk,,Production       ,Field Engineering / Operations,1942,Northeast,Labor & Site Work,Female,93573,Asian,Widowed,Fully Meets,3,True,83.15126625598904,1729,Mid
2050,2022-01-11,2022-12-16,Production,Lisa Smith,NEL,Active,Full-Time,Zone C,Full-Time,Retirement,Top whether good.,Production       ,Other,1953,Northeast,Health & Safety,Female,17084,White,Widowed,Fully Meets,3,False,72.40520191649556,339,Mid
2051,2022-02-26,,Production,Desiree Jennings,CCDR,Active,Part-Time,Zone C,Temporary,Unk,,Production       ,Field Engineering / Operations,,Northeast,Labor & Site Work,Female,18433,Black,Single,Fully Meets,3,True,,1221,Entry
2052,2020-06-10,2022-11-13,Production,Dr. Donald Henry,SVG,Active,Part-Time,Zone B,Part-Time,Involuntary,Mean car law read friend growth.,Production       ,Field Engineering / Operations,1956,Northeast,Labor & Site Work,Female,61020,Hispanic,Married,Fully Meets,3,False,69.13620807665983,886,Entry
2053,2021-09-27,,Production,Curtis Gonzales,EW,Active,Part-Time,Zone B,Temporary,Unk,,Production       ,Field Engineering / Operations,1989,Northeast,Engineering,Female,34501,White,Divorced,Fully Meets,3,True,36.38877481177276,1373,Entry
2054,2018-10-25,2021-10-15,Production,Shawn Acosta,MSC,Active,Contract,Zone C,Temporary,Voluntary,Anyone include world claim up.,Production       ,Project Management,,Northeast,Project / Site Management,Female,41617,Black,Married,Fully Meets,3,False,,1086,Entry
2055,2020-11-25,,Production,Jamie Hernandez,TNS,Active,Contract,Zone A,Full-Time,Unk,,Production       ,Field Engineering / Operations,,Northeast,Executive & Leadership,Female,70318,White,Divorced,Fully Meets,3,True,,1679,Entry
2056,2020-04-17,2022-02-26,Production,Abigail Cooper,PYZ,Active,Contract,Zone A,Full-Time,Voluntary,Stock about front themselves list value.,Production       ,Field Engineering / Operations,,Northeast,Labor & Site Work,Female,69455,White,Divorced,Fully Meets,3,False,,680,Entry
2057,2021-04-15,,Production,Amanda Jones,WBL,Active,Contract,Zone C,Part-Time,Unk,,Production       ,Field Engineering / Operations,,Northeast,Labor & Site Work,Male,28907,Hispanic,Married,Fully Meets,3,True,,1538,Entry
2058,2022-04-17,2022-06-03,Production,Stephanie Morales,NEL,Active,Full-Time,Zone A,Temporary,Resignation,Provide pick upon green event himself.,Production       ,Field Engineering / Operations,,Northeast,Labor & Site Work,Male,9125,White,Divorced,Fully Meets,3,False,,47,Entry
2059,2023-07-29,2023-08-06,Production,Sally Owens,PL,Voluntarily Terminated,Full-Time,Zone C,Temporary,Retirement,Issue administration collection.,Production       ,General Operations,,Northeast,Labor & Site Work,Female,7499,White,Married,Fully Meets,3,False,,8,Entry
2060,2023-01-26,,Production,David Perkins,BPC,Active,Part-Time,Zone C,Part-Time,Unk,,Production       ,Field Engineering / Operations,,Northeast,Field Operations,Female,96077,Asian,Divorced,Fully Meets,3,True,,887,Entry
2061,2018-12-12,,Production,Natasha Dennis,CCDR,Active,Full-Time,Zone A,Full-Time,Unk,,Production       ,Field Engineering / Operations,1946,Northeast,Field Operations,Female,55355,Other,Married,Fully Meets,3,True,78.90212183436003,2393,Entry
2062,2018-10-25,,Production,Regina Roberts,SVG,Active,Contract,Zone C,Temporary,Unk,,Production       ,Project Management,,Northeast,Labor & Site Work,Female,35346,Hispanic,Single,Fully Meets,3,True,,2441,Entry
2063,2021-05-20,,Production,Raymond Johnson,EW,Active,Contract,Zone B,Full-Time,Unk,,Production       ,Field Engineering / Operations,,Northeast,Labor & Site Work,Female,72585,Hispanic,Married,Fully Meets,3,True,,1503,Entry
2064,2020-08-28,2020-12-26,Production,Nicholas Freeman,MSC,Active,Part-Time,Zone C,Full-Time,Resignation,Maintain catch look. Wide local natural.,Production       ,Finance,1964,Northeast,Executive & Leadership,Female,32823,White,Single,Fully Meets,3,False,61.14168377823409,120,Entry
2065,2020-05-10,,Production,Yesenia Sandoval,EW,Active,Contract,Zone C,Full-Time,Unk,,Production       ,Field Engineering / Operations,,Northeast,Labor & Site Work,Female,18169,Other,Single,Fully Meets,3,True,,1878,Mid
2066,2023-08-04,2023-08-04,Production,Lisa Bryant,MSC,Active,Contract,Zone A,Full-Time,Voluntary,Yeah deal great thousand church least fact.,Production       ,Project Management,,Northeast,Project / Site Management,Female,71853,Asian,Single,Fully Meets,3,False,,0,Mid
2067,2022-04-22,,Production,Ariana Campbell MD,NEL,Active,Full-Time,Zone C,Part-Time,Unk,,Production       ,Field Engineering / Operations,,Northeast,Project / Site Management,Female,97487,White,Divorced,Fully Meets,3,True,,1166,Mid
2068,2021-06-05,,Production,William Mccall DDS,PL,Active,Contract,Zone C,Part-Time,Unk,,Production       ,Field Engineering / Operations,1962,Northeast,Labor & Site Work,Female,53645,White,Divorced,Fully Meets,3,True,62.8145106091718,1487,Mid
2069,2022-06-29,,Production,William Wagner,PYZ,Active,Full-Time,Zone C,Temporary,Unk,,Production       ,Field Engineering / Operations,,Northeast,Project / Site Management,Female,43569,Other,Widowed,Fully Meets,3,True,,1098,Mid
2070,2022-07-02,,Production,David Collins,SVG,Active,Contract,Zone A,Full-Time,Unk,,Production       ,Field Engineering / Operations,,Northeast,Field Operations,Female,38800,White,Divorced,Fully Meets,3,True,,1095,Mid
2071,2023-01-04,,Production,Jessica Matthews,TNS,Active,Contract,Zone A,Full-Time,Unk,,Production       ,Field Engineering / Operations,,Northeast,Labor & Site Work,Female,72287,White,Widowed,Fully Meets,3,True,,909,Mid
2072,2023-07-08,,Production,William Walters,WBL,Active,Contract,Zone A,Temporary,Unk,,Production       ,Project Management,1980,Northeast,Engineering,Female,37599,White,Single,Fully Meets,3,True,44.81314168377824,724,Mid
2073,2023-03-03,2023-08-06,Production,Daniel Lee,PYZ,Active,Part-Time,Zone B,Full-Time,Involuntary,Drug remain total marriage ago raise.,Production       ,Field Engineering / Operations,,Northeast,Project / Site Management,Female,52861,Hispanic,Single,Fully Meets,3,False,,156,Mid
2074,2019-08-19,,Production,Michelle Williams,WBL,Active,Part-Time,Zone B,Full-Time,Unk,,Production       ,Field Engineering / Operations,,Northeast,Project / Site Management,Female,11079,Hispanic,Widowed,Fully Meets,3,True,,2143,Mid
2075,2018-10-30,,Production,Vicki Ortega,NEL,Active,Contract,Zone A,Full-Time,Unk,,Production       ,Project Management,,Northeast,Project / Site Management,Female,88221,Other,Married,Fully Meets,3,True,,2436,Entry
2076,2021-12-07,2023-01-02,Production,David Simpson,PL,Active,Full-Time,Zone A,Full-Time,Voluntary,Yeah quickly speech hold. Hard image wall large.,Production       ,Field Engineering / Operations,,Northeast,Project / Site Management,Female,83667,Black,Divorced,Fully Meets,3,False,,391,Entry
2077,2020-11-18,2021-02-13,Production,Christina Serrano,PYZ,Active,Full-Time,Zone A,Temporary,Resignation,Decide material save personal media.,Production       ,General Operations,,Northeast,Project / Site Management,Female,50403,Asian,Married,Fully Meets,3,False,,87,Entry
2078,2018-09-26,2019-10-15,Production,Yolanda Sanders,SVG,Voluntarily Terminated,Full-Time,Zone B,Temporary,Voluntary,Until factor claim chance.,Production       ,Field Engineering / Operations,,Northeast,Labor & Site Work,Female,50499,White,Single,Fully Meets,3,False,,384,Entry
2079,2022-06-19,,Production,Michael Potts,TNS,Active,Part-Time,Zone B,Part-Time,Unk,,Production       ,General Operations,1956,Northeast,Labor & Site Work,Female,60487,White,Married,Fully Meets,3,True,69.05133470225873,1108,Entry
2080,2022-09-15,2023-02-14,Production,Alexander Martin,WBL,Active,Contract,Zone B,Temporary,Involuntary,Serve bill write instead pressure life anyone.,Production       ,Field Engineering / Operations,1960,Northeast,Project / Site Management,Female,34104,Other,Married,Fully Meets,3,False,64.65708418891171,152,Entry
2081,2020-05-09,,Production,Kaylee Gross,BPC,Active,Part-Time,Zone A,Temporary,Unk,,Production       ,Field Engineering / Operations,1988,Northeast,Project / Site Management,Female,84354,Asian,Married,Fully Meets,3,True,37.06228610540725,1879,Entry
2082,2021-02-17,,Production,Antonio Hayes,CCDR,Active,Contract,Zone C,Temporary,Unk,,Production       ,Field Engineering / Operations,1961,Northeast,Labor & Site Work,Male,53786,Black,Single,Fully Meets,3,True,64.47638603696099,1595,Entry
2083,2020-04-12,,Production,Barbara Mendez,EW,Active,Contract,Zone C,Temporary,Unk,,Production       ,Field Engineering / Operations,,Northeast,Field Operations,Female,92893,Hispanic,Divorced,Fully Meets,3,True,,1906,Entry
2084,2021-03-30,,Production,Steven Phelps,MSC,Active,Contract,Zone B,Full-Time,Unk,,Production       ,Sales & Marketing,1971,Northeast,Admin & Support,Female,77142,Hispanic,Divorced,Fully Meets,3,True,54.39835728952772,1554,Entry
2085,2019-05-05,2022-01-11,Production,Dana Parker,NEL,Active,Contract,Zone C,Full-Time,Voluntary,Customer make camera truth.,Production       ,Field Engineering / Operations,1999,Northeast,Engineering,Female,8666,Asian,Married,Fully Meets,3,False,25.971252566735117,982,Entry
2086,2021-05-31,2021-11-12,Production,Steven Short,PL,Active,Contract,Zone A,Part-Time,Retirement,Capital course trade.,Production       ,General Operations,,Northeast,Labor & Site Work,Female,26272,Asian,Divorced,Fully Meets,3,False,,165,Entry
2087,2019-11-21,2020-06-24,Production,Drew Hawkins,PYZ,Active,Part-Time,Zone A,Full-Time,Involuntary,Per record feeling bed tax education.,Production       ,Field Engineering / Operations,,Northeast,Labor & Site Work,Female,11105,Black,Widowed,Fully Meets,3,False,,216,Entry
2088,2019-07-19,,Production,Wendy Adams,SVG,Active,Contract,Zone B,Full-Time,Unk,,Production       ,Logistics / Maintenance,,Northeast,Project / Site Management,Female,37040,White,Divorced,Fully Meets,3,True,,2174,Entry
2089,2018-12-29,2020-07-04,Production,Zachary Hanson,TNS,Active,Contract,Zone C,Part-Time,Voluntary,Upon situation late.,Production       ,IT,1966,Northeast,Executive & Leadership,Female,93414,White,Married,Fully Meets,3,False,59.07460643394935,553,Entry
2090,2023-01-12,,Production,Michelle Dickerson,EW,Active,Part-Time,Zone B,Full-Time,Unk,,Production       ,General Operations,,Northeast,Admin & Support,Female,33206,Asian,Divorced,Fully Meets,3,True,,901,Mid
2091,2022-11-25,,Production,Christopher Wallace,MSC,Active,Contract,Zone C,Part-Time,Unk,,Production       ,Field Engineering / Operations,,Northeast,Other,Female,72118,Black,Single,Fully Meets,3,True,,949,Mid
2092,2019-11-13,,Production,Sean Jones,NEL,Active,Part-Time,Zone C,Full-Time,Unk,,Production       ,Field Engineering / Operations,1987,Northeast,Labor & Site Work,Female,36134,Asian,Widowed,Fully Meets,3,True,37.80971937029432,2057,Mid
2093,2020-09-08,2022-08-24,Production,Harold Mccullough,PL,Active,Contract,Zone A,Temporary,Resignation,Opportunity place deal.,Production       ,General Operations,1948,Northeast,Field Operations,Female,18116,Hispanic,Married,Fully Meets,3,False,77.15263518138262,715,Mid
2094,2019-06-16,2021-09-07,Production,Andrew Norton,PYZ,Active,Part-Time,Zone C,Part-Time,Involuntary,Same manage return husband try general.,Production       ,Field Engineering / Operations,1964,Northeast,Labor & Site Work,Female,67210,Black,Married,Fully Meets,3,False,61.46748802190281,814,Mid
2095,2023-07-14,2023-07-16,Production,Allen Mckinney,SVG,Active,Full-Time,Zone A,Full-Time,Retirement,Night official cut director seven.,Production       ,Project Management,,Northeast,Project / Site Management,Female,60616,Other,Divorced,Fully Meets,3,False,,2,Mid
2096,2023-07-18,,Production,Stephen Knight,TNS,Active,Contract,Zone C,Full-Time,Unk,,Production       ,Field Engineering / Operations,,Northeast,Project / Site Management,Female,17358,Black,Single,Fully Meets,3,True,,714,Mid
2097,2018-12-06,2019-04-09,Production,Kenneth Mathews,WBL,Active,Part-Time,Zone C,Full-Time,Retirement,Laugh effort pressure fund.,Production       ,Field Engineering / Operations,,Northeast,Field Operations,Female,29605,Black,Widowed,PIP,2,False,,124,Mid
2098,2020-07-15,,Production,Robert Mercado,BPC,Active,Part-Time,Zone B,Temporary,Unk,,Production       ,Field Engineering / Operations,,Northeast,Labor & Site Work,Female,51886,Other,Divorced,PIP,5,True,,1812,Mid
2099,2018-10-30,,Production,Victor Graves DVM,BPC,Active,Full-Time,Zone B,Part-Time,Unk,,Production       ,General Operations,,Northeast,Executive & Leadership,Female,66261,Hispanic,Widowed,PIP,4,True,,2436,Entry
2100,2022-09-13,,Production,Tracey Jackson,CCDR,Active,Contract,Zone A,Temporary,Unk,,Production       ,Field Engineering / Operations,,Northeast,Project / Site Management,Female,26880,Other,Divorced,Exceeds,4,True,,1022,Entry
2101,2022-12-28,2023-05-13,Production,Sarah Carter,SVG,Voluntarily Terminated,Full-Time,Zone B,Temporary,Involuntary,Even third look high.,Production       ,Field Engineering / Operations,,Northeast,Engineering,Female,35098,Hispanic,Married,PIP,5,False,,136,Entry
2102,2023-03-24,,Production,Jose Harris,EW,Active,Part-Time,Zone B,Part-Time,Unk,,Production       ,Field Engineering / Operations,,Northeast,Field Operations,Female,90728,Asian,Single,Exceeds,2,True,,830,Entry
2103,2020-10-02,,Production,Stephen Lester,MSC,Active,Contract,Zone A,Full-Time,Unk,,Production       ,Field Engineering / Operations,,Northeast,Project / Site Management,Female,49149,Asian,Widowed,Exceeds,5,True,,1733,Entry
2104,2020-09-14,,Production,Ana Trujillo,TNS,Active,Contract,Zone A,Temporary,Unk,,Production       ,Field Engineering / Operations,,Northeast,Labor & Site Work,Female,73771,Hispanic,Widowed,Exceeds,2,True,,1751,Entry
2105,2020-01-19,,Production,Jennifer Campbell,PYZ,Active,Part-Time,Zone C,Part-Time,Unk,,Production       ,General Operations,,Northeast,Project / Site Management,Female,92541,Hispanic,Single,Needs Improvement,4,True,,1990,Entry
2106,2019-04-14,2023-01-20,Production,Timothy Walters,WBL,Active,Contract,Zone C,Temporary,Resignation,No even actually meet though three.,Production       ,Field Engineering / Operations,,Northeast,Project / Site Management,Male,47601,White,Widowed,Exceeds,2,False,,1377,Entry
2107,2023-06-02,2023-07-24,Production,Jesse Gilmore,NEL,Active,Contract,Zone B,Temporary,Retirement,Cell push simply. Career situation record entire.,Production       ,Field Engineering / Operations,,Northeast,Project / Site Management,Female,68361,Hispanic,Widowed,Exceeds,1,False,,52,Entry
2108,2022-05-09,2023-01-03,Production,Austin Brown,PL,Voluntarily Terminated,Part-Time,Zone A,Temporary,Retirement,Herself Mr office bed.,Production       ,Field Engineering / Operations,,Northeast,Field Operations,Female,71922,White,Widowed,Needs Improvement,2,False,,239,Entry
2109,2021-02-23,,Production,Jeremiah Harper,BPC,Active,Part-Time,Zone C,Part-Time,Unk,,Production       ,Field Engineering / Operations,,Northeast,Field Operations,Female,51689,Other,Divorced,Exceeds,5,True,,1589,Entry
2110,2021-06-04,,Production,Jessica Shaffer,CCDR,Active,Contract,Zone C,Temporary,Unk,,Production       ,General Operations,,Northeast,Executive & Leadership,Female,97553,Black,Single,Exceeds,4,True,,1488,Entry
2111,2022-03-29,2022-07-30,Production,Sharon Salas,SVG,Active,Full-Time,Zone A,Temporary,Involuntary,Arrive allow reveal move.,Production       ,General Operations,,Northeast,Field Operations,Female,92067,Asian,Single,Needs Improvement,5,False,,123,Entry
2112,2019-07-30,2020-01-21,Production,Cristina Davis,EW,Active,Part-Time,Zone B,Temporary,Voluntary,Guy present clear.,Production       ,Field Engineering / Operations,,Northeast,Field Operations,Female,65114,Other,Widowed,Exceeds,4,False,,175,Entry
2113,2020-07-09,2022-12-10,Production,Lisa Manning,MSC,Active,Part-Time,Zone B,Full-Time,Involuntary,Out phone market. Time parent economy each.,Production       ,General Operations,,Northeast,Admin & Support,Female,9677,White,Widowed,Exceeds,2,False,,884,Entry
2114,2019-08-24,,Production,Caitlin Stokes,NEL,Active,Contract,Zone C,Part-Time,Unk,,Production       ,Field Engineering / Operations,,Northeast,Project / Site Management,Female,38475,White,Single,Exceeds,4,True,,2138,Mid
2115,2019-04-15,2023-05-10,Production,Kristin White,PL,Active,Contract,Zone A,Part-Time,Voluntary,Although center movement stock. While you local.,Production       ,Consulting / Client Delivery,,Northeast,Engineering,Female,25166,Asian,Married,Exceeds,2,False,,1486,Mid
2116,2021-08-21,,Production,David Cook,BPC,Active,Part-Time,Zone C,Full-Time,Unk,,Production       ,Field Engineering / Operations,1946,Northeast,Engineering,Female,81288,Black,Divorced,Needs Improvement,4,True,78.82546201232033,1410,Mid
2117,2020-06-22,,Production,Blake Proctor,CCDR,Active,Full-Time,Zone B,Full-Time,Unk,,Production       ,Field Engineering / Operations,,Northeast,Labor & Site Work,Female,45637,Hispanic,Divorced,Exceeds,2,True,,1835,Mid
2118,2020-01-28,,Production,Sherry Le,SVG,Active,Part-Time,Zone C,Temporary,Unk,,Production       ,Project Management,2000,Northeast,Project / Site Management,Female,41529,White,Widowed,Exceeds,5,True,24.648870636550303,1981,Mid
2119,2019-03-29,,Production,Susan Smith,EW,Active,Part-Time,Zone A,Temporary,Unk,,Production       ,General Operations,1941,Northeast,Project / Site Management,Female,72491,White,Married,Exceeds,5,True,83.80561259411363,2286,Mid
2120,2018-10-05,,Production,William Waters,MSC,Active,Contract,Zone C,Full-Time,Unk,,Production       ,Field Engineering / Operations,,Northeast,Field Operations,Female,66867,Asian,Divorced,Needs Improvement,2,True,,2461,Mid
2121,2020-08-20,,Production,Angel Rhodes,TNS,Active,Part-Time,Zone A,Full-Time,Unk,,Production       ,Field Engineering / Operations,1998,Northeast,Other,Female,12265,Asian,Married,Exceeds,5,True,26.803559206023277,1776,Mid
2122,2021-06-11,2022-11-14,Production,William Thomas,BPC,Active,Full-Time,Zone C,Temporary,Resignation,Company event positive along avoid.,Production       ,General Operations,,Northeast,Other,Female,65636,Asian,Married,Needs Improvement,5,False,,521,Entry
2123,2021-09-10,,Production,Jackie Tran,CCDR,Active,Contract,Zone B,Temporary,Unk,,Production       ,Field Engineering / Operations,1979,Northeast,Project / Site Management,Female,96364,White,Widowed,Exceeds,2,True,46.38193018480493,1390,Entry
2124,2023-02-21,2023-07-09,Production,Kristin Lee,SVG,Voluntarily Terminated,Contract,Zone B,Temporary,Voluntary,New serve test what conference management.,Production       ,Field Engineering / Operations,1950,Northeast,Labor & Site Work,Female,42707,White,Single,Exceeds,2,False,74.89390828199863,138,Entry
2125,2019-08-09,,Production,Sean Ayers,EW,Active,Full-Time,Zone B,Part-Time,Unk,,Production       ,Field Engineering / Operations,,Northeast,Project / Site Management,Female,1514,White,Divorced,Exceeds,4,True,,2153,Entry
2126,2021-03-08,2022-10-07,Production,Steven Logan,MSC,Active,Part-Time,Zone C,Temporary,Involuntary,Will cut garden exist ability its human.,Production       ,IT,,Northeast,Other,Female,35121,Black,Married,PIP,1,False,,578,Entry
2127,2019-07-20,,Production,Pamela Davis,TNS,Active,Contract,Zone A,Part-Time,Unk,,Production       ,Field Engineering / Operations,,Northeast,Project / Site Management,Female,36490,Black,Single,Needs Improvement,4,True,,2173,Entry
2128,2023-03-27,,Production,Catherine Lane,PYZ,Active,Full-Time,Zone A,Temporary,Unk,,Production       ,Field Engineering / Operations,1955,Northeast,Project / Site Management,Female,85293,Black,Widowed,Needs Improvement,2,True,69.74674880219028,827,Entry
2129,2019-10-07,,Production,Samantha Alexander,WBL,Active,Part-Time,Zone B,Temporary,Unk,,Production       ,Field Engineering / Operations,1988,Northeast,Field Operations,Male,40632,Other,Divorced,Needs Improvement,2,True,37.40999315537303,2094,Entry
2130,2022-12-13,,Production,Jade Quinn,NEL,Active,Contract,Zone C,Part-Time,Unk,,Production       ,Field Engineering / Operations,,Northeast,Field Operations,Female,54337,Other,Married,Needs Improvement,1,True,,931,Entry
2131,2020-06-06,2022-03-12,Production,John Harvey,PL,Voluntarily Terminated,Part-Time,Zone C,Part-Time,Resignation,Dream enough treatment knowledge area.,Production       ,Field Engineering / Operations,1951,Northeast,Labor & Site Work,Female,88590,Black,Widowed,Needs Improvement,4,False,74.30527036276523,644,Entry
2132,2022-04-25,,Production,Christine Campbell,BPC,Active,Full-Time,Zone A,Full-Time,Unk,,Production       ,Field Engineering / Operations,,Northeast,Field Operations,Female,70052,Other,Widowed,Needs Improvement,2,True,,1163,Entry
2133,2020-07-28,,Production,Adriana Wood,CCDR,Active,Contract,Zone A,Full-Time,Unk,,Production       ,Field Engineering / Operations,,Northeast,Field Operations,Female,88134,Black,Single,PIP,1,True,,1799,Entry
2134,2022-02-28,2023-05-31,Production,Vanessa Garcia,SVG,Active,Part-Time,Zone B,Temporary,Resignation,Out always about must with ago here.,Production       ,Field Engineering / Operations,2001,Northeast,Project / Site Management,Female,36904,Hispanic,Widowed,Exceeds,2,False,23.978097193702943,457,Entry
2135,2021-10-25,2023-02-18,Production,Shaun Barr,EW,Active,Contract,Zone A,Part-Time,Voluntary,Board from heart ago allow list.,Production       ,Field Engineering / Operations,,Northeast,Field Operations,Female,65653,Asian,Married,Exceeds,2,False,,481,Entry
2136,2018-09-12,2020-07-11,Production,Elizabeth Ray,MSC,Active,Part-Time,Zone A,Part-Time,Involuntary,Despite expect democratic then affect toward.,Production       ,Field Engineering / Operations,1991,Northeast,Labor & Site Work,Female,19006,Other,Divorced,Exceeds,1,False,33.73032169746749,668,Entry
2137,2022-12-31,2023-01-15,Production,Joseph Guerra,CCDR,Future Start,Contract,Zone B,Full-Time,Involuntary,Fight perhaps along western.,Production       ,General Operations,,Northeast,Labor & Site Work,Female,53948,Black,Married,Exceeds,5,False,,15,Mid
2138,2021-11-04,2023-06-10,Production,Charles Castillo,EW,Active,Contract,Zone C,Temporary,Involuntary,Direction garden particularly trial.,Production       ,Project Management,1966,Northeast,Executive & Leadership,Female,69346,Hispanic,Divorced,Exceeds,2,False,58.888432580424364,583,Mid
2139,2020-05-05,,Production,Laura Fernandez,MSC,Active,Part-Time,Zone B,Full-Time,Unk,,Production       ,Field Engineering / Operations,,Northeast,Labor & Site Work,Female,3763,White,Widowed,Exceeds,2,True,,1883,Mid
2140,2020-12-08,,Production,Christine Bryant,NEL,Active,Contract,Zone A,Part-Time,Unk,,Production       ,Field Engineering / Operations,,Northeast,Project / Site Management,Female,74489,Black,Widowed,Exceeds,2,True,,1666,Mid
2141,2018-09-29,2023-05-20,Production,Andrea Simmons,PL,Active,Contract,Zone C,Full-Time,Resignation,Many with summer.,Production       ,Field Engineering / Operations,,Northeast,Project / Site Management,Female,73814,Hispanic,Married,Exceeds,2,False,,1694,Mid
2142,2020-01-09,2020-11-02,Production,Jill Hubbard,PYZ,Active,Contract,Zone A,Temporary,Involuntary,Often his world its threat last.,Production       ,Field Engineering / Operations,,Northeast,Engineering,Female,40697,Other,Widowed,Exceeds,2,False,,298,Mid
2143,2020-07-01,2022-10-31,Production,Jessica Morales,SVG,Future Start,Contract,Zone A,Temporary,Involuntary,Gas group whose within step clear choose.,Production       ,Logistics / Maintenance,,Northeast,Project / Site Management,Female,46121,Asian,Divorced,Exceeds,1,False,,852,Mid
2144,2022-08-25,,Production,Matthew Valdez,TNS,Active,Full-Time,Zone B,Temporary,Unk,,Production       ,Field Engineering / Operations,,Northeast,Labor & Site Work,Female,80572,Hispanic,Divorced,Exceeds,2,True,,1041,Mid
2145,2019-02-27,,Production,Alex Price,WBL,Active,Full-Time,Zone A,Full-Time,Unk,,Production       ,General Operations,1989,Northeast,Project / Site Management,Female,58886,Other,Divorced,Exceeds,1,True,35.73990417522245,2316,Mid
2146,2019-12-25,2023-06-04,Production,Jerry Peters,MSC,Voluntarily Terminated,Full-Time,Zone A,Temporary,Resignation,Line close that rich.,Production       ,Field Engineering / Operations,1943,Northeast,Admin & Support,Female,73772,Other,Divorced,Exceeds,2,False,81.65913757700206,1257,Entry
2147,2020-08-14,2021-10-27,Production,Jessica Myers,NEL,Active,Contract,Zone B,Temporary,Involuntary,Gas also suffer air support size make.,Production       ,Field Engineering / Operations,1981,Northeast,Field Operations,Female,80599,Hispanic,Divorced,Exceeds,4,False,43.64955509924709,439,Entry
2148,2021-07-30,,Production,Andrea Morales,PL,Active,Full-Time,Zone A,Full-Time,Unk,,Production       ,Field Engineering / Operations,,Northeast,Other,Female,75427,Black,Widowed,Exceeds,5,True,,1432,Entry
2149,2021-05-02,2023-06-27,Production,Charles Williams,PYZ,Voluntarily Terminated,Full-Time,Zone A,Temporary,Involuntary,Development produce health drop should.,Production       ,Project Management,,Northeast,Project / Site Management,Female,90636,White,Single,Exceeds,5,False,,786,Entry
2150,2023-01-21,2023-03-29,Production,Eric Rivera,SVG,Active,Full-Time,Zone B,Full-Time,Voluntary,Onto brother heavy this job.,Production       ,Field Engineering / Operations,1971,Northeast,Other,Female,73850,Asian,Widowed,Exceeds,5,False,53.73579739904175,67,Entry
2151,2021-01-20,2023-06-27,Production,Jimmy Watkins,TNS,Active,Contract,Zone B,Temporary,Involuntary,Cut mind yard third.,Production       ,Field Engineering / Operations,1950,Northeast,Engineering,Female,47622,Hispanic,Married,Exceeds,1,False,74.57084188911705,888,Entry
2152,2020-10-07,,Production,Keith Odonnell,WBL,Active,Part-Time,Zone C,Temporary,Unk,,Production       ,Field Engineering / Operations,1956,Northeast,Project / Site Management,Female,70069,White,Widowed,Exceeds,2,True,69.48117727583846,1728,Entry
2153,2019-06-15,,Production,Isaiah Giles,BPC,Active,Contract,Zone C,Part-Time,Unk,,Production       ,Project Management,1944,Northeast,Admin & Support,Female,58613,Other,Married,Exceeds,4,True,80.80492813141684,2208,Entry
2154,2022-04-28,,Production,Steven Mccarthy,CCDR,Active,Part-Time,Zone A,Temporary,Unk,,Production       ,Field Engineering / Operations,1975,Northeast,Field Operations,Male,3793,Other,Married,Exceeds,4,True,49.81245722108145,1160,Entry
2155,2019-06-29,2023-02-19,Production,Jesse Montoya,EW,Voluntarily Terminated,Part-Time,Zone B,Full-Time,Resignation,See take music any idea same military.,Production       ,Finance,,Northeast,Project / Site Management,Female,72455,Other,Single,Exceeds,4,False,,1331,Entry
2156,2018-09-11,2020-03-14,Production,Melissa Glass,MSC,Active,Part-Time,Zone B,Temporary,Voluntary,Over still care thought to.,Production       ,Executive,,Northeast,Project / Site Management,Female,94916,Black,Widowed,Exceeds,3,False,,550,Entry
2157,2020-05-15,2021-12-22,Production,Heather Swanson,NEL,Active,Contract,Zone A,Full-Time,Retirement,West run alone address week wear.,Production       ,General Operations,1950,Northeast,Admin & Support,Female,1687,Asian,Married,Exceeds,4,False,75.40862422997947,586,Entry
2158,2023-02-23,,Production,Scott Baker,PL,Active,Full-Time,Zone B,Full-Time,Unk,,Production       ,Field Engineering / Operations,1962,Northeast,Project / Site Management,Female,54978,White,Married,Exceeds,3,True,62.98425735797399,859,Entry
2159,2021-03-23,2022-03-22,Production,James Medina,PYZ,Active,Full-Time,Zone C,Temporary,Resignation,Major actually hot cell.,Production       ,Field Engineering / Operations,,Northeast,Field Operations,Female,73141,White,Widowed,Exceeds,5,False,,364,Entry
2160,2022-11-07,2023-04-06,Production,Tyler Sexton,SVG,Active,Full-Time,Zone A,Part-Time,Involuntary,Glass agree upon picture that production.,Production       ,General Operations,,Northeast,Labor & Site Work,Female,5804,Other,Married,Exceeds,3,False,,150,Entry
2161,2021-05-19,,Production,Karen Frank,TNS,Active,Contract,Zone C,Full-Time,Unk,,Production       ,Project Management,,Northeast,Engineering,Female,61393,Asian,Single,Exceeds,3,True,,1504,Entry
2162,2021-01-02,,Production,Emily Mills,WBL,Active,Full-Time,Zone B,Temporary,Unk,,Production       ,Project Management,1970,Northeast,Project / Site Management,Female,53999,Asian,Married,Exceeds,3,True,55.23887748117728,1641,Mid
2163,2019-03-26,,Production,Anna Garcia,NEL,Active,Contract,Zone B,Full-Time,Unk,,Production       ,General Operations,,Northeast,Field Operations,Female,32240,White,Married,Exceeds,1,True,,2289,Mid
2164,2020-09-28,,Production,Jennifer Moore,PL,Active,Part-Time,Zone C,Full-Time,Unk,,Production       ,General Operations,,Northeast,Field Operations,Female,95333,Black,Divorced,Exceeds,3,True,,1737,Mid
2165,2019-03-16,2020-04-26,Production,Tracey Cox,BPC,Active,Contract,Zone C,Full-Time,Involuntary,Line know television.,Production       ,Field Engineering / Operations,1948,Northeast,Labor & Site Work,Female,26451,Asian,Divorced,Exceeds,3,False,77.3990417522245,407,Mid
2166,2019-03-20,,Production,Michelle Kennedy,CCDR,Active,Contract,Zone B,Part-Time,Unk,,Production       ,Field Engineering / Operations,1997,Northeast,Field Operations,Female,7438,Asian,Widowed,Exceeds,3,True,27.808350444900757,2295,Mid
2167,2018-12-30,2020-08-10,Production,Theresa Olson,SVG,Future Start,Part-Time,Zone B,Temporary,Voluntary,Maintain race expert cost continue store.,Production       ,IT,,Northeast,Admin & Support,Female,5348,Hispanic,Divorced,Exceeds,3,False,,589,Mid
2168,2018-08-08,,Production,Denise Roach,EW,Active,Part-Time,Zone B,Full-Time,Unk,,Production       ,Field Engineering / Operations,,Northeast,Field Operations,Female,26000,Black,Divorced,Exceeds,3,True,,2519,Mid
2169,2020-07-04,2022-05-11,Production,Sarah Harrison,MSC,Active,Full-Time,Zone A,Full-Time,Retirement,Method suggest leave process deep tough seek.,Production       ,General Operations,,Northeast,Labor & Site Work,Female,81396,Black,Widowed,Exceeds,3,False,,676,Mid
2170,2023-01-29,,Production,Shawn Prince,PL,Active,Full-Time,Zone C,Part-Time,Unk,,Production       ,Field Engineering / Operations,,Northeast,Finance & Analysis,Female,65842,Black,Widowed,Exceeds,3,True,,884,Entry
2171,2021-08-09,2022-05-27,Production,Nicholas Ho,BPC,Active,Full-Time,Zone A,Part-Time,Resignation,Change lose be mention blue rise society.,Production       ,Executive,1992,Northeast,Executive & Leadership,Female,34460,Hispanic,Married,Exceeds,3,False,33.385352498288846,291,Entry
2172,2021-05-16,2023-06-30,Production,Jennifer Collins,CCDR,Voluntarily Terminated,Part-Time,Zone C,Temporary,Retirement,Cost he international center head.,Production       ,Field Engineering / Operations,1994,Northeast,Labor & Site Work,Female,84884,Other,Single,Exceeds,3,False,31.082819986310746,775,Entry
2173,2021-08-14,2021-10-08,Production,Ryan Armstrong,SVG,Voluntarily Terminated,Contract,Zone A,Part-Time,Retirement,Others pull establish maintain dark at.,Production       ,Field Engineering / Operations,1987,Northeast,Engineering,Female,6115,Asian,Divorced,Exceeds,3,False,37.74127310061601,55,Entry
2174,2022-02-08,,Production,Mark Moore,EW,Active,Full-Time,Zone B,Temporary,Unk,,Production       ,General Operations,,Northeast,Project / Site Management,Female,6918,Black,Married,Exceeds,3,True,,1239,Entry
2175,2019-12-16,2020-06-21,Production,Julia Mitchell,MSC,Active,Contract,Zone C,Temporary,Voluntary,Somebody include mention staff determine.,Production       ,Field Engineering / Operations,1987,Northeast,Field Operations,Female,71740,Hispanic,Widowed,Exceeds,2,False,37.74674880219028,188,Entry
2176,2021-10-07,,Production,Theresa Welch,TNS,Active,Full-Time,Zone B,Full-Time,Unk,,Production       ,Field Engineering / Operations,,Northeast,Project / Site Management,Female,4056,Asian,Married,Exceeds,2,True,,1363,Entry
2177,2020-12-23,,Production,Nicholas Robertson,PYZ,Active,Full-Time,Zone A,Full-Time,Unk,,Production       ,Field Engineering / Operations,1951,Northeast,Project / Site Management,Male,35807,Asian,Single,PIP,4,True,73.82888432580424,1651,Entry
2178,2022-11-01,,Production,Amy Hinton,WBL,Active,Contract,Zone B,Part-Time,Unk,,Production       ,Field Engineering / Operations,,Northeast,Engineering,Female,86281,Hispanic,Married,PIP,4,True,,973,Entry
2179,2022-10-28,2023-05-27,Production,Christopher Gardner,NEL,Voluntarily Terminated,Contract,Zone B,Full-Time,Retirement,Tree read security individual.,Production       ,Project Management,1996,Northeast,Project / Site Management,Female,28181,Black,Widowed,PIP,4,False,29.489390828199863,211,Entry
2180,2018-11-03,2023-05-03,Production,Elizabeth Koch,PL,Active,Full-Time,Zone A,Full-Time,Resignation,Cultural later per thank.,Production       ,Field Engineering / Operations,1980,Northeast,Field Operations,Female,74027,Hispanic,Widowed,PIP,5,False,44.889801505817935,1642,Entry
2181,2019-03-05,2020-03-16,Production,Nathaniel Harvey,BPC,Active,Contract,Zone A,Temporary,Resignation,Every maybe feel court.,Production       ,Field Engineering / Operations,,Northeast,Project / Site Management,Female,94011,Black,Single,PIP,5,False,,377,Entry
2182,2021-03-14,,Production,Sharon Thompson,CCDR,Active,Full-Time,Zone A,Part-Time,Unk,,Production       ,General Operations,,Northeast,Engineering,Female,96129,Black,Widowed,Exceeds,4,True,,1570,Entry
2183,2018-12-13,,Production,Vickie Garrett,SVG,Active,Contract,Zone C,Full-Time,Unk,,Production       ,Finance,1949,Northeast,Project / Site Management,Female,81415,White,Divorced,Exceeds,5,True,75.80013689253936,2392,Entry
2184,2021-09-05,2023-03-31,Production,Jeremy Ritter,EW,Active,Full-Time,Zone C,Part-Time,Retirement,Line operation form notice.,Production       ,Field Engineering / Operations,,Northeast,Labor & Site Work,Female,22258,Other,Divorced,Exceeds,2,False,,572,Entry
2185,2020-05-17,2022-02-18,Production,Todd Henson,WBL,Voluntarily Terminated,Contract,Zone A,Full-Time,Involuntary,Lawyer her author poor. Person determine before.,Production       ,Field Engineering / Operations,,Northeast,Labor & Site Work,Female,13138,Asian,Single,Exceeds,5,False,,642,Mid
2186,2023-03-03,2023-03-23,Production,Nathan Bush,NEL,Active,Part-Time,Zone A,Temporary,Voluntary,Speech street suggest call edge.,Production       ,Field Engineering / Operations,,Northeast,Field Operations,Male,74447,Hispanic,Married,Exceeds,1,False,,20,Mid
2187,2020-02-28,,Production,Erica Wilson,PL,Active,Part-Time,Zone B,Full-Time,Unk,,Production       ,Field Engineering / Operations,,Northeast,Project / Site Management,Female,31571,Hispanic,Married,Exceeds,5,True,,1950,Mid
2188,2021-02-11,2023-06-28,Production,Patrick Garner,BPC,Active,Part-Time,Zone A,Part-Time,Involuntary,Minute accept the must.,Production       ,Field Engineering / Operations,,Northeast,Labor & Site Work,Female,1509,Black,Married,Exceeds,2,False,,867,Mid
2189,2019-01-25,,Production,Daniel Mullins,CCDR,Active,Part-Time,Zone B,Temporary,Unk,,Production       ,Logistics / Maintenance,1944,Northeast,Maintenance & Logistics,Female,15861,White,Divorced,Needs Improvement,5,True,80.99110198494182,2349,Mid
2190,2023-04-25,2023-06-15,Production,Steven Kennedy,SVG,Active,Part-Time,Zone C,Full-Time,Voluntary,Ago determine fact itself. Act employee but.,Production       ,General Operations,,Northeast,Labor & Site Work,Female,46637,Asian,Single,Needs Improvement,5,False,,51,Mid
2191,2021-02-14,2023-04-19,Production,Joshua Nguyen,EW,Active,Contract,Zone C,Part-Time,Retirement,Kid oil news part.,Production       ,Field Engineering / Operations,,Northeast,Engineering,Female,47342,Asian,Married,Needs Improvement,5,False,,794,Mid
2192,2020-10-07,2023-01-18,Production,Robert Wallace,MSC,Active,Part-Time,Zone C,Part-Time,Voluntary,Economy instead sense.,Production       ,General Operations,,Northeast,Admin & Support,Female,41219,Black,Divorced,Needs Improvement,1,False,,833,Mid
2193,2019-02-28,2023-06-01,Production,Carol Ingram,NEL,Voluntarily Terminated,Part-Time,Zone A,Part-Time,Involuntary,Design and respond dog true knowledge.,Production       ,Field Engineering / Operations,1963,Northeast,Labor & Site Work,Male,67704,White,Married,Needs Improvement,4,False,61.91649555099247,1554,Entry
2194,2019-07-27,,Production,Deanna Diaz,PL,Active,Full-Time,Zone B,Temporary,Unk,,Production       ,Field Engineering / Operations,,Northeast,Labor & Site Work,Female,57434,Other,Widowed,Needs Improvement,2,True,,2166,Entry
2195,2023-06-02,2023-07-07,Production,Traci Dillon,BPC,Active,Contract,Zone C,Part-Time,Voluntary,Popular but sort training region everybody.,Production       ,Field Engineering / Operations,,Northeast,Labor & Site Work,Female,46366,Black,Single,Needs Improvement,2,False,,35,Entry
2196,2022-11-14,2023-01-04,Production,Steven Valdez,CCDR,Voluntarily Terminated,Full-Time,Zone A,Full-Time,Resignation,Part not culture news. Here enter must.,Production       ,Field Engineering / Operations,,Northeast,Field Operations,Male,15989,White,Single,Needs Improvement,5,False,,51,Entry
2197,2018-08-22,2021-11-10,Production,Tamara Humphrey,SVG,Voluntarily Terminated,Contract,Zone C,Full-Time,Involuntary,Two job continue often public often.,Production       ,Field Engineering / Operations,1983,Northeast,Field Operations,Female,77437,Asian,Divorced,Needs Improvement,4,False,42.220396988364136,1176,Entry
2198,2022-12-15,2022-12-29,Production,Joseph Bell,EW,Active,Contract,Zone B,Temporary,Retirement,Friend country free.,Production       ,Field Engineering / Operations,1963,Northeast,Other,Female,63184,White,Single,Exceeds,1,False,62.00136892539357,14,Entry
2199,2020-05-31,,Production,Catherine Spencer,MSC,Active,Full-Time,Zone C,Full-Time,Unk,,Production       ,General Operations,1977,Northeast,Project / Site Management,Female,15120,White,Divorced,Exceeds,4,True,47.97535934291581,1857,Entry
2200,2022-07-19,,Production,Raven Jackson,TNS,Active,Contract,Zone A,Full-Time,Unk,,Production       ,Field Engineering / Operations,,Northeast,Labor & Site Work,Female,4751,Asian,Single,Exceeds,4,True,,1078,Entry
2201,2020-07-01,,Production,Linda Mills,PYZ,Active,Contract,Zone C,Part-Time,Unk,,Production       ,Project Management,,Northeast,Field Operations,Male,37225,Other,Married,Exceeds,2,True,,1826,Entry
2202,2020-11-18,,Production,Sandra Hawkins,WBL,Active,Contract,Zone A,Part-Time,Unk,,Production       ,Project Management,1969,Northeast,Project / Site Management,Female,92017,Asian,Married,Exceeds,4,True,56.49555099247091,1686,Entry
2203,2020-02-29,2021-05-20,Production,Richard Jones,NEL,Voluntarily Terminated,Contract,Zone A,Part-Time,Involuntary,Together three executive compare.,Production       ,General Operations,1986,Northeast,Field Operations,Female,42742,Asian,Married,Exceeds,1,False,39.23887748117728,446,Entry
2204,2021-09-24,2022-01-28,Production,Lee Crawford,PL,Active,Part-Time,Zone B,Part-Time,Retirement,Natural event religious during article total.,Production       ,Logistics / Maintenance,,Northeast,Project / Site Management,Female,58905,Other,Divorced,Needs Improvement,2,False,,126,Entry
2205,2022-04-13,2023-07-30,Production,Jason Boyd,BPC,Active,Full-Time,Zone B,Full-Time,Involuntary,Article machine reflect land lose simply medical.,Production       ,General Operations,,Northeast,Admin & Support,Female,32235,Black,Divorced,Needs Improvement,4,False,,473,Entry
2206,2022-10-25,,Production,Tracey Scott,CCDR,Active,Contract,Zone A,Temporary,Unk,,Production       ,Field Engineering / Operations,1942,Northeast,Field Operations,Female,40461,Other,Widowed,Needs Improvement,5,True,83.47433264887064,980,Entry
2207,2021-01-27,,Production,Juan Owens,SVG,Active,Full-Time,Zone C,Full-Time,Unk,,Production       ,Field Engineering / Operations,1953,Northeast,Other,Female,97669,Black,Divorced,Needs Improvement,5,True,72.0684462696783,1616,Entry
2208,2018-09-21,,IT & Infrastructure,Keith Fisher,WBL,Active,Full-Time,Zone B,Full-Time,Unk,,IT/IS,Field Engineering / Operations,,Northeast,Field Operations,Female,6040,Other,Married,Needs Improvement,5,True,,2475,Entry
2209,2020-04-14,,IT & Infrastructure,Aaron Ramos,PYZ,Active,Part-Time,Zone C,Part-Time,Unk,,IT/IS,Field Engineering / Operations,,Northeast,Labor & Site Work,Male,2170,Black,Widowed,Needs Improvement,5,True,,1904,Entry
2210,2021-05-31,2022-10-31,IT & Infrastructure,Kimberly Frazier,PL,Active,Part-Time,Zone C,Temporary,Resignation,Quite able race more friend voice choice.,IT/IS,Field Engineering / Operations,1965,Northeast,Executive & Leadership,Female,2360,Black,Single,Exceeds,4,False,60.380561259411365,518,Entry
2211,2020-04-10,,IT & Infrastructure,Matthew Wood,WBL,Active,Contract,Zone C,Temporary,Unk,,IT/IS,Field Engineering / Operations,,Northeast,Admin & Support,Female,6070,White,Married,Exceeds,5,True,,1908,Entry
2212,2022-07-03,2023-03-22,IT & Infrastructure,Amber Hoffman,MSC,Active,Full-Time,Zone C,Part-Time,Involuntary,Possible shake fall type discover expert.,IT/IS,Field Engineering / Operations,1991,Northeast,Executive & Leadership,Female,74179,White,Widowed,Exceeds,1,False,34.1409993155373,262,Entry
2213,2023-03-15,2023-05-10,IT & Infrastructure,David Kennedy,EW,Active,Part-Time,Zone A,Full-Time,Retirement,You suggest area.,IT/IS,Logistics / Maintenance,1965,Northeast,Maintenance & Logistics,Female,8415,Asian,Married,Exceeds,5,False,59.82477754962355,56,Entry
2214,2021-07-29,2022-08-12,IT & Infrastructure,Amber Johnson,CCDR,Active,Contract,Zone C,Full-Time,Resignation,Religious far child break thought watch.,IT/IS,Field Engineering / Operations,,Northeast,Field Operations,Female,8196,Black,Married,Exceeds,4,False,,379,Entry
2215,2022-02-05,2023-01-13,IT & Infrastructure,Susan Kelly,BPC,Active,Contract,Zone B,Temporary,Resignation,Ten when myself hit off.,IT/IS,Field Engineering / Operations,,Northeast,Engineering,Female,95814,Asian,Divorced,Exceeds,1,False,,342,Entry
2216,2022-11-09,,IT & Infrastructure,Lynn Fry,WBL,Active,Part-Time,Zone B,Temporary,Unk,,IT/IS,General Operations,1972,Northeast,Field Operations,Female,21899,Hispanic,Single,Exceeds,1,True,53.38809034907597,965,Manager
2217,2020-11-23,2020-12-14,IT & Infrastructure,Donna Brown,TNS,Active,Part-Time,Zone A,Temporary,Voluntary,Knowledge thank speak clearly.,IT/IS,HR / People Services,,Northeast,Executive & Leadership,Female,52244,Hispanic,Divorced,Exceeds,4,False,,21,Manager
2218,2019-02-21,2022-10-21,IT & Infrastructure,Jacob Christian,SVG,Active,Part-Time,Zone B,Part-Time,Resignation,Quality heavy security nature amount take room.,IT/IS,Field Engineering / Operations,1967,Northeast,Project / Site Management,Female,29237,Asian,Widowed,Exceeds,4,False,57.64544832306639,1338,Manager
2219,2022-09-25,2023-05-06,IT & Infrastructure,Lance Torres,SVG,Active,Part-Time,Zone C,Part-Time,Retirement,Past really million address again forget.,IT/IS,Field Engineering / Operations,,Northeast,Labor & Site Work,Female,8635,Hispanic,Widowed,Exceeds,5,False,,223,Entry
2220,2022-09-17,,IT & Infrastructure,Charles Johnson,EW,Active,Contract,Zone B,Temporary,Unk,,IT/IS,General Operations,1961,Northeast,Engineering,Female,30879,Asian,Married,Exceeds,4,True,63.82477754962355,1018,Entry
2221,2019-05-31,,IT & Infrastructure,Megan Walker,MSC,Active,Contract,Zone C,Part-Time,Unk,,IT/IS,Field Engineering / Operations,,Northeast,Labor & Site Work,Female,49637,Hispanic,Single,Exceeds,4,True,,2223,Entry
2222,2020-07-21,2021-08-18,IT & Infrastructure,Scott Thomas,TNS,Active,Part-Time,Zone A,Temporary,Resignation,End trouble tonight amount page reach debate.,IT/IS,Field Engineering / Operations,,Northeast,Labor & Site Work,Female,77955,Hispanic,Widowed,Exceeds,4,False,,393,Entry
2223,2020-07-04,,IT & Infrastructure,Jason Smith,BPC,Active,Full-Time,Zone C,Temporary,Unk,,IT/IS,Executive,,Northeast,Executive & Leadership,Female,43748,Asian,Widowed,Exceeds,2,True,,1823,Manager
2224,2020-10-13,,IT & Infrastructure,Eric Clay,CCDR,Active,Full-Time,Zone A,Temporary,Unk,,IT/IS,Field Engineering / Operations,,Northeast,Labor & Site Work,Female,8958,Asian,Divorced,Exceeds,4,True,,1722,Manager
2225,2023-05-01,,IT & Infrastructure,Kimberly Rosales,EW,Active,Part-Time,Zone A,Full-Time,Unk,,IT/IS,Field Engineering / Operations,1971,Northeast,Project / Site Management,Male,84923,Black,Divorced,Exceeds,2,True,53.57700205338809,792,Manager
2226,2019-03-22,2021-06-17,IT & Infrastructure,Daniel Blake,SVG,Active,Contract,Zone A,Full-Time,Resignation,Clearly rule suddenly.,IT/IS,General Operations,1960,Northeast,Admin & Support,Female,73392,White,Married,Exceeds,1,False,64.81314168377824,818,Entry
2227,2021-12-27,,IT & Infrastructure,Timothy Young,EW,Active,Contract,Zone B,Full-Time,Unk,,IT/IS,Field Engineering / Operations,1995,Northeast,Field Operations,Female,13915,Black,Widowed,Needs Improvement,5,True,30.072553045859,1282,Entry
2228,2018-08-12,2022-06-13,IT & Infrastructure,Michael Webb,MSC,Active,Part-Time,Zone B,Part-Time,Resignation,Partner performance newspaper sense all where.,IT/IS,Other,,Northeast,Labor & Site Work,Female,58630,White,Divorced,PIP,4,False,,1401,Entry
2229,2022-12-28,,IT & Infrastructure,Mitchell Wilson,TNS,Active,Part-Time,Zone A,Temporary,Unk,,IT/IS,Field Engineering / Operations,1977,Northeast,Labor & Site Work,Female,11746,Asian,Divorced,PIP,4,True,47.748117727583846,916,Entry
2230,2018-11-25,,IT & Infrastructure,Jose Rivera,PYZ,Active,Part-Time,Zone A,Full-Time,Unk,,IT/IS,General Operations,,Northeast,Project / Site Management,Female,51949,Hispanic,Married,Fully Meets,2,True,,2410,Manager
2231,2020-12-26,,IT & Infrastructure,Joshua Maxwell,WBL,Active,Full-Time,Zone A,Part-Time,Unk,,IT/IS,General Operations,,Northeast,Labor & Site Work,Female,54795,Other,Single,Fully Meets,2,True,,1648,Manager
2232,2022-12-16,,IT & Infrastructure,Whitney Small,NEL,Active,Part-Time,Zone A,Full-Time,Unk,,IT/IS,Field Engineering / Operations,1942,Northeast,Engineering,Male,79191,Hispanic,Single,Fully Meets,5,True,82.7378507871321,928,Manager
2233,2019-09-27,,IT & Infrastructure,Wendy Khan,MSC,Active,Contract,Zone B,Full-Time,Unk,,IT/IS,Field Engineering / Operations,,Northeast,Field Operations,Female,93777,Asian,Single,Fully Meets,1,True,,2104,Entry
2234,2021-02-20,2022-01-09,IT & Infrastructure,William Phillips,EW,Active,Part-Time,Zone C,Full-Time,Resignation,Particularly put occur. Approach often be.,IT/IS,Field Engineering / Operations,,Northeast,Labor & Site Work,Female,87474,Black,Married,Fully Meets,2,False,,323,Entry
2235,2022-02-26,,IT & Infrastructure,Elizabeth Peterson,CCDR,Active,Full-Time,Zone B,Full-Time,Unk,,IT/IS,Logistics / Maintenance,,Northeast,Admin & Support,Female,37994,Other,Single,Fully Meets,1,True,,1221,Entry
2236,2018-12-23,2021-10-11,IT & Infrastructure,Amber Rocha,BPC,Active,Full-Time,Zone A,Temporary,Involuntary,Choice learn town themselves cup experience.,IT/IS,Field Engineering / Operations,,Northeast,Project / Site Management,Female,44145,Hispanic,Widowed,Fully Meets,1,False,,1023,Entry
2237,2022-01-10,2023-01-04,IT & Infrastructure,John Thomas,WBL,Active,Full-Time,Zone B,Temporary,Resignation,Run vote behind factor father.,IT/IS,Field Engineering / Operations,,Northeast,Labor & Site Work,Female,25760,Other,Single,Fully Meets,2,False,,359,Manager
2238,2021-03-04,2021-12-06,IT & Infrastructure,April Burns,TNS,Active,Part-Time,Zone B,Temporary,Resignation,Office little different tax down top.,IT/IS,Project Management,,Northeast,Finance & Analysis,Male,55252,Hispanic,Widowed,Fully Meets,2,False,,277,Manager
2239,2023-03-10,2023-04-04,IT & Infrastructure,Sean Hill,SVG,Active,Full-Time,Zone C,Part-Time,Retirement,Future where and.,IT/IS,Field Engineering / Operations,1962,Northeast,Project / Site Management,Male,62468,Asian,Divorced,Fully Meets,5,False,62.554414784394254,25,Manager
2240,2018-12-05,,IT & Infrastructure,Erika Green,SVG,Active,Part-Time,Zone B,Part-Time,Unk,,IT/IS,Finance,,Northeast,Finance & Analysis,Female,91567,Hispanic,Married,Fully Meets,2,True,,2400,Entry
2241,2021-06-24,,IT & Infrastructure,David Velasquez,EW,Active,Part-Time,Zone C,Part-Time,Unk,,IT/IS,IT,1981,Northeast,Engineering,Female,5139,Hispanic,Married,Fully Meets,2,True,44.08213552361397,1468,Entry
2242,2022-05-10,2022-07-16,IT & Infrastructure,Alicia Farrell,MSC,Active,Full-Time,Zone C,Temporary,Resignation,Performance paper teacher tree student.,IT/IS,Field Engineering / Operations,,Northeast,Admin & Support,Female,48114,Hispanic,Married,Fully Meets,4,False,,67,Entry
2243,2023-04-13,2023-05-03,IT & Infrastructure,Desiree Martinez,TNS,Active,Full-Time,Zone A,Part-Time,Involuntary,This bank out.,IT/IS,Finance,,Northeast,Finance & Analysis,Female,90316,Other,Married,Fully Meets,4,False,,20,Entry
2244,2022-08-04,,IT & Infrastructure,Jesse Archer,PYZ,Active,Contract,Zone C,Temporary,Unk,,IT/IS,Field Engineering / Operations,1949,Northeast,Field Operations,Female,47299,Other,Married,Fully Meets,4,True,75.56194387405887,1062,Manager
2245,2021-02-28,2022-07-13,IT & Infrastructure,Mrs. Lori Petty MD,WBL,Active,Part-Time,Zone C,Part-Time,Resignation,Later star one than within live.,IT/IS,Field Engineering / Operations,,Northeast,Project / Site Management,Male,54056,Black,Divorced,Fully Meets,5,False,,500,Manager
2246,2020-10-14,2022-04-10,IT & Infrastructure,Paul Robertson,NEL,Active,Contract,Zone B,Part-Time,Resignation,Expect kitchen even anyone. Without agent she.,IT/IS,Field Engineering / Operations,,Northeast,Field Operations,Male,7728,White,Divorced,Fully Meets,4,False,,543,Manager
2247,2018-09-10,2023-06-08,IT & Infrastructure,William Murray,SVG,Active,Part-Time,Zone B,Temporary,Resignation,Three sell often star.,IT/IS,Field Engineering / Operations,1983,Northeast,Engineering,Female,70092,Hispanic,Widowed,Fully Meets,2,False,42.2258726899384,1732,Entry
2248,2022-12-16,2023-05-28,IT & Infrastructure,Corey Fletcher,EW,Active,Part-Time,Zone B,Temporary,Retirement,Adult wind join time memory customer.,IT/IS,Field Engineering / Operations,,Northeast,Labor & Site Work,Female,71142,Hispanic,Widowed,Fully Meets,2,False,,163,Entry
2249,2018-09-28,2019-01-26,IT & Infrastructure,James Rhodes,MSC,Active,Contract,Zone C,Part-Time,Voluntary,Only movie ability wait according.,IT/IS,Field Engineering / Operations,1994,Northeast,Labor & Site Work,Female,2760,Black,Divorced,Fully Meets,4,False,30.647501711156742,120,Entry
2250,2022-03-08,2022-04-26,IT & Infrastructure,Peter Williams,TNS,Active,Contract,Zone C,Temporary,Involuntary,Money read truth determine remain Mrs.,IT/IS,Field Engineering / Operations,1962,Northeast,Labor & Site Work,Female,13557,Asian,Married,Fully Meets,5,False,62.82819986310746,49,Entry
2251,2022-01-12,,IT & Infrastructure,Bradley Gray,PYZ,Active,Part-Time,Zone B,Temporary,Unk,,IT/IS,Project Management,1978,Northeast,Project / Site Management,Female,81938,Hispanic,Divorced,Fully Meets,2,True,46.743326488706366,1266,Manager
2252,2020-12-08,,IT & Infrastructure,Sarah Robinson,WBL,Active,Contract,Zone B,Part-Time,Unk,,IT/IS,Field Engineering / Operations,1973,Northeast,Project / Site Management,Male,73648,White,Widowed,Fully Meets,4,True,51.6331279945243,1666,Manager
2253,2020-11-17,,IT & Infrastructure,Mark Parker,PYZ,Active,Full-Time,Zone A,Full-Time,Unk,,IT/IS,Field Engineering / Operations,1982,Northeast,Field Operations,Female,73024,Other,Single,Fully Meets,1,True,43.40041067761807,1687,Entry
2254,2021-01-18,,IT & Infrastructure,Mrs. Jessica Whitehead,SVG,Active,Full-Time,Zone A,Part-Time,Unk,,IT/IS,General Operations,,Northeast,Admin & Support,Female,44031,Hispanic,Single,Fully Meets,2,True,,1625,Entry
2255,2020-09-15,2021-10-01,IT & Infrastructure,Jose Jordan,TNS,Active,Full-Time,Zone C,Part-Time,Involuntary,This focus strategy behind among this.,IT/IS,Field Engineering / Operations,,Northeast,Field Operations,Female,67812,Hispanic,Single,Fully Meets,2,False,,381,Entry
2256,2019-12-11,,IT & Infrastructure,Dawn Smith DDS,WBL,Active,Part-Time,Zone C,Full-Time,Unk,,IT/IS,Field Engineering / Operations,,Northeast,Field Operations,Female,67840,Asian,Widowed,Fully Meets,5,True,,2029,Entry
2257,2021-04-29,2022-06-10,IT & Infrastructure,Meredith Martin,WBL,Active,Contract,Zone B,Full-Time,Voluntary,Teach yard style bed relate seat.,IT/IS,General Operations,,Northeast,Admin & Support,Male,77019,White,Married,Fully Meets,2,False,,407,Manager
2258,2021-04-03,,IT & Infrastructure,Jodi Wheeler,TNS,Active,Full-Time,Zone C,Part-Time,Unk,,IT/IS,Field Engineering / Operations,,Northeast,Engineering,Male,88137,White,Widowed,Fully Meets,2,True,,1550,Manager
2259,2022-02-01,,IT & Infrastructure,Robert Morrow,SVG,Active,Part-Time,Zone A,Temporary,Unk,,IT/IS,General Operations,,Northeast,Engineering,Female,76781,Hispanic,Divorced,Fully Meets,1,True,,1246,Entry
2260,2020-01-17,2021-09-30,IT & Infrastructure,Victor Armstrong,EW,Active,Part-Time,Zone B,Temporary,Voluntary,Stay moment go try. Trouble morning skin join.,IT/IS,Field Engineering / Operations,,Northeast,Finance & Analysis,Female,17501,Hispanic,Widowed,Fully Meets,1,False,,622,Entry
2261,2022-06-01,,IT & Infrastructure,Gregory Brown,MSC,Active,Full-Time,Zone B,Part-Time,Unk,,IT/IS,Field Engineering / Operations,1958,Northeast,Project / Site Management,Female,24054,Black,Divorced,Fully Meets,2,True,67.08281998631075,1126,Entry
2262,2019-03-17,,IT & Infrastructure,Andrea Clark,TNS,Active,Contract,Zone A,Temporary,Unk,,IT/IS,Field Engineering / Operations,1950,Northeast,Engineering,Female,84506,Other,Divorced,Fully Meets,2,True,74.74332648870636,2298,Entry
2263,2020-01-07,,IT & Infrastructure,Casey Galvan,PYZ,Active,Contract,Zone B,Temporary,Unk,,IT/IS,General Operations,1965,Northeast,Admin & Support,Male,10273,Hispanic,Single,Fully Meets,2,True,59.72621492128679,2002,Manager
2264,2021-02-24,2021-12-29,IT & Infrastructure,Joseph Underwood,WBL,Active,Part-Time,Zone A,Part-Time,Involuntary,Cultural responsibility whose wear.,IT/IS,Executive,1979,Northeast,Project / Site Management,Male,4377,White,Single,Fully Meets,5,False,46.32443531827516,308,Manager
2265,2019-12-30,,IT & Infrastructure,Chelsea Smith,SVG,Active,Contract,Zone C,Part-Time,Unk,,IT/IS,Field Engineering / Operations,,Northeast,Project / Site Management,Female,87370,Hispanic,Single,Fully Meets,1,True,,2010,Entry
2266,2020-05-12,2021-03-17,IT & Infrastructure,Timothy Owens,EW,Active,Full-Time,Zone B,Temporary,Resignation,Chair out man man.,IT/IS,Field Engineering / Operations,1975,Northeast,Project / Site Management,Female,84988,Other,Single,Fully Meets,5,False,50.38740588637919,309,Entry
2267,2023-04-04,,IT & Infrastructure,Jennifer Watts,MSC,Active,Full-Time,Zone A,Part-Time,Unk,,IT/IS,General Operations,,Northeast,Field Operations,Female,43148,Hispanic,Divorced,Fully Meets,4,True,,819,Entry
2268,2021-01-04,2022-04-28,IT & Infrastructure,Kelly Waters,TNS,Active,Contract,Zone C,Full-Time,Resignation,Real build something family save.,IT/IS,General Operations,1963,Northeast,Field Operations,Male,58818,White,Single,Fully Meets,2,False,61.90280629705681,479,Entry
2269,2020-04-28,2022-12-01,IT & Infrastructure,Beverly Ramirez,PYZ,Active,Full-Time,Zone C,Full-Time,Resignation,Type three hear court street sport key.,IT/IS,Executive,,Northeast,Executive & Leadership,Male,42997,Hispanic,Divorced,Fully Meets,1,False,,947,Manager
2270,2019-04-16,2021-07-31,IT & Infrastructure,David Rose PhD,PYZ,Active,Contract,Zone C,Part-Time,Resignation,Significant issue rich air race.,IT/IS,Project Management,,Northeast,Project / Site Management,Female,93829,Asian,Single,Fully Meets,4,False,,837,Entry
2271,2022-07-09,,IT & Infrastructure,Jared Conley,SVG,Active,Full-Time,Zone A,Temporary,Unk,,IT/IS,Field Engineering / Operations,,Northeast,Field Operations,Female,48655,Hispanic,Single,Fully Meets,2,True,,1088,Entry
2272,2022-08-29,2023-01-15,IT & Infrastructure,Daniel Simpson,TNS,Active,Part-Time,Zone C,Full-Time,Retirement,Turn left degree audience fly present.,IT/IS,Field Engineering / Operations,1987,Northeast,Labor & Site Work,Female,62715,Black,Divorced,Fully Meets,2,False,38.24229979466119,139,Entry
2273,2020-01-26,2020-12-11,IT & Infrastructure,Kenneth Chavez,WBL,Active,Full-Time,Zone A,Part-Time,Resignation,Field have cup because military.,IT/IS,Project Management,,Northeast,Engineering,Male,75785,Other,Divorced,Fully Meets,4,False,,320,Entry
2274,2020-02-18,,IT & Infrastructure,Carlos Clarke,BPC,Active,Full-Time,Zone A,Temporary,Unk,,IT/IS,Field Engineering / Operations,,Northeast,Field Operations,Male,52491,Other,Widowed,Fully Meets,4,True,,1960,Manager
2275,2022-01-25,,Production,Daniel Garcia,EW,Active,Part-Time,Zone B,Full-Time,Unk,,Production       ,Logistics / Maintenance,1950,Northeast,Admin & Support,Male,2169,Asian,Married,Fully Meets,2,True,74.55989048596851,1253,Manager
2276,2023-07-10,,Production,Danielle Graham,TNS,Active,Full-Time,Zone B,Temporary,Unk,,Production       ,Project Management,,Northeast,Project / Site Management,Female,2478,White,Divorced,Fully Meets,1,True,,722,Manager
2277,2022-04-14,,Production,Thomas Boyle,CCDR,Active,Contract,Zone B,Temporary,Unk,,Production       ,Field Engineering / Operations,,Northeast,Field Operations,Female,1731,Hispanic,Widowed,Fully Meets,5,True,,1174,Manager
2278,2022-07-10,,Production,Mark Moody DVM,CCDR,Active,Part-Time,Zone B,Temporary,Unk,,Production       ,Other,,Northeast,Field Operations,Female,1776,White,Widowed,Fully Meets,4,True,,1087,Manager
2279,2022-06-27,,Production,Lance Green,EW,Active,Contract,Zone C,Full-Time,Unk,,Production       ,Safety & Compliance,1977,Northeast,Health & Safety,Male,2128,Other,Divorced,Fully Meets,1,True,48.380561259411365,1100,Manager
2280,2018-12-04,2023-07-07,Production,Brittany Thompson,PYZ,Voluntarily Terminated,Contract,Zone A,Temporary,Retirement,Maybe establish real still.,Production       ,Field Engineering / Operations,1985,Northeast,Project / Site Management,Female,2030,White,Married,Fully Meets,4,False,40.32032854209446,1676,Manager
2281,2019-09-10,,Production,Shannon Klein,PL,Active,Full-Time,Zone C,Full-Time,Unk,,Production       ,Field Engineering / Operations,1998,Northeast,Labor & Site Work,Male,1752,Hispanic,Single,Fully Meets,4,True,26.80082135523614,2121,Manager
2282,2019-04-25,,Production,Richard Jackson,PL,Active,Part-Time,Zone A,Full-Time,Unk,,Production       ,Field Engineering / Operations,,Northeast,Engineering,Male,1901,Asian,Single,Fully Meets,4,True,,2259,Manager
2283,2018-10-03,2019-06-27,Operations / Shared Services,Michael Stevenson,WBL,Voluntarily Terminated,Part-Time,Zone B,Temporary,Retirement,Available area dog Republican big town left.,Admin Offices,Field Engineering / Operations,,Northeast,Field Operations,Male,2045,White,Single,Fully Meets,4,False,,267,Manager
2284,2022-06-14,,Executive & Leadership,Jim Lee,EW,Active,Part-Time,Zone C,Part-Time,Unk,,IT/IS,Field Engineering / Operations,,Northeast,Project / Site Management,Female,2067,Other,Widowed,Fully Meets,2,True,,1113,Executive
2285,2022-02-15,,Production,Thomas Green,BPC,Active,Full-Time,Zone C,Temporary,Unk,,Production       ,Project Management,,Northeast,Project / Site Management,Male,2169,Other,Single,Fully Meets,5,True,,1232,Manager
2286,2018-09-24,2021-01-18,Production,Jonathan Nguyen,NEL,Active,Contract,Zone B,Temporary,Voluntary,Place doctor be water message activity.,Production       ,General Operations,1981,Northeast,Other,Male,2045,Black,Divorced,Fully Meets,2,False,43.723477070499655,847,Manager
2287,2022-03-09,2023-04-08,Production,James Hunt,PYZ,Active,Contract,Zone B,Part-Time,Involuntary,Rise she since boy.,Production       ,General Operations,,Northeast,Field Operations,Female,2110,White,Single,Fully Meets,2,False,,395,Manager
2288,2018-11-07,2020-05-25,Production,Laura Mccarty,NEL,Active,Full-Time,Zone A,Temporary,Involuntary,Foreign thank people.,Production       ,Field Engineering / Operations,1984,Northeast,Engineering,Female,2451,Black,Divorced,Fully Meets,5,False,40.80766598220397,565,Manager
2289,2019-08-31,,Operations / Shared Services,James Reynolds,BPC,Active,Full-Time,Zone A,Part-Time,Unk,,Admin Offices,Field Engineering / Operations,1962,Northeast,Labor & Site Work,Male,1460,White,Single,Fully Meets,4,True,63.32375085557837,2131,Manager
2290,2020-11-27,2023-07-05,Sales,Joseph Chavez,EW,Active,Full-Time,Zone B,Temporary,Retirement,Such physical more himself movie.,Sales,Field Engineering / Operations,,Northeast,Labor & Site Work,Female,2908,Hispanic,Widowed,Fully Meets,2,False,,950,Director
2291,2020-07-07,,Executive & Leadership,Mr. Nicholas Greene,NEL,Active,Contract,Zone B,Part-Time,Unk,,Production       ,General Operations,,Northeast,Field Operations,Female,2030,Black,Married,Fully Meets,4,True,,1820,Director
2292,2020-01-11,,Production,Ann Watson,TNS,Active,Contract,Zone C,Temporary,Unk,,Production       ,Field Engineering / Operations,1963,Northeast,Project / Site Management,Male,1890,White,Widowed,Fully Meets,2,True,62.2340862422998,1998,Manager
2293,2020-06-15,2021-09-05,Production,Richard Collins,CCDR,Active,Contract,Zone B,Full-Time,Involuntary,Health more majority think sister.,Production       ,Field Engineering / Operations,1998,Northeast,Labor & Site Work,Male,1803,Other,Single,Fully Meets,2,False,27.249828884325805,447,Manager
2294,2020-10-10,,Production,Amanda Harris,PYZ,Active,Contract,Zone A,Part-Time,Unk,,Production       ,Field Engineering / Operations,1975,Northeast,Engineering,Male,6930,Black,Single,Fully Meets,4,True,49.57700205338809,1725,Manager
2295,2022-05-19,2023-04-10,Production,Michael Davis,SVG,Active,Full-Time,Zone B,Temporary,Involuntary,Two describe leg executive that ok.,Production       ,Field Engineering / Operations,,Northeast,Field Operations,Female,53295,Asian,Divorced,Fully Meets,5,False,,326,Manager
2296,2021-08-25,,Production,Caroline Reynolds,TNS,Active,Full-Time,Zone B,Temporary,Unk,,Production       ,Field Engineering / Operations,,Northeast,Field Operations,Female,85028,Hispanic,Divorced,Fully Meets,1,True,,1406,Manager
2297,2018-12-18,2019-09-25,Production,Christine Adams,WBL,Voluntarily Terminated,Part-Time,Zone C,Full-Time,Resignation,Gas place rich dog process movement along.,Production       ,Field Engineering / Operations,,Northeast,Labor & Site Work,Female,92649,Black,Single,Fully Meets,2,False,,281,Manager
2298,2023-08-05,,Production,Kelsey Morales,WBL,Active,Full-Time,Zone B,Full-Time,Unk,,Production       ,Field Engineering / Operations,,Northeast,Labor & Site Work,Female,9493,Other,Married,Fully Meets,4,True,,696,Manager
2299,2022-04-13,2023-04-17,Production,Ashley Cummings,TNS,Active,Part-Time,Zone A,Temporary,Resignation,Learn staff above address.,Production       ,Field Engineering / Operations,,Northeast,Labor & Site Work,Female,12684,Asian,Married,Fully Meets,2,False,,369,Manager
2300,2020-09-26,,Production,Donna Pope,SVG,Active,Full-Time,Zone A,Full-Time,Unk,,Production       ,Field Engineering / Operations,1947,Northeast,Labor & Site Work,Female,37470,Black,Single,Fully Meets,5,True,77.82340862422998,1739,Manager
2301,2021-02-12,2022-08-03,Production,Peter Williams,PYZ,Active,Part-Time,Zone C,Temporary,Voluntary,Join executive spend speak many sometimes.,Production       ,Field Engineering / Operations,1946,Northeast,Field Operations,Female,1425,Asian,Single,Fully Meets,1,False,78.88569472963724,537,Manager
2302,2019-01-02,2020-10-09,Production,Katie Carroll,PL,Terminated for Cause,Contract,Zone C,Temporary,Resignation,Per spend challenge key ever say.,Production       ,Field Engineering / Operations,,Northeast,Field Operations,Female,23761,Hispanic,Married,Fully Meets,4,False,,646,Manager
2303,2019-10-26,2023-07-22,Production,Christopher Owen,NEL,Terminated for Cause,Contract,Zone C,Temporary,Resignation,Plant white design action.,Production       ,Field Engineering / Operations,,Northeast,Other,Female,73691,Black,Divorced,Fully Meets,5,False,,1365,Manager
2304,2021-04-11,,Executive & Leadership,Michael Richardson,MSC,Active,Full-Time,Zone B,Part-Time,Unk,,Production       ,General Operations,,Northeast,Project / Site Management,Female,66973,White,Divorced,Fully Meets,2,True,,1542,Executive
2305,2019-12-11,2021-05-12,IT & Infrastructure,Tracy Logan,EW,Active,Part-Time,Zone A,Full-Time,Resignation,Want agency relationship house nice mother.,Production       ,Field Engineering / Operations,1970,Northeast,Labor & Site Work,Female,18379,White,Divorced,Fully Meets,2,False,54.743326488706366,518,Entry
2306,2020-10-21,2023-05-14,IT & Infrastructure,Thomas Whitaker,CCDR,Active,Part-Time,Zone B,Full-Time,Resignation,Think network make manager.,Production       ,Project Management,1999,Northeast,Field Operations,Male,91517,Hispanic,Married,Fully Meets,1,False,25.650924024640656,935,Entry
2307,2020-05-08,,IT & Infrastructure,James Hernandez,BPC,Active,Part-Time,Zone C,Part-Time,Unk,,Executive Office,Project Management,1988,Northeast,Project / Site Management,Male,1057,Asian,Single,Fully Meets,2,True,37.15537303216975,1880,Entry
2308,2022-05-24,2022-10-13,Data & Analytics,Matthew Tucker,EW,Active,Full-Time,Zone A,Full-Time,Retirement,Where vote relate expect executive game seem.,Production       ,Field Engineering / Operations,1999,Northeast,Project / Site Management,Male,20854,Other,Divorced,Fully Meets,5,False,26.14647501711157,142,Mid
2309,2019-06-05,,Data & Analytics,Kelly Mathis,CCDR,Active,Part-Time,Zone A,Part-Time,Unk,,Production       ,General Operations,1991,Northeast,Field Operations,Male,39014,Hispanic,Widowed,Fully Meets,2,True,34.2340862422998,2218,Mid
2310,2022-04-21,,Data & Analytics,Kimberly Garcia,BPC,Active,Part-Time,Zone B,Part-Time,Unk,,Production       ,Field Engineering / Operations,,Northeast,Engineering,Male,10223,Hispanic,Single,Fully Meets,5,True,,1167,Mid
2311,2019-12-10,2023-02-21,Data & Analytics,Craig White,PYZ,Active,Part-Time,Zone A,Full-Time,Voluntary,Ago usually quickly Mrs television guess.,Production       ,Field Engineering / Operations,,Northeast,Labor & Site Work,Female,85441,Black,Divorced,Fully Meets,2,False,,1169,Mid
2312,2019-11-26,,Data & Analytics,Samantha Barnett,WBL,Active,Full-Time,Zone C,Part-Time,Unk,,IT/IS,Field Engineering / Operations,1951,Northeast,Labor & Site Work,Male,96303,Asian,Widowed,Fully Meets,4,True,73.55509924709104,2044,Mid
2313,2021-09-13,,Data & Analytics,Sara Clayton,NEL,Active,Part-Time,Zone C,Full-Time,Unk,,IT/IS,Logistics / Maintenance,,Northeast,Maintenance & Logistics,Male,40706,Asian,Divorced,Fully Meets,2,True,,1387,Mid
2314,2019-08-19,,Data & Analytics,Vanessa Bell,PL,Active,Part-Time,Zone C,Part-Time,Unk,,IT/IS,Field Engineering / Operations,,Northeast,Field Operations,Female,48955,Asian,Married,Fully Meets,1,True,,2143,Mid
2315,2022-06-12,2023-07-09,Production,Kyle Strong,CCDR,Active,Full-Time,Zone A,Full-Time,Voluntary,Probably must design.,Production       ,Project Management,,Northeast,Project / Site Management,Female,83033,Other,Married,Fully Meets,4,False,,392,Manager
2316,2021-07-21,,Production,Michelle Walker,SVG,Active,Full-Time,Zone B,Full-Time,Unk,,Production       ,Field Engineering / Operations,,Northeast,Field Operations,Male,14556,Asian,Divorced,Fully Meets,2,True,,1441,Manager
2317,2020-11-13,,Production,Debbie Smith,EW,Active,Full-Time,Zone A,Temporary,Unk,,Production       ,Logistics / Maintenance,,Northeast,Project / Site Management,Female,76366,Black,Single,Fully Meets,1,True,,1691,Manager
2318,2022-02-20,,Production,Samuel Brown,MSC,Active,Part-Time,Zone A,Temporary,Unk,,Production       ,Field Engineering / Operations,,Northeast,Labor & Site Work,Female,57512,White,Widowed,Fully Meets,2,True,,1227,Manager
2319,2019-03-28,2022-04-14,Production,Steven Miller,TNS,Voluntarily Terminated,Contract,Zone A,Part-Time,Voluntary,Continue move everything.,Production       ,General Operations,,Northeast,Admin & Support,Female,31008,White,Widowed,Fully Meets,5,False,,1113,Manager
2320,2022-10-26,2023-06-17,Production,David Powers,PYZ,Voluntarily Terminated,Part-Time,Zone A,Full-Time,Voluntary,Else enjoy include expect.,Production       ,Field Engineering / Operations,1964,Northeast,Engineering,Female,64961,White,Single,Fully Meets,4,False,60.80766598220397,234,Manager
2321,2023-05-10,2023-05-14,Production,Kimberly Owen,WBL,Active,Full-Time,Zone C,Full-Time,Voluntary,Camera four star growth design then.,Production       ,Field Engineering / Operations,,Northeast,Field Operations,Female,1269,Black,Divorced,Fully Meets,2,False,,4,Manager
2322,2022-09-01,,Production,Angela Sims,NEL,Active,Contract,Zone C,Part-Time,Unk,,Production       ,Field Engineering / Operations,,Northeast,Field Operations,Female,73596,Asian,Divorced,Fully Meets,5,True,,1034,Manager
2323,2021-04-21,2021-08-17,Production,Sheila Roberts MD,PL,Active,Part-Time,Zone C,Temporary,Retirement,Fill outside then discuss table.,Production       ,Project Management,1959,Northeast,Project / Site Management,Female,35263,Asian,Divorced,Fully Meets,5,False,65.99041752224504,118,Manager
2324,2021-07-23,2023-02-15,Production,Justin Perez,BPC,Terminated for Cause,Part-Time,Zone A,Temporary,Involuntary,International time want art own sit.,Production       ,General Operations,,Northeast,Other,Female,94592,Black,Widowed,Fully Meets,4,False,,572,Manager
2325,2020-12-29,,Production,Megan Rich,CCDR,Active,Part-Time,Zone A,Temporary,Unk,,Production       ,Field Engineering / Operations,,Northeast,Labor & Site Work,Female,60295,Asian,Divorced,Fully Meets,1,True,,1645,Manager
2326,2022-08-08,,Executive & Leadership,James Dorsey,SVG,Active,Contract,Zone A,Temporary,Unk,,Production       ,Project Management,,Northeast,Health & Safety,Female,25257,Black,Single,Fully Meets,2,True,,1058,Executive
2327,2020-07-30,,IT & Infrastructure,Erik Gray MD,EW,Active,Full-Time,Zone A,Part-Time,Unk,,Production       ,Field Engineering / Operations,,Northeast,Labor & Site Work,Male,43033,Black,Married,Fully Meets,4,True,,1797,Entry
2328,2019-03-18,,IT & Infrastructure,Steven Ayala,MSC,Active,Full-Time,Zone B,Part-Time,Unk,,Production       ,General Operations,,Northeast,Other,Male,48068,Asian,Divorced,Fully Meets,4,True,,2297,Entry
2329,2019-07-25,2022-09-03,IT & Infrastructure,Larry Gonzales,TNS,Active,Full-Time,Zone A,Full-Time,Retirement,War way happy safe consumer probably.,Executive Office,Field Engineering / Operations,,Northeast,Field Operations,Male,82740,Asian,Single,Fully Meets,2,False,,1136,Entry
2330,2021-10-16,,Data & Analytics,Crystal Mahoney,SVG,Active,Full-Time,Zone C,Part-Time,Unk,,Production       ,Executive,,Northeast,Executive & Leadership,Male,57688,Other,Married,Fully Meets,2,True,,1354,Mid
2331,2019-12-06,2021-10-29,Data & Analytics,Sara Edwards,TNS,Active,Contract,Zone C,Part-Time,Retirement,Energy general place investment notice.,Production       ,Field Engineering / Operations,,Northeast,Project / Site Management,Male,34849,Black,Divorced,Fully Meets,1,False,,693,Mid
2332,2019-06-29,2020-07-21,Data & Analytics,Lisa Barrera,WBL,Active,Contract,Zone C,Full-Time,Involuntary,Choice while growth future.,Production       ,Field Engineering / Operations,,Northeast,Engineering,Male,31351,White,Widowed,Fully Meets,4,False,,388,Mid
2333,2019-04-03,,Data & Analytics,Melissa Hodges,BPC,Active,Full-Time,Zone C,Temporary,Unk,,IT/IS,Logistics / Maintenance,,Northeast,Other,Female,17611,Asian,Divorced,Fully Meets,1,True,,2281,Mid
2334,2021-07-21,2022-09-03,Data & Analytics,Alexandria Hahn,CCDR,Active,Contract,Zone A,Temporary,Retirement,According term along ago leave.,IT/IS,Field Engineering / Operations,,Northeast,Engineering,Male,93589,Asian,Single,Fully Meets,4,False,,409,Mid
2335,2022-07-27,,Data & Analytics,Charles Willis,EW,Active,Full-Time,Zone C,Temporary,Unk,,IT/IS,General Operations,,Northeast,Project / Site Management,Male,58353,White,Divorced,Fully Meets,4,True,,1070,Mid
2336,2019-10-06,,Production,Tim Wilcox,CCDR,Active,Contract,Zone A,Full-Time,Unk,,Production       ,General Operations,1984,Northeast,Project / Site Management,Female,61633,Other,Single,Fully Meets,4,True,41.15263518138261,2095,Manager
2337,2021-04-16,,Production,Amber White,SVG,Active,Full-Time,Zone C,Part-Time,Unk,,Production       ,Field Engineering / Operations,,Northeast,Engineering,Male,29639,Other,Single,Fully Meets,4,True,,1537,Manager
2338,2018-10-10,2022-05-02,Production,Robert Sullivan,EW,Active,Part-Time,Zone C,Temporary,Involuntary,Body move possible play. Relate husband Mrs.,Production       ,Project Management,1971,Northeast,Project / Site Management,Female,6536,Other,Married,Fully Meets,4,False,53.90280629705681,1300,Manager
2339,2022-07-25,2022-11-08,Production,Brett Aguilar,MSC,Voluntarily Terminated,Full-Time,Zone B,Part-Time,Retirement,Pretty he matter south treat benefit.,Production       ,General Operations,1972,Northeast,Admin & Support,Female,19049,Black,Married,Fully Meets,1,False,52.90075290896646,106,Manager
2340,2021-03-17,2023-05-13,Production,Derrick Cannon,TNS,Voluntarily Terminated,Contract,Zone A,Temporary,Resignation,Professor phone billion none very evidence.,Production       ,General Operations,,Northeast,Labor & Site Work,Female,29529,White,Single,Fully Meets,5,False,,787,Manager
2341,2018-10-13,,Production,Brandon Walsh,PYZ,Active,Full-Time,Zone A,Full-Time,Unk,,Production       ,General Operations,1984,Northeast,Maintenance & Logistics,Female,36574,Hispanic,Divorced,Fully Meets,2,True,40.65982203969884,2453,Manager
2342,2020-01-09,,Production,Richard Higgins,WBL,Active,Part-Time,Zone C,Temporary,Unk,,Production       ,Field Engineering / Operations,,Northeast,Labor & Site Work,Female,5298,Other,Single,Fully Meets,5,True,,2000,Manager
2343,2019-09-18,,Production,Robert Warren,NEL,Active,Full-Time,Zone B,Temporary,Unk,,Production       ,Other,,Northeast,Field Operations,Female,38735,Hispanic,Single,Fully Meets,4,True,,2113,Manager
2344,2019-10-26,2020-03-10,Production,Regina Smith,PL,Active,Contract,Zone C,Temporary,Retirement,Money start prove.,Production       ,Logistics / Maintenance,,Northeast,Engineering,Female,42542,Other,Divorced,Fully Meets,1,False,,136,Manager
2345,2020-09-14,2023-05-30,Production,Cindy Schneider,BPC,Terminated for Cause,Full-Time,Zone B,Temporary,Involuntary,Upon around example dream style technology term.,Production       ,Field Engineering / Operations,1971,Northeast,Other,Female,7521,Hispanic,Married,Fully Meets,2,False,54.47227926078029,988,Manager
2346,2023-04-09,,Production,Elizabeth Dillon,CCDR,Active,Part-Time,Zone A,Full-Time,Unk,,Production       ,Field Engineering / Operations,,Northeast,Field Operations,Female,9394,Hispanic,Widowed,Fully Meets,4,True,,814,Manager
2347,2019-10-25,,Executive & Leadership,Jesus Smith,SVG,Active,Full-Time,Zone A,Part-Time,Unk,,Production       ,Field Engineering / Operations,1977,Northeast,Labor & Site Work,Female,14720,White,Single,Fully Meets,1,True,47.64681724845996,2076,Executive
2348,2022-06-25,,IT & Infrastructure,Timothy Waters,EW,Active,Part-Time,Zone C,Full-Time,Unk,,Production       ,Field Engineering / Operations,,Northeast,Field Operations,Male,85605,Asian,Single,Fully Meets,1,True,,1102,Entry
2349,2023-01-26,2023-02-27,IT & Infrastructure,Joshua Johnson,MSC,Active,Part-Time,Zone C,Full-Time,Voluntary,Address machine break person force interview.,Production       ,General Operations,1956,Northeast,Labor & Site Work,Male,38286,Black,Widowed,Fully Meets,4,False,69.07597535934292,32,Entry
2350,2020-02-19,,IT & Infrastructure,Joanna Foster,TNS,Active,Part-Time,Zone A,Temporary,Unk,,Executive Office,Field Engineering / Operations,,Northeast,Labor & Site Work,Male,59836,Black,Divorced,Fully Meets,2,True,,1959,Entry
2351,2019-12-24,2020-06-21,Data & Analytics,Rita Abbott,EW,Active,Contract,Zone B,Temporary,Retirement,Market as per stop kid score detail.,Production       ,Field Engineering / Operations,,Northeast,Field Operations,Male,25767,Hispanic,Widowed,Fully Meets,4,False,,180,Mid
2352,2020-10-16,2020-11-15,Data & Analytics,Renee Ritter,MSC,Active,Full-Time,Zone B,Temporary,Retirement,Practice miss lead message measure.,Production       ,General Operations,,Northeast,Field Operations,Male,19689,White,Widowed,Fully Meets,2,False,,30,Mid
2353,2018-09-07,,Data & Analytics,Michelle Nguyen,TNS,Active,Part-Time,Zone B,Full-Time,Unk,,IT/IS,Field Engineering / Operations,,Northeast,Project / Site Management,Female,19035,Hispanic,Married,Fully Meets,2,True,,2489,Mid
2354,2022-01-07,2022-06-29,Data & Analytics,Elizabeth Houston,PYZ,Active,Part-Time,Zone C,Full-Time,Retirement,Especially usually citizen do.,IT/IS,Field Engineering / Operations,1971,Northeast,Admin & Support,Female,61793,White,Divorced,Fully Meets,2,False,53.828884325804246,173,Mid
2355,2019-03-25,2019-04-23,Data & Analytics,Elizabeth Gray,WBL,Active,Contract,Zone C,Temporary,Retirement,Teacher often knowledge free best.,IT/IS,Field Engineering / Operations,,Northeast,Labor & Site Work,Male,91193,Asian,Single,Fully Meets,1,False,,29,Mid
2356,2021-11-18,2022-12-17,Data & Analytics,Courtney Webb,NEL,Active,Part-Time,Zone C,Temporary,Retirement,Audience deal cost figure student might let.,IT/IS,Field Engineering / Operations,,Northeast,Labor & Site Work,Male,11058,Black,Single,Fully Meets,4,False,,394,Mid
2357,2022-12-31,2023-07-21,Production,Erin Richard,PL,Active,Contract,Zone B,Temporary,Involuntary,Where author federal Democrat in institution.,Production       ,General Operations,,Northeast,Project / Site Management,Female,48133,Black,Married,Fully Meets,1,False,,202,Manager
2358,2020-05-14,2022-11-29,Production,Christy Wagner,PYZ,Active,Part-Time,Zone B,Temporary,Involuntary,A especially friend.,Production       ,Executive,,Northeast,Executive & Leadership,Male,14776,Black,Married,Fully Meets,4,False,,929,Manager
2359,2020-12-13,2023-02-12,Production,Andrew Wright,SVG,Active,Full-Time,Zone B,Part-Time,Retirement,Suddenly part eye bag.,Production       ,Field Engineering / Operations,1996,Northeast,Project / Site Management,Female,87985,Other,Married,Fully Meets,2,False,28.999315537303215,791,Manager
2360,2021-11-16,2022-11-23,Production,Deborah Wood,TNS,Voluntarily Terminated,Part-Time,Zone B,Part-Time,Voluntary,Decide rich traditional house task road.,Production       ,Field Engineering / Operations,1990,Northeast,Engineering,Female,26846,Asian,Widowed,Fully Meets,1,False,34.73511293634497,372,Manager
2361,2022-12-01,2023-07-06,Production,Christine Randall,WBL,Voluntarily Terminated,Full-Time,Zone C,Full-Time,Involuntary,Report provide home follow price.,Production       ,Project Management,1996,Northeast,Project / Site Management,Female,66281,Asian,Divorced,Fully Meets,2,False,28.56947296372348,217,Manager
2362,2020-10-30,2022-07-28,Production,Debra Green,BPC,Active,Full-Time,Zone C,Part-Time,Involuntary,Building source bill true education form include.,Production       ,Field Engineering / Operations,1974,Northeast,Project / Site Management,Female,97050,Asian,Married,Fully Meets,2,False,51.15400410677618,636,Manager
2363,2021-02-08,2022-09-25,Production,Frances Olsen,CCDR,Active,Full-Time,Zone C,Temporary,Retirement,Least if civil partner court number song.,Production       ,Field Engineering / Operations,,Northeast,Project / Site Management,Female,14808,Hispanic,Widowed,Fully Meets,2,False,,594,Manager
2364,2019-08-05,,Production,Benjamin Johnson,EW,Active,Full-Time,Zone A,Temporary,Unk,,Production       ,Field Engineering / Operations,,Northeast,Field Operations,Male,53839,Black,Widowed,Fully Meets,5,True,,2157,Manager
2365,2018-11-29,2023-03-09,Production,Tyler Galvan,MSC,Terminated for Cause,Contract,Zone A,Temporary,Involuntary,Station today affect many know.,Production       ,Field Engineering / Operations,,Northeast,Field Operations,Female,43609,Black,Married,Fully Meets,1,False,,1561,Manager
2366,2018-11-16,2021-05-25,Production,Terri Morris,NEL,Terminated for Cause,Full-Time,Zone B,Part-Time,Retirement,Factor strategy defense citizen.,Production       ,Field Engineering / Operations,,Northeast,Engineering,Female,83442,Asian,Divorced,Fully Meets,2,False,,921,Manager
2367,2020-08-23,2022-06-11,Production,John Hurst,PL,Active,Contract,Zone C,Part-Time,Resignation,Soon walk early star.,Production       ,Field Engineering / Operations,,Northeast,Project / Site Management,Female,6820,Hispanic,Widowed,Fully Meets,5,False,,657,Manager
2368,2020-08-22,2023-03-09,Executive & Leadership,Kristi Lee,PYZ,Active,Full-Time,Zone B,Temporary,Resignation,Like save Mr instead doctor traditional one.,Production       ,Field Engineering / Operations,,Northeast,Other,Female,50782,White,Single,Fully Meets,1,False,,929,Executive
2369,2021-10-19,2022-09-10,IT & Infrastructure,Nicole Sosa,SVG,Active,Part-Time,Zone B,Full-Time,Retirement,Window paper dark power knowledge must current.,Production       ,Field Engineering / Operations,,Northeast,Engineering,Male,59893,Other,Divorced,Fully Meets,5,False,,326,Entry
2370,2020-02-21,2021-11-29,IT & Infrastructure,Cynthia Nguyen,TNS,Active,Contract,Zone B,Full-Time,Retirement,Most sport property respond.,Production       ,Field Engineering / Operations,,Northeast,Other,Male,84707,Other,Widowed,Fully Meets,5,False,,647,Entry
2371,2022-11-21,,Data & Analytics,Brian Ortiz MD,EW,Active,Contract,Zone B,Temporary,Unk,,Production       ,Field Engineering / Operations,,Northeast,Project / Site Management,Male,59104,White,Married,Fully Meets,1,True,,953,Mid
2372,2019-08-05,2021-12-06,Data & Analytics,Lisa Davis,CCDR,Active,Full-Time,Zone A,Part-Time,Involuntary,Skin none party discover fact low buy ok.,Production       ,Field Engineering / Operations,1992,Northeast,Field Operations,Female,61932,Hispanic,Single,Fully Meets,2,False,33.308692676249144,854,Mid
2373,2020-11-05,2022-06-04,Data & Analytics,Erica Allen,BPC,Active,Full-Time,Zone A,Full-Time,Resignation,Thought official else loss admit threat treat.,IT/IS,Field Engineering / Operations,,Northeast,Project / Site Management,Female,62911,Other,Divorced,Fully Meets,2,False,,576,Mid
2374,2021-06-12,2022-02-25,Data & Analytics,Michael Lucas,WBL,Active,Part-Time,Zone A,Part-Time,Retirement,Industry majority population final. Bit go deal.,IT/IS,Field Engineering / Operations,1962,Northeast,Labor & Site Work,Female,51977,Asian,Divorced,Fully Meets,2,False,62.89390828199864,258,Mid
2375,2018-09-13,,Data & Analytics,Eric Campbell,TNS,Active,Contract,Zone B,Full-Time,Unk,,IT/IS,General Operations,1958,Northeast,Project / Site Management,Male,90110,Black,Single,Fully Meets,1,True,66.6611909650924,2483,Mid
2376,2023-04-09,2023-06-03,Production,Jamie Simon,CCDR,Active,Full-Time,Zone A,Temporary,Involuntary,Move story heavy list image arrive today.,Production       ,Field Engineering / Operations,1983,Northeast,Field Operations,Female,2573,Asian,Divorced,Fully Meets,4,False,41.724845995893226,55,Manager
2377,2021-01-09,,Production,Jeremy Lee,SVG,Active,Contract,Zone B,Part-Time,Unk,,Production       ,Executive,,Northeast,Executive & Leadership,Male,2433,White,Single,Fully Meets,4,True,,1634,Manager
2378,2020-03-23,,Production,Zachary Parker,EW,Active,Part-Time,Zone A,Full-Time,Unk,,Production       ,Project Management,,Northeast,Admin & Support,Female,16691,Other,Married,Fully Meets,2,True,,1926,Manager
2379,2019-10-19,2020-12-23,Production,Jennifer Krause,MSC,Voluntarily Terminated,Full-Time,Zone C,Part-Time,Resignation,Only subject throw conference official.,Production       ,Field Engineering / Operations,,Northeast,Field Operations,Female,28545,Asian,Divorced,Fully Meets,2,False,,431,Manager
2380,2023-07-02,2023-07-11,Production,Heidi Martin,TNS,Active,Full-Time,Zone A,Temporary,Retirement,Attack result fly Republican.,Production       ,General Operations,,Northeast,Labor & Site Work,Female,87440,Other,Married,Fully Meets,2,False,,9,Manager
2381,2019-08-29,,Production,Eric Strickland,PYZ,Active,Part-Time,Zone B,Part-Time,Unk,,Production       ,Field Engineering / Operations,1988,Northeast,Project / Site Management,Female,10486,Other,Divorced,Fully Meets,2,True,37.22929500342232,2133,Manager
2382,2023-07-17,2023-07-28,Production,Mark Wood,WBL,Active,Part-Time,Zone C,Temporary,Involuntary,Light free he rest thought.,Production       ,Field Engineering / Operations,1943,Northeast,Labor & Site Work,Male,59652,Asian,Single,Fully Meets,1,False,81.55783709787816,11,Manager
2383,2020-02-02,,Production,Robert Wolfe,NEL,Active,Full-Time,Zone A,Full-Time,Unk,,Production       ,Field Engineering / Operations,1973,Northeast,Labor & Site Work,Male,87927,Asian,Widowed,Fully Meets,4,True,52.2299794661191,1976,Manager
2384,2021-10-14,2022-10-21,Production,Kimberly Moore,PL,Terminated for Cause,Full-Time,Zone A,Temporary,Resignation,East crime wind subject because.,Production       ,Field Engineering / Operations,1979,Northeast,Project / Site Management,Female,47596,Hispanic,Married,Fully Meets,5,False,45.804243668720055,372,Manager
2385,2020-04-10,,Production,Eric Richardson,BPC,Active,Contract,Zone A,Part-Time,Unk,,Production       ,Logistics / Maintenance,,Northeast,Other,Female,46287,Asian,Single,Fully Meets,2,True,,1908,Manager
2386,2018-12-14,,Production,Tyler Christian,CCDR,Active,Part-Time,Zone B,Part-Time,Unk,,Production       ,Finance,,Northeast,Admin & Support,Female,87401,Black,Widowed,Fully Meets,1,True,,2391,Manager
2387,2022-06-27,2023-01-05,Executive & Leadership,Brandi Lambert,SVG,Active,Contract,Zone C,Temporary,Resignation,Somebody air turn. Dark civil any serious.,Production       ,Safety & Compliance,,Northeast,Health & Safety,Male,40201,Hispanic,Widowed,Fully Meets,1,False,,192,Executive
2388,2020-09-07,,IT & Infrastructure,Taylor Shaw,EW,Active,Contract,Zone C,Temporary,Unk,,Production       ,Field Engineering / Operations,,Northeast,Engineering,Male,94290,Other,Single,Fully Meets,2,True,,1758,Entry
2389,2019-11-03,2021-06-22,Data & Analytics,Michelle Scott,EW,Active,Contract,Zone C,Part-Time,Resignation,Be there wide. Treatment blue learn choice.,Production       ,General Operations,,Northeast,Admin & Support,Male,35338,White,Widowed,Fully Meets,2,False,,597,Mid
2390,2020-05-15,2021-12-27,Data & Analytics,Lawrence Walsh,MSC,Active,Part-Time,Zone C,Part-Time,Involuntary,Hair force rate state own lose administration.,Production       ,Field Engineering / Operations,,Northeast,Project / Site Management,Female,94090,Asian,Divorced,Fully Meets,1,False,,591,Mid
2391,2023-04-28,2023-05-13,Data & Analytics,Cassandra Snyder,TNS,Active,Part-Time,Zone B,Full-Time,Resignation,Tough respond possible example.,IT/IS,Field Engineering / Operations,1964,Northeast,Other,Female,44623,Asian,Widowed,Fully Meets,1,False,61.385352498288846,15,Mid
2392,2019-08-05,,Data & Analytics,Timothy Mason,BPC,Active,Full-Time,Zone A,Full-Time,Unk,,IT/IS,HR / People Services,,Northeast,Other,Male,91306,Black,Single,Fully Meets,1,True,,2157,Mid
2393,2018-12-05,2021-09-15,Production,Michael Morse,NEL,Active,Full-Time,Zone C,Part-Time,Involuntary,Line believe write might anything yet.,Production       ,Field Engineering / Operations,1993,Northeast,Engineering,Female,79531,Other,Widowed,Fully Meets,5,False,31.822039698836413,1015,Manager
2394,2022-04-25,2023-06-23,Production,Patty Boyd,PL,Active,Full-Time,Zone C,Full-Time,Involuntary,Else condition director woman unit.,Production       ,Field Engineering / Operations,,Northeast,Labor & Site Work,Male,57850,White,Single,Fully Meets,2,False,,424,Manager
2395,2019-12-10,,Production,Linda Simmons,PYZ,Active,Part-Time,Zone C,Part-Time,Unk,,Production       ,General Operations,,Northeast,Engineering,Male,8880,Black,Divorced,Fully Meets,1,True,,2030,Manager
2396,2022-06-30,2022-07-13,Production,Gerald Carpenter,SVG,Voluntarily Terminated,Contract,Zone C,Part-Time,Resignation,Above difference event coach.,Production       ,General Operations,,Northeast,Engineering,Female,11959,Other,Single,Fully Meets,1,False,,13,Manager
2397,2018-09-19,2019-04-29,Production,Barry Powell,TNS,Active,Part-Time,Zone B,Full-Time,Retirement,Husband should TV sport message friend history.,Production       ,Field Engineering / Operations,,Northeast,Labor & Site Work,Female,90692,Other,Widowed,Fully Meets,2,False,,222,Manager
2398,2019-07-08,2022-08-16,Production,Angela Bailey,WBL,Active,Contract,Zone C,Temporary,Resignation,Laugh step east degree. Visit get late along.,Production       ,General Operations,1959,Northeast,Project / Site Management,Female,75907,White,Widowed,Fully Meets,5,False,66.0561259411362,1135,Manager
2399,2023-05-25,2023-07-31,Production,Brian Peters,PYZ,Active,Full-Time,Zone B,Part-Time,Retirement,Else big job administration.,Production       ,Field Engineering / Operations,,Northeast,Other,Male,2777,White,Married,Fully Meets,4,False,,67,Manager
2400,2018-11-03,,Production,Michael Anderson,WBL,Active,Contract,Zone A,Part-Time,Unk,,Production       ,General Operations,1961,Northeast,Project / Site Management,Male,28115,Black,Married,Fully Meets,2,True,64.05201916495551,2432,Manager
2401,2022-11-09,2023-01-10,Production,Christopher Reid,NEL,Terminated for Cause,Full-Time,Zone C,Part-Time,Resignation,Sit energy consider voice director.,Production       ,Field Engineering / Operations,,Northeast,Field Operations,Female,96954,Asian,Divorced,Fully Meets,5,False,,62,Manager
2402,2022-04-14,2022-09-22,Production,Dawn Smith,PL,Terminated for Cause,Full-Time,Zone C,Full-Time,Resignation,Rather event ground scientist change.,Production       ,Logistics / Maintenance,,Northeast,Project / Site Management,Female,36118,Black,Widowed,Fully Meets,2,False,,161,Manager
2403,2020-08-06,2022-07-29,Production,Michael Hayes,BPC,Active,Full-Time,Zone C,Temporary,Retirement,Each himself anything you.,Production       ,Finance,,Northeast,Admin & Support,Female,48453,Hispanic,Married,Fully Meets,4,False,,722,Manager
2404,2019-06-26,2020-01-27,Production,Brandy Coleman,CCDR,Active,Contract,Zone C,Temporary,Voluntary,Into go between. Before number education fast.,Production       ,General Operations,,Northeast,Project / Site Management,Female,25247,White,Divorced,Fully Meets,2,False,,215,Manager
2405,2020-09-13,2022-03-15,Executive & Leadership,Jackie Walsh,SVG,Voluntarily Terminated,Full-Time,Zone B,Part-Time,Involuntary,Your never oil finally public major shake they.,Production       ,Field Engineering / Operations,1950,Northeast,Field Operations,Male,3445,White,Divorced,Fully Meets,4,False,75.23613963039014,548,Executive
2406,2018-11-13,,IT & Infrastructure,Taylor Cohen,EW,Active,Part-Time,Zone B,Part-Time,Unk,,Production       ,Field Engineering / Operations,,Northeast,Field Operations,Male,73530,Black,Widowed,Fully Meets,1,True,,2422,Entry
2407,2019-10-06,2023-04-14,Data & Analytics,Gary Gray,EW,Active,Full-Time,Zone C,Temporary,Involuntary,Throughout thank respond direction.,Production       ,Finance,,Northeast,Admin & Support,Male,47723,Other,Widowed,Fully Meets,4,False,,1286,Mid
2408,2021-09-15,,Data & Analytics,Jeffrey Barnes,MSC,Active,Full-Time,Zone B,Part-Time,Unk,,IT/IS,Field Engineering / Operations,1962,Northeast,Project / Site Management,Female,46328,Black,Divorced,Fully Meets,5,True,63.4715947980835,1385,Mid
2409,2020-02-06,,Data & Analytics,Robert Wilson,TNS,Active,Full-Time,Zone B,Full-Time,Unk,,IT/IS,Field Engineering / Operations,,Northeast,Project / Site Management,Female,91289,White,Single,Fully Meets,4,True,,1972,Mid
2410,2022-10-21,,Data & Analytics,Thomas Ryan,PYZ,Active,Full-Time,Zone B,Part-Time,Unk,,IT/IS,Field Engineering / Operations,,Northeast,Project / Site Management,Male,39919,White,Divorced,Fully Meets,2,True,,984,Mid
2411,2022-10-11,,Production,Paul Johnson,NEL,Active,Part-Time,Zone B,Temporary,Unk,,Production       ,General Operations,,Northeast,Field Operations,Female,43601,Black,Widowed,Fully Meets,2,True,,994,Manager
2412,2022-01-30,2023-03-22,Production,James Spears,PL,Active,Full-Time,Zone B,Part-Time,Voluntary,Current voice question house.,Production       ,Field Engineering / Operations,,Northeast,Engineering,Male,63971,White,Widowed,Fully Meets,2,False,,416,Manager
2413,2022-07-27,2022-10-09,Production,Clayton Phillips,PYZ,Active,Full-Time,Zone B,Temporary,Resignation,Tree choose manager ask prove three.,Production       ,General Operations,1942,Northeast,Other,Female,18899,White,Single,Fully Meets,4,False,83.22518822724162,74,Manager
2414,2022-05-26,,Production,Carmen Fuentes,SVG,Active,Part-Time,Zone B,Part-Time,Unk,,Production       ,General Operations,,Northeast,Labor & Site Work,Female,82519,Asian,Single,Fully Meets,2,True,,1132,Manager
2415,2021-02-08,2022-08-23,Production,Steven Drake,TNS,Active,Full-Time,Zone B,Full-Time,Involuntary,Strategy kind particular unit need.,Production       ,Field Engineering / Operations,1952,Northeast,Field Operations,Female,25010,White,Married,Fully Meets,4,False,72.80492813141684,561,Manager
2416,2022-06-06,,Production,Tiffany Taylor,WBL,Active,Contract,Zone C,Full-Time,Unk,,Production       ,General Operations,1994,Northeast,Labor & Site Work,Male,91822,Asian,Single,Fully Meets,2,True,31.06365503080082,1121,Manager
2417,2021-02-27,2023-07-30,Production,Anna Love,BPC,Active,Contract,Zone C,Full-Time,Retirement,Me local somebody method away choose hit truth.,Production       ,Field Engineering / Operations,1986,Northeast,Project / Site Management,Male,37752,White,Single,Fully Meets,4,False,38.63928815879535,883,Manager
2418,2022-01-26,2023-05-04,Production,Sean Garcia,CCDR,Terminated for Cause,Contract,Zone B,Temporary,Involuntary,Speak high idea reach both. Many policy rock six.,Production       ,Project Management,,Northeast,Project / Site Management,Male,16793,Black,Married,Fully Meets,1,False,,463,Manager
2419,2020-04-01,,Production,Joshua Benton,EW,Active,Part-Time,Zone A,Temporary,Unk,,Production       ,Field Engineering / Operations,,Northeast,Other,Female,94808,White,Married,Fully Meets,2,True,,1917,Manager
2420,2020-06-03,,Production,Emily Fritz,MSC,Active,Contract,Zone B,Full-Time,Unk,,Production       ,Project Management,1949,Northeast,Project / Site Management,Female,22631,White,Single,Fully Meets,5,True,76.24914442162903,1854,Manager
2421,2021-11-20,,Production,Kayla Allen,NEL,Active,Full-Time,Zone C,Part-Time,Unk,,Production       ,Field Engineering / Operations,1986,Northeast,Engineering,Female,70680,Asian,Married,Fully Meets,2,True,38.82546201232033,1319,Manager
2422,2021-12-21,2022-04-07,Production,Joseph Parker,PL,Voluntarily Terminated,Part-Time,Zone A,Temporary,Involuntary,Last conference eat store citizen.,Production       ,General Operations,,Northeast,Labor & Site Work,Male,86374,Hispanic,Widowed,Fully Meets,2,False,,107,Manager
2423,2018-10-10,,Executive & Leadership,Tina Lopez,PYZ,Active,Contract,Zone A,Full-Time,Unk,,Production       ,General Operations,1977,Northeast,Labor & Site Work,Male,93897,Asian,Divorced,Fully Meets,1,True,47.63860369609856,2456,Executive
2424,2019-02-26,2021-03-24,IT & Infrastructure,Joseph Krause,SVG,Active,Full-Time,Zone C,Full-Time,Resignation,Author sure care fish.,Executive Office,Field Engineering / Operations,,Northeast,Field Operations,Male,47083,Hispanic,Divorced,Fully Meets,2,False,,757,Entry
2425,2022-06-19,2023-05-20,Executive & Leadership,David Patel,MSC,Active,Contract,Zone C,Full-Time,Resignation,And even room after establish. Me single stage.,Production       ,Field Engineering / Operations,,Northeast,Other,Male,61895,Asian,Divorced,Fully Meets,2,False,,335,Director
2426,2020-07-20,2023-07-10,Data & Analytics,Johnny Hall,EW,Active,Full-Time,Zone C,Part-Time,Retirement,Scientist open would defense receive old.,Production       ,General Operations,1959,Northeast,Project / Site Management,Female,43373,White,Widowed,Fully Meets,2,False,66.32991101984942,1085,Mid
2427,2020-01-17,2020-04-20,Data & Analytics,Mary Contreras,CCDR,Active,Part-Time,Zone C,Full-Time,Voluntary,Next explain account stay.,IT/IS,Field Engineering / Operations,,Northeast,Other,Female,87868,Asian,Divorced,Fully Meets,5,False,,94,Mid
2428,2021-06-04,2022-02-11,Data & Analytics,Pamela Shelton,BPC,Active,Part-Time,Zone B,Temporary,Voluntary,Price apply father morning population.,IT/IS,Logistics / Maintenance,,Northeast,Maintenance & Logistics,Female,7404,White,Divorced,Fully Meets,4,False,,252,Mid
2429,2019-04-19,2020-07-02,Production,Kristy Taylor,BPC,Active,Part-Time,Zone C,Temporary,Involuntary,Condition control raise.,Production       ,Field Engineering / Operations,1999,Northeast,Labor & Site Work,Male,68494,Black,Widowed,Fully Meets,4,False,26.168377823408623,440,Manager
2430,2018-11-17,2020-12-20,Production,Gregory Myers,CCDR,Active,Full-Time,Zone B,Part-Time,Voluntary,Production major type value live movie.,Production       ,General Operations,,Northeast,Field Operations,Male,69480,White,Single,Fully Meets,2,False,,764,Manager
2431,2022-08-18,2023-06-20,Production,Gregg Thomas,SVG,Active,Contract,Zone A,Full-Time,Resignation,At ago debate special can economy.,Production       ,General Operations,1942,Northeast,Labor & Site Work,Female,16520,Asian,Widowed,Fully Meets,4,False,83.30458590006845,306,Manager
2432,2023-02-10,2023-04-24,Production,William Castillo,EW,Voluntarily Terminated,Contract,Zone C,Full-Time,Retirement,Leader specific wife appear art they.,Production       ,Logistics / Maintenance,,Northeast,Maintenance & Logistics,Female,44133,Asian,Married,Fully Meets,2,False,,73,Manager
2433,2020-04-22,2022-08-03,Production,Edwin Freeman,MSC,Active,Contract,Zone C,Temporary,Retirement,Game play arm argue blood try here.,Production       ,Field Engineering / Operations,,Northeast,Project / Site Management,Male,28492,White,Widowed,Fully Meets,1,False,,833,Manager
2434,2023-01-14,2023-05-07,Production,Melissa Rice,TNS,Active,Part-Time,Zone A,Full-Time,Involuntary,Dog dark piece where ask low away.,Production       ,General Operations,,Northeast,Project / Site Management,Male,34702,Asian,Single,Fully Meets,5,False,,113,Manager
2435,2023-03-13,2023-03-21,Production,Gina Dillon,PYZ,Terminated for Cause,Full-Time,Zone C,Part-Time,Involuntary,Unit begin commercial wish financial care.,Production       ,Field Engineering / Operations,1982,Northeast,Engineering,Male,97893,Other,Widowed,Fully Meets,2,False,43.07186858316222,8,Manager
2436,2022-12-30,2023-04-16,Production,Anna Garcia,WBL,Terminated for Cause,Full-Time,Zone B,Part-Time,Voluntary,Result so show improve. Leg message cup else.,Production       ,Field Engineering / Operations,,Northeast,Field Operations,Male,94765,Asian,Widowed,Fully Meets,4,False,,107,Manager
2437,2020-06-04,2022-10-30,Production,Christopher Mccann,NEL,Terminated for Cause,Full-Time,Zone A,Full-Time,Voluntary,Nation you bad daughter only huge them.,Production       ,Logistics / Maintenance,,Northeast,Maintenance & Logistics,Female,83290,Other,Single,Fully Meets,2,False,,878,Manager
2438,2022-03-13,,Production,Melanie Mullins,PL,Active,Contract,Zone A,Full-Time,Unk,,Production       ,Other,,Northeast,Field Operations,Female,47253,Black,Divorced,Fully Meets,5,True,,1206,Manager
2439,2021-08-21,,Production,Paula Henderson,BPC,Active,Contract,Zone B,Part-Time,Unk,,Production       ,Field Engineering / Operations,1944,Northeast,Engineering,Female,52238,White,Single,Fully Meets,5,True,81.14168377823408,1410,Manager
2440,2021-05-15,,Production,Beverly Dennis,CCDR,Active,Contract,Zone B,Temporary,Unk,,Production       ,General Operations,,Northeast,Labor & Site Work,Male,72975,Other,Divorced,Fully Meets,1,True,,1508,Manager
2441,2021-07-14,,Executive & Leadership,Barry Mcfarland,SVG,Active,Contract,Zone B,Part-Time,Unk,,Production       ,General Operations,,Northeast,HR / Talent,Male,94258,Hispanic,Married,Fully Meets,2,True,,1448,Executive
2442,2023-01-31,2023-06-22,Executive & Leadership,Sandra Manning,SVG,Active,Contract,Zone C,Full-Time,Resignation,Would assume boy show newspaper.,Production       ,Executive,,Northeast,Executive & Leadership,Female,53145,Black,Divorced,Fully Meets,1,False,,142,Director
2443,2020-07-27,,Data & Analytics,Jennifer Lamb,EW,Active,Part-Time,Zone B,Full-Time,Unk,,Production       ,Field Engineering / Operations,,Northeast,Project / Site Management,Female,8971,White,Widowed,Fully Meets,1,True,,1800,Mid
2444,2023-04-16,,Data & Analytics,Jacob Berry,MSC,Active,Part-Time,Zone C,Part-Time,Unk,,IT/IS,Field Engineering / Operations,1957,Northeast,Other,Female,53240,Black,Single,Fully Meets,4,True,67.81382614647502,807,Mid
2445,2019-12-30,,Production,Kelly Mercer,MSC,Active,Contract,Zone B,Temporary,Unk,,Production       ,General Operations,,Northeast,Field Operations,Female,55950,Asian,Widowed,Fully Meets,2,True,,2010,Manager
2446,2021-12-06,2023-01-11,Production,Wendy James,NEL,Active,Contract,Zone C,Full-Time,Involuntary,Every year particular mouth.,Production       ,Executive,,Northeast,Project / Site Management,Male,59946,Black,Divorced,Fully Meets,5,False,,401,Manager
2447,2020-02-02,2022-03-06,Production,Eric Miller,PL,Active,Full-Time,Zone A,Full-Time,Voluntary,Interest again main describe end charge.,Production       ,Field Engineering / Operations,,Northeast,Admin & Support,Female,7019,White,Widowed,Fully Meets,4,False,,763,Manager
2448,2020-10-23,2021-03-14,Production,Doris Boyd,PYZ,Voluntarily Terminated,Full-Time,Zone C,Part-Time,Voluntary,Hard thousand fund follow take want full.,Production       ,General Operations,,Northeast,Other,Female,43686,Asian,Single,Fully Meets,4,False,,142,Manager
2449,2020-04-29,2021-07-10,Production,Desiree Blair,SVG,Voluntarily Terminated,Part-Time,Zone B,Temporary,Retirement,Authority be bank.,Production       ,Field Engineering / Operations,1986,Northeast,Field Operations,Female,63427,Hispanic,Single,Fully Meets,4,False,39.38672142368241,437,Manager
2450,2022-08-18,2022-09-24,Production,Angela Chapman,TNS,Active,Full-Time,Zone A,Part-Time,Resignation,Prove group type several wife those question.,Production       ,Field Engineering / Operations,,Northeast,Field Operations,Male,73413,Asian,Single,Fully Meets,1,False,,37,Manager
2451,2020-09-08,,Production,Carol Allen,WBL,Active,Contract,Zone A,Temporary,Unk,,Production       ,Field Engineering / Operations,,Northeast,Project / Site Management,Male,78058,Black,Married,Fully Meets,5,True,,1757,Manager
2452,2022-10-14,,Production,Michael Cortez,BPC,Active,Full-Time,Zone C,Part-Time,Unk,,Production       ,Project Management,,Northeast,Executive & Leadership,Male,15079,Asian,Married,Fully Meets,2,True,,991,Manager
2453,2023-05-13,,Production,Erin Abbott,CCDR,Active,Full-Time,Zone C,Full-Time,Unk,,Production       ,Field Engineering / Operations,,Northeast,Labor & Site Work,Male,70878,Other,Widowed,Fully Meets,1,True,,780,Manager
2454,2021-02-28,,Production,David Russell,EW,Active,Full-Time,Zone A,Part-Time,Unk,,Production       ,Field Engineering / Operations,1989,Northeast,Engineering,Female,5526,Asian,Married,Fully Meets,5,True,36.303901437371664,1584,Manager
2455,2020-03-03,,Production,Raymond Robinson,MSC,Active,Full-Time,Zone B,Full-Time,Unk,,Production       ,General Operations,1991,Northeast,Other,Female,50307,Hispanic,Single,Fully Meets,2,True,33.568788501026695,1946,Manager
2456,2021-11-29,,Production,Anthony Luna,NEL,Active,Full-Time,Zone A,Full-Time,Unk,,Production       ,Field Engineering / Operations,,Northeast,Labor & Site Work,Male,70237,Asian,Single,Fully Meets,5,True,,1310,Manager
2457,2018-08-24,,Production,David Fox,PL,Active,Part-Time,Zone A,Part-Time,Unk,,Production       ,Field Engineering / Operations,,Northeast,Labor & Site Work,Male,82947,Hispanic,Single,Fully Meets,2,True,,2503,Manager
2458,2020-10-21,2022-03-24,Executive & Leadership,Robert Conway,PYZ,Active,Part-Time,Zone B,Temporary,Voluntary,Fund season forward just.,Production       ,Logistics / Maintenance,1979,Northeast,Field Operations,Male,59127,Other,Widowed,Fully Meets,2,False,46.31074606433949,519,Executive
2459,2020-12-15,2021-06-24,Executive & Leadership,Sarah Kennedy,SVG,Active,Full-Time,Zone A,Temporary,Retirement,Type by way so firm high building.,Production       ,Field Engineering / Operations,1995,Northeast,Labor & Site Work,Female,89047,Asian,Married,Fully Meets,4,False,29.976728268309376,191,Director
2460,2018-09-05,2023-01-27,Data & Analytics,Kathryn Chen,EW,Active,Contract,Zone C,Full-Time,Retirement,Recently five outside class term.,IT/IS,Finance,,Northeast,Finance & Analysis,Female,15258,White,Widowed,Fully Meets,2,False,,1605,Mid
2461,2021-09-27,,Operations / Shared Services,Billy Waters,EW,Active,Part-Time,Zone A,Full-Time,Unk,,Admin Offices,Field Engineering / Operations,1979,Northeast,Other,Male,23555,Black,Divorced,Fully Meets,5,True,46.072553045859,1373,Manager
2462,2020-01-09,2021-01-27,Production,Miranda Webb,NEL,Active,Part-Time,Zone C,Full-Time,Voluntary,Claim serve PM camera else.,Production       ,General Operations,1948,Northeast,Project / Site Management,Female,83298,White,Married,Fully Meets,2,False,76.65708418891171,384,Manager
2463,2018-12-06,,Production,Elizabeth Cook,PL,Active,Part-Time,Zone A,Part-Time,Unk,,Production       ,Field Engineering / Operations,1986,Northeast,Engineering,Female,27705,Hispanic,Widowed,Fully Meets,4,True,39.24435318275154,2399,Manager
2464,2022-08-11,,Production,Lindsay Nguyen,BPC,Active,Full-Time,Zone B,Temporary,Unk,,Production       ,Field Engineering / Operations,,Northeast,Field Operations,Male,78500,White,Widowed,Fully Meets,2,True,,1055,Manager
2465,2020-04-13,2021-06-26,Production,Heidi Mann,CCDR,Active,Contract,Zone A,Full-Time,Retirement,Site least knowledge right every.,Production       ,Field Engineering / Operations,1961,Northeast,Labor & Site Work,Female,42463,White,Single,Fully Meets,2,False,63.6413415468857,439,Manager
2466,2021-11-14,2023-01-22,Production,Matthew Hull,SVG,Voluntarily Terminated,Contract,Zone A,Full-Time,Voluntary,Sense activity son. One radio Mr method shoulder.,Production       ,Field Engineering / Operations,,Northeast,Engineering,Female,17484,White,Widowed,Fully Meets,2,False,,434,Manager
2467,2022-03-17,2023-06-23,Production,Ryan Wise,EW,Voluntarily Terminated,Full-Time,Zone B,Full-Time,Involuntary,Change hundred despite get sit agent discuss.,Production       ,Field Engineering / Operations,1979,Northeast,Engineering,Female,86392,Other,Married,Fully Meets,5,False,46.49418206707735,463,Manager
2468,2019-05-06,,Production,Justin Cook,MSC,Active,Part-Time,Zone A,Part-Time,Unk,,Production       ,General Operations,,Northeast,Labor & Site Work,Male,53359,Hispanic,Married,Fully Meets,5,True,,2248,Manager
2469,2021-11-27,2023-06-22,Production,Heather Liu,TNS,Active,Part-Time,Zone C,Part-Time,Involuntary,Clearly really poor story health air particular.,Production       ,Field Engineering / Operations,2001,Northeast,Project / Site Management,Male,74482,Hispanic,Divorced,Fully Meets,4,False,24.40246406570842,572,Manager
2470,2021-02-09,,Production,Dustin Carroll,BPC,Active,Full-Time,Zone C,Temporary,Unk,,Production       ,General Operations,,Northeast,Labor & Site Work,Male,71766,Asian,Single,Fully Meets,5,True,,1603,Manager
2471,2022-01-06,,Production,Cindy Riley,CCDR,Active,Part-Time,Zone C,Part-Time,Unk,,Production       ,Field Engineering / Operations,,Northeast,Engineering,Male,84366,Other,Divorced,Fully Meets,2,True,,1272,Manager
2472,2023-07-28,,Production,Gary Davis,EW,Active,Full-Time,Zone B,Temporary,Unk,,Production       ,Field Engineering / Operations,,Northeast,Project / Site Management,Female,71843,Asian,Married,Fully Meets,2,True,,704,Manager
2473,2021-03-27,2022-06-23,Production,Alexa Powell,MSC,Active,Contract,Zone B,Full-Time,Involuntary,Ability project political animal.,Production       ,Corporate Operations,,Northeast,Admin & Support,Male,55005,Hispanic,Single,Fully Meets,4,False,,453,Manager
2474,2023-03-12,2023-06-02,Production,Amber Ross,NEL,Active,Contract,Zone A,Temporary,Involuntary,Technology eight stage hold chance after police.,Production       ,Field Engineering / Operations,,Northeast,Field Operations,Male,38407,Black,Married,Fully Meets,4,False,,82,Manager
2475,2022-10-05,2022-12-17,Production,Gabriel Fitzgerald,PL,Voluntarily Terminated,Part-Time,Zone C,Temporary,Retirement,Finish sense money public debate field professor.,Production       ,General Operations,,Northeast,Other,Male,14857,White,Single,Fully Meets,4,False,,73,Manager
2476,2021-10-01,2023-06-21,Executive & Leadership,Ryan Thompson,PYZ,Active,Part-Time,Zone B,Full-Time,Voluntary,Yard charge week wait address.,Executive Office,Logistics / Maintenance,1967,Northeast,Admin & Support,Male,6637,Other,Single,Fully Meets,2,False,57.973990417522245,628,Executive
2477,2022-01-31,,Sales,Timothy Spencer,PL,Active,Contract,Zone A,Full-Time,Unk,,Sales,Field Engineering / Operations,,Northeast,Labor & Site Work,Female,92396,Asian,Divorced,Fully Meets,2,True,,1247,Director
2478,2020-06-01,,Executive & Leadership,Andrew Fleming,PYZ,Active,Full-Time,Zone A,Temporary,Unk,,Production       ,General Operations,,Northeast,Labor & Site Work,Female,6085,White,Single,Fully Meets,5,True,,1856,Director
2479,2023-04-18,2023-05-17,Data & Analytics,Edward Ross,SVG,Active,Contract,Zone C,Part-Time,Involuntary,Material role once lawyer phone turn company.,IT/IS,General Operations,,Northeast,Labor & Site Work,Female,67089,Hispanic,Divorced,Fully Meets,4,False,,29,Mid
2480,2020-07-25,,IT & Infrastructure,Renee Johnson,CCDR,Active,Part-Time,Zone C,Part-Time,Unk,,IT/IS,Field Engineering / Operations,,Northeast,Field Operations,Male,1460,White,Widowed,Fully Meets,2,True,,1802,Director
2481,2018-12-12,,IT & Infrastructure,Thomas Kim,PL,Active,Full-Time,Zone A,Part-Time,Unk,,IT/IS,Field Engineering / Operations,1997,Northeast,Field Operations,Male,2481,Black,Divorced,Fully Meets,1,True,27.99452429842573,2393,Manager
2482,2018-09-01,2022-06-20,IT & Infrastructure,Erin Jones,PYZ,Active,Contract,Zone C,Full-Time,Voluntary,Particularly box maybe.,IT/IS,Field Engineering / Operations,,Northeast,Project / Site Management,Male,1886,Black,Married,Fully Meets,4,False,,1388,Manager
2483,2019-11-24,,IT & Infrastructure,Amy Palmer,WBL,Active,Part-Time,Zone A,Temporary,Unk,,IT/IS,Field Engineering / Operations,,Northeast,Engineering,Male,2134,Black,Divorced,Fully Meets,2,True,,2046,Manager
2484,2021-12-26,,Data & Analytics,Natalie Liu,SVG,Active,Part-Time,Zone A,Part-Time,Unk,,IT/IS,Field Engineering / Operations,,Northeast,Labor & Site Work,Male,2045,Black,Single,Fully Meets,4,True,,1283,Director
2485,2020-03-04,2021-09-08,Operations / Shared Services,Regina Becker,NEL,Active,Part-Time,Zone B,Part-Time,Retirement,Price card crime. Beautiful travel world treat.,Software Engineering,Other,,Northeast,Project / Site Management,Male,2184,White,Widowed,Fully Meets,4,False,,553,Manager
2486,2020-05-03,,IT & Infrastructure,Timothy Jackson,TNS,Active,Part-Time,Zone A,Temporary,Unk,,IT/IS,General Operations,,Northeast,Project / Site Management,Male,1915,Black,Married,Fully Meets,5,True,,1885,Manager
2487,2019-07-20,,IT & Infrastructure,Laura Avila,PYZ,Active,Part-Time,Zone A,Temporary,Unk,,IT/IS,Field Engineering / Operations,1978,Northeast,Labor & Site Work,Male,86917,White,Single,Fully Meets,4,True,46.55989048596852,2173,Manager
2488,2022-05-26,2022-10-05,IT & Infrastructure,Angela Mcdonald,PL,Active,Contract,Zone A,Full-Time,Resignation,Follow fact investment.,IT/IS,Field Engineering / Operations,,Northeast,Field Operations,Male,10930,Other,Married,Fully Meets,1,False,,132,Director
2489,2021-07-24,,Sales,Michael Johnson,NEL,Active,Contract,Zone A,Part-Time,Unk,,IT/IS,Field Engineering / Operations,,Northeast,Field Operations,Male,38550,Hispanic,Single,Fully Meets,5,True,,1438,Director
2490,2021-09-27,,Executive & Leadership,Carmen Patterson,MSC,Active,Contract,Zone A,Part-Time,Unk,,IT/IS,General Operations,,Northeast,Labor & Site Work,Male,5891,Other,Widowed,Fully Meets,4,True,,1373,Director
2491,2019-04-07,,Other,Thomas Smith,BPC,Active,Contract,Zone A,Full-Time,Unk,,Software Engineering,General Operations,,Northeast,Labor & Site Work,Male,16917,Black,Single,Fully Meets,1,True,,2277,Entry
2492,2019-07-20,,Other,Catherine Peterson,CCDR,Active,Full-Time,Zone C,Temporary,Unk,,Software Engineering,General Operations,1957,Northeast,Labor & Site Work,Male,34504,White,Married,Fully Meets,2,True,67.5728952772074,2173,Entry
2493,2022-12-03,2023-06-29,Other,Thomas Green,SVG,Active,Contract,Zone C,Full-Time,Retirement,Small phone project life realize.,Software Engineering,Field Engineering / Operations,,Northeast,Field Operations,Male,13337,Black,Divorced,Fully Meets,4,False,,208,Entry
2494,2020-04-04,2022-11-10,IT & Infrastructure,Dawn Foley,MSC,Active,Contract,Zone A,Temporary,Retirement,Away manage guess gun old.,IT/IS,Field Engineering / Operations,1978,Northeast,Labor & Site Work,Male,67346,Asian,Married,Fully Meets,4,False,46.90759753593429,950,Manager
2495,2020-03-08,2023-02-26,IT & Infrastructure,John Jones,NEL,Active,Contract,Zone B,Part-Time,Resignation,Method hundred lawyer feel interesting.,IT/IS,Field Engineering / Operations,,Northeast,Engineering,Male,71472,Black,Married,Fully Meets,1,False,,1085,Director
2496,2020-09-28,2023-03-27,Sales,Brian Thompson,PL,Active,Part-Time,Zone B,Temporary,Retirement,Reduce evidence policy clear nothing at.,IT/IS,Field Engineering / Operations,,Northeast,Field Operations,Male,55912,Other,Single,Fully Meets,2,False,,910,Director
2497,2021-07-14,2022-08-09,Executive & Leadership,Angel Howard,PYZ,Active,Full-Time,Zone C,Temporary,Voluntary,Kind produce join effect.,IT/IS,Field Engineering / Operations,1955,Northeast,Field Operations,Male,24639,White,Single,Fully Meets,4,False,69.82067077344284,391,Director
2498,2019-10-17,2020-03-21,Data & Analytics,Joseph Bowen,PYZ,Terminated for Cause,Full-Time,Zone A,Temporary,Involuntary,Brother election movie born enough.,IT/IS,Field Engineering / Operations,1999,Northeast,Project / Site Management,Female,44117,Asian,Divorced,Fully Meets,4,False,25.81245722108145,156,Entry
2499,2023-04-08,2023-06-09,Other,Micheal Moreno,PL,Active,Contract,Zone B,Full-Time,Resignation,Girl foreign would simple believe.,Software Engineering,Project Management,1989,Northeast,Project / Site Management,Male,32650,Asian,Married,Fully Meets,4,False,35.82203969883641,62,Entry
2500,2019-07-25,,Other,John Vaughn,BPC,Active,Full-Time,Zone C,Part-Time,Unk,,Software Engineering,Field Engineering / Operations,,Northeast,Labor & Site Work,Male,27273,Hispanic,Married,Fully Meets,2,True,,2168,Entry
2501,2022-12-25,,Other,Jennifer Graves,CCDR,Active,Full-Time,Zone A,Temporary,Unk,,Software Engineering,Finance,1952,Northeast,Project / Site Management,Male,89368,Black,Divorced,Fully Meets,2,True,72.7173169062286,919,Entry
2502,2019-01-27,,Other,Sandra Rodriguez,SVG,Active,Part-Time,Zone C,Temporary,Unk,,Software Engineering,Field Engineering / Operations,1999,Northeast,Project / Site Management,Male,25819,White,Divorced,Fully Meets,2,True,26.069815195071868,2347,Entry
2503,2021-12-26,2022-01-29,IT & Infrastructure,Sean Wong,PL,Active,Contract,Zone C,Temporary,Voluntary,Determine yes action college.,IT/IS,General Operations,,Northeast,Admin & Support,Male,6113,White,Married,Fully Meets,5,False,,34,Manager
2504,2023-01-12,,IT & Infrastructure,Nathan Espinoza,BPC,Active,Full-Time,Zone A,Part-Time,Unk,,IT/IS,Field Engineering / Operations,,Northeast,Engineering,Male,60048,Black,Single,Fully Meets,4,True,,901,Director
2505,2019-07-02,,Sales,Kyle Day,CCDR,Active,Contract,Zone B,Temporary,Unk,,IT/IS,Field Engineering / Operations,1988,Northeast,Other,Male,23929,Asian,Single,Fully Meets,1,True,37.16632443531827,2191,Director
2506,2022-06-30,,Executive & Leadership,Jacob Robinson,SVG,Active,Full-Time,Zone C,Full-Time,Unk,,IT/IS,Field Engineering / Operations,1947,Northeast,Labor & Site Work,Male,76072,White,Single,Fully Meets,5,True,77.97125256673512,1097,Director
2507,2023-01-05,2023-01-14,Data & Analytics,Kimberly Moore,CCDR,Terminated for Cause,Part-Time,Zone B,Temporary,Resignation,Space west energy week our federal operation.,IT/IS,Field Engineering / Operations,1985,Northeast,Project / Site Management,Female,93702,White,Single,Fully Meets,5,False,39.81656399726215,9,Entry
2508,2018-11-18,,Data & Analytics,Kelsey Cochran,SVG,Active,Full-Time,Zone A,Part-Time,Unk,,IT/IS,Field Engineering / Operations,,Northeast,Field Operations,Male,96865,Other,Single,Fully Meets,5,True,,2417,Entry
2509,2020-09-21,2021-10-16,Other,Abigail Reynolds,EW,Active,Part-Time,Zone C,Full-Time,Involuntary,Resource concern production level good happy.,Software Engineering,Consulting / Client Delivery,,Northeast,Engineering,Female,68690,Hispanic,Married,Fully Meets,2,False,,390,Entry
2510,2019-11-25,2023-02-24,Other,Mitchell Oliver,MSC,Active,Contract,Zone C,Temporary,Retirement,Radio fight consumer senior traditional himself.,Software Engineering,Field Engineering / Operations,,Northeast,Field Operations,Male,87866,Asian,Single,Fully Meets,1,False,,1187,Entry
2511,2021-02-05,2023-02-12,Other,Edwin Sparks,NEL,Active,Full-Time,Zone C,Part-Time,Involuntary,Show step student add. Name deal take last.,Software Engineering,Field Engineering / Operations,,Northeast,Field Operations,Male,9299,Asian,Single,Fully Meets,4,False,,737,Entry
2512,2023-04-16,2023-05-25,Other,Pamela Robbins,PL,Active,Part-Time,Zone B,Temporary,Retirement,May dream may apply involve natural.,Software Engineering,Field Engineering / Operations,1967,Northeast,Labor & Site Work,Male,25059,Hispanic,Widowed,Fully Meets,4,False,58.32169746748802,39,Entry
2513,2021-08-19,2022-02-16,IT & Infrastructure,Laura Goodman,PYZ,Active,Full-Time,Zone A,Full-Time,Involuntary,Fine father forget two pay sort before dinner.,IT/IS,General Operations,,Northeast,Engineering,Male,6272,Asian,Divorced,Fully Meets,2,False,,181,Manager
2514,2022-01-14,,IT & Infrastructure,Jeffrey Frazier,PL,Active,Part-Time,Zone A,Full-Time,Unk,,IT/IS,Field Engineering / Operations,1957,Northeast,Engineering,Male,28525,White,Single,Fully Meets,1,True,67.80835044490075,1264,Director
2515,2018-09-11,,Sales,Michael Perez,NEL,Active,Contract,Zone A,Full-Time,Unk,,IT/IS,General Operations,1996,Northeast,Admin & Support,Male,88143,Hispanic,Single,Fully Meets,4,True,29.05681040383299,2485,Director
2516,2022-02-18,,Executive & Leadership,Robert Cannon,MSC,Active,Full-Time,Zone C,Temporary,Unk,,IT/IS,Field Engineering / Operations,,Northeast,Labor & Site Work,Male,41482,Hispanic,Widowed,Fully Meets,5,True,,1229,Director
2517,2019-12-01,2023-01-25,Data & Analytics,Mario Ellis,CCDR,Active,Full-Time,Zone A,Full-Time,Retirement,Carry threat by whose ok grow information.,IT/IS,Field Engineering / Operations,1963,Northeast,Labor & Site Work,Male,20916,Asian,Single,Fully Meets,2,False,62.38740588637919,1151,Entry
2518,2021-02-28,2022-07-31,Data & Analytics,Christina Barnes,SVG,Active,Full-Time,Zone A,Full-Time,Voluntary,Behind person those information road.,IT/IS,Field Engineering / Operations,,Northeast,Labor & Site Work,Male,53499,White,Widowed,Fully Meets,4,False,,518,Entry
2519,2021-11-13,,Other,Julia Johnson,NEL,Active,Part-Time,Zone A,Part-Time,Unk,,Software Engineering,Field Engineering / Operations,,Northeast,Other,Female,32395,White,Married,Fully Meets,4,True,,1326,Entry
2520,2020-09-27,,Other,Kristin Andrews,PL,Active,Part-Time,Zone C,Part-Time,Unk,,Software Engineering,Project Management,,Northeast,Project / Site Management,Male,47987,Asian,Divorced,Fully Meets,1,True,,1738,Entry
2521,2022-09-03,,Other,Kim Murphy,BPC,Active,Contract,Zone C,Temporary,Unk,,Software Engineering,Field Engineering / Operations,,Northeast,Engineering,Male,74262,White,Divorced,Fully Meets,1,True,,1032,Entry
2522,2020-10-09,2021-11-09,IT & Infrastructure,Jeffrey Santana,PL,Active,Full-Time,Zone C,Temporary,Voluntary,Difference wide news north we.,IT/IS,Field Engineering / Operations,,Northeast,Field Operations,Male,54386,Other,Married,Fully Meets,4,False,,396,Manager
2523,2021-11-06,,IT & Infrastructure,Elizabeth Pope,BPC,Active,Full-Time,Zone A,Temporary,Unk,,IT/IS,General Operations,1970,Northeast,Field Operations,Male,25953,Hispanic,Single,Fully Meets,5,True,54.81177275838467,1333,Director
2524,2023-06-24,,Sales,Sheila Estrada,CCDR,Active,Contract,Zone A,Part-Time,Unk,,IT/IS,Finance,,Northeast,Project / Site Management,Male,88225,Black,Married,Fully Meets,1,True,,738,Director
2525,2021-09-15,2023-07-02,Executive & Leadership,Zachary Higgins,SVG,Active,Full-Time,Zone B,Full-Time,Retirement,Executive might picture speech light.,Sales,General Operations,1952,Northeast,Field Operations,Male,11241,Other,Married,Fully Meets,2,False,73.39630390143738,655,Director
2526,2022-10-14,,Data & Analytics,Anthony Harris,NEL,Active,Contract,Zone C,Part-Time,Unk,,IT/IS,Field Engineering / Operations,,Northeast,Engineering,Female,88079,Other,Single,Fully Meets,1,True,,991,Entry
2527,2019-07-22,,Data & Analytics,Brenda Salas,PL,Active,Full-Time,Zone A,Temporary,Unk,,IT/IS,Field Engineering / Operations,,Northeast,Project / Site Management,Male,61715,Asian,Married,Fully Meets,2,True,,2171,Entry
2528,2023-03-20,2023-05-06,Data & Analytics,Melvin Mitchell,PYZ,Active,Part-Time,Zone C,Part-Time,Retirement,Southern alone father state.,IT/IS,Project Management,1985,Northeast,Project / Site Management,Male,78254,White,Married,Fully Meets,1,False,40.06023271731691,47,Entry
2529,2022-05-02,,Other,Angela Boyle,NEL,Active,Full-Time,Zone B,Part-Time,Unk,,Software Engineering,Field Engineering / Operations,,Northeast,Field Operations,Female,53709,Other,Single,Fully Meets,2,True,,1156,Entry
2530,2022-10-20,2023-07-07,Other,Mr. John Long,PL,Active,Part-Time,Zone C,Temporary,Retirement,Scientist strong team civil quality.,Software Engineering,Logistics / Maintenance,1980,Northeast,Other,Male,75065,White,Divorced,Fully Meets,2,False,45.22108145106092,260,Entry
2531,2023-07-24,2023-07-29,Other,Mary Thomas,BPC,Active,Part-Time,Zone B,Full-Time,Voluntary,Open several spring mouth.,Software Engineering,Executive,,Northeast,Project / Site Management,Male,10274,Black,Widowed,Fully Meets,2,False,,5,Entry
2532,2020-07-18,,IT & Infrastructure,Lisa Holloway DDS,NEL,Active,Contract,Zone A,Part-Time,Unk,,IT/IS,General Operations,1972,Northeast,Field Operations,Male,85461,Other,Widowed,Fully Meets,4,True,52.82135523613963,1809,Manager
2533,2021-05-05,,IT & Infrastructure,Lauren Baker,PL,Active,Full-Time,Zone A,Temporary,Unk,,IT/IS,Field Engineering / Operations,,Northeast,Field Operations,Male,53235,White,Divorced,Fully Meets,1,True,,1518,Manager
2534,2019-04-15,2021-05-23,IT & Infrastructure,Scott Moore,BPC,Active,Part-Time,Zone B,Temporary,Retirement,Manager since future contain play.,IT/IS,Project Management,1960,Northeast,Project / Site Management,Male,96561,Other,Divorced,Fully Meets,1,False,64.9883641341547,769,Director
2535,2020-08-24,2023-05-02,Sales,David Roberts,CCDR,Active,Contract,Zone B,Part-Time,Resignation,Well energy step may.,Sales,Field Engineering / Operations,,Northeast,Engineering,Male,6563,Other,Single,Fully Meets,2,False,,981,Director
2536,2022-12-31,,Executive & Leadership,Randy Thomas,SVG,Active,Contract,Zone C,Temporary,Unk,,Sales,Field Engineering / Operations,1951,Northeast,Field Operations,Male,67353,Hispanic,Married,Fully Meets,2,True,74.40657084188912,913,Director
2537,2022-09-18,2023-06-07,Data & Analytics,James Bradley,PL,Active,Full-Time,Zone A,Full-Time,Involuntary,Positive might religious mouth else.,IT/IS,Field Engineering / Operations,,Northeast,Field Operations,Female,73238,White,Single,Fully Meets,2,False,,262,Entry
2538,2019-09-14,,Data & Analytics,Ebony Shepard,BPC,Active,Full-Time,Zone C,Part-Time,Unk,,IT/IS,Field Engineering / Operations,,Northeast,Labor & Site Work,Female,95322,Hispanic,Single,Fully Meets,5,True,,2117,Entry
2539,2019-03-19,,Data & Analytics,Michael Johnson,CCDR,Active,Part-Time,Zone B,Temporary,Unk,,IT/IS,Field Engineering / Operations,1953,Northeast,Project / Site Management,Male,17448,Black,Married,Fully Meets,2,True,71.73990417522245,2296,Entry
2540,2022-10-18,2023-01-10,Operations / Shared Services,Caroline Brooks,CCDR,Active,Contract,Zone B,Part-Time,Resignation,Actually not sell one.,Software Engineering,Finance,,Northeast,Executive & Leadership,Female,61856,Black,Divorced,Fully Meets,4,False,,84,Manager
2541,2022-07-31,,Other,Pamela Stone,EW,Active,Full-Time,Zone B,Temporary,Unk,,Software Engineering,Field Engineering / Operations,1973,Northeast,Engineering,Female,60675,Other,Married,Fully Meets,1,True,52.473648186173854,1066,Entry
2542,2023-03-06,,Other,Amanda Nguyen,MSC,Active,Part-Time,Zone A,Part-Time,Unk,,Software Engineering,Field Engineering / Operations,1959,Northeast,Engineering,Male,55449,Black,Single,Fully Meets,4,True,65.83162217659138,848,Entry
2543,2019-01-30,2021-03-22,Other,Kenneth Berry,NEL,Voluntarily Terminated,Full-Time,Zone A,Full-Time,Resignation,First peace oil more last us. Front product many.,Software Engineering,General Operations,,Northeast,Field Operations,Male,59271,White,Divorced,Fully Meets,2,False,,782,Entry
2544,2023-05-22,2023-07-12,IT & Infrastructure,Julie Howard,SVG,Active,Full-Time,Zone C,Temporary,Voluntary,Black civil room chance. This mind find adult.,IT/IS,Field Engineering / Operations,,Northeast,Labor & Site Work,Male,59420,White,Married,Fully Meets,1,False,,51,Manager
2545,2018-12-22,,IT & Infrastructure,Michael Whitehead,PYZ,Active,Contract,Zone B,Full-Time,Unk,,IT/IS,Project Management,1951,Northeast,Project / Site Management,Male,57785,Hispanic,Widowed,Fully Meets,4,True,73.73032169746749,2383,Manager
2546,2022-11-08,,IT & Infrastructure,Martin Obrien,PL,Active,Part-Time,Zone A,Part-Time,Unk,,IT/IS,Finance,,Northeast,Admin & Support,Male,26419,Other,Married,Fully Meets,4,True,,966,Director
2547,2021-07-03,,Sales,Katherine Morgan,NEL,Active,Full-Time,Zone A,Temporary,Unk,,Sales,General Operations,,Northeast,Labor & Site Work,Male,31784,Hispanic,Widowed,Fully Meets,4,True,,1459,Director
2548,2018-11-14,2021-07-08,Data & Analytics,Brittany Johnson,PYZ,Active,Contract,Zone A,Temporary,Resignation,Win onto effect security instead.,IT/IS,General Operations,,Northeast,Project / Site Management,Female,70770,Other,Divorced,Fully Meets,1,False,,967,Entry
2549,2021-09-18,,Data & Analytics,Robert Wilkerson,PL,Active,Contract,Zone A,Part-Time,Unk,,IT/IS,Field Engineering / Operations,1963,Northeast,Project / Site Management,Female,51516,White,Divorced,Fully Meets,5,True,61.99315537303217,1382,Entry
2550,2020-11-19,2021-11-03,Operations / Shared Services,Mark Cole,WBL,Active,Contract,Zone A,Part-Time,Involuntary,Market remember too less bring simple sort.,Software Engineering,General Operations,,Northeast,Labor & Site Work,Female,69865,White,Widowed,Fully Meets,5,False,,349,Manager
2551,2023-05-04,2023-07-02,Other,Edwin Chen,NEL,Active,Full-Time,Zone B,Temporary,Voluntary,Will low work decade site.,Software Engineering,General Operations,1988,Northeast,Project / Site Management,Female,49964,Other,Widowed,Fully Meets,1,False,37.13620807665982,59,Entry
2552,2023-01-21,,Other,Nathan Vazquez,PL,Active,Full-Time,Zone B,Temporary,Unk,,Software Engineering,Project Management,1954,Northeast,Project / Site Management,Male,72168,White,Single,Fully Meets,5,True,70.65845311430527,892,Entry
2553,2022-08-19,2023-01-18,IT & Infrastructure,William Brown,NEL,Active,Contract,Zone B,Part-Time,Resignation,Wife send office ball yourself it lot.,IT/IS,Field Engineering / Operations,1973,Northeast,Labor & Site Work,Male,87974,Other,Divorced,Fully Meets,2,False,51.72621492128679,152,Manager
2554,2022-07-18,2023-05-09,IT & Infrastructure,Dylan Brown,PL,Active,Part-Time,Zone A,Full-Time,Voluntary,Do month risk college detail.,IT/IS,General Operations,1991,Northeast,Engineering,Male,2505,Hispanic,Widowed,Fully Meets,1,False,33.74401095140315,295,Manager
2555,2019-08-14,2021-05-13,IT & Infrastructure,Victoria Munoz,BPC,Active,Full-Time,Zone A,Temporary,Resignation,Mr opportunity dinner chance common.,IT/IS,Other,,Northeast,Project / Site Management,Male,6633,Other,Widowed,Fully Meets,2,False,,638,Director
2556,2020-12-10,2022-05-30,Sales,John Smith,CCDR,Active,Part-Time,Zone A,Full-Time,Voluntary,Develop together popular be.,Sales,Project Management,,Northeast,Project / Site Management,Male,73638,White,Married,Fully Meets,2,False,,536,Director
2557,2019-09-20,,Data & Analytics,Jo Ruiz,MSC,Active,Full-Time,Zone B,Temporary,Unk,,IT/IS,Field Engineering / Operations,,Northeast,Engineering,Female,96051,Black,Married,Fully Meets,2,True,,2111,Entry
2558,2021-11-19,2021-12-27,Operations / Shared Services,Ernest Jones,WBL,Active,Full-Time,Zone B,Full-Time,Involuntary,Kid actually Congress computer season behind.,Software Engineering,Field Engineering / Operations,,Northeast,Field Operations,Female,87152,Asian,Widowed,Fully Meets,4,False,,38,Manager
2559,2022-04-29,,Other,James Gibson,NEL,Active,Part-Time,Zone B,Full-Time,Unk,,Software Engineering,Field Engineering / Operations,,Northeast,Field Operations,Male,79836,White,Widowed,Fully Meets,1,True,,1159,Entry
2560,2021-06-30,2021-07-28,IT & Infrastructure,Sarah Campbell,WBL,Active,Part-Time,Zone A,Part-Time,Voluntary,According maintain president start upon evening.,IT/IS,Field Engineering / Operations,1977,Northeast,Executive & Leadership,Male,43352,Black,Widowed,Fully Meets,4,False,48.48459958932238,28,Manager
2561,2021-07-15,,IT & Infrastructure,Melody Walker,NEL,Active,Contract,Zone B,Temporary,Unk,,IT/IS,General Operations,1956,Northeast,Labor & Site Work,Male,33873,Hispanic,Married,Fully Meets,2,True,69.05407255304586,1447,Manager
2562,2021-04-12,2023-03-06,IT & Infrastructure,Benjamin Mcdonald,PL,Active,Contract,Zone B,Full-Time,Retirement,Suffer arm security about control with.,IT/IS,Field Engineering / Operations,,Northeast,Field Operations,Male,83544,Other,Married,Fully Meets,4,False,,693,Manager
2563,2020-12-08,,IT & Infrastructure,Sean Gonzalez,BPC,Active,Contract,Zone B,Temporary,Unk,,IT/IS,Field Engineering / Operations,,Northeast,Engineering,Male,73171,Other,Widowed,Fully Meets,2,True,,1666,Director
2564,2019-10-31,2020-03-01,Sales,Brian Mueller,CCDR,Active,Contract,Zone B,Full-Time,Voluntary,Finish law price under.,Sales,General Operations,1995,Northeast,Labor & Site Work,Male,36351,Hispanic,Married,Fully Meets,1,False,29.973990417522245,122,Director
2565,2020-01-22,,Data & Analytics,Jeffrey Duran,PL,Active,Contract,Zone C,Temporary,Unk,,IT/IS,Field Engineering / Operations,,Northeast,Field Operations,Female,93447,White,Married,Fully Meets,2,True,,1987,Entry
2566,2022-09-20,,Operations / Shared Services,Erica Lawrence,CCDR,Active,Full-Time,Zone B,Full-Time,Unk,,Software Engineering,General Operations,,Northeast,Project / Site Management,Male,69590,Other,Married,Fully Meets,2,True,,1015,Manager
2567,2022-12-22,2023-07-26,IT & Infrastructure,Christy Cunningham,CCDR,Active,Full-Time,Zone B,Part-Time,Voluntary,Dream quickly relationship involve enough name.,IT/IS,Field Engineering / Operations,,Northeast,Project / Site Management,Male,51819,Black,Widowed,Fully Meets,5,False,,216,Manager
2568,2019-03-12,,IT & Infrastructure,Mr. David Booth,EW,Active,Full-Time,Zone C,Full-Time,Unk,,IT/IS,Field Engineering / Operations,,Northeast,Field Operations,Male,40294,Asian,Widowed,Fully Meets,4,True,,2303,Manager
2569,2021-10-07,2021-12-31,IT & Infrastructure,Mrs. Debra Flynn,MSC,Active,Full-Time,Zone C,Temporary,Retirement,Anything human medical offer dinner hard by.,IT/IS,General Operations,,Northeast,Labor & Site Work,Male,53854,Black,Single,Fully Meets,2,False,,85,Manager
2570,2019-06-16,2023-05-21,IT & Infrastructure,Tamara Adkins,NEL,Active,Contract,Zone A,Full-Time,Voluntary,War model build important determine.,IT/IS,Field Engineering / Operations,,Northeast,Labor & Site Work,Male,60717,Black,Single,Fully Meets,4,False,,1435,Director
2571,2021-03-17,2022-09-08,Data & Analytics,Megan Hart,SVG,Active,Part-Time,Zone A,Full-Time,Retirement,Maintain which memory born.,IT/IS,Field Engineering / Operations,1989,Northeast,Field Operations,Female,30960,Asian,Divorced,Fully Meets,2,False,36.38329911019849,540,Director
2572,2022-08-07,2023-04-26,Data & Analytics,Stacy Lopez,PYZ,Active,Contract,Zone A,Temporary,Resignation,Lawyer suggest cultural blue yes camera daughter.,IT/IS,Field Engineering / Operations,,Northeast,Field Operations,Male,81338,Asian,Widowed,Fully Meets,4,False,,262,Entry
2573,2020-01-17,2023-02-28,Sales,Keith Adams,NEL,Voluntarily Terminated,Contract,Zone A,Temporary,Voluntary,Decide cut camera conference last size will.,Sales,Field Engineering / Operations,1987,South,Labor & Site Work,Female,21851,Black,Divorced,Fully Meets,4,False,38.49418206707735,1138,Manager
2574,2022-06-11,2023-02-20,Sales,Travis Davenport,EW,Active,Full-Time,Zone C,Full-Time,Involuntary,House seven human available.,Sales,Consulting / Client Delivery,,West,Engineering,Male,84111,Hispanic,Widowed,Fully Meets,2,False,,254,Manager
2575,2021-03-03,2023-01-30,Sales,Patricia Norris,PYZ,Active,Contract,Zone C,Temporary,Retirement,Establish fear recently owner.,Sales,Field Engineering / Operations,,West,Other,Male,83706,Other,Widowed,Fully Meets,4,False,,698,Manager
2576,2020-04-16,2021-03-15,Sales,Patrick Patterson,CCDR,Active,Contract,Zone B,Part-Time,Resignation,Doctor statement she rule order wind.,Sales,General Operations,,West,Project / Site Management,Female,59102,Asian,Widowed,Fully Meets,1,False,,333,Manager
2577,2022-09-22,2023-01-28,Sales,Mrs. Stephanie Forbes,PYZ,Active,Full-Time,Zone A,Temporary,Voluntary,Less air right in southern it material.,Sales,Field Engineering / Operations,,West,Field Operations,Female,98052,Other,Married,Fully Meets,2,False,,128,Manager
2578,2023-05-30,,Sales,Jon Estes,MSC,Active,Part-Time,Zone A,Full-Time,Unk,,Sales,Logistics / Maintenance,,Northeast,Admin & Support,Female,5664,Black,Single,Fully Meets,5,True,,763,Manager
2579,2021-01-14,,Sales,Julia Moss,MSC,Active,Full-Time,Zone C,Full-Time,Unk,,Sales,General Operations,,West,Admin & Support,Female,85006,White,Married,Fully Meets,2,True,,1629,Manager
2580,2020-04-29,2021-10-20,Sales,Nathan Kelly,BPC,Active,Full-Time,Zone A,Part-Time,Resignation,Key whose anyone religious mother movie.,Sales,Finance,1954,Northeast,Admin & Support,Male,3062,White,Single,Fully Meets,2,False,71.23340177960301,539,Manager
2581,2021-07-07,,Sales,Nina Scott,MSC,Active,Full-Time,Zone A,Full-Time,Unk,,Sales,Field Engineering / Operations,1970,South,Labor & Site Work,Male,36006,Other,Divorced,Fully Meets,1,True,54.63381245722108,1455,Manager
2582,2020-07-28,,Sales,John Hunter,MSC,Active,Part-Time,Zone C,Temporary,Unk,,Sales,Field Engineering / Operations,,Midwest,Labor & Site Work,Female,43050,Hispanic,Single,Fully Meets,1,True,,1799,Manager
2583,2020-09-16,,Sales,Raymond Fields,PYZ,Active,Contract,Zone B,Temporary,Unk,,Sales,Field Engineering / Operations,,Northeast,Project / Site Management,Male,10171,Black,Married,Fully Meets,5,True,,1749,Manager
2584,2023-04-23,,Sales,Samuel Reyes,TNS,Active,Part-Time,Zone C,Part-Time,Unk,,Sales,Field Engineering / Operations,,Northeast,Engineering,Male,4063,White,Single,Fully Meets,4,True,,800,Manager
2585,2021-06-04,,Sales,Martha Stone,PYZ,Active,Contract,Zone A,Temporary,Unk,,Sales,General Operations,,South,Labor & Site Work,Male,37129,Asian,Divorced,Fully Meets,2,True,,1488,Manager
2586,2020-04-15,,Sales,Joshua Campbell,CCDR,Active,Full-Time,Zone B,Temporary,Unk,,Sales,Field Engineering / Operations,,South,Labor & Site Work,Male,27229,Asian,Divorced,Fully Meets,4,True,,1903,Manager
2587,2019-09-04,2020-04-13,Sales,Ashley Phillips,NEL,Active,Full-Time,Zone A,Part-Time,Involuntary,Rest society tell into ahead.,Sales,Field Engineering / Operations,,Northeast,Field Operations,Male,69470,Other,Widowed,Fully Meets,5,False,,222,Manager
2588,2020-08-18,,Sales,Joshua Mccoy,PL,Active,Full-Time,Zone C,Full-Time,Unk,,Sales,Field Engineering / Operations,,Northeast,Labor & Site Work,Male,90985,Other,Single,Fully Meets,5,True,,1778,Manager
2589,2020-12-05,,Sales,Timothy Brown,BPC,Active,Contract,Zone A,Temporary,Unk,,Sales,Field Engineering / Operations,,West,Engineering,Male,62646,Asian,Single,Fully Meets,5,True,,1669,Manager
2590,2023-01-13,2023-02-12,Sales,Nancy Mccarthy,CCDR,Active,Part-Time,Zone A,Full-Time,Retirement,Media move management if my.,Sales,Field Engineering / Operations,1998,West,Engineering,Male,47626,Asian,Married,Fully Meets,5,False,27.394934976043807,30,Manager
2591,2019-09-17,,Sales,Patricia Martinez,SVG,Active,Full-Time,Zone B,Full-Time,Unk,,Sales,General Operations,1993,West,Labor & Site Work,Male,19215,Asian,Single,Fully Meets,4,True,31.89596167008898,2114,Manager
2592,2020-10-15,,Sales,Martin Shelton,EW,Active,Contract,Zone B,Part-Time,Unk,,Sales,Field Engineering / Operations,1949,South,Other,Male,80307,Asian,Single,Fully Meets,2,True,76.05201916495551,1720,Manager
2593,2018-12-01,2021-06-23,Sales,Kimberly Lee,MSC,Active,Contract,Zone A,Temporary,Voluntary,Weight join evidence oil father.,Sales,General Operations,1972,South,Labor & Site Work,Male,64576,Other,Widowed,Fully Meets,1,False,53.39356605065024,935,Manager
2594,2023-07-24,,Sales,Nathan Silva,TNS,Active,Part-Time,Zone C,Temporary,Unk,,Sales,Field Engineering / Operations,,South,Engineering,Male,1126,Other,Divorced,Fully Meets,1,True,,708,Manager
2595,2019-10-08,,Sales,Julie Young,PYZ,Active,Part-Time,Zone A,Full-Time,Unk,,Sales,Field Engineering / Operations,,South,Admin & Support,Male,68371,Asian,Divorced,Fully Meets,4,True,,2093,Manager
2596,2021-10-16,2022-05-04,Sales,Katelyn Kramer,WBL,Active,Contract,Zone A,Full-Time,Voluntary,Also protect scientist. Fear result major the.,Sales,Corporate Operations,,West,Admin & Support,Male,68985,Black,Divorced,Fully Meets,2,False,,200,Manager
2597,2020-04-03,,Sales,Mrs. Deanna Cooper,NEL,Active,Contract,Zone A,Full-Time,Unk,,Sales,Field Engineering / Operations,,West,Field Operations,Male,92704,Asian,Divorced,Fully Meets,2,True,,1915,Manager
2598,2020-01-08,,Sales,Brian Scott,PL,Active,Part-Time,Zone A,Temporary,Unk,,Sales,General Operations,1964,West,Other,Male,8573,Asian,Divorced,Fully Meets,4,True,60.818617385352496,2001,Manager
2599,2022-03-27,2023-06-14,Admin & Support,Michaela Jones,BPC,Active,Contract,Zone A,Temporary,Voluntary,Very research level send picture pressure our.,Sales,Logistics / Maintenance,1942,West,Admin & Support,Female,40513,Black,Widowed,Fully Meets,2,False,82.97330595482546,444,Entry
2600,2018-09-18,,Admin & Support,Kelsey Dunn,CCDR,Active,Full-Time,Zone C,Temporary,Unk,,Sales,Field Engineering / Operations,,West,Field Operations,Female,46029,Asian,Widowed,Fully Meets,2,True,,2478,Entry
2601,2019-11-29,2020-04-21,Admin & Support,Lonnie Sanders,SVG,Active,Full-Time,Zone C,Part-Time,Involuntary,Glass effort however relate partner lay what.,Sales,General Operations,2001,West,Labor & Site Work,Female,44158,Hispanic,Widowed,Fully Meets,1,False,24.331279945242983,144,Entry
2602,2019-04-16,2022-08-05,Finance & Accounting,Ariana Brady,EW,Active,Full-Time,Zone C,Full-Time,Involuntary,Rather middle organization officer.,Admin Offices,Field Engineering / Operations,1982,Northeast,Admin & Support,Female,27947,Other,Widowed,Fully Meets,2,False,42.899383983572896,1207,Entry
2603,2019-03-05,2019-10-12,Sales,Jessica Rose,NEL,Active,Part-Time,Zone A,Full-Time,Involuntary,Front tend couple a budget strategy.,Sales,Field Engineering / Operations,1999,Northeast,Other,Male,18574,Other,Divorced,Fully Meets,2,False,26.06433949349761,221,Manager
2604,2018-12-20,2020-05-29,Sales,Barbara Neal,PL,Active,Contract,Zone C,Full-Time,Voluntary,Compare factor only together.,Sales,Field Engineering / Operations,1987,Northeast,Engineering,Male,68833,Other,Divorced,Fully Meets,5,False,38.31074606433949,526,Manager
2605,2021-03-08,2023-05-29,Sales,Julie Mcclain,BPC,Active,Full-Time,Zone C,Part-Time,Retirement,Situation affect medical friend audience fight.,Sales,Field Engineering / Operations,1968,West,Project / Site Management,Male,29838,Black,Married,Fully Meets,4,False,56.8870636550308,812,Manager
2606,2020-10-23,,Sales,Mary Mitchell,CCDR,Active,Full-Time,Zone C,Part-Time,Unk,,Sales,Project Management,1951,West,Project / Site Management,Male,24803,White,Single,Fully Meets,2,True,73.91375770020534,1712,Manager
2607,2019-03-29,,Sales,Jason Reeves,SVG,Active,Contract,Zone B,Part-Time,Unk,,Sales,Field Engineering / Operations,,South,Engineering,Male,89972,White,Married,Fully Meets,2,True,,2286,Manager
2608,2020-10-25,,Sales,Cynthia Hurley,EW,Active,Contract,Zone A,Full-Time,Unk,,Sales,Field Engineering / Operations,1977,South,Field Operations,Male,47864,Asian,Married,Fully Meets,4,True,47.58110882956879,1710,Manager
2609,2019-12-06,2021-07-18,Sales,Robert Thompson,MSC,Active,Part-Time,Zone B,Temporary,Retirement,Upon budget class college now this trade.,Sales,General Operations,,South,Admin & Support,Male,55114,Asian,Widowed,Fully Meets,2,False,,590,Manager
2610,2022-09-23,2023-01-25,Sales,Kelly James,TNS,Active,Full-Time,Zone B,Full-Time,Retirement,Join difference order size occur entire sell.,Sales,General Operations,,South,Project / Site Management,Male,90224,White,Widowed,Fully Meets,2,False,,124,Manager
2611,2019-12-26,2022-06-04,Sales,Juan Henson,PYZ,Active,Part-Time,Zone A,Temporary,Voluntary,Ground bad official number stuff stop leader.,Sales,Field Engineering / Operations,,South,Project / Site Management,Male,22260,Black,Widowed,Fully Meets,2,False,,891,Manager
2612,2018-08-27,2019-12-19,Sales,Jacob Nelson,WBL,Active,Part-Time,Zone B,Part-Time,Retirement,Site cut debate own born six.,Sales,Field Engineering / Operations,1963,West,Field Operations,Male,95112,White,Married,Fully Meets,4,False,62.00136892539357,479,Manager
2613,2022-12-12,2023-03-07,Sales,Lisa Green,NEL,Active,Part-Time,Zone B,Full-Time,Resignation,Something service already fish create firm job.,Sales,Project Management,,West,Project / Site Management,Male,13814,Black,Single,Fully Meets,5,False,,85,Manager
2614,2021-05-13,,Sales,Jose Copeland,PL,Active,Part-Time,Zone A,Full-Time,Unk,,Sales,Field Engineering / Operations,,West,Project / Site Management,Male,29887,Black,Divorced,Fully Meets,5,True,,1510,Manager
2615,2021-03-31,,Admin & Support,Richard Price,BPC,Active,Contract,Zone B,Part-Time,Unk,,Sales,Finance,,West,Finance & Analysis,Female,69576,Black,Single,Fully Meets,4,True,,1553,Entry
2616,2019-08-14,2022-09-04,Admin & Support,Gary Ortiz,CCDR,Active,Full-Time,Zone A,Part-Time,Involuntary,Still box ten network apply.,Sales,Field Engineering / Operations,,West,Engineering,Female,62733,Black,Married,Fully Meets,1,False,,1117,Entry
2617,2020-08-02,2022-12-30,Admin & Support,Tanya Wilson,SVG,Active,Full-Time,Zone C,Full-Time,Retirement,Piece manage well onto.,Sales,Field Engineering / Operations,,West,Project / Site Management,Female,78047,Hispanic,Single,Fully Meets,4,False,,880,Entry
2618,2019-06-04,,Finance & Accounting,Linda Lewis,EW,Active,Part-Time,Zone A,Full-Time,Unk,,Admin Offices,Field Engineering / Operations,,Northeast,Labor & Site Work,Female,22491,White,Married,Fully Meets,4,True,,2219,Entry
2619,2020-06-17,2022-02-08,Sales,Alexandria Brown,WBL,Active,Contract,Zone A,Temporary,Involuntary,Use stay among place dinner.,Sales,Field Engineering / Operations,1946,Northeast,Labor & Site Work,Male,36412,Hispanic,Divorced,Fully Meets,5,False,79.23613963039014,601,Manager
2620,2021-03-04,,Sales,Sarah Bates,NEL,Active,Full-Time,Zone B,Full-Time,Unk,,Sales,General Operations,1973,Northeast,Labor & Site Work,Male,14776,Asian,Married,Fully Meets,1,True,51.74537987679671,1580,Manager
2621,2018-09-14,,Sales,Mr. Benjamin Lucas,PL,Active,Part-Time,Zone B,Temporary,Unk,,Sales,IT,1942,West,Project / Site Management,Male,57305,White,Single,Fully Meets,2,True,82.90212183436003,2482,Manager
2622,2020-07-20,,Sales,Sheila Taylor,BPC,Active,Contract,Zone B,Full-Time,Unk,,Sales,Executive,,West,Executive & Leadership,Male,95143,Asian,Widowed,Fully Meets,4,True,,1807,Manager
2623,2020-05-21,2021-06-13,Sales,Benjamin Cooper,CCDR,Active,Contract,Zone C,Full-Time,Involuntary,Game success stock hold sometimes will approach.,Sales,Field Engineering / Operations,,West,Field Operations,Male,55592,Asian,Divorced,Fully Meets,2,False,,388,Manager
2624,2023-06-11,2023-07-28,Sales,Janet Andrews,SVG,Active,Part-Time,Zone C,Temporary,Retirement,Simple them do consider grow.,Sales,Field Engineering / Operations,,South,Project / Site Management,Male,12964,Other,Single,Fully Meets,2,False,,47,Manager
2625,2022-11-27,2023-05-19,Sales,William Ellis,EW,Active,Full-Time,Zone B,Full-Time,Retirement,Situation anything economy time relationship.,Sales,Field Engineering / Operations,1943,South,Field Operations,Male,88783,Asian,Divorced,Fully Meets,2,False,81.64271047227926,173,Manager
2626,2020-03-02,2022-05-27,Sales,Kenneth Perry,MSC,Active,Full-Time,Zone C,Temporary,Resignation,Never whatever loss economic off without cause.,Sales,Project Management,1976,South,Project / Site Management,Male,11087,Asian,Widowed,Fully Meets,4,False,48.82135523613963,816,Manager
2627,2023-01-29,2023-05-24,Sales,Michael Taylor,TNS,Active,Full-Time,Zone C,Part-Time,Retirement,Key as eye past. Three would affect about.,Sales,Field Engineering / Operations,,South,Project / Site Management,Male,43552,Other,Divorced,Fully Meets,4,False,,115,Manager
2628,2021-12-07,,Sales,Thomas Roberts,BPC,Active,Part-Time,Zone A,Temporary,Unk,,Sales,Sales & Marketing,,South,Executive & Leadership,Male,33113,Hispanic,Divorced,Fully Meets,2,True,,1302,Manager
2629,2023-03-19,2023-07-11,Sales,Stephen Green,CCDR,Active,Contract,Zone B,Temporary,Retirement,Hot key speak song thus her member.,Sales,Field Engineering / Operations,1975,West,Labor & Site Work,Male,12650,White,Single,Fully Meets,1,False,50.40383299110199,114,Manager
2630,2022-06-10,2023-02-14,Sales,Andrea Dean,EW,Active,Part-Time,Zone B,Full-Time,Involuntary,Force way bank trade.,Sales,Field Engineering / Operations,1994,West,Labor & Site Work,Male,34069,Asian,Widowed,Fully Meets,5,False,30.65571526351814,249,Manager
2631,2021-03-03,,Sales,Maria Hale,MSC,Active,Full-Time,Zone C,Full-Time,Unk,,Sales,Field Engineering / Operations,1998,West,Project / Site Management,Female,50389,Black,Widowed,Fully Meets,2,True,27.227926078028748,1581,Manager
2632,2022-03-06,,Admin & Support,Joshua Carpenter,NEL,Active,Contract,Zone C,Part-Time,Unk,,Sales,Field Engineering / Operations,,West,Project / Site Management,Female,92311,Hispanic,Divorced,Fully Meets,4,True,,1213,Entry
2633,2022-08-08,,Admin & Support,Steven Hall,PL,Active,Part-Time,Zone C,Full-Time,Unk,,Sales,Project Management,1985,West,Project / Site Management,Female,10525,White,Single,Fully Meets,5,True,39.80835044490075,1058,Entry
2634,2023-03-12,,Admin & Support,David Clark,PYZ,Active,Part-Time,Zone B,Temporary,Unk,,Sales,Field Engineering / Operations,,West,Field Operations,Female,12008,Asian,Single,Fully Meets,4,True,,842,Entry
2635,2019-05-01,2023-02-16,Finance & Accounting,Lauren Shepard,SVG,Active,Full-Time,Zone B,Temporary,Voluntary,Audience board south. Per state model beat.,Admin Offices,General Operations,,Northeast,Other,Female,86499,Asian,Divorced,Fully Meets,1,False,,1387,Entry
2636,2018-09-13,2020-11-04,Sales,Jason Hayes,PYZ,Active,Full-Time,Zone B,Temporary,Resignation,Almost across fly recent go.,Sales,General Operations,,Northeast,Field Operations,Male,12113,Asian,Married,Fully Meets,5,False,,783,Manager
2637,2022-11-16,,Sales,Troy Bennett,WBL,Active,Contract,Zone A,Temporary,Unk,,Sales,Project Management,1967,Northeast,Project / Site Management,Male,39143,Asian,Divorced,Fully Meets,5,True,57.74127310061601,958,Manager
2638,2021-11-20,2023-03-17,Sales,Michelle Guzman,NEL,Active,Contract,Zone B,Full-Time,Voluntary,Matter fight attention this strategy.,Sales,Field Engineering / Operations,1957,West,Project / Site Management,Male,16470,Asian,Divorced,Fully Meets,2,False,68.47091033538672,482,Manager
2639,2020-09-29,,Sales,Sandra Young,PL,Active,Part-Time,Zone C,Temporary,Unk,,Sales,Project Management,,West,Project / Site Management,Male,56991,Asian,Married,Fully Meets,2,True,,1736,Manager
2640,2021-08-28,2022-09-06,Sales,Jacob Perez,BPC,Active,Contract,Zone B,Full-Time,Voluntary,Company set policy drop become single.,Sales,Field Engineering / Operations,1962,West,Project / Site Management,Male,9642,Black,Single,Fully Meets,4,False,62.65023956194388,374,Manager
2641,2021-04-28,2022-03-22,Sales,Lisa Dyer,CCDR,Active,Full-Time,Zone A,Full-Time,Voluntary,Politics suggest company trade treat region.,Sales,Field Engineering / Operations,,West,Labor & Site Work,Male,23897,Asian,Married,Fully Meets,2,False,,328,Manager
2642,2022-06-15,2023-05-05,Sales,Rebecca Taylor DVM,SVG,Active,Full-Time,Zone C,Full-Time,Voluntary,Significant color always require evening.,Sales,Field Engineering / Operations,,South,Labor & Site Work,Male,65470,Asian,Divorced,Fully Meets,4,False,,324,Manager
2643,2022-04-15,2022-10-10,Sales,Deborah Stephens,EW,Active,Full-Time,Zone A,Temporary,Voluntary,Likely debate ever college strategy way can.,Sales,Field Engineering / Operations,,South,Admin & Support,Male,60277,Black,Divorced,Fully Meets,5,False,,178,Manager
2644,2020-07-19,2021-04-10,Sales,Patrick Lopez,MSC,Active,Full-Time,Zone C,Part-Time,Involuntary,Within rise suggest war check happy whom.,Sales,Field Engineering / Operations,,South,Field Operations,Male,25859,Other,Single,Fully Meets,5,False,,265,Manager
2645,2020-07-02,,Sales,Nicholas Martinez,TNS,Active,Contract,Zone C,Temporary,Unk,,Sales,Field Engineering / Operations,,South,Project / Site Management,Male,22815,Asian,Married,Fully Meets,4,True,,1825,Manager
2646,2019-08-04,,Sales,Cathy Whitehead,PYZ,Active,Contract,Zone A,Part-Time,Unk,,Sales,Project Management,,West,Project / Site Management,Male,87653,Black,Widowed,Fully Meets,1,True,,2158,Manager
2647,2019-01-09,,Sales,Lisa Johnson,WBL,Active,Contract,Zone A,Temporary,Unk,,Sales,Project Management,1950,West,Project / Site Management,Male,33659,Hispanic,Single,Fully Meets,5,True,74.65845311430527,2365,Manager
2648,2022-10-01,,Sales,William Fernandez,NEL,Active,Part-Time,Zone A,Part-Time,Unk,,Sales,Field Engineering / Operations,1994,West,Engineering,Male,92454,Other,Married,Fully Meets,2,True,30.989733059548254,1004,Manager
2649,2020-09-28,2023-06-02,Sales,Leslie Scott,PL,Active,Part-Time,Zone A,Full-Time,Retirement,Appear reality artist there understand.,Sales,Project Management,,Northeast,Project / Site Management,Female,59871,White,Widowed,Fully Meets,4,False,,977,Manager
2650,2018-11-15,,Admin & Support,Vanessa Donaldson DVM,BPC,Active,Part-Time,Zone B,Full-Time,Unk,,Sales,Project Management,,West,Project / Site Management,Female,28100,Black,Single,Fully Meets,1,True,,2420,Entry
2651,2020-11-24,,Admin & Support,Steven Saunders,CCDR,Active,Contract,Zone C,Full-Time,Unk,,Sales,Project Management,1992,West,Project / Site Management,Female,30181,Hispanic,Divorced,Fully Meets,2,True,33.3305954825462,1680,Entry
2652,2023-07-09,2023-07-14,Admin & Support,Virginia Smith,SVG,Active,Contract,Zone C,Temporary,Voluntary,Continue personal federal another.,Sales,General Operations,1954,Northeast,Project / Site Management,Female,15228,Other,Widowed,Fully Meets,4,False,71.31553730321697,5,Entry
2653,2023-04-20,2023-05-08,Sales,Brett Vargas,PYZ,Active,Full-Time,Zone C,Part-Time,Retirement,Garden player quickly body science.,Sales,Field Engineering / Operations,,Northeast,Field Operations,Male,25594,White,Widowed,Fully Meets,1,False,,18,Manager
2654,2019-08-22,2020-01-07,Sales,Mark Hernandez,WBL,Active,Full-Time,Zone C,Temporary,Resignation,Stay herself cultural pass large.,Sales,General Operations,1955,Northeast,Field Operations,Male,97492,Black,Divorced,Fully Meets,4,False,69.97946611909651,138,Manager
2655,2022-08-02,2023-04-07,Sales,John Wright,NEL,Active,Contract,Zone A,Part-Time,Voluntary,Mother fine late simply close material yeah.,Sales,General Operations,1964,West,Project / Site Management,Male,48881,Black,Divorced,Fully Meets,2,False,60.64339493497605,248,Manager
2656,2018-10-31,2020-01-23,Sales,Tony Moore,PL,Active,Part-Time,Zone B,Part-Time,Voluntary,Detail see down common great on especially.,Sales,Field Engineering / Operations,1957,West,Other,Male,71509,Hispanic,Single,Fully Meets,4,False,68.38603696098562,449,Manager
2657,2021-11-23,2022-07-20,Sales,Jeffrey Hodge,BPC,Active,Contract,Zone B,Temporary,Voluntary,Decision decade approach.,Sales,Field Engineering / Operations,1995,West,Project / Site Management,Male,27097,White,Widowed,Fully Meets,2,False,30.069815195071868,239,Manager
2658,2023-07-01,2023-07-21,Sales,Emily Simmons,CCDR,Active,Full-Time,Zone A,Temporary,Involuntary,Heart certainly computer beat where pull.,Sales,Field Engineering / Operations,,West,Field Operations,Male,74016,Black,Married,Fully Meets,2,False,,20,Manager
2659,2022-07-18,,Sales,Jessica Gomez,SVG,Active,Part-Time,Zone B,Temporary,Unk,,Sales,General Operations,,South,Admin & Support,Male,71519,Black,Single,Fully Meets,2,True,,1079,Manager
2660,2019-08-09,,Sales,Cheryl Moody,EW,Active,Part-Time,Zone C,Part-Time,Unk,,Sales,Logistics / Maintenance,,South,Maintenance & Logistics,Male,33045,Asian,Divorced,Fully Meets,4,True,,2153,Manager
2661,2021-07-06,,Sales,Patrick Coleman,MSC,Active,Part-Time,Zone A,Temporary,Unk,,Sales,Field Engineering / Operations,1970,South,Admin & Support,Male,65089,Black,Married,Fully Meets,2,True,54.888432580424364,1456,Manager
2662,2021-02-02,,Sales,Brittney Young,TNS,Active,Contract,Zone A,Part-Time,Unk,,Sales,General Operations,1945,West,Project / Site Management,Male,94177,Asian,Single,Fully Meets,2,True,79.80013689253936,1610,Manager
2663,2023-01-06,2023-04-25,Sales,Ryan Ward,PYZ,Active,Part-Time,Zone B,Part-Time,Resignation,Party employee page half young budget.,Sales,Field Engineering / Operations,,West,Field Operations,Male,51278,Hispanic,Divorced,Fully Meets,5,False,,109,Manager
2664,2021-11-13,,Sales,Rose Cunningham,WBL,Active,Full-Time,Zone C,Full-Time,Unk,,Sales,Project Management,,West,Project / Site Management,Male,14665,Hispanic,Divorced,Fully Meets,1,True,,1326,Manager
2665,2020-03-15,,Sales,Jessica Harrison,NEL,Active,Contract,Zone A,Part-Time,Unk,,Sales,Field Engineering / Operations,,Northeast,Other,Male,33859,Hispanic,Married,Fully Meets,4,True,,1934,Manager
2666,2018-11-07,2022-01-08,Sales,Taylor Lopez,PL,Active,Part-Time,Zone C,Full-Time,Retirement,Audience run degree that your beyond cell.,Sales,Logistics / Maintenance,,West,Admin & Support,Female,91544,Other,Single,Fully Meets,4,False,,1158,Manager
2667,2019-10-03,2021-08-25,Admin & Support,Joshua Brown,BPC,Active,Full-Time,Zone B,Part-Time,Retirement,Environment state tax sound stop group doctor.,Sales,Consulting / Client Delivery,1965,West,Engineering,Female,9760,Other,Widowed,Fully Meets,2,False,59.72895277207392,692,Entry
2668,2022-08-12,2023-04-16,Admin & Support,Roger Campbell,CCDR,Active,Contract,Zone C,Part-Time,Resignation,Lot as card response consumer.,Sales,General Operations,1978,Northeast,Field Operations,Female,94176,Asian,Married,Fully Meets,2,False,46.63381245722108,247,Entry
2669,2018-12-22,,Admin & Support,Jordan Alexander,SVG,Active,Part-Time,Zone C,Full-Time,Unk,,Sales,Field Engineering / Operations,,Northeast,Project / Site Management,Female,46445,Black,Single,Fully Meets,1,True,,2383,Entry
2670,2021-03-27,,Sales,Alexander Holmes,PYZ,Active,Part-Time,Zone A,Full-Time,Unk,,Sales,Field Engineering / Operations,1994,Northeast,Engineering,Male,54346,Other,Widowed,Fully Meets,1,True,31.32101300479124,1557,Manager
2671,2022-07-18,,Sales,Andrea Whitaker,WBL,Active,Part-Time,Zone C,Temporary,Unk,,Sales,Field Engineering / Operations,,Northeast,Project / Site Management,Male,10712,Asian,Widowed,Fully Meets,5,True,,1079,Manager
2672,2020-04-09,2023-05-06,Sales,Carrie Wells,NEL,Active,Contract,Zone A,Full-Time,Involuntary,Medical message face development moment because.,Sales,Field Engineering / Operations,,West,Engineering,Male,3413,Asian,Married,Fully Meets,1,False,,1122,Manager
2673,2022-01-07,,Sales,David Figueroa,PL,Active,Full-Time,Zone B,Full-Time,Unk,,Sales,Field Engineering / Operations,,West,Other,Male,80938,Other,Single,Fully Meets,4,True,,1271,Manager
2674,2022-07-15,,Sales,Kevin Parrish,BPC,Active,Part-Time,Zone A,Part-Time,Unk,,Sales,Field Engineering / Operations,,West,Engineering,Male,31528,White,Widowed,Fully Meets,1,True,,1082,Manager
2675,2020-11-29,2022-07-16,Sales,Monica Miller,CCDR,Active,Part-Time,Zone C,Part-Time,Resignation,Board up meet away firm yet human find.,Sales,Field Engineering / Operations,1946,South,Engineering,Male,11366,Hispanic,Divorced,Fully Meets,5,False,79.06639288158796,594,Manager
2676,2019-03-20,2020-09-23,Sales,Brandi Collins,SVG,Active,Part-Time,Zone C,Part-Time,Resignation,Memory theory thank past could.,Sales,Field Engineering / Operations,1972,South,Engineering,Male,19248,Asian,Single,Fully Meets,2,False,52.91444216290212,553,Manager
2677,2019-03-16,2022-01-08,Sales,Jimmy Jones,EW,Active,Contract,Zone B,Full-Time,Resignation,Who few sport business various.,Sales,Field Engineering / Operations,,South,Executive & Leadership,Male,8371,Hispanic,Divorced,Fully Meets,1,False,,1029,Manager
2678,2021-05-30,,Sales,Bruce Roy,MSC,Active,Full-Time,Zone C,Part-Time,Unk,,Sales,Field Engineering / Operations,1966,West,Labor & Site Work,Male,90990,White,Single,Fully Meets,5,True,59.16769336071184,1493,Manager
2679,2022-11-17,,Sales,Heather Wright,TNS,Active,Contract,Zone A,Part-Time,Unk,,Sales,General Operations,,West,Project / Site Management,Male,80607,Hispanic,Divorced,Fully Meets,5,True,,957,Manager
2680,2020-12-25,2021-10-04,Sales,Joseph Rivas,PYZ,Active,Contract,Zone A,Full-Time,Involuntary,Smile most around.,Sales,Consulting / Client Delivery,,West,Engineering,Male,30228,Black,Single,Fully Meets,2,False,,283,Manager
2681,2020-06-16,2021-08-13,Sales,Hannah Rose,WBL,Active,Part-Time,Zone C,Full-Time,Involuntary,Region hit sense national about.,Sales,Field Engineering / Operations,1984,West,Field Operations,Male,47652,Black,Married,Fully Meets,1,False,41.40451745379877,423,Manager
2682,2020-07-28,,Sales,Zachary Ortiz,NEL,Active,Contract,Zone A,Temporary,Unk,,Sales,Field Engineering / Operations,1976,Northeast,Project / Site Management,Male,73798,Asian,Widowed,Fully Meets,2,True,49.07049965776865,1799,Manager
2683,2021-12-31,,Sales,Kimberly Soto,PL,Active,Contract,Zone A,Temporary,Unk,,Sales,General Operations,,West,Labor & Site Work,Female,86439,Other,Divorced,Fully Meets,4,True,,1278,Manager
2684,2022-02-07,2023-03-02,Admin & Support,Nicholas Huang,BPC,Active,Full-Time,Zone C,Part-Time,Retirement,Activity pay wall start cause.,Sales,General Operations,1983,Northeast,Project / Site Management,Female,60915,White,Widowed,Fully Meets,5,False,41.73305954825462,388,Entry
2685,2021-11-23,2022-03-29,Admin & Support,Joshua Rosales,CCDR,Active,Full-Time,Zone B,Temporary,Resignation,Statement would join music great dark.,Sales,General Operations,1964,Northeast,Project / Site Management,Female,9417,Black,Divorced,Fully Meets,2,False,60.8952772073922,126,Entry
2686,2021-08-15,,Sales,Nicholas Graham,PYZ,Active,Contract,Zone C,Part-Time,Unk,,Sales,Project Management,1955,Northeast,Field Operations,Male,56247,Other,Single,Fully Meets,4,True,70.14647501711157,1416,Manager
2687,2021-06-21,,Sales,Christopher Black,WBL,Active,Part-Time,Zone A,Full-Time,Unk,,Sales,Field Engineering / Operations,,West,Engineering,Male,88522,White,Single,Fully Meets,2,True,,1471,Manager
2688,2021-02-13,,Sales,Edward Lane,NEL,Active,Contract,Zone B,Full-Time,Unk,,Sales,Field Engineering / Operations,1967,West,Engineering,Male,97840,Black,Married,Fully Meets,1,True,58.390143737166326,1599,Manager
2689,2020-12-28,,Sales,David Craig,PL,Active,Part-Time,Zone C,Part-Time,Unk,,Sales,Field Engineering / Operations,1954,West,Project / Site Management,Male,72339,Other,Single,Fully Meets,1,True,71.14579055441479,1646,Manager
2690,2022-04-12,2022-09-02,Sales,Elizabeth Garrison,BPC,Active,Part-Time,Zone B,Part-Time,Involuntary,Author hotel car care special organization.,Sales,Project Management,,West,Field Operations,Male,28406,Black,Married,Fully Meets,4,False,,143,Manager
2691,2019-01-02,,Sales,Taylor Huerta,CCDR,Active,Part-Time,Zone C,Full-Time,Unk,,Sales,General Operations,,South,Project / Site Management,Male,85311,Black,Widowed,Fully Meets,1,True,,2372,Manager
2692,2020-08-01,2022-10-01,Sales,Denise Adams,SVG,Active,Full-Time,Zone A,Full-Time,Voluntary,Hard way effort wear physical. Want between grow.,Sales,Field Engineering / Operations,,South,Project / Site Management,Male,97985,White,Widowed,Fully Meets,4,False,,791,Manager
2693,2020-10-14,,Sales,Ryan Flores,EW,Active,Part-Time,Zone C,Temporary,Unk,,Sales,General Operations,,South,Admin & Support,Male,52988,White,Married,Fully Meets,4,True,,1721,Manager
2694,2023-05-26,2023-07-14,Sales,Mackenzie Cole,MSC,Active,Full-Time,Zone C,Full-Time,Involuntary,Movie before ability. Seem watch deal center.,Sales,Field Engineering / Operations,,West,Executive & Leadership,Male,16500,Black,Widowed,Fully Meets,4,False,,49,Manager
2695,2021-08-26,2022-11-25,Sales,Emily Jones,TNS,Active,Full-Time,Zone A,Temporary,Retirement,Offer performance arrive travel.,Sales,Field Engineering / Operations,,West,Labor & Site Work,Male,70237,Other,Married,Fully Meets,2,False,,456,Manager
2696,2022-11-20,2023-02-08,Sales,Chelsea Garcia,PYZ,Active,Contract,Zone A,Temporary,Retirement,Top seem police tree against.,Sales,Project Management,1953,West,Project / Site Management,Male,18726,Other,Married,Fully Meets,4,False,72.31211498973306,80,Manager
2697,2020-02-22,,Sales,Jacob Simmons,WBL,Active,Full-Time,Zone A,Full-Time,Unk,,Sales,Field Engineering / Operations,1964,Northeast,Labor & Site Work,Male,21341,White,Married,Fully Meets,1,True,61.39356605065024,1956,Manager
2698,2021-04-04,,Sales,Samuel Phillips,NEL,Active,Contract,Zone B,Full-Time,Unk,,Sales,Field Engineering / Operations,1969,Northeast,Field Operations,Male,46549,Hispanic,Single,Fully Meets,4,True,56.41067761806981,1549,Manager
2699,2023-08-05,,Sales,Stephen Burns,PL,Active,Contract,Zone C,Temporary,Unk,,Sales,Field Engineering / Operations,,West,Engineering,Female,8797,Other,Married,Fully Meets,5,True,,696,Manager
2700,2023-01-10,2023-08-06,Admin & Support,Nicholas White,BPC,Active,Full-Time,Zone B,Temporary,Resignation,Visit you let sort amount visit.,Sales,Project Management,1992,Northeast,Project / Site Management,Female,20560,Other,Single,Fully Meets,4,False,32.82956878850103,208,Entry
2701,2019-04-19,,Admin & Support,Gregory Hill,CCDR,Active,Contract,Zone A,Full-Time,Unk,,Sales,Field Engineering / Operations,1959,Northeast,Finance & Analysis,Female,11623,Black,Married,Fully Meets,5,True,65.81793292265571,2265,Entry
2702,2019-10-02,,Sales,Anna Henry,BPC,Active,Contract,Zone B,Full-Time,Unk,,Sales,Field Engineering / Operations,,Northeast,Project / Site Management,Male,80318,Asian,Married,Fully Meets,2,True,,2099,Manager
2703,2018-11-14,,Sales,Jennifer Alvarez,CCDR,Active,Full-Time,Zone A,Part-Time,Unk,,Sales,General Operations,1986,West,Labor & Site Work,Male,37397,Other,Single,Fully Meets,5,True,39.23340177960301,2421,Manager
2704,2020-01-27,2022-06-19,Sales,Ashley Larson,EW,Active,Part-Time,Zone A,Full-Time,Voluntary,Mention adult treatment old play.,Sales,Field Engineering / Operations,,West,Field Operations,Male,39020,Black,Widowed,Fully Meets,4,False,,874,Manager
2705,2018-11-04,,Sales,Donna Hurst,MSC,Active,Full-Time,Zone B,Temporary,Unk,,Sales,General Operations,,West,Project / Site Management,Female,57908,Hispanic,Divorced,Fully Meets,2,True,,2431,Manager
2706,2018-12-13,2019-01-13,Sales,Eric Byrd,NEL,Active,Part-Time,Zone A,Part-Time,Involuntary,Can last meet shake imagine he.,Sales,Field Engineering / Operations,,South,Other,Male,39922,Asian,Widowed,Fully Meets,2,False,,31,Manager
2707,2022-11-28,,Sales,Brianna Johnson,PL,Active,Full-Time,Zone B,Part-Time,Unk,,Sales,General Operations,,South,Project / Site Management,Male,95876,White,Married,Fully Meets,4,True,,946,Manager
2708,2022-06-08,2022-08-07,Sales,Savannah Oconnell,PYZ,Active,Full-Time,Zone C,Part-Time,Involuntary,After draw carry north federal region recently.,Sales,General Operations,,South,Project / Site Management,Male,47846,Asian,Married,Fully Meets,2,False,,60,Manager
2709,2022-04-03,,Sales,Madison Kemp,SVG,Active,Full-Time,Zone A,Full-Time,Unk,,Sales,Field Engineering / Operations,,West,Other,Male,62350,Asian,Married,Fully Meets,2,True,,1185,Manager
2710,2022-02-28,,Sales,Julian Bowen,TNS,Active,Part-Time,Zone C,Full-Time,Unk,,Sales,Field Engineering / Operations,,West,Project / Site Management,Male,45874,Black,Single,Fully Meets,5,True,,1219,Manager
2711,2021-08-19,,Sales,Brittany Dickerson,WBL,Active,Contract,Zone C,Temporary,Unk,,Sales,Field Engineering / Operations,1973,West,Field Operations,Male,54605,Black,Divorced,Fully Meets,2,True,52.06023271731691,1412,Manager
2712,2018-08-19,,Sales,Richard Henry,PYZ,Active,Full-Time,Zone A,Full-Time,Unk,,Sales,General Operations,1992,Northeast,Project / Site Management,Male,42080,Other,Married,Fully Meets,1,True,32.98015058179329,2508,Manager
2713,2019-10-15,,Sales,Whitney Ross,WBL,Active,Full-Time,Zone A,Full-Time,Unk,,Sales,Field Engineering / Operations,1997,Northeast,Project / Site Management,Male,92148,Black,Married,Fully Meets,5,True,28.38877481177276,2086,Manager
2714,2023-02-23,2023-04-20,Sales,Keith Martinez,NEL,Active,Part-Time,Zone C,Temporary,Resignation,Break price parent seat natural whatever.,Sales,Field Engineering / Operations,1972,West,Field Operations,Male,3780,Asian,Widowed,Fully Meets,1,False,52.9719370294319,56,Manager
2715,2023-02-01,,Sales,Robert Avery,PL,Active,Full-Time,Zone B,Temporary,Unk,,Sales,Field Engineering / Operations,,West,Project / Site Management,Female,44669,Asian,Divorced,Fully Meets,4,True,,881,Manager
2716,2023-05-07,,Admin & Support,Jesse Torres,BPC,Active,Contract,Zone A,Temporary,Unk,,Sales,Executive,,Northeast,Executive & Leadership,Female,22894,Asian,Widowed,Fully Meets,2,True,,786,Entry
2717,2020-05-26,,Sales,William Garner,PYZ,Active,Full-Time,Zone A,Temporary,Unk,,Sales,Field Engineering / Operations,1995,Northeast,Project / Site Management,Male,77267,Black,Divorced,Fully Meets,1,True,29.65366187542779,1862,Manager
2718,2022-02-09,,Sales,Matthew Willis,WBL,Active,Part-Time,Zone A,Part-Time,Unk,,Sales,Field Engineering / Operations,,West,Labor & Site Work,Male,91638,Other,Married,Fully Meets,5,True,,1238,Manager
2719,2022-06-20,2023-03-23,Sales,Monica Sims,NEL,Active,Contract,Zone C,Temporary,Voluntary,Dinner teach cover later.,Sales,Finance,1996,West,Internship,Male,35738,Hispanic,Divorced,Fully Meets,4,False,29.38535249828884,276,Manager
2720,2022-01-08,2022-09-03,Sales,Kathleen Hickman,PL,Active,Contract,Zone A,Temporary,Retirement,Debate want series success above.,Sales,Field Engineering / Operations,,South,Other,Female,26500,Asian,Widowed,Fully Meets,4,False,,238,Manager
2721,2020-03-01,,Sales,Brendan Melendez,BPC,Active,Full-Time,Zone A,Full-Time,Unk,,Sales,Logistics / Maintenance,,South,Project / Site Management,Male,6085,Hispanic,Married,Fully Meets,4,True,,1948,Manager
2722,2020-10-05,,Sales,Wendy Sullivan,CCDR,Active,Contract,Zone C,Temporary,Unk,,Sales,General Operations,1979,South,Field Operations,Male,15704,White,Single,Fully Meets,2,True,45.57973990417522,1730,Manager
2723,2021-05-12,2022-07-01,Sales,Ariel Davis,SVG,Active,Part-Time,Zone C,Temporary,Voluntary,Another instead but house six make citizen.,Sales,Field Engineering / Operations,,South,Field Operations,Male,37293,White,Widowed,Fully Meets,2,False,,415,Manager
2724,2023-01-01,2023-07-05,Sales,Nicholas Robinson,EW,Active,Part-Time,Zone B,Temporary,Involuntary,Game reach not save individual.,Sales,Field Engineering / Operations,,West,Project / Site Management,Male,96396,Other,Divorced,Fully Meets,1,False,,185,Manager
2725,2019-11-18,,Sales,Elaine Johnson,MSC,Active,Contract,Zone B,Full-Time,Unk,,Sales,Field Engineering / Operations,,West,Labor & Site Work,Male,25528,White,Single,Fully Meets,4,True,,2052,Manager
2726,2021-05-12,2021-11-07,Sales,Rachel White,TNS,Active,Contract,Zone B,Full-Time,Retirement,Vote yard sign address lead knowledge front.,Sales,Field Engineering / Operations,,Northeast,Labor & Site Work,Male,20036,Asian,Single,Fully Meets,2,False,,179,Manager
2727,2020-02-14,2021-12-21,Sales,Sheri Valenzuela,PYZ,Active,Contract,Zone C,Full-Time,Resignation,Risk hundred social.,Sales,General Operations,1984,Northeast,Field Operations,Male,83448,White,Divorced,Fully Meets,5,False,40.71731690622861,676,Manager
2728,2020-05-08,2023-03-28,Sales,Brandon Perez,WBL,Active,Full-Time,Zone B,Full-Time,Involuntary,World area thus attention start.,Sales,Field Engineering / Operations,1956,West,Project / Site Management,Male,16416,Hispanic,Single,Fully Meets,2,False,68.81314168377824,1054,Manager
2729,2018-12-10,,Sales,Kathryn Kidd DVM,NEL,Active,Part-Time,Zone B,Full-Time,Unk,,Sales,Field Engineering / Operations,1948,West,Engineering,Female,83077,Hispanic,Divorced,Fully Meets,2,True,77.30869267624914,2395,Manager
2730,2021-12-08,,Sales,Mario Moran,PL,Active,Contract,Zone B,Part-Time,Unk,,Sales,Field Engineering / Operations,,Northeast,Field Operations,Female,23617,Hispanic,Single,Fully Meets,2,True,,1301,Manager
2731,2019-01-31,,Admin & Support,Brian Allen,BPC,Active,Part-Time,Zone C,Full-Time,Unk,,Sales,General Operations,,Northeast,Field Operations,Female,24569,Other,Married,Fully Meets,1,True,,2343,Entry
2732,2022-08-31,2023-04-27,Sales,Stephanie Jackson,PYZ,Active,Contract,Zone A,Full-Time,Retirement,Exactly fear as speech.,Sales,Logistics / Maintenance,1989,Northeast,Maintenance & Logistics,Male,37938,Black,Single,Fully Meets,2,False,36.23271731690623,239,Manager
2733,2022-02-01,,Sales,Rodney Robinson,WBL,Active,Contract,Zone A,Temporary,Unk,,Sales,General Operations,1996,West,Admin & Support,Male,53746,Black,Single,Fully Meets,5,True,29.48665297741273,1246,Manager
2734,2020-12-02,,Sales,Alicia Mitchell,NEL,Active,Contract,Zone C,Part-Time,Unk,,Sales,General Operations,1948,West,Labor & Site Work,Female,51967,Black,Married,Fully Meets,4,True,76.57494866529774,1672,Manager
2735,2020-10-16,,Sales,Melissa Ray,PL,Active,Contract,Zone B,Part-Time,Unk,,Sales,Field Engineering / Operations,2001,South,Labor & Site Work,Female,26584,Asian,Single,Fully Meets,2,True,24.22450376454483,1719,Manager
2736,2020-05-27,,Sales,Michael Garza,BPC,Active,Contract,Zone A,Full-Time,Unk,,Sales,General Operations,,South,Labor & Site Work,Male,2091,Other,Married,Fully Meets,5,True,,1861,Manager
2737,2021-08-20,2021-10-09,Sales,Victoria Padilla,CCDR,Active,Full-Time,Zone C,Temporary,Retirement,Music society money product next.,Sales,General Operations,,West,Field Operations,Male,84906,Black,Married,Fully Meets,4,False,,50,Manager
2738,2019-02-07,2019-03-25,Sales,Spencer Larson,SVG,Active,Full-Time,Zone C,Full-Time,Involuntary,Member success us future a song every.,Sales,Field Engineering / Operations,,South,Labor & Site Work,Male,86185,Hispanic,Married,Fully Meets,5,False,,46,Manager
2739,2021-02-18,2021-11-26,Sales,Cynthia Martin,EW,Active,Contract,Zone A,Part-Time,Resignation,Idea why card study body commercial.,Sales,General Operations,,West,Field Operations,Male,82332,Black,Single,Fully Meets,4,False,,281,Manager
2740,2022-12-02,,Sales,Cody Hughes,MSC,Active,Full-Time,Zone B,Part-Time,Unk,,Sales,General Operations,,West,Project / Site Management,Male,34011,Black,Single,Fully Meets,1,True,,942,Manager
2741,2021-07-29,2022-05-05,Sales,Ronald Mata,TNS,Active,Full-Time,Zone A,Part-Time,Resignation,Amount address then peace deep community own six.,Sales,Field Engineering / Operations,,Northeast,Field Operations,Male,88627,Asian,Divorced,Fully Meets,4,False,,280,Manager
2742,2022-04-23,2022-12-16,Sales,Chad Boone,PYZ,Active,Full-Time,Zone B,Full-Time,Retirement,Thing stock near question mouth.,Sales,Field Engineering / Operations,1991,Northeast,Project / Site Management,Male,47497,Asian,Married,Fully Meets,2,False,33.72758384668035,237,Manager
2743,2021-07-31,2022-04-07,Sales,Carmen Wilson,WBL,Active,Full-Time,Zone B,Temporary,Voluntary,Decade structure outside I world agent treat.,Sales,Field Engineering / Operations,,West,Other,Male,16234,Black,Married,Fully Meets,4,False,,250,Manager
2744,2020-06-12,,Sales,Paul Hernandez,NEL,Active,Contract,Zone C,Full-Time,Unk,,Sales,Field Engineering / Operations,,Northeast,Labor & Site Work,Female,25145,Asian,Married,Fully Meets,4,True,,1845,Manager
2745,2019-01-25,,Sales,John Ferguson,PL,Active,Contract,Zone B,Part-Time,Unk,,Sales,Executive,,South,Executive & Leadership,Female,71081,Hispanic,Divorced,Fully Meets,5,True,,2349,Manager
2746,2020-10-24,2023-04-08,Admin & Support,Bailey Case,BPC,Voluntarily Terminated,Full-Time,Zone A,Full-Time,Involuntary,Art decade agreement bank.,Sales,Project Management,,Northeast,Project / Site Management,Female,39119,Hispanic,Widowed,Fully Meets,5,False,,896,Entry
2747,2018-08-18,2019-02-28,Production,Todd Gonzales,SVG,Active,Part-Time,Zone B,Part-Time,Voluntary,Few attorney all campaign town reflect behavior.,Production       ,General Operations,,Northeast,Field Operations,Female,2109,Hispanic,Married,Fully Meets,4,False,,194,Entry
2748,2022-07-11,,Production,Deanna Kerr,PYZ,Active,Full-Time,Zone C,Full-Time,Unk,,Production       ,General Operations,,Northeast,Labor & Site Work,Female,1801,Hispanic,Widowed,Fully Meets,1,True,,1086,Entry
2749,2018-11-15,2018-11-19,Production,Matthew Wilcox,BPC,Voluntarily Terminated,Full-Time,Zone B,Part-Time,Retirement,He PM simply interesting.,Production       ,IT,1949,Northeast,Admin & Support,Female,1760,Black,Widowed,Fully Meets,5,False,76.22997946611909,4,Entry
2750,2022-06-04,,Production,Timothy Roman,TNS,Active,Full-Time,Zone B,Full-Time,Unk,,Production       ,Field Engineering / Operations,1949,Northeast,Labor & Site Work,Male,2127,Asian,Divorced,Fully Meets,4,True,76.24366872005476,1123,Mid
2751,2018-10-27,2019-07-10,Production,Steven White,NEL,Leave of Absence,Full-Time,Zone B,Part-Time,Retirement,Seek reason commercial method among back war.,Production       ,Field Engineering / Operations,,Northeast,Labor & Site Work,Male,1770,Black,Single,Fully Meets,5,False,,256,Mid
2752,2022-10-21,2023-05-09,Production,Laura Rodriguez,TNS,Active,Part-Time,Zone A,Temporary,Involuntary,Finish something start activity full professor.,Production       ,General Operations,,Northeast,Labor & Site Work,Male,2478,Hispanic,Divorced,Fully Meets,4,False,,200,Entry
2753,2023-01-13,2023-05-24,Production,Joshua Smith,CCDR,Active,Contract,Zone B,Part-Time,Voluntary,Traditional stay important save box.,Production       ,Field Engineering / Operations,1984,Northeast,Other,Female,2189,Black,Widowed,Fully Meets,4,False,41.054072553045856,131,Entry
2754,2020-04-05,,Production,Gabriella Copeland,SVG,Active,Full-Time,Zone C,Full-Time,Unk,,Production       ,Field Engineering / Operations,1977,Northeast,Engineering,Male,2109,Other,Married,Fully Meets,2,True,48.15605749486653,1913,Entry
2755,2022-05-26,,Production,Connor Macdonald,EW,Active,Contract,Zone B,Temporary,Unk,,Production       ,General Operations,,Northeast,Field Operations,Male,1701,Other,Single,Fully Meets,2,True,,1132,Entry
2756,2021-05-05,,Production,David Miller,TNS,Active,Part-Time,Zone A,Part-Time,Unk,,Production       ,Field Engineering / Operations,,Northeast,Field Operations,Male,2155,White,Divorced,Fully Meets,2,True,,1518,Mid
2757,2023-07-01,2023-08-04,Production,Joanna Poole,BPC,Future Start,Part-Time,Zone C,Part-Time,Retirement,Class table south receive democratic.,Production       ,Project Management,,Northeast,Project / Site Management,Female,2145,Hispanic,Divorced,Fully Meets,2,False,,34,Mid
2758,2018-12-20,2023-06-13,Production,James Austin,TNS,Terminated for Cause,Part-Time,Zone A,Full-Time,Involuntary,Difference require discuss.,Production       ,Field Engineering / Operations,1946,Northeast,Field Operations,Male,2050,Other,Divorced,Fully Meets,2,False,79.38124572210815,1636,Entry
2759,2018-08-26,,Production,Mrs. Megan Booker,PYZ,Active,Full-Time,Zone B,Full-Time,Unk,,Production       ,Field Engineering / Operations,1989,Northeast,Field Operations,Male,2301,White,Divorced,Fully Meets,2,True,36.15879534565367,2501,Entry
2760,2020-12-06,2022-08-26,Production,Alexis Shaw,BPC,Active,Part-Time,Zone B,Temporary,Voluntary,Keep position nature most anything eat blue.,Production       ,Field Engineering / Operations,,Northeast,Engineering,Male,2062,Other,Single,Fully Meets,2,False,,628,Mid
2761,2021-12-13,2022-06-11,Production,Austin Klein,EW,Active,Contract,Zone C,Temporary,Resignation,Sport information for admit language mention.,Production       ,Field Engineering / Operations,1997,Northeast,Labor & Site Work,Female,2121,Asian,Married,Fully Meets,4,False,28.39425051334702,180,Entry
2762,2021-06-27,2022-01-02,Production,Cheryl Cole,CCDR,Voluntarily Terminated,Part-Time,Zone A,Temporary,Resignation,Stock avoid company tend tell success.,Production       ,Field Engineering / Operations,1944,Northeast,Labor & Site Work,Female,2343,Asian,Single,Fully Meets,4,False,80.55852156057495,189,Mid
2763,2019-10-19,,Production,Katelyn Coleman,NEL,Active,Part-Time,Zone C,Full-Time,Unk,,Production       ,Field Engineering / Operations,,Northeast,Project / Site Management,Female,2176,Hispanic,Single,Fully Meets,2,True,,2082,Entry
2764,2022-11-26,2023-01-13,Production,Ronald Sims,WBL,Active,Part-Time,Zone C,Full-Time,Involuntary,President clearly teach recently care.,Production       ,Field Engineering / Operations,,Northeast,Engineering,Male,1810,Black,Single,Fully Meets,2,False,,48,Entry
2765,2019-08-19,,Production,Richard Long,PL,Active,Full-Time,Zone C,Full-Time,Unk,,Production       ,Field Engineering / Operations,1967,Northeast,Admin & Support,Male,2045,Black,Widowed,Fully Meets,4,True,57.97946611909651,2143,Entry
2766,2018-08-22,2022-04-14,Production,Kaitlyn Hale,EW,Voluntarily Terminated,Part-Time,Zone A,Full-Time,Involuntary,Look area spend. Deal animal main interesting.,Production       ,Field Engineering / Operations,,Northeast,Engineering,Female,2021,Hispanic,Married,Fully Meets,2,False,,1331,Mid
2767,2022-05-04,,Production,Joseph Carr,BPC,Active,Full-Time,Zone A,Full-Time,Unk,,Production       ,Field Engineering / Operations,,Northeast,Field Operations,Female,2747,Asian,Divorced,Fully Meets,2,True,,1154,Entry
2768,2022-06-12,,Production,Deborah Schultz,WBL,Active,Part-Time,Zone B,Temporary,Unk,,Production       ,Field Engineering / Operations,,Northeast,Field Operations,Male,2026,Asian,Married,Fully Meets,2,True,,1115,Entry
2769,2018-11-08,,Production,Robert Brooks,NEL,Active,Contract,Zone A,Part-Time,Unk,,Production       ,Field Engineering / Operations,,Northeast,Project / Site Management,Male,95073,Other,Widowed,Fully Meets,4,True,,2427,Entry
2770,2021-07-05,,Production,Richard Davis,PL,Active,Part-Time,Zone A,Part-Time,Unk,,Production       ,Field Engineering / Operations,,Northeast,Labor & Site Work,Male,65497,Black,Divorced,Fully Meets,5,True,,1457,Entry
2771,2020-07-08,2021-09-24,Production,Tonya Moreno,BPC,Terminated for Cause,Full-Time,Zone A,Temporary,Retirement,Talk into between trip final.,Production       ,Field Engineering / Operations,1950,Northeast,Labor & Site Work,Male,37659,Other,Divorced,Fully Meets,5,False,75.31006160164272,443,Entry
2772,2020-03-13,,Production,Francis York,CCDR,Active,Full-Time,Zone A,Temporary,Unk,,Production       ,Field Engineering / Operations,,Northeast,Labor & Site Work,Male,74626,Other,Married,Fully Meets,1,True,,1936,Entry
2773,2022-12-28,,Production,Misty Cole,SVG,Active,Full-Time,Zone B,Full-Time,Unk,,Production       ,Field Engineering / Operations,,Northeast,Labor & Site Work,Male,10950,White,Widowed,Fully Meets,2,True,,916,Entry
2774,2020-03-17,,Production,Kenneth Perry,EW,Active,Full-Time,Zone B,Part-Time,Unk,,Production       ,Field Engineering / Operations,1993,Northeast,Labor & Site Work,Male,85907,Other,Divorced,Fully Meets,5,True,32.07118412046543,1932,Entry
2775,2023-01-07,,Production,Andrew Wilkinson,MSC,Active,Part-Time,Zone B,Temporary,Unk,,Production       ,Field Engineering / Operations,,Northeast,Field Operations,Female,50944,White,Single,Fully Meets,2,True,,906,Entry
2776,2021-12-22,,Production,Debbie Pearson,TNS,Active,Full-Time,Zone B,Part-Time,Unk,,Production       ,General Operations,1975,Northeast,Engineering,Male,67113,White,Single,Fully Meets,4,True,50.39835728952772,1287,Entry
2777,2020-04-29,2022-11-22,Production,Frank Wilkinson,PYZ,Active,Part-Time,Zone B,Full-Time,Voluntary,Vote growth sound wide art.,Production       ,General Operations,,Northeast,Labor & Site Work,Male,37852,Hispanic,Single,Fully Meets,5,False,,937,Entry
2778,2020-12-02,,Production,Raymond Burton,WBL,Active,Part-Time,Zone C,Temporary,Unk,,Production       ,Other,,Northeast,Project / Site Management,Male,33896,Asian,Divorced,Fully Meets,5,True,,1672,Entry
2779,2021-12-08,2022-06-20,Production,Adam Murphy,NEL,Active,Contract,Zone A,Part-Time,Resignation,Exist how dog information accept around PM.,Production       ,Field Engineering / Operations,,Northeast,Labor & Site Work,Male,88158,Hispanic,Married,Fully Meets,2,False,,194,Entry
2780,2022-04-13,2023-08-04,Production,Kimberly Stout,PL,Active,Contract,Zone B,Part-Time,Retirement,Chance ever laugh sign indicate.,Production       ,General Operations,,Northeast,Project / Site Management,Male,18034,White,Married,Fully Meets,4,False,,478,Entry
2781,2020-12-23,2022-07-23,Production,Jonathan Hale,BPC,Voluntarily Terminated,Contract,Zone A,Part-Time,Retirement,Indicate less quality put listen nation.,Production       ,Field Engineering / Operations,,Northeast,Field Operations,Male,47540,Asian,Divorced,Fully Meets,4,False,,577,Entry
2782,2019-03-31,,Production,Robert Schmitt DDS,CCDR,Active,Full-Time,Zone C,Temporary,Unk,,Production       ,General Operations,,Northeast,Labor & Site Work,Female,14142,Black,Single,Fully Meets,2,True,,2284,Entry
2783,2023-06-11,2023-07-30,Production,Jamie Parker,SVG,Active,Part-Time,Zone A,Temporary,Resignation,Like open news car seem garden people.,Production       ,Field Engineering / Operations,,Northeast,Field Operations,Male,68300,White,Married,Fully Meets,1,False,,49,Mid
2784,2021-05-20,2023-01-31,Production,Lauren Thomas,TNS,Active,Contract,Zone B,Full-Time,Involuntary,Base item do role debate perform.,Production       ,Field Engineering / Operations,1981,Northeast,Project / Site Management,Male,85699,White,Divorced,Fully Meets,2,False,44.31485284052019,621,Mid
2785,2020-11-14,,Production,Pamela Taylor,WBL,Active,Full-Time,Zone C,Full-Time,Unk,,Production       ,Field Engineering / Operations,1967,Northeast,Other,Male,96368,Hispanic,Widowed,Fully Meets,4,True,57.987679671457904,1690,Mid
2786,2018-12-29,,Production,Phyllis Cox,PYZ,Active,Contract,Zone A,Full-Time,Unk,,Production       ,Field Engineering / Operations,,Northeast,Labor & Site Work,Female,33987,Asian,Widowed,Fully Meets,1,True,,2376,Mid
2787,2021-04-22,,Production,Jonathan Williams,WBL,Active,Contract,Zone A,Full-Time,Unk,,Production       ,Executive,1948,Northeast,Executive & Leadership,Female,93541,White,Divorced,Fully Meets,4,True,76.55578370978782,1531,Mid
2788,2023-06-03,2023-07-14,Production,Edward Navarro,NEL,Voluntarily Terminated,Contract,Zone C,Full-Time,Involuntary,Program deal run.,Production       ,Project Management,1949,Northeast,Project / Site Management,Female,87242,Black,Widowed,Fully Meets,1,False,76.39425051334702,41,Mid
2789,2021-04-26,2021-07-06,Production,Matthew Craig,CCDR,Active,Contract,Zone B,Temporary,Retirement,Great parent relate growth summer.,Production       ,Other,1942,Northeast,Project / Site Management,Male,31575,Asian,Divorced,Fully Meets,4,False,83.07460643394936,71,Entry
2790,2019-04-30,2019-10-09,Production,Warren Pollard,EW,Active,Contract,Zone B,Part-Time,Involuntary,Above fight animal support beautiful.,Production       ,Field Engineering / Operations,1959,Northeast,Labor & Site Work,Male,64694,Hispanic,Widowed,Fully Meets,4,False,65.89733059548254,162,Entry
2791,2021-07-04,2023-06-25,Production,Felicia Smith,MSC,Active,Contract,Zone B,Temporary,Involuntary,Better design cause yet history decide.,Production       ,Field Engineering / Operations,,Northeast,Field Operations,Male,43706,White,Widowed,Fully Meets,2,False,,721,Entry
2792,2023-02-24,,Production,Robert Nguyen,NEL,Active,Part-Time,Zone A,Temporary,Unk,,Production       ,Field Engineering / Operations,1953,Northeast,Field Operations,Male,19908,Black,Single,Fully Meets,1,True,72.14236824093086,858,Entry
2793,2021-03-02,,Production,Jesse Hall,PL,Active,Full-Time,Zone A,Full-Time,Unk,,Production       ,Logistics / Maintenance,,Northeast,Project / Site Management,Male,1901,Black,Divorced,Fully Meets,1,True,,1582,Entry
2794,2021-12-27,,Production,George Palmer Jr.,PYZ,Active,Contract,Zone B,Temporary,Unk,,Production       ,Field Engineering / Operations,,Northeast,Labor & Site Work,Male,1877,Hispanic,Single,Fully Meets,5,True,,1282,Entry
2795,2022-07-10,2022-09-11,Production,Casey Garner,SVG,Active,Part-Time,Zone C,Temporary,Voluntary,Defense pressure according more mind bed number.,Production       ,General Operations,,Northeast,Engineering,Female,74746,Asian,Single,Fully Meets,4,False,,63,Entry
2796,2022-09-19,2023-06-17,Production,Megan Harrison,TNS,Active,Contract,Zone A,Full-Time,Voluntary,Risk management money field.,Production       ,Field Engineering / Operations,1991,Northeast,Project / Site Management,Female,96469,Asian,Married,Fully Meets,1,False,33.831622176591374,271,Entry
2797,2021-05-30,,Production,Sierra Thompson,WBL,Active,Contract,Zone A,Temporary,Unk,,Production       ,Field Engineering / Operations,,Northeast,Field Operations,Male,24994,Other,Married,Exceeds,1,True,,1493,Entry
2798,2020-04-07,,Production,Donna Sullivan,BPC,Active,Contract,Zone A,Part-Time,Unk,,Production       ,Field Engineering / Operations,,Northeast,Engineering,Male,89805,Asian,Divorced,Fully Meets,2,True,,1911,Entry
2799,2021-04-20,2022-09-17,Production,Timothy Pratt,CCDR,Active,Part-Time,Zone A,Part-Time,Resignation,Opportunity upon apply and world.,Production       ,Field Engineering / Operations,,Northeast,Engineering,Male,54859,White,Divorced,Fully Meets,2,False,,515,Entry
2800,2019-08-02,,Production,Kathryn Wolf,EW,Active,Contract,Zone B,Temporary,Unk,,Production       ,General Operations,1948,Northeast,Project / Site Management,Male,69497,Black,Married,Fully Meets,1,True,76.97467488021903,2160,Entry
2801,2022-01-11,,Production,Kiara Herman,MSC,Active,Full-Time,Zone C,Temporary,Unk,,Production       ,Field Engineering / Operations,,Northeast,Field Operations,Male,97933,White,Divorced,Fully Meets,5,True,,1267,Entry
2802,2020-11-15,,Production,Meghan Morrison DDS,NEL,Active,Contract,Zone C,Part-Time,Unk,,Production       ,General Operations,1977,Northeast,Field Operations,Female,56662,White,Married,Fully Meets,4,True,47.88774811772758,1689,Entry
2803,2020-05-08,,Production,Brittany Fisher,PL,Active,Part-Time,Zone B,Part-Time,Unk,,Production       ,General Operations,1965,Northeast,Project / Site Management,Female,13566,Asian,Married,Fully Meets,5,True,59.82477754962355,1880,Entry
2804,2019-03-10,,Production,Scott Brady,SVG,Active,Part-Time,Zone B,Full-Time,Unk,,Production       ,Project Management,1953,Northeast,Project / Site Management,Male,4554,Hispanic,Married,Fully Meets,4,True,72.33401779603011,2305,Mid
2805,2022-04-19,,Production,Charlotte Clark,TNS,Active,Full-Time,Zone C,Part-Time,Unk,,Production       ,Field Engineering / Operations,,Northeast,Other,Male,19835,White,Widowed,Fully Meets,1,True,,1169,Mid
2806,2019-11-30,,Production,Rebecca Stanley,WBL,Active,Full-Time,Zone A,Part-Time,Unk,,Production       ,Field Engineering / Operations,,Northeast,Project / Site Management,Female,47920,Asian,Divorced,Fully Meets,2,True,,2040,Mid
2807,2021-07-06,2023-01-07,Production,Scott Brown,BPC,Voluntarily Terminated,Part-Time,Zone A,Part-Time,Involuntary,Standard stuff girl site.,Production       ,Field Engineering / Operations,,Northeast,Other,Female,55399,White,Married,Fully Meets,2,False,,550,Mid
2808,2018-11-27,,Production,Sharon Fox,CCDR,Active,Part-Time,Zone B,Temporary,Unk,,Production       ,Consulting / Client Delivery,,Northeast,Engineering,Female,35224,Asian,Divorced,Fully Meets,4,True,,2408,Mid
2809,2023-01-30,,Production,Robert Powers,WBL,Active,Full-Time,Zone C,Part-Time,Unk,,Production       ,Field Engineering / Operations,,Northeast,Other,Male,39078,Hispanic,Single,Fully Meets,2,True,,883,Entry
2810,2022-11-17,2023-02-08,Production,Debra Phillips,NEL,Active,Full-Time,Zone A,Part-Time,Resignation,Less boy reflect quickly health respond million.,Production       ,Field Engineering / Operations,1959,Northeast,Labor & Site Work,Male,72285,Other,Married,Fully Meets,4,False,66.2258726899384,83,Entry
2811,2018-08-13,2020-05-28,Production,David Holt,PL,Active,Part-Time,Zone A,Full-Time,Voluntary,Material owner together travel so conference.,Production       ,Field Engineering / Operations,1996,Northeast,Labor & Site Work,Male,82960,Hispanic,Widowed,Fully Meets,2,False,29.489390828199863,654,Entry
2812,2021-07-02,2023-07-09,Production,Lisa Ingram,BPC,Terminated for Cause,Part-Time,Zone B,Temporary,Resignation,Now should knowledge the turn toward natural.,Production       ,General Operations,,Northeast,Project / Site Management,Male,44272,White,Divorced,Fully Meets,4,False,,737,Entry
2813,2022-06-28,,Production,Mr. Ryan Griffin,CCDR,Active,Contract,Zone B,Full-Time,Unk,,Production       ,Field Engineering / Operations,,Northeast,Executive & Leadership,Male,56124,Other,Single,Fully Meets,1,True,,1099,Entry
2814,2019-01-25,,Production,Michelle Woodard,SVG,Active,Part-Time,Zone A,Temporary,Unk,,Production       ,Field Engineering / Operations,,Northeast,Field Operations,Male,19550,Hispanic,Single,Fully Meets,2,True,,2349,Entry
2815,2023-07-23,,Production,David Smith,EW,Active,Contract,Zone C,Part-Time,Unk,,Production       ,Project Management,,Northeast,Project / Site Management,Female,62651,Asian,Single,Fully Meets,4,True,,709,Entry
2816,2022-07-25,,Production,Jennifer Hernandez,MSC,Active,Full-Time,Zone C,Temporary,Unk,,Production       ,General Operations,1992,Northeast,Other,Female,15802,Black,Married,Fully Meets,5,True,32.57221081451061,1072,Entry
2817,2023-01-11,,Production,Theresa Davis,TNS,Active,Contract,Zone A,Part-Time,Unk,,Production       ,Field Engineering / Operations,1998,Northeast,Labor & Site Work,Male,79678,White,Widowed,Fully Meets,4,True,26.80082135523614,902,Entry
2818,2023-07-28,2023-07-30,Production,Dr. Wendy Lopez,PYZ,Active,Part-Time,Zone B,Temporary,Involuntary,Traditional force look heart talk plan.,Production       ,Field Engineering / Operations,,Northeast,Engineering,Male,9992,Hispanic,Single,Exceeds,2,False,,2,Entry
2819,2023-05-06,,Production,Heidi Williams,WBL,Active,Full-Time,Zone C,Part-Time,Unk,,Production       ,General Operations,2000,Northeast,Labor & Site Work,Male,74805,White,Widowed,Fully Meets,4,True,25.4072553045859,787,Entry
2820,2022-09-18,,Production,Eric Soto,NEL,Active,Full-Time,Zone C,Temporary,Unk,,Production       ,Field Engineering / Operations,1979,Northeast,Labor & Site Work,Male,42750,Hispanic,Divorced,Fully Meets,2,True,45.97946611909651,1017,Entry
2821,2019-09-08,2021-09-10,Production,Alfred Sanders,PL,Active,Full-Time,Zone B,Temporary,Retirement,Medical painting rich whole here.,Production       ,Field Engineering / Operations,,Northeast,Field Operations,Male,36681,Hispanic,Single,Fully Meets,2,False,,733,Entry
2822,2019-08-30,,Production,Jerome Adams,BPC,Active,Part-Time,Zone B,Part-Time,Unk,,Production       ,Field Engineering / Operations,,Northeast,Field Operations,Female,87892,White,Divorced,Fully Meets,4,True,,2132,Entry
2823,2023-05-22,,Production,Ariel Graham,CCDR,Active,Contract,Zone B,Part-Time,Unk,,Production       ,General Operations,1985,Northeast,Field Operations,Female,59827,White,Divorced,Fully Meets,2,True,39.564681724846,771,Entry
2824,2021-03-02,,Production,Melinda Shaw,EW,Active,Part-Time,Zone A,Full-Time,Unk,,Production       ,Field Engineering / Operations,,Northeast,Labor & Site Work,Male,3624,Hispanic,Widowed,Fully Meets,5,True,,1582,Mid
2825,2023-02-13,,Production,Elizabeth Brown,MSC,Active,Full-Time,Zone C,Temporary,Unk,,Production       ,Project Management,,Northeast,Project / Site Management,Male,80760,Hispanic,Widowed,Fully Meets,4,True,,869,Mid
2826,2022-08-11,2022-12-01,Production,Jennifer Farmer,TNS,Leave of Absence,Contract,Zone B,Full-Time,Involuntary,Prepare simply play edge.,Production       ,General Operations,,Northeast,Field Operations,Female,96266,Hispanic,Married,Fully Meets,5,False,,112,Mid
2827,2020-02-19,2022-12-10,Production,Bruce Barber,PYZ,Voluntarily Terminated,Full-Time,Zone A,Full-Time,Involuntary,Decision fill total.,Production       ,Field Engineering / Operations,1980,Northeast,Other,Female,23357,Other,Married,Fully Meets,4,False,44.89253935660506,1025,Mid
2828,2021-10-15,2023-03-26,Production,Dennis Foster,WBL,Voluntarily Terminated,Full-Time,Zone A,Temporary,Retirement,Camera parent choose add edge product keep.,Production       ,Field Engineering / Operations,1944,Northeast,Field Operations,Female,95784,Black,Single,Fully Meets,2,False,81.13894592744695,527,Mid
2829,2022-11-16,,Production,Ryan Kelly,WBL,Active,Part-Time,Zone B,Part-Time,Unk,,Production       ,Field Engineering / Operations,,Northeast,Executive & Leadership,Male,11197,Other,Single,Fully Meets,2,True,,958,Entry
2830,2022-06-30,2023-02-03,Production,Nathan Johnson,NEL,Active,Full-Time,Zone B,Part-Time,Resignation,Big author those five today.,Production       ,General Operations,,Northeast,Admin & Support,Male,62490,White,Married,Fully Meets,1,False,,218,Entry
2831,2021-07-28,,Production,Philip Morris,PL,Active,Full-Time,Zone C,Full-Time,Unk,,Production       ,Field Engineering / Operations,,Northeast,Field Operations,Male,20276,White,Widowed,Fully Meets,2,True,,1434,Entry
2832,2021-11-21,,Production,Felicia Gomez,BPC,Active,Contract,Zone C,Full-Time,Unk,,Production       ,Field Engineering / Operations,1975,Northeast,Labor & Site Work,Male,31155,White,Married,Fully Meets,5,True,50.49144421629021,1318,Entry
2833,2020-10-12,,Production,Sandy Wilson,CCDR,Active,Contract,Zone A,Full-Time,Unk,,Production       ,General Operations,,Northeast,Labor & Site Work,Male,11072,Asian,Married,Fully Meets,2,True,,1723,Entry
2834,2018-10-02,2020-09-17,Production,Bonnie Bell,SVG,Active,Full-Time,Zone A,Full-Time,Involuntary,Be minute last meet former. Rich her account top.,Production       ,General Operations,,Northeast,Field Operations,Female,95191,Asian,Divorced,Fully Meets,5,False,,716,Entry
2835,2021-07-17,2023-02-27,Production,Jonathan Stephens,EW,Active,Contract,Zone C,Part-Time,Resignation,Need either go.,Production       ,Field Engineering / Operations,1995,Northeast,Project / Site Management,Female,81501,White,Divorced,Fully Meets,5,False,30.223134839151268,590,Entry
2836,2022-04-13,,Production,Michael Horton,MSC,Active,Contract,Zone C,Part-Time,Unk,,Production       ,Field Engineering / Operations,1988,Northeast,Field Operations,Female,8731,Black,Divorced,Fully Meets,2,True,36.73100616016427,1175,Entry
2837,2021-03-20,2023-02-18,Production,Eric Young,TNS,Active,Part-Time,Zone C,Temporary,Involuntary,Administration field require.,Production       ,Field Engineering / Operations,1944,Northeast,Internship,Male,32946,Asian,Single,Fully Meets,4,False,80.97467488021903,700,Entry
2838,2021-09-09,2021-11-05,Production,Michele Young,PYZ,Active,Part-Time,Zone A,Temporary,Voluntary,Bag physical goal will way against either.,Production       ,General Operations,,Northeast,Executive & Leadership,Male,93005,Black,Single,Fully Meets,5,False,,57,Entry
2839,2019-12-06,2022-03-28,Production,Karen Espinoza,WBL,Active,Part-Time,Zone C,Part-Time,Voluntary,Information step name three choose.,Production       ,General Operations,1969,Northeast,Project / Site Management,Male,72072,Black,Married,Fully Meets,1,False,55.81656399726215,843,Entry
2840,2023-04-26,2023-05-19,Production,Yvonne Reilly,NEL,Active,Contract,Zone B,Part-Time,Voluntary,From continue left eye.,Production       ,Field Engineering / Operations,,Northeast,Engineering,Male,74671,Hispanic,Divorced,Fully Meets,2,False,,23,Entry
2841,2019-04-06,,Production,David Ball,PL,Active,Contract,Zone B,Temporary,Unk,,Production       ,General Operations,,Northeast,Project / Site Management,Male,6774,Hispanic,Married,Fully Meets,5,True,,2278,Entry
2842,2020-10-19,2023-02-28,Production,Dr. Terry Young,BPC,Voluntarily Terminated,Part-Time,Zone B,Temporary,Voluntary,Region easy at much couple week on.,Production       ,General Operations,,Northeast,Labor & Site Work,Female,90492,Black,Widowed,Fully Meets,1,False,,862,Entry
2843,2021-11-22,,Production,Raymond Johnson,SVG,Active,Full-Time,Zone C,Temporary,Unk,,Production       ,General Operations,1942,Northeast,Field Operations,Male,31013,Black,Married,Fully Meets,1,True,82.57905544147845,1317,Mid
2844,2020-12-30,2023-07-25,Production,Anthony Saunders,TNS,Leave of Absence,Contract,Zone A,Part-Time,Retirement,Process firm life from final medical.,Production       ,Field Engineering / Operations,1942,Northeast,Field Operations,Male,31828,Asian,Widowed,Fully Meets,5,False,82.8145106091718,937,Mid
2845,2020-09-03,,Production,Nancy Newman,WBL,Active,Full-Time,Zone B,Part-Time,Unk,,Production       ,General Operations,,Northeast,Project / Site Management,Female,60312,White,Single,Fully Meets,4,True,,1762,Mid
2846,2019-10-14,2022-08-19,Production,Robin Jones,BPC,Voluntarily Terminated,Contract,Zone C,Full-Time,Resignation,Million the fire begin truth language.,Production       ,Other,1955,Northeast,Field Operations,Female,31642,White,Divorced,Fully Meets,5,False,69.82888432580424,1040,Mid
2847,2021-02-19,2021-09-18,Production,Jessica Saunders,CCDR,Future Start,Part-Time,Zone C,Full-Time,Involuntary,Oil at Mr hotel. Same recently leg officer.,Production       ,Field Engineering / Operations,,Northeast,Labor & Site Work,Female,81717,Black,Married,Fully Meets,2,False,,211,Mid
2848,2022-03-13,2022-09-02,Production,Willie Compton,BPC,Terminated for Cause,Full-Time,Zone A,Temporary,Involuntary,Perhaps system its answer small.,Production       ,Project Management,,Northeast,Project / Site Management,Male,59518,White,Single,Exceeds,1,False,,173,Entry
2849,2018-10-02,,Production,Andrew Thomas,CCDR,Active,Part-Time,Zone C,Full-Time,Unk,,Production       ,General Operations,,Northeast,Field Operations,Male,4583,Hispanic,Single,Fully Meets,5,True,,2464,Entry
2850,2022-10-06,2022-10-16,Production,Victoria Williams,EW,Active,Full-Time,Zone C,Part-Time,Retirement,Stand until high true effort kid.,Production       ,General Operations,,Northeast,Field Operations,Male,6816,Hispanic,Divorced,Exceeds,1,False,,10,Entry
2851,2020-09-21,,Production,Stephanie Gonzalez,MSC,Active,Full-Time,Zone B,Part-Time,Unk,,Production       ,Field Engineering / Operations,1967,Northeast,Project / Site Management,Male,26839,Black,Divorced,Fully Meets,4,True,58.32443531827516,1744,Entry
2852,2021-12-06,,Production,Brianna Butler,NEL,Active,Part-Time,Zone C,Temporary,Unk,,Production       ,Field Engineering / Operations,,Northeast,Labor & Site Work,Male,87984,Other,Widowed,Fully Meets,1,True,,1303,Entry
2853,2022-11-16,2023-03-21,Production,Donald Hamilton,PL,Terminated for Cause,Contract,Zone B,Part-Time,Voluntary,Population let responsibility.,Production       ,General Operations,1994,Northeast,Field Operations,Male,70147,Other,Widowed,Needs Improvement,5,False,31.236139630390145,125,Entry
2854,2022-08-02,2023-07-27,Production,Amber Adams,PYZ,Active,Part-Time,Zone A,Full-Time,Resignation,Serious ball together lot body tonight artist.,Production       ,Executive,,Northeast,Executive & Leadership,Female,76409,Hispanic,Married,Needs Improvement,2,False,,359,Entry
2855,2022-01-19,,Production,Michael Armstrong,SVG,Active,Part-Time,Zone C,Full-Time,Unk,,Production       ,Field Engineering / Operations,,Northeast,Admin & Support,Female,75727,Black,Single,Needs Improvement,4,True,,1259,Entry
2856,2022-04-09,,Production,Thomas Lewis,TNS,Active,Full-Time,Zone A,Temporary,Unk,,Production       ,Sales & Marketing,,Northeast,Executive & Leadership,Female,14553,White,Married,Needs Improvement,5,True,,1179,Entry
2857,2019-07-19,2022-08-08,Production,Christina Young,WBL,Active,Full-Time,Zone A,Part-Time,Involuntary,Create research source close.,Production       ,General Operations,1974,Northeast,Labor & Site Work,Male,93847,White,Single,Fully Meets,2,False,50.66392881587954,1116,Entry
2858,2021-09-02,2022-11-14,Production,Kayla Chavez,BPC,Active,Full-Time,Zone C,Temporary,Retirement,According foot decade argue poor hair.,Production       ,Field Engineering / Operations,,Northeast,Engineering,Male,22983,Other,Married,Fully Meets,5,False,,438,Entry
2859,2019-02-01,,Production,Tracey Turner,CCDR,Active,Full-Time,Zone C,Part-Time,Unk,,Production       ,Field Engineering / Operations,1945,Northeast,Engineering,Male,36227,Other,Divorced,Needs Improvement,2,True,80.31759069130733,2342,Entry
2860,2023-04-13,2023-05-26,Production,Michelle Murphy,EW,Active,Part-Time,Zone C,Part-Time,Voluntary,Look dark travel herself election college what.,Production       ,General Operations,,Northeast,Labor & Site Work,Male,54190,Black,Married,Fully Meets,2,False,,43,Entry
2861,2018-10-06,,Production,Sharon Jones,MSC,Active,Full-Time,Zone C,Full-Time,Unk,,Production       ,General Operations,,Northeast,Field Operations,Male,31403,White,Widowed,Fully Meets,2,True,,2460,Entry
2862,2020-03-24,2022-03-24,Production,Tony Spears,SVG,Active,Part-Time,Zone B,Part-Time,Voluntary,Explain threat effort exist send sort dog.,Production       ,Field Engineering / Operations,,Northeast,Engineering,Male,13985,Other,Single,Fully Meets,4,False,,730,Mid
2863,2021-10-08,,Production,April Sutton,EW,Active,Full-Time,Zone B,Temporary,Unk,,Production       ,Logistics / Maintenance,1943,Northeast,Project / Site Management,Male,14407,Other,Widowed,Needs Improvement,4,True,81.56057494866529,1362,Mid
2864,2022-05-16,,Production,Jeffrey Robinson,MSC,Active,Part-Time,Zone B,Full-Time,Unk,,Production       ,Field Engineering / Operations,,Northeast,Field Operations,Male,37065,Asian,Single,Fully Meets,2,True,,1142,Mid
2865,2022-05-10,2022-10-17,Production,Jeremy Frey,TNS,Voluntarily Terminated,Part-Time,Zone C,Part-Time,Voluntary,This fly moment arm realize weight partner.,Production       ,General Operations,,Northeast,Project / Site Management,Female,26583,White,Divorced,Fully Meets,1,False,,160,Mid
2866,2021-11-16,,Production,Danielle Rangel,BPC,Active,Part-Time,Zone C,Temporary,Unk,,Production       ,Field Engineering / Operations,1951,Northeast,Field Operations,Female,49151,Hispanic,Single,Fully Meets,2,True,73.81519507186859,1323,Mid
2867,2019-02-25,,Production,Matthew Payne,CCDR,Active,Part-Time,Zone A,Temporary,Unk,,Production       ,IT,,Northeast,Project / Site Management,Female,75033,White,Single,Fully Meets,2,True,,2318,Mid
2868,2022-07-01,,Production,Christopher Clark,TNS,Active,Full-Time,Zone A,Temporary,Unk,,Production       ,Executive,,Northeast,Executive & Leadership,Male,64530,Black,Married,Fully Meets,5,True,,1096,Entry
2869,2022-12-17,,Production,Emily Williamson,PYZ,Active,Contract,Zone A,Full-Time,Unk,,Production       ,Field Engineering / Operations,,Northeast,Field Operations,Male,53404,Black,Widowed,Fully Meets,2,True,,927,Entry
2870,2023-07-26,2023-07-31,Production,David Mccormick,WBL,Active,Part-Time,Zone B,Part-Time,Retirement,Professor anyone example never.,Production       ,Sales & Marketing,1950,Northeast,Executive & Leadership,Male,32806,Black,Married,Fully Meets,4,False,74.81177275838466,5,Entry
2871,2022-03-11,2022-08-02,Production,Christina Smith,NEL,Active,Contract,Zone A,Part-Time,Resignation,Nothing it prepare imagine big.,Production       ,Field Engineering / Operations,,Northeast,Project / Site Management,Male,46150,Hispanic,Divorced,Fully Meets,5,False,,144,Entry
2872,2020-06-29,2021-05-20,Production,Steven Myers,PL,Active,Contract,Zone B,Full-Time,Voluntary,Certain nation hot sense enjoy.,Production       ,Field Engineering / Operations,1967,Northeast,Field Operations,Male,97145,Hispanic,Married,Fully Meets,2,False,57.57700205338809,325,Entry
2873,2022-03-28,,Production,Scott Brown,BPC,Active,Part-Time,Zone A,Full-Time,Unk,,Production       ,Field Engineering / Operations,1998,Northeast,Project / Site Management,Male,92640,Hispanic,Divorced,Fully Meets,4,True,26.80082135523614,1191,Entry
2874,2022-02-14,,Production,Tracy Scott,CCDR,Active,Part-Time,Zone A,Full-Time,Unk,,Production       ,Field Engineering / Operations,1953,Northeast,Engineering,Male,26011,White,Divorced,Fully Meets,1,True,71.55099247091033,1233,Entry
2875,2020-12-25,2021-09-13,Production,Wanda Murray,SVG,Active,Full-Time,Zone C,Temporary,Involuntary,Keep many else little argue full the.,Production       ,General Operations,1981,Northeast,Admin & Support,Female,60773,Black,Divorced,Fully Meets,4,False,44.0766598220397,262,Entry
2876,2023-04-27,,Production,Kim Berry,EW,Active,Part-Time,Zone A,Temporary,Unk,,Production       ,Field Engineering / Operations,1957,Northeast,Field Operations,Female,91201,Asian,Divorced,Fully Meets,4,True,68.22724161533196,796,Entry
2877,2022-11-11,2022-12-07,Production,Emily Jennings,MSC,Active,Contract,Zone B,Part-Time,Resignation,Food fire property exist southern audience.,Production       ,Project Management,,Northeast,Project / Site Management,Female,51590,Asian,Widowed,Fully Meets,2,False,,26,Entry
2878,2021-05-04,2021-10-12,Production,Michael Hopkins,TNS,Active,Part-Time,Zone A,Part-Time,Resignation,Back worker why young worry human.,Production       ,General Operations,1957,Northeast,Other,Male,26501,Black,Married,Fully Meets,2,False,67.88774811772758,161,Entry
2879,2018-12-20,,Production,Cory Freeman,PYZ,Active,Full-Time,Zone A,Full-Time,Unk,,Production       ,Executive,,Northeast,Executive & Leadership,Male,97759,Black,Married,Fully Meets,2,True,,2385,Entry
2880,2021-06-11,2022-12-03,Production,Rodney Grant,WBL,Active,Contract,Zone A,Temporary,Retirement,Produce seek result he political alone form.,Production       ,General Operations,,Northeast,Project / Site Management,Female,89647,Black,Single,Fully Meets,4,False,,540,Entry
2881,2023-06-07,,Production,Marcus Lloyd,NEL,Active,Contract,Zone B,Full-Time,Unk,,Production       ,Field Engineering / Operations,,Northeast,Labor & Site Work,Male,19510,Asian,Divorced,Fully Meets,4,True,,755,Entry
2882,2019-05-21,2020-01-05,Production,Peter Norton,PL,Voluntarily Terminated,Part-Time,Zone B,Full-Time,Retirement,Since step style stage sound it.,Production       ,Logistics / Maintenance,,Northeast,Other,Male,85827,Asian,Widowed,Fully Meets,4,False,,229,Entry
2883,2019-03-01,,Production,Ashley Pearson,CCDR,Active,Part-Time,Zone C,Full-Time,Unk,,Production       ,General Operations,1960,Northeast,Field Operations,Male,74091,Hispanic,Married,Fully Meets,4,True,64.99657768651609,2314,Mid
2884,2022-02-26,,Production,Larry Lewis,SVG,Active,Part-Time,Zone A,Part-Time,Unk,,Production       ,Field Engineering / Operations,,Northeast,Field Operations,Male,76359,Other,Married,Fully Meets,2,True,,1221,Mid
2885,2022-04-14,2022-10-10,Production,Kelli Blair,EW,Leave of Absence,Full-Time,Zone B,Part-Time,Voluntary,Partner fact hand bag management woman.,Production       ,Field Engineering / Operations,,Northeast,Labor & Site Work,Male,61247,Asian,Single,Fully Meets,1,False,,179,Mid
2886,2020-08-06,,Production,Terry Bautista,MSC,Active,Contract,Zone A,Temporary,Unk,,Production       ,Field Engineering / Operations,,Northeast,Project / Site Management,Male,93231,Asian,Married,Fully Meets,2,True,,1790,Mid
2887,2020-01-28,2022-02-15,Production,Dylan Allen,TNS,Voluntarily Terminated,Full-Time,Zone A,Temporary,Voluntary,Kind thank nothing say cold stop bill science.,Production       ,Logistics / Maintenance,,Northeast,Maintenance & Logistics,Female,22862,Black,Married,Fully Meets,5,False,,749,Mid
2888,2021-04-17,2022-03-18,Production,Thomas Reed,PYZ,Future Start,Contract,Zone A,Temporary,Retirement,Stock usually public summer expert.,Production       ,Other,,Northeast,Project / Site Management,Female,74469,White,Widowed,Fully Meets,5,False,,335,Mid
2889,2019-09-29,2023-06-28,Production,Brian Castillo,WBL,Future Start,Part-Time,Zone A,Temporary,Resignation,Such minute might federal college.,Production       ,Field Engineering / Operations,,Northeast,Engineering,Female,53693,Hispanic,Single,Fully Meets,1,False,,1368,Mid
2890,2022-10-07,,Production,Christopher Ball,TNS,Active,Full-Time,Zone A,Full-Time,Unk,,Production       ,General Operations,,Northeast,Executive & Leadership,Male,89622,Black,Single,Fully Meets,2,True,,998,Entry
2891,2021-08-11,2021-11-07,Production,Andrew Bass,PYZ,Active,Contract,Zone A,Temporary,Resignation,House gun series live environmental.,Production       ,Field Engineering / Operations,,Northeast,Labor & Site Work,Male,7700,Black,Widowed,Fully Meets,1,False,,88,Entry
2892,2021-04-10,2022-11-01,Production,Gregory Lee,WBL,Active,Contract,Zone A,Full-Time,Resignation,Sure truth clear father experience can.,Production       ,Field Engineering / Operations,1960,Northeast,Field Operations,Male,26250,Hispanic,Divorced,Fully Meets,2,False,64.56673511293634,570,Entry
2893,2022-02-24,,Production,Tasha Porter,NEL,Active,Full-Time,Zone A,Temporary,Unk,,Production       ,Field Engineering / Operations,,Northeast,Project / Site Management,Male,73855,White,Divorced,Fully Meets,2,True,,1223,Entry
2894,2022-07-01,,Production,Michael Jenkins,PL,Active,Part-Time,Zone B,Full-Time,Unk,,Production       ,Field Engineering / Operations,,Northeast,Project / Site Management,Male,34327,White,Single,Fully Meets,4,True,,1096,Entry
2895,2023-04-04,2023-06-20,Production,Darlene Chambers,BPC,Terminated for Cause,Full-Time,Zone A,Temporary,Voluntary,Baby growth reality western director.,Production       ,Field Engineering / Operations,1998,Northeast,Other,Male,9647,Asian,Married,Fully Meets,2,False,27.22245037645448,77,Entry
2896,2021-10-25,,Production,Stephanie Hill,CCDR,Active,Full-Time,Zone B,Part-Time,Unk,,Production       ,Field Engineering / Operations,,Northeast,Labor & Site Work,Male,68059,Other,Divorced,Fully Meets,4,True,,1345,Entry
2897,2022-03-04,2023-07-02,Production,Melissa Young,SVG,Active,Full-Time,Zone C,Part-Time,Voluntary,Theory war statement international anyone.,Production       ,Field Engineering / Operations,1963,Northeast,Maintenance & Logistics,Female,48860,Hispanic,Widowed,Fully Meets,4,False,62.05886379192334,485,Entry
2898,2019-12-20,,Production,Kenneth Vaughn,EW,Active,Contract,Zone A,Full-Time,Unk,,Production       ,Field Engineering / Operations,1987,Northeast,Project / Site Management,Female,53945,Other,Single,Fully Meets,4,True,38.47501711156742,2020,Entry
2899,2020-09-11,2022-03-31,Production,Mercedes Cervantes,MSC,Active,Part-Time,Zone B,Part-Time,Resignation,May evidence race million response need I.,Production       ,Project Management,,Northeast,Project / Site Management,Male,26846,Other,Single,Fully Meets,5,False,,566,Entry
2900,2021-10-31,2023-07-12,Production,Christine Owens,TNS,Active,Part-Time,Zone B,Temporary,Resignation,Bar poor finish culture movie despite.,Production       ,General Operations,1952,Northeast,Other,Male,32806,White,Widowed,Exceeds,2,False,72.74743326488706,619,Entry
2901,2018-10-21,2019-04-24,Production,Yesenia Hawkins,PYZ,Active,Part-Time,Zone A,Part-Time,Involuntary,Although allow describe school meet argue office.,Production       ,Field Engineering / Operations,,Northeast,Project / Site Management,Female,52065,White,Single,Fully Meets,4,False,,185,Entry
2902,2021-01-07,,Production,Rebekah Jordan,WBL,Active,Part-Time,Zone B,Part-Time,Unk,,Production       ,Field Engineering / Operations,1961,Northeast,Labor & Site Work,Female,34499,Black,Widowed,Fully Meets,1,True,64.30663928815879,1636,Entry
2903,2023-02-09,2023-05-07,Production,Christine Johnson,NEL,Active,Part-Time,Zone A,Full-Time,Resignation,Record your institution south stop play.,Production       ,Field Engineering / Operations,,Northeast,Engineering,Male,14416,Asian,Single,Needs Improvement,5,False,,87,Entry
2904,2020-02-15,2020-10-20,Production,William Livingston,PL,Voluntarily Terminated,Full-Time,Zone A,Part-Time,Retirement,Feel individual dog in sort product.,Production       ,Project Management,1946,Northeast,Field Operations,Female,84227,Other,Widowed,Exceeds,4,False,78.7378507871321,248,Entry
2905,2022-10-14,,Production,Stacy Schmidt,PL,Active,Full-Time,Zone C,Full-Time,Unk,,Production       ,Logistics / Maintenance,1973,Northeast,Maintenance & Logistics,Male,96294,Asian,Divorced,Fully Meets,1,True,51.57015742642026,991,Mid
2906,2018-10-02,,Production,Anthony Mcguire,PYZ,Active,Contract,Zone B,Part-Time,Unk,,Production       ,Field Engineering / Operations,1979,Northeast,Field Operations,Male,87232,Asian,Divorced,Needs Improvement,5,True,46.38466803559206,2464,Mid
2907,2020-06-22,,Production,Timothy Clark,SVG,Active,Full-Time,Zone C,Part-Time,Unk,,Production       ,Logistics / Maintenance,1962,Northeast,Project / Site Management,Male,38430,White,Widowed,Needs Improvement,4,True,63.3264887063655,1835,Mid
2908,2021-03-19,,Production,Katherine Banks,TNS,Active,Contract,Zone C,Temporary,Unk,,Production       ,Project Management,1980,Northeast,Project / Site Management,Male,49657,Asian,Single,Exceeds,1,True,45.23477070499658,1565,Mid
2909,2019-03-28,,Production,Michael Kim,WBL,Active,Full-Time,Zone C,Part-Time,Unk,,Production       ,Field Engineering / Operations,1941,Northeast,Labor & Site Work,Female,45022,Hispanic,Single,Needs Improvement,1,True,83.74537987679672,2287,Mid
2910,2022-05-01,,Production,Elizabeth Jones,BPC,Active,Part-Time,Zone A,Full-Time,Unk,,Production       ,Field Engineering / Operations,1946,Northeast,Labor & Site Work,Female,89600,White,Divorced,Exceeds,1,True,79.4715947980835,1157,Mid
2911,2018-08-07,,Production,Kenneth Moore,TNS,Active,Part-Time,Zone A,Full-Time,Unk,,Production       ,Finance,,Northeast,Admin & Support,Male,3468,Asian,Divorced,Exceeds,2,True,,2520,Entry
2912,2022-05-01,,Production,William Nichols,PYZ,Active,Full-Time,Zone C,Temporary,Unk,,Production       ,Project Management,,Northeast,Field Operations,Male,72466,Black,Widowed,Needs Improvement,4,True,,1157,Entry
2913,2019-12-03,,Production,Jessica Brown,WBL,Active,Full-Time,Zone B,Part-Time,Unk,,Production       ,Field Engineering / Operations,,Northeast,Other,Male,70198,Hispanic,Divorced,Needs Improvement,2,True,,2037,Entry
2914,2020-01-02,2023-08-03,Production,Thomas Frederick,NEL,Active,Full-Time,Zone C,Part-Time,Retirement,Become cell want page fight.,Production       ,Field Engineering / Operations,1972,Northeast,Labor & Site Work,Male,56864,Hispanic,Widowed,Exceeds,2,False,52.57768651608488,1309,Entry
2915,2022-04-30,2023-08-02,Production,James Smith,PL,Terminated for Cause,Full-Time,Zone B,Part-Time,Involuntary,Or tax believe thank cell.,Production       ,Field Engineering / Operations,1992,Northeast,Field Operations,Male,14468,Asian,Widowed,Exceeds,1,False,32.824093086926766,459,Entry
2916,2020-07-04,2021-03-07,Production,Crystal Jones,BPC,Terminated for Cause,Part-Time,Zone C,Temporary,Resignation,Ask audience become still building.,Production       ,General Operations,,Northeast,Admin & Support,Male,92604,White,Single,Needs Improvement,2,False,,246,Entry
2917,2020-02-05,,Production,Amy Pearson,CCDR,Active,Contract,Zone A,Part-Time,Unk,,Production       ,Field Engineering / Operations,,Northeast,Field Operations,Male,79382,Other,Widowed,Exceeds,4,True,,1973,Entry
2918,2018-12-22,2022-07-21,Production,Emma Wilson,SVG,Active,Part-Time,Zone B,Full-Time,Retirement,Organization walk against question.,Production       ,Field Engineering / Operations,1979,Northeast,Field Operations,Female,2719,Black,Widowed,Exceeds,4,False,46.1492128678987,1307,Entry
2919,2019-04-21,,Production,Mark Adkins,EW,Active,Full-Time,Zone A,Part-Time,Unk,,Production       ,Field Engineering / Operations,1988,Northeast,Admin & Support,Female,29718,White,Single,Needs Improvement,5,True,36.64613278576318,2263,Entry
2920,2020-04-03,,Production,Gregory Palmer,MSC,Active,Full-Time,Zone A,Part-Time,Unk,,Production       ,Field Engineering / Operations,1959,Northeast,Field Operations,Male,80589,Hispanic,Single,Exceeds,5,True,66.38466803559206,1915,Entry
2921,2018-09-22,2019-10-10,Production,Stephanie Perez,TNS,Active,Full-Time,Zone B,Part-Time,Retirement,Unit develop chance scene court.,Production       ,Field Engineering / Operations,1957,Northeast,Field Operations,Female,66834,Asian,Divorced,Exceeds,2,False,67.89596167008898,383,Entry
2922,2022-10-14,2023-07-06,Production,Carolyn Campbell,BPC,Active,Part-Time,Zone B,Full-Time,Involuntary,Rest hard air. Left me ready nature test mission.,Production       ,General Operations,,Northeast,Labor & Site Work,Female,69281,Other,Married,Exceeds,5,False,,265,Entry
2923,2022-02-12,2022-09-22,Production,Norma Parker,CCDR,Active,Part-Time,Zone A,Part-Time,Voluntary,Test you set carry human kind.,Production       ,Field Engineering / Operations,1980,Northeast,Field Operations,Female,79321,White,Married,Needs Improvement,4,False,44.99931553730322,222,Entry
2924,2021-03-23,2023-07-20,Production,Anna Ashley,EW,Voluntarily Terminated,Contract,Zone B,Part-Time,Retirement,Wrong practice hold serve image.,Production       ,Field Engineering / Operations,,Northeast,Project / Site Management,Male,84575,Asian,Married,Exceeds,5,False,,849,Entry
2925,2018-08-30,2021-07-11,Production,Monica Jackson,CCDR,Active,Part-Time,Zone B,Temporary,Involuntary,New arm manage.,Production       ,General Operations,,Northeast,Admin & Support,Male,65881,Other,Divorced,Exceeds,4,False,,1046,Mid
2926,2022-12-10,2023-07-02,Production,Sandy Jones,SVG,Leave of Absence,Part-Time,Zone B,Temporary,Voluntary,Official minute everyone level thing economic.,Production       ,Field Engineering / Operations,1999,Northeast,Other,Male,27671,Black,Widowed,Needs Improvement,5,False,25.56331279945243,204,Mid
2927,2023-02-04,2023-07-25,Production,Thomas Williams,EW,Leave of Absence,Part-Time,Zone A,Part-Time,Voluntary,Create news use.,Production       ,General Operations,,Northeast,Project / Site Management,Male,53549,Black,Divorced,Exceeds,1,False,,171,Mid
2928,2021-01-10,,Production,Jeffrey Garcia,MSC,Active,Full-Time,Zone B,Part-Time,Unk,,Production       ,General Operations,1972,Northeast,Field Operations,Female,49168,Hispanic,Divorced,Fully Meets,5,True,53.21834360027378,1633,Mid
2929,2020-08-19,2021-11-14,Production,Richard Reynolds,TNS,Voluntarily Terminated,Full-Time,Zone B,Temporary,Voluntary,According if detail quality difficult.,Production       ,Field Engineering / Operations,1986,Northeast,Labor & Site Work,Female,70404,White,Widowed,Needs Improvement,2,False,39.07186858316222,452,Mid
2930,2023-04-21,,Production,Victoria Andersen,PYZ,Active,Part-Time,Zone A,Full-Time,Unk,,Production       ,Other,,Northeast,Project / Site Management,Female,13746,Black,Widowed,Exceeds,2,True,,802,Mid
2931,2020-01-29,2021-01-09,Production,Sarah Cortez,MSC,Terminated for Cause,Full-Time,Zone B,Temporary,Retirement,Sell first fill vote against.,Production       ,Field Engineering / Operations,1969,Northeast,Field Operations,Male,12946,Hispanic,Single,Exceeds,2,False,55.97262149212868,346,Entry
2932,2021-08-19,2023-05-25,Production,Lynn Beasley DVM,TNS,Terminated for Cause,Part-Time,Zone A,Full-Time,Involuntary,Democrat stage daughter any own whom.,Production       ,Finance,,Northeast,Internship,Male,6449,Hispanic,Widowed,Fully Meets,4,False,,644,Entry
2933,2021-03-18,,Production,Brandon Walter,PYZ,Active,Full-Time,Zone A,Part-Time,Unk,,Production       ,Field Engineering / Operations,,Northeast,Labor & Site Work,Male,52150,White,Single,Needs Improvement,1,True,,1566,Entry
2934,2021-10-24,2022-08-29,Production,Diana Stewart,WBL,Active,Contract,Zone B,Temporary,Resignation,Ball total direction school.,Production       ,Field Engineering / Operations,,Northeast,Labor & Site Work,Male,63659,Asian,Widowed,Fully Meets,2,False,,309,Entry
2935,2020-10-03,2023-05-06,Production,Christopher Martin,NEL,Active,Contract,Zone B,Part-Time,Involuntary,History record itself my customer mention tree.,Production       ,Field Engineering / Operations,1995,Northeast,Labor & Site Work,Male,6131,White,Divorced,Fully Meets,5,False,29.560574948665295,945,Entry
2936,2023-02-21,,Production,James Cole,PL,Active,Contract,Zone C,Part-Time,Unk,,Production       ,General Operations,,Northeast,Field Operations,Male,80724,Asian,Married,Needs Improvement,1,True,,861,Entry
2937,2020-08-01,,Production,Amy Dominguez,BPC,Active,Contract,Zone A,Temporary,Unk,,Production       ,Logistics / Maintenance,,Northeast,Project / Site Management,Male,53421,Black,Married,Needs Improvement,2,True,,1795,Entry
2938,2023-01-08,2023-05-10,Production,Kenneth Powell,CCDR,Active,Full-Time,Zone C,Full-Time,Involuntary,Enter fear pass wish.,Production       ,Field Engineering / Operations,1972,Northeast,Field Operations,Male,43780,White,Married,Needs Improvement,1,False,52.55304585900068,122,Entry
2939,2022-07-26,2022-11-08,Production,Timothy Kidd,SVG,Active,Contract,Zone B,Full-Time,Resignation,Themselves huge Republican well feel land.,Production       ,General Operations,,Northeast,Admin & Support,Female,40426,Hispanic,Single,Needs Improvement,2,False,,105,Entry
2940,2020-08-31,2023-06-09,Production,Dawn Stark,EW,Active,Contract,Zone A,Part-Time,Resignation,Maintain all base produce.,Production       ,Logistics / Maintenance,1972,Northeast,Project / Site Management,Female,2982,Black,Single,Needs Improvement,5,False,52.56947296372348,1012,Entry
2941,2022-11-05,2023-02-22,Production,Lisa Griffin,MSC,Active,Part-Time,Zone B,Full-Time,Involuntary,Least future seem head identify crime stock.,Production       ,Field Engineering / Operations,,Northeast,Engineering,Male,16333,Hispanic,Divorced,Needs Improvement,2,False,,109,Entry
2942,2019-05-30,2020-01-08,Production,Susan Herrera,TNS,Active,Full-Time,Zone C,Part-Time,Retirement,Answer today entire deep.,Production       ,General Operations,1949,Northeast,Field Operations,Female,21328,Black,Widowed,Needs Improvement,2,False,76.33401779603011,223,Entry
2943,2019-12-09,,Production,Julie Larson,PYZ,Active,Full-Time,Zone B,Part-Time,Unk,,Production       ,General Operations,,Northeast,Labor & Site Work,Female,26651,Other,Single,Needs Improvement,2,True,,2031,Entry
2944,2019-05-10,,Production,Ryan Johnson,WBL,Active,Part-Time,Zone C,Part-Time,Unk,,Production       ,General Operations,1952,Northeast,Engineering,Female,62663,Other,Widowed,Needs Improvement,1,True,73.22929500342231,2244,Entry
2945,2019-09-03,2022-03-18,Production,Emily King,NEL,Voluntarily Terminated,Full-Time,Zone B,Temporary,Voluntary,Hand ready detail same seek know toward.,Production       ,Field Engineering / Operations,,Northeast,Project / Site Management,Male,26477,White,Widowed,Needs Improvement,4,False,,927,Entry
2946,2018-09-13,,Production,Gloria Taylor,BPC,Active,Contract,Zone A,Full-Time,Unk,,Production       ,Field Engineering / Operations,,Northeast,Field Operations,Male,8439,Black,Divorced,Needs Improvement,2,True,,2483,Mid
2947,2021-06-10,,Production,Mr. David Dudley,CCDR,Active,Part-Time,Zone C,Temporary,Unk,,Production       ,Field Engineering / Operations,,Northeast,Project / Site Management,Male,11214,Asian,Divorced,Fully Meets,1,True,,1482,Mid
2948,2019-10-08,2023-06-16,Production,Aaron Erickson,SVG,Leave of Absence,Contract,Zone B,Temporary,Involuntary,Dog together state.,Production       ,Logistics / Maintenance,,Northeast,Project / Site Management,Male,10150,Other,Single,Needs Improvement,2,False,,1347,Mid
2949,2021-06-03,2023-04-14,Production,Roy Mora,EW,Leave of Absence,Contract,Zone A,Temporary,Voluntary,Single media enjoy test ask effect air.,Production       ,Field Engineering / Operations,1957,Northeast,Other,Female,92718,Hispanic,Single,Fully Meets,4,False,67.65503080082135,680,Mid
2950,2018-09-14,2019-01-04,Production,James Chapman,MSC,Voluntarily Terminated,Part-Time,Zone C,Temporary,Involuntary,Past value city attorney could onto bed.,Production       ,HR / People Services,1943,Northeast,Project / Site Management,Female,75308,White,Married,Needs Improvement,4,False,82.48870636550308,112,Mid
2951,2019-05-26,,Production,Louis Griffith,TNS,Active,Full-Time,Zone C,Part-Time,Unk,,Production       ,General Operations,1943,Northeast,Project / Site Management,Female,16532,Black,Widowed,Fully Meets,2,True,81.73853524982889,2228,Mid
2952,2019-07-05,,Production,Michael Powell,PYZ,Active,Contract,Zone C,Full-Time,Unk,,Production       ,General Operations,,Northeast,Field Operations,Female,16292,Black,Widowed,Fully Meets,4,True,,2188,Mid
2953,2019-11-05,,Production,Nicole Henderson,TNS,Active,Full-Time,Zone B,Full-Time,Unk,,Production       ,Field Engineering / Operations,,Northeast,Field Operations,Male,95723,Other,Widowed,Fully Meets,5,True,,2065,Entry
2954,2019-07-22,2021-10-18,Production,Ryan Larson,WBL,Active,Part-Time,Zone B,Part-Time,Voluntary,While still tend.,Production       ,Field Engineering / Operations,1955,Northeast,Project / Site Management,Female,10422,Black,Widowed,Fully Meets,2,False,69.89185489390829,819,Entry
2955,2020-09-21,2023-03-22,Production,Carly Rogers,PYZ,Active,Full-Time,Zone A,Part-Time,Retirement,Loss factor protect pressure fight thank prevent.,Production       ,General Operations,,Northeast,Field Operations,Male,17669,Other,Married,Fully Meets,1,False,,912,Entry
2956,2019-11-11,,Production,David Ali,WBL,Active,Part-Time,Zone C,Full-Time,Unk,,Production       ,Field Engineering / Operations,,Northeast,Project / Site Management,Male,51029,Hispanic,Widowed,Fully Meets,2,True,,2059,Entry
2957,2021-02-08,,Production,Katherine Blanchard,NEL,Active,Part-Time,Zone B,Temporary,Unk,,Production       ,Field Engineering / Operations,,Northeast,Project / Site Management,Male,58080,Hispanic,Single,Fully Meets,1,True,,1604,Entry
2958,2020-06-01,,Production,Dennis Simpson,PL,Active,Contract,Zone C,Full-Time,Unk,,Production       ,HR / People Services,1945,Northeast,Admin & Support,Male,8328,Black,Divorced,Fully Meets,4,True,80.22724161533196,1856,Entry
2959,2022-10-26,2022-11-01,Production,Mr. Justin Moore,BPC,Terminated for Cause,Part-Time,Zone A,Temporary,Resignation,Account between environmental section group.,Production       ,Field Engineering / Operations,,Northeast,Field Operations,Male,1015,Hispanic,Widowed,Fully Meets,2,False,,6,Entry
2960,2019-02-12,2023-04-17,Production,Brett Davies,CCDR,Active,Full-Time,Zone C,Part-Time,Resignation,Vote respond prove return left strategy do blue.,Production       ,General Operations,,Northeast,Field Operations,Female,30280,White,Divorced,Fully Meets,2,False,,1525,Entry
2961,2022-10-19,2023-07-22,Production,Susan Hahn,SVG,Active,Full-Time,Zone A,Full-Time,Voluntary,Production several care various seek.,Production       ,Field Engineering / Operations,,Northeast,Labor & Site Work,Female,24889,Asian,Divorced,Fully Meets,2,False,,276,Entry
2962,2019-12-12,,Production,Olivia Cooper,EW,Active,Full-Time,Zone A,Full-Time,Unk,,Production       ,Field Engineering / Operations,1982,Northeast,Field Operations,Female,2798,Hispanic,Single,Fully Meets,1,True,42.743326488706366,2028,Entry
2963,2021-11-29,,Production,Dr. Victoria Perry,MSC,Active,Full-Time,Zone B,Full-Time,Unk,,Production       ,Field Engineering / Operations,1975,Northeast,Other,Male,1654,Other,Married,Fully Meets,2,True,49.82340862422998,1310,Entry
2964,2021-05-15,,Production,Elizabeth Fields,TNS,Active,Part-Time,Zone B,Full-Time,Unk,,Production       ,Field Engineering / Operations,1958,Northeast,Field Operations,Female,88998,Other,Divorced,Fully Meets,2,True,67.08008213552361,1508,Entry
2965,2023-01-27,2023-05-06,Production,Gabriella Wilson,PYZ,Active,Contract,Zone B,Temporary,Involuntary,Why development even.,Production       ,Field Engineering / Operations,1957,Northeast,Field Operations,Female,90813,Hispanic,Divorced,Fully Meets,1,False,68.48733744010951,99,Entry
2966,2020-07-03,2023-07-02,Production,Eric Houston,WBL,Active,Full-Time,Zone A,Temporary,Voluntary,Practice school PM her help open tough.,Production       ,Field Engineering / Operations,,Northeast,Labor & Site Work,Male,24429,White,Divorced,Fully Meets,4,False,,1094,Entry
2967,2022-12-26,2023-06-25,Production,Paul Gonzalez,NEL,Active,Full-Time,Zone A,Part-Time,Retirement,Defense Democrat threat professional month.,Production       ,Field Engineering / Operations,1983,Northeast,Admin & Support,Female,2130,Other,Married,Fully Meets,4,False,41.568788501026695,181,Entry
2968,2018-12-23,,Production,Taylor Grant,CCDR,Active,Part-Time,Zone B,Temporary,Unk,,Production       ,General Operations,1981,Northeast,Field Operations,Female,2027,Black,Single,Fully Meets,4,True,44.07118412046543,2382,Entry
2969,2020-09-28,2021-10-16,Production,Alexandra Riley,WBL,Voluntarily Terminated,Contract,Zone A,Part-Time,Voluntary,Because country common Republican perhaps garden.,Production       ,General Operations,,Northeast,Labor & Site Work,Female,1886,Hispanic,Married,Fully Meets,2,False,,383,Mid
2970,2020-09-16,2021-09-10,Production,Jennifer Munoz,MSC,Active,Full-Time,Zone B,Temporary,Voluntary,Control head ground agreement check ever.,Production       ,General Operations,,Northeast,Admin & Support,Female,2451,Hispanic,Widowed,Fully Meets,5,False,,359,Entry
2971,2020-02-09,2021-03-14,Production,Ian Jenkins,TNS,Active,Contract,Zone C,Temporary,Involuntary,Sea marriage improve.,Production       ,Field Engineering / Operations,1996,Northeast,Other,Female,2149,White,Divorced,Fully Meets,1,False,28.73100616016427,399,Mid
2972,2023-02-13,,Production,Summer Figueroa,TNS,Active,Full-Time,Zone B,Part-Time,Unk,,Production       ,General Operations,1948,Northeast,Labor & Site Work,Female,1460,Other,Widowed,Fully Meets,1,True,77.24298425735797,869,Entry
2973,2019-12-01,,Production,Julia Poole,SVG,Active,Part-Time,Zone C,Part-Time,Unk,,Production       ,General Operations,,Northeast,Labor & Site Work,Female,2109,Other,Married,Fully Meets,5,True,,2039,Entry
2974,2022-11-04,,Production,Dawn Soto,SVG,Active,Full-Time,Zone C,Part-Time,Unk,,Production       ,Field Engineering / Operations,1945,Northeast,Labor & Site Work,Female,1749,Black,Single,Fully Meets,5,True,80.39698836413416,970,Entry
2975,2021-04-14,2022-06-22,Production,Kayla Reyes,WBL,Active,Full-Time,Zone A,Temporary,Voluntary,Work around personal cover reflect including.,Production       ,Consulting / Client Delivery,,Northeast,Engineering,Male,1721,Asian,Married,Fully Meets,4,False,,434,Entry
2976,2021-08-13,2021-10-12,Production,Jesse Bell,TNS,Leave of Absence,Full-Time,Zone A,Temporary,Involuntary,Can end hear discuss.,Production       ,Field Engineering / Operations,,Northeast,Labor & Site Work,Male,2136,Hispanic,Divorced,Fully Meets,1,False,,60,Entry
2977,2020-08-28,,Production,Phillip Hoffman,NEL,Active,Part-Time,Zone A,Temporary,Unk,,Production       ,Logistics / Maintenance,1987,Northeast,Project / Site Management,Male,1890,Black,Divorced,Fully Meets,2,True,37.55783709787816,1768,Mid
2978,2022-08-16,,Production,Jeremy Taylor,CCDR,Active,Full-Time,Zone C,Part-Time,Unk,,Production       ,Logistics / Maintenance,1981,Northeast,Project / Site Management,Male,2199,Hispanic,Divorced,Fully Meets,4,True,43.80287474332649,1050,Entry
2979,2022-02-26,,Production,Jeremy Lucas,PL,Active,Full-Time,Zone A,Temporary,Unk,,Production       ,Field Engineering / Operations,,Northeast,Labor & Site Work,Female,2189,Other,Widowed,Fully Meets,2,True,,1221,Entry
2980,2019-12-30,,Production,Donna Mills,SVG,Active,Part-Time,Zone A,Temporary,Unk,,Production       ,General Operations,1957,Northeast,Field Operations,Female,1876,Hispanic,Divorced,Fully Meets,2,True,67.80835044490075,2010,Entry
2981,2022-07-23,2023-03-06,Production,Travis Andrade,TNS,Active,Part-Time,Zone B,Full-Time,Voluntary,Truth young just behind social.,Production       ,Field Engineering / Operations,,Northeast,Project / Site Management,Female,2044,Black,Single,Fully Meets,1,False,,226,Entry
2982,2018-10-14,,Production,Kathy Hart,WBL,Active,Full-Time,Zone B,Temporary,Unk,,Production       ,Field Engineering / Operations,,Northeast,Field Operations,Female,2170,Other,Married,Fully Meets,2,True,,2452,Mid
2983,2021-02-20,,Production,Jeremy Alexander,PL,Active,Full-Time,Zone C,Temporary,Unk,,Production       ,Field Engineering / Operations,,Northeast,Field Operations,Male,2459,Hispanic,Widowed,Fully Meets,2,True,,1592,Mid
2984,2020-03-28,2020-11-21,Production,Patricia Lowe,PYZ,Active,Contract,Zone B,Temporary,Voluntary,Skill door others out marriage cut.,Production       ,Field Engineering / Operations,1975,Northeast,Engineering,Female,1821,Black,Divorced,Fully Meets,5,False,50.24503764544832,238,Mid
2985,2019-02-05,2020-07-10,Production,Catherine Rodriguez,SVG,Active,Contract,Zone A,Part-Time,Retirement,During administration billion.,Production       ,General Operations,,Northeast,Project / Site Management,Male,2149,Hispanic,Married,Fully Meets,1,False,,521,Entry
2986,2023-04-19,,Production,Melinda Davidson,NEL,Active,Full-Time,Zone B,Temporary,Unk,,Production       ,General Operations,1971,Northeast,Project / Site Management,Female,2176,Asian,Single,Fully Meets,1,True,54.46954140999316,804,Entry
2987,2020-09-24,,Production,Nicholas Smith,TNS,Active,Contract,Zone B,Full-Time,Unk,,Production       ,Logistics / Maintenance,,Northeast,Other,Male,2180,Other,Single,Fully Meets,4,True,,1741,Entry
2988,2020-11-14,2023-01-15,Production,Monica Cochran,MSC,Active,Full-Time,Zone A,Part-Time,Resignation,Amount particular answer show.,Production       ,General Operations,,Northeast,Field Operations,Male,85255,Hispanic,Married,Fully Meets,1,False,,792,Entry
2989,2021-09-16,,Production,Brenda Duncan,TNS,Active,Contract,Zone B,Temporary,Unk,,Production       ,Field Engineering / Operations,,Northeast,Project / Site Management,Female,75699,Hispanic,Widowed,Fully Meets,4,True,,1384,Entry
2990,2019-04-21,,Production,Wesley Pearson,PYZ,Active,Full-Time,Zone C,Part-Time,Unk,,Production       ,General Operations,,Northeast,Labor & Site Work,Female,64116,White,Single,Fully Meets,2,True,,2263,Entry
2991,2020-03-13,,Production,Daniel Rowe,WBL,Active,Contract,Zone A,Full-Time,Unk,,Production       ,General Operations,,Northeast,Field Operations,Female,5676,White,Single,Exceeds,2,True,,1936,Entry
2992,2022-04-16,2023-04-20,Production,Brittney Stone,NEL,Active,Full-Time,Zone A,Part-Time,Resignation,Example see table the.,Production       ,Field Engineering / Operations,,Northeast,Labor & Site Work,Female,59966,Asian,Married,Fully Meets,4,False,,369,Entry
2993,2019-03-18,2022-11-23,Production,Pamela Suarez,PL,Active,Full-Time,Zone A,Full-Time,Involuntary,Risk test morning lawyer.,Production       ,General Operations,1946,Northeast,Field Operations,Male,81311,White,Widowed,Fully Meets,4,False,79.4798083504449,1346,Entry
2994,2022-02-18,,Production,Tiffany Smith,BPC,Active,Part-Time,Zone B,Temporary,Unk,,Production       ,Field Engineering / Operations,1953,Northeast,Engineering,Male,14098,Other,Married,Fully Meets,4,True,72.14236824093086,1229,Entry
2995,2018-09-03,2018-11-29,Production,Jason Huber,CCDR,Active,Full-Time,Zone A,Full-Time,Resignation,Training party upon.,Production       ,General Operations,,Northeast,Field Operations,Male,43823,Other,Single,Needs Improvement,4,False,,87,Entry
2996,2022-06-15,2022-08-16,Production,Zachary Hill,SVG,Active,Contract,Zone B,Temporary,Involuntary,Tv fact life everybody picture case.,Production       ,General Operations,,Northeast,Other,Female,30175,Other,Widowed,Fully Meets,4,False,,62,Entry
2997,2022-02-14,,Production,Danny Young,EW,Active,Contract,Zone B,Part-Time,Unk,,Production       ,General Operations,,Northeast,Field Operations,Female,14649,Other,Married,Fully Meets,2,True,,1233,Entry
2998,2023-07-09,,Production,Kenneth Huff,MSC,Active,Contract,Zone C,Part-Time,Unk,,Production       ,General Operations,1968,Northeast,Labor & Site Work,Male,19677,White,Widowed,Needs Improvement,1,True,57.07871321013005,723,Entry
2999,2018-10-28,2019-08-04,Production,Charles Brock,TNS,Active,Contract,Zone B,Part-Time,Voluntary,Dream return commercial. Gas will interview.,Production       ,Field Engineering / Operations,,Northeast,Project / Site Management,Male,3588,Asian,Divorced,Fully Meets,2,False,,280,Entry
3000,2022-07-09,,Production,Lori Morton,PYZ,Active,Contract,Zone B,Full-Time,Unk,,Production       ,Field Engineering / Operations,,Northeast,Field Operations,Male,52789,Other,Single,Fully Meets,1,True,,1088,Entry
3001,2018-09-27,2022-12-12,Production,Thomas Nguyen,WBL,Active,Full-Time,Zone C,Part-Time,Retirement,Pick memory station mother process election.,Production       ,General Operations,,Northeast,Labor & Site Work,Male,5140,Asian,Widowed,Fully Meets,5,False,,1537,Entry
3002,2020-10-27,,Production,Miss Angel Elliott,BPC,Active,Full-Time,Zone A,Part-Time,Unk,,Production       ,General Operations,,Northeast,Labor & Site Work,Female,55498,White,Widowed,Fully Meets,2,True,,1708,Mid
3003,2021-10-01,,Production,Dwayne Johnson,CCDR,Active,Full-Time,Zone A,Part-Time,Unk,,Production       ,Field Engineering / Operations,,Northeast,Labor & Site Work,Female,40722,Other,Single,Fully Meets,5,True,,1369,Mid
3004,2019-08-29,2022-06-19,Production,Lisa Walters,EW,Active,Full-Time,Zone B,Full-Time,Retirement,Most since article thousand.,Production       ,General Operations,,Northeast,Labor & Site Work,Female,77466,Asian,Divorced,Fully Meets,5,False,,1025,Mid
3005,2020-12-29,,Production,Brandon Coleman,MSC,Active,Contract,Zone C,Part-Time,Unk,,Production       ,General Operations,,Northeast,Field Operations,Female,57657,Hispanic,Widowed,Fully Meets,2,True,,1645,Mid
3006,2022-10-04,,Production,Michael Smith,NEL,Active,Part-Time,Zone C,Full-Time,Unk,,Production       ,Field Engineering / Operations,,Northeast,Labor & Site Work,Female,88958,Asian,Single,Fully Meets,1,True,,1001,Mid
3007,2019-03-21,2022-09-25,Production,Gabriela Boyd,PL,Active,Part-Time,Zone A,Full-Time,Resignation,Stock professor pattern turn attention news.,Production       ,General Operations,,Northeast,Field Operations,Female,22812,Black,Married,Fully Meets,2,False,,1284,Mid
3008,2020-04-03,2021-12-27,Production,Kevin Robertson,PYZ,Active,Full-Time,Zone A,Full-Time,Involuntary,Stuff campaign any huge you kid cup.,Production       ,General Operations,1977,Northeast,Project / Site Management,Female,96960,Black,Widowed,Fully Meets,4,False,48.32032854209446,633,Mid
3009,2019-06-02,2021-07-14,Production,Tony Moyer,EW,Active,Part-Time,Zone C,Part-Time,Resignation,Avoid so despite. Risk bill cause school off.,Production       ,Consulting / Client Delivery,1997,Northeast,Engineering,Male,14887,White,Married,Fully Meets,2,False,28.16700889801506,773,Entry
3010,2019-05-31,2020-09-04,Production,Heidi Ruiz,MSC,Leave of Absence,Part-Time,Zone C,Temporary,Retirement,Billion provide season another.,Production       ,General Operations,,Northeast,Labor & Site Work,Male,33080,Other,Married,Fully Meets,1,False,,462,Entry
3011,2020-01-06,2020-05-04,Production,Valerie Gallagher,TNS,Leave of Absence,Part-Time,Zone A,Full-Time,Involuntary,Affect organization we organization well sense.,Production       ,Field Engineering / Operations,1954,Northeast,Engineering,Female,51348,Hispanic,Widowed,Fully Meets,5,False,71.38398357289527,119,Entry
3012,2018-08-19,2021-02-18,Production,Walter Sanchez,BPC,Leave of Absence,Contract,Zone A,Temporary,Retirement,Room force them drop catch. Consumer why rock.,Production       ,General Operations,,Northeast,Project / Site Management,Female,3143,Asian,Single,Exceeds,1,False,,914,Entry
3013,2019-05-18,,Production,Misty Preston,CCDR,Active,Full-Time,Zone C,Full-Time,Unk,,Production       ,Field Engineering / Operations,,Northeast,Other,Female,35422,Asian,Widowed,PIP,1,True,,2236,Entry
3014,2022-11-23,2022-12-09,Production,Danielle Long,EW,Active,Contract,Zone B,Temporary,Resignation,Bring guy religious week second technology.,Production       ,Field Engineering / Operations,,Northeast,Labor & Site Work,Male,81914,Hispanic,Single,PIP,2,False,,16,Entry
3015,2020-12-02,,Production,Michael Hendricks,MSC,Active,Part-Time,Zone C,Part-Time,Unk,,Production       ,General Operations,,Northeast,Admin & Support,Male,56005,Hispanic,Single,PIP,2,True,,1672,Entry
3016,2022-01-05,,Production,Ashley Hill,NEL,Active,Part-Time,Zone A,Part-Time,Unk,,Production       ,Finance,2000,Northeast,Finance & Analysis,Male,19295,Black,Widowed,PIP,4,True,24.996577686516083,1273,Entry
3017,2023-04-16,2023-08-04,Production,Douglas Washington,PL,Active,Full-Time,Zone B,Full-Time,Voluntary,Money few season own goal social.,Production       ,Field Engineering / Operations,1994,Northeast,Labor & Site Work,Female,89360,Other,Divorced,PIP,5,False,30.55167693360712,110,Entry
3018,2020-10-10,2023-06-23,Production,John Jordan,PYZ,Active,Contract,Zone C,Part-Time,Retirement,Thank person level north none analysis its.,Production       ,Project Management,,Northeast,Project / Site Management,Female,77355,Black,Widowed,PIP,2,False,,986,Entry
3019,2022-04-15,2023-07-04,Production,Thomas Humphrey,SVG,Active,Contract,Zone B,Full-Time,Voluntary,Create budget ground foot action note may.,Production       ,Finance,,Northeast,Admin & Support,Female,26467,Asian,Married,PIP,2,False,,445,Entry
3020,2023-07-25,,Production,Paula Perez,TNS,Active,Part-Time,Zone C,Part-Time,Unk,,Production       ,General Operations,1944,Northeast,Field Operations,Male,8903,Black,Widowed,PIP,2,True,81.48117727583846,707,Entry
3021,2020-08-31,,Production,Scott Torres,WBL,Active,Contract,Zone A,Temporary,Unk,,Production       ,Field Engineering / Operations,,Northeast,Admin & Support,Male,95247,Other,Single,PIP,2,True,,1765,Entry
3022,2018-10-10,2020-05-17,Production,Miguel Rodgers,BPC,Active,Full-Time,Zone C,Full-Time,Retirement,In business challenge rock environment.,Production       ,Field Engineering / Operations,,Northeast,Labor & Site Work,Male,23955,Other,Married,PIP,1,False,,585,Entry
3023,2019-01-15,2021-04-03,Production,Grant Brooks,TNS,Voluntarily Terminated,Contract,Zone B,Part-Time,Retirement,Personal themselves institution record.,Production       ,General Operations,,Northeast,Field Operations,Female,46410,Black,Widowed,PIP,2,False,,809,Mid
3024,2021-12-26,,Production,Kristina Jackson,BPC,Active,Contract,Zone A,Full-Time,Unk,,Production       ,Project Management,,Northeast,Project / Site Management,Female,51804,Hispanic,Widowed,Fully Meets,2,True,,1283,Mid
3025,2022-05-23,,Production,Melissa Stuart,CCDR,Active,Contract,Zone C,Temporary,Unk,,Production       ,Project Management,,Northeast,Field Operations,Female,10677,Black,Married,Fully Meets,1,True,,1135,Mid
3026,2022-08-23,,Production,Deborah Lopez,EW,Active,Contract,Zone C,Part-Time,Unk,,Production       ,Project Management,1943,Northeast,Field Operations,Female,80801,Asian,Divorced,Fully Meets,2,True,81.90554414784394,1043,Mid
3027,2023-05-27,2023-07-28,Production,Erin George,MSC,Active,Part-Time,Zone A,Full-Time,Voluntary,Me who grow similar realize.,Production       ,General Operations,1943,Northeast,Admin & Support,Female,7984,White,Single,Fully Meets,5,False,82.1492128678987,62,Mid
3028,2018-08-10,2021-07-25,Production,Brian Green,NEL,Voluntarily Terminated,Contract,Zone B,Temporary,Resignation,Whether give voice pull make.,Production       ,Field Engineering / Operations,2000,Northeast,Engineering,Female,32254,Asian,Married,Fully Meets,2,False,25.163586584531146,1080,Mid
3029,2021-10-24,2023-02-03,Production,Tommy Lee,PL,Active,Contract,Zone C,Full-Time,Voluntary,Fire necessary sing first traditional.,Production       ,Finance,,Northeast,Admin & Support,Female,5819,Asian,Widowed,Fully Meets,4,False,,467,Mid
3030,2022-07-05,2023-01-03,Production,Kevin Davis,PYZ,Active,Full-Time,Zone C,Part-Time,Voluntary,Left she before though finally.,Production       ,Field Engineering / Operations,1953,Northeast,Labor & Site Work,Female,51064,White,Single,Fully Meets,1,False,71.89048596851471,182,Mid
3031,2022-01-22,2023-03-03,Production,Jamie Anderson,SVG,Active,Contract,Zone B,Temporary,Resignation,Enough final gun case.,Production       ,Project Management,,Northeast,Project / Site Management,Male,88435,Asian,Married,Fully Meets,1,False,,405,Entry
3032,2023-03-27,2023-07-23,Production,Maria Hall,EW,Leave of Absence,Part-Time,Zone A,Full-Time,Voluntary,Market effect Mrs owner.,Production       ,General Operations,1941,Northeast,Project / Site Management,Male,48042,Asian,Married,Fully Meets,2,False,83.63860369609856,118,Entry
3033,2019-08-26,2022-03-09,Production,Bryan Clark,MSC,Leave of Absence,Contract,Zone C,Part-Time,Voluntary,Stay word behavior financial.,Production       ,Field Engineering / Operations,,Northeast,Field Operations,Male,54212,White,Divorced,Fully Meets,2,False,,926,Entry
3034,2021-10-16,,Production,Brandy Rivera,TNS,Active,Full-Time,Zone B,Temporary,Unk,,Production       ,Field Engineering / Operations,1967,Northeast,Project / Site Management,Female,26202,White,Single,Fully Meets,2,True,58.16016427104723,1354,Entry
3035,2019-06-14,,Production,Kenneth Parker,PYZ,Active,Contract,Zone C,Temporary,Unk,,Production       ,Field Engineering / Operations,,Northeast,Executive & Leadership,Female,33464,Other,Divorced,Fully Meets,1,True,,2209,Entry
3036,2020-07-05,,Production,Barbara Perkins,WBL,Active,Full-Time,Zone B,Temporary,Unk,,Production       ,IT,,Northeast,Admin & Support,Female,94333,White,Widowed,Fully Meets,2,True,,1822,Entry
3037,2020-03-02,,Production,Lindsey Martin,NEL,Active,Full-Time,Zone C,Full-Time,Unk,,Production       ,Field Engineering / Operations,1989,Northeast,Executive & Leadership,Male,38200,Asian,Married,Fully Meets,4,True,35.73442847364819,1947,Entry
3038,2020-11-11,2021-04-28,Production,David Stark,PL,Active,Part-Time,Zone B,Temporary,Involuntary,Enough note majority positive catch trip.,Production       ,Field Engineering / Operations,,Northeast,Labor & Site Work,Male,76217,White,Divorced,Fully Meets,2,False,,168,Entry
3039,2019-12-22,,Production,Evan Hernandez,BPC,Active,Contract,Zone B,Temporary,Unk,,Production       ,Project Management,,Northeast,Project / Site Management,Female,91829,Other,Single,Fully Meets,5,True,,2018,Entry
3040,2020-12-14,,Production,Caleb Floyd Jr.,CCDR,Active,Full-Time,Zone A,Full-Time,Unk,,Production       ,Field Engineering / Operations,1984,Northeast,Labor & Site Work,Female,31946,White,Divorced,Fully Meets,5,True,41.412731006160165,1660,Entry
3041,2020-06-20,,Production,Brandon Atkinson,SVG,Active,Contract,Zone C,Full-Time,Unk,,Production       ,General Operations,,Northeast,Labor & Site Work,Female,2308,White,Single,Fully Meets,2,True,,1837,Entry
3042,2023-06-09,2023-07-12,Production,Alisha Ramirez,EW,Active,Contract,Zone B,Temporary,Resignation,Man fall nature back church.,Production       ,Field Engineering / Operations,,Northeast,Engineering,Female,44194,White,Widowed,Exceeds,4,False,,33,Entry
3043,2022-09-25,,Production,Caroline Duffy,MSC,Active,Contract,Zone C,Full-Time,Unk,,Production       ,Field Engineering / Operations,1963,Northeast,Project / Site Management,Male,48124,Black,Widowed,Exceeds,2,True,62.32169746748802,1010,Entry
3044,2020-08-26,2020-12-30,Production,Charles Dean,TNS,Active,Contract,Zone B,Part-Time,Retirement,Structure play my piece partner them.,Production       ,General Operations,,Northeast,Labor & Site Work,Male,16165,White,Single,Exceeds,2,False,,126,Entry
3045,2019-08-28,,Production,Nicholas Duncan,PYZ,Active,Full-Time,Zone C,Temporary,Unk,,Production       ,General Operations,1968,Northeast,Engineering,Male,64494,Other,Single,Exceeds,2,True,57.38809034907597,2134,Entry
3046,2023-06-02,2023-07-09,Production,Anna Davidson,TNS,Voluntarily Terminated,Part-Time,Zone A,Full-Time,Resignation,Organization north interview simply return.,Production       ,Field Engineering / Operations,1983,Northeast,Project / Site Management,Female,85307,Other,Single,Exceeds,4,False,42.072553045859,37,Mid
3047,2018-09-12,,Production,Micheal Merritt,PYZ,Active,Full-Time,Zone C,Full-Time,Unk,,Production       ,Field Engineering / Operations,1965,Northeast,Admin & Support,Female,33237,White,Married,Exceeds,5,True,59.742642026009584,2484,Mid
3048,2023-07-15,,Production,Jeffrey Espinoza,WBL,Active,Contract,Zone B,Part-Time,Unk,,Production       ,Field Engineering / Operations,,Northeast,Other,Female,34381,White,Married,Fully Meets,2,True,,717,Mid
3049,2023-07-02,2023-07-25,Production,Joshua Diaz,NEL,Active,Part-Time,Zone A,Temporary,Involuntary,Congress foot television team.,Production       ,General Operations,1948,Northeast,Labor & Site Work,Female,96062,Asian,Married,Fully Meets,4,False,77.13620807665983,23,Mid
3050,2020-02-10,,Production,Joshua Hunt,PL,Active,Contract,Zone C,Full-Time,Unk,,Production       ,Field Engineering / Operations,,Northeast,Other,Female,78746,White,Single,Fully Meets,4,True,,1968,Mid
3051,2021-08-27,2022-05-01,Production,Alex Holt,BPC,Voluntarily Terminated,Contract,Zone B,Temporary,Voluntary,Onto site natural situation wear.,Production       ,Field Engineering / Operations,,Northeast,Field Operations,Female,96336,Asian,Widowed,Fully Meets,5,False,,247,Mid
3052,2020-01-25,2023-02-05,Production,Ralph Delgado,CCDR,Active,Full-Time,Zone A,Full-Time,Involuntary,Than me read environment hour goal memory.,Production       ,General Operations,1948,Northeast,Project / Site Management,Female,60154,White,Single,Fully Meets,5,False,77.05954825462013,1107,Mid
3053,2020-03-26,2021-10-08,Production,Rodney Burch,SVG,Active,Part-Time,Zone A,Full-Time,Resignation,Chance summer fear usually.,Production       ,General Operations,1958,Northeast,Field Operations,Female,34734,Asian,Widowed,Fully Meets,2,False,67.4880219028063,561,Mid
3054,2020-10-23,,Production,Joseph Norris,SVG,Active,Contract,Zone C,Full-Time,Unk,,Production       ,Field Engineering / Operations,,Northeast,Labor & Site Work,Male,59668,White,Married,Fully Meets,1,True,,1712,Entry
3055,2020-12-27,2021-12-07,Production,Anthony Guerrero,EW,Leave of Absence,Part-Time,Zone A,Part-Time,Retirement,Politics plant at far trade sense.,Production       ,Field Engineering / Operations,1987,Northeast,Field Operations,Male,83604,Other,Divorced,Fully Meets,2,False,37.65639972621492,345,Entry
3056,2022-06-21,,Production,Brittany Johnson,MSC,Active,Part-Time,Zone A,Temporary,Unk,,Production       ,Other,,Northeast,Project / Site Management,Female,56056,Other,Divorced,Fully Meets,5,True,,1106,Entry
3057,2022-11-09,2023-07-09,Production,Richard Contreras,TNS,Leave of Absence,Full-Time,Zone A,Temporary,Retirement,Social operation specific personal matter beyond.,Production       ,General Operations,1988,Northeast,Labor & Site Work,Female,58387,Black,Divorced,Fully Meets,4,False,37.412731006160165,242,Entry
3058,2019-02-11,2020-07-30,Production,Shelia Goodwin,PYZ,Leave of Absence,Part-Time,Zone A,Temporary,Involuntary,Loss sense above charge part describe.,Production       ,Logistics / Maintenance,,Northeast,Project / Site Management,Male,93290,Asian,Divorced,Fully Meets,1,False,,535,Entry
3059,2021-03-28,,Production,James Walker,WBL,Active,Part-Time,Zone A,Temporary,Unk,,Production       ,Project Management,1972,Northeast,Project / Site Management,Female,73253,White,Widowed,Fully Meets,1,True,52.9034907597536,1556,Entry
3060,2020-08-29,,Production,Patrick Martinez,NEL,Active,Part-Time,Zone A,Part-Time,Unk,,Production       ,Logistics / Maintenance,1951,Northeast,Project / Site Management,Male,13893,Asian,Widowed,Fully Meets,2,True,74.49144421629022,1767,Entry
3061,2023-01-03,2023-08-05,Production,Brandon Hernandez,PL,Active,Part-Time,Zone C,Full-Time,Resignation,Sister thought loss hotel eight realize.,Production       ,Field Engineering / Operations,,Northeast,Project / Site Management,Male,51434,Other,Married,Fully Meets,4,False,,214,Entry
3062,2022-11-28,,Production,Courtney Poole,BPC,Active,Part-Time,Zone A,Temporary,Unk,,Production       ,General Operations,,Northeast,Project / Site Management,Female,71004,Asian,Divorced,Fully Meets,1,True,,946,Entry
3063,2021-12-22,2023-08-03,Production,Deborah Diaz,CCDR,Active,Contract,Zone B,Part-Time,Voluntary,Much try remember natural.,Production       ,Field Engineering / Operations,,Northeast,Project / Site Management,Female,46847,Other,Widowed,Fully Meets,5,False,,589,Entry
3064,2023-07-08,,Production,Meagan Gaines,SVG,Active,Contract,Zone A,Full-Time,Unk,,Production       ,Field Engineering / Operations,,Northeast,Labor & Site Work,Female,76345,Other,Divorced,Fully Meets,4,True,,724,Entry
3065,2021-04-21,2021-09-21,Production,Thomas Jackson,EW,Active,Part-Time,Zone A,Temporary,Resignation,Scientist up policy save I.,Production       ,Field Engineering / Operations,1976,Northeast,Field Operations,Female,15364,Black,Divorced,Fully Meets,4,False,48.73100616016427,153,Entry
3066,2022-07-28,2022-10-20,Production,Jamie Pope,MSC,Active,Full-Time,Zone B,Full-Time,Retirement,Purpose feel summer nature small choose can.,Production       ,Field Engineering / Operations,1967,Northeast,Field Operations,Male,2005,Hispanic,Divorced,Fully Meets,1,False,58.220396988364136,84,Entry
3067,2019-11-05,,Production,Joseph Lane,TNS,Active,Part-Time,Zone B,Part-Time,Unk,,Production       ,Field Engineering / Operations,,Northeast,Field Operations,Male,50527,Hispanic,Single,Fully Meets,4,True,,2065,Entry
3068,2022-05-22,2022-12-08,Production,Rose Johnson,PYZ,Terminated for Cause,Full-Time,Zone A,Temporary,Resignation,Seat type month.,Production       ,Finance,1947,Northeast,Admin & Support,Male,21620,Asian,Single,Fully Meets,5,False,78.16563997262149,200,Entry
3069,2019-10-19,2021-12-03,Production,David Hicks,WBL,Active,Full-Time,Zone A,Temporary,Involuntary,Determine building society soldier.,Production       ,General Operations,,Northeast,Admin & Support,Female,92533,White,Married,Fully Meets,4,False,,776,Mid
3070,2019-12-25,2021-07-24,Production,Geoffrey Curtis,BPC,Active,Full-Time,Zone C,Temporary,Involuntary,Television new fire board need list admit.,Production       ,Field Engineering / Operations,1972,Northeast,Labor & Site Work,Female,7528,White,Divorced,Fully Meets,1,False,53.15537303216975,577,Mid
3071,2022-11-04,2022-11-26,Production,Holly Miller,CCDR,Active,Full-Time,Zone B,Part-Time,Voluntary,Former think again effort.,Production       ,General Operations,,Northeast,Field Operations,Female,34566,Black,Married,Fully Meets,2,False,,22,Mid
3072,2023-04-26,2023-05-30,Production,Ronald Shepherd DDS,EW,Active,Full-Time,Zone B,Part-Time,Involuntary,Future piece pull art.,Production       ,Other,,Northeast,Project / Site Management,Female,48363,Asian,Divorced,Fully Meets,1,False,,34,Mid
3073,2022-10-26,2023-05-16,Production,Jeremy Ray,MSC,Voluntarily Terminated,Contract,Zone A,Part-Time,Retirement,Guy beat specific act as ability speak.,Production       ,General Operations,,Northeast,Labor & Site Work,Female,27147,Black,Single,Fully Meets,4,False,,202,Mid
3074,2020-07-14,2022-06-27,Production,Barbara Clark,NEL,Voluntarily Terminated,Contract,Zone A,Full-Time,Resignation,Free town various cup. Animal may team hit.,Production       ,Field Engineering / Operations,1963,Northeast,Other,Female,79280,Hispanic,Single,Fully Meets,1,False,61.74127310061601,713,Mid
3075,2023-03-12,,Production,Joshua Peters,PL,Active,Full-Time,Zone B,Part-Time,Unk,,Production       ,Field Engineering / Operations,1969,Northeast,Engineering,Female,18316,Other,Single,Fully Meets,5,True,56.473648186173854,842,Mid
3076,2023-04-26,,Production,Daniel Smith,PYZ,Active,Part-Time,Zone C,Full-Time,Unk,,Production       ,General Operations,,Northeast,Project / Site Management,Male,3738,White,Married,Fully Meets,5,True,,797,Mid
3077,2022-09-17,2023-06-12,Production,Audrey Hamilton,CCDR,Active,Contract,Zone A,Temporary,Involuntary,Describe hospital executive top sing.,Production       ,General Operations,,Northeast,Admin & Support,Male,16185,Hispanic,Married,Fully Meets,1,False,,268,Entry
3078,2021-01-08,2023-04-01,Production,Aaron Andrews,SVG,Active,Contract,Zone B,Part-Time,Voluntary,Particularly trouble sister.,Production       ,General Operations,,Northeast,Project / Site Management,Male,10871,Black,Widowed,Fully Meets,1,False,,813,Entry
3079,2020-12-18,2022-09-16,Production,David Moore,EW,Leave of Absence,Part-Time,Zone B,Part-Time,Retirement,Nice hundred government.,Production       ,Field Engineering / Operations,1973,Northeast,Engineering,Female,54361,Black,Single,Fully Meets,4,False,51.97809719370294,637,Entry
3080,2020-09-12,2022-11-22,Production,Brittany Ray,MSC,Leave of Absence,Contract,Zone B,Part-Time,Voluntary,Design laugh top music policy.,Production       ,General Operations,,Northeast,Field Operations,Female,82524,Hispanic,Widowed,Fully Meets,2,False,,801,Entry
3081,2020-10-20,,Production,Jonathan Jones,TNS,Active,Part-Time,Zone C,Part-Time,Unk,,Production       ,Finance,,Northeast,Finance & Analysis,Male,18410,White,Widowed,Fully Meets,2,True,,1715,Entry
3082,2022-11-18,,Production,Brian Jennings,PYZ,Active,Part-Time,Zone A,Part-Time,Unk,,Production       ,Field Engineering / Operations,1988,Northeast,Project / Site Management,Female,53176,Other,Single,Fully Meets,1,True,36.73921971252567,956,Entry
3083,2023-01-14,,Production,Sandra Reed,WBL,Active,Contract,Zone C,Full-Time,Unk,,Production       ,Field Engineering / Operations,,Northeast,Labor & Site Work,Male,55790,Asian,Widowed,Fully Meets,2,True,,899,Entry
3084,2020-10-27,2022-06-08,Production,Erica Davis,NEL,Active,Part-Time,Zone A,Temporary,Voluntary,Stage mission never one happen somebody single.,Production       ,General Operations,,Northeast,Admin & Support,Male,64716,Black,Widowed,Fully Meets,4,False,,589,Entry
3085,2020-08-29,,Production,Sara Mckay,PL,Active,Full-Time,Zone C,Full-Time,Unk,,Production       ,Field Engineering / Operations,1963,Northeast,Field Operations,Female,21299,Asian,Single,Fully Meets,2,True,62.32717316906229,1767,Entry
3086,2019-12-23,2023-08-05,Production,Julie Donovan,BPC,Active,Part-Time,Zone B,Temporary,Retirement,Huge degree pull hit.,Production       ,Field Engineering / Operations,,Northeast,Project / Site Management,Female,51176,Asian,Divorced,Fully Meets,1,False,,1321,Entry
3087,2023-07-03,,Production,Duane Kelly,CCDR,Active,Contract,Zone B,Part-Time,Unk,,Production       ,Project Management,1948,Northeast,Project / Site Management,Female,51274,Black,Married,Fully Meets,4,True,77.39356605065024,729,Entry
3088,2022-09-26,,Production,Amy Boyd,SVG,Active,Part-Time,Zone B,Part-Time,Unk,,Production       ,Field Engineering / Operations,,Northeast,Field Operations,Female,52777,Other,Married,Fully Meets,5,True,,1009,Entry
3089,2020-05-09,2023-07-25,Production,Laura Mayo,EW,Active,Contract,Zone A,Temporary,Voluntary,Suffer very particular rather.,Production       ,Field Engineering / Operations,,Northeast,Labor & Site Work,Female,51728,Black,Single,Fully Meets,4,False,,1172,Entry
3090,2023-03-08,,Production,Brittany Rios,MSC,Active,Part-Time,Zone B,Part-Time,Unk,,Production       ,Field Engineering / Operations,,Northeast,Project / Site Management,Male,54485,Black,Married,Fully Meets,5,True,,846,Entry
3091,2019-02-27,2020-08-31,Production,Charles Cruz,TNS,Terminated for Cause,Contract,Zone B,Part-Time,Involuntary,Describe current question quite coach.,Production       ,Consulting / Client Delivery,1958,Northeast,Field Operations,Male,6649,White,Single,Fully Meets,5,False,67.32101300479124,551,Entry
3092,2020-01-12,2023-07-12,Production,Carolyn Stewart,TNS,Active,Contract,Zone A,Full-Time,Voluntary,Recently agreement subject individual increase.,Production       ,Field Engineering / Operations,1979,Northeast,Field Operations,Female,48374,Other,Married,Fully Meets,2,False,45.55783709787816,1277,Mid
3093,2019-06-29,2021-01-10,Production,Daniel Hinton,PYZ,Active,Full-Time,Zone B,Full-Time,Voluntary,Majority wide enjoy how.,Production       ,Field Engineering / Operations,,Northeast,Labor & Site Work,Female,31227,Asian,Divorced,Fully Meets,2,False,,561,Mid
3094,2021-07-15,2021-09-29,Production,Joshua Foster,WBL,Active,Contract,Zone C,Full-Time,Voluntary,Improve himself side.,Production       ,Field Engineering / Operations,,Northeast,Engineering,Female,84169,Other,Widowed,Fully Meets,1,False,,76,Mid
3095,2022-08-19,,Production,Summer Dickerson,NEL,Active,Contract,Zone A,Part-Time,Unk,,Production       ,Field Engineering / Operations,1943,Northeast,Admin & Support,Female,69905,Other,Divorced,Fully Meets,4,True,82.30800821355236,1047,Mid
3096,2019-09-23,2023-04-09,Production,Mr. Joseph Ashley,PL,Voluntarily Terminated,Contract,Zone B,Part-Time,Involuntary,Industry notice cup early.,Production       ,Field Engineering / Operations,1974,Northeast,Field Operations,Female,59014,Hispanic,Single,Fully Meets,5,False,50.8145106091718,1294,Mid
3097,2020-10-11,2021-01-06,Production,Bethany Gaines,BPC,Voluntarily Terminated,Part-Time,Zone C,Temporary,Retirement,More best if page.,Production       ,Project Management,1961,Northeast,Admin & Support,Female,97514,White,Married,Fully Meets,4,False,64.05475701574264,87,Mid
3098,2021-08-18,,Production,Melvin Dean,CCDR,Active,Full-Time,Zone A,Full-Time,Unk,,Production       ,Field Engineering / Operations,1944,Northeast,Field Operations,Male,20436,Black,Widowed,Fully Meets,4,True,81.05954825462013,1413,Mid
3099,2022-12-17,,Production,Zachary Smith,CCDR,Active,Full-Time,Zone A,Temporary,Unk,,Production       ,Field Engineering / Operations,1965,Northeast,Engineering,Male,44977,Black,Divorced,Exceeds,4,True,59.82751540041068,927,Entry
3100,2020-10-25,2021-12-28,Production,Kevin Davis,SVG,Active,Contract,Zone B,Temporary,Retirement,Production senior put.,Production       ,General Operations,1950,Northeast,Labor & Site Work,Female,58513,White,Single,Fully Meets,5,False,75.06365503080082,429,Entry
3101,2023-01-23,,Production,Erica Harper,EW,Active,Full-Time,Zone B,Full-Time,Unk,,Production       ,General Operations,1961,Northeast,Field Operations,Female,79029,Asian,Single,Fully Meets,2,True,64.31211498973306,890,Entry
3102,2019-03-15,2022-08-03,Production,Stephanie Frost,MSC,Leave of Absence,Full-Time,Zone C,Part-Time,Resignation,Size shake far example.,Production       ,Field Engineering / Operations,1992,Northeast,Labor & Site Work,Male,11092,Black,Widowed,Exceeds,2,False,32.72279260780287,1237,Entry
3103,2023-07-06,2023-07-23,Production,Bryan Ortega DVM,TNS,Leave of Absence,Full-Time,Zone A,Part-Time,Involuntary,Rather make power.,Production       ,Field Engineering / Operations,,Northeast,Project / Site Management,Male,87665,Asian,Single,Fully Meets,4,False,,17,Entry
3104,2022-05-29,,Production,Matthew Smith,PYZ,Active,Contract,Zone C,Part-Time,Unk,,Production       ,General Operations,,Northeast,Field Operations,Female,71716,Black,Married,Fully Meets,2,True,,1129,Entry
3105,2020-06-07,2022-07-09,Production,Scott Stone,WBL,Active,Full-Time,Zone B,Temporary,Resignation,Figure kind agent send even west.,Production       ,Field Engineering / Operations,1943,Northeast,Engineering,Male,86764,Black,Married,Fully Meets,1,False,82.13826146475017,762,Entry
3106,2020-03-21,,Production,Frances Martinez,NEL,Active,Part-Time,Zone A,Temporary,Unk,,Production       ,Field Engineering / Operations,,Northeast,Project / Site Management,Male,33599,Hispanic,Divorced,Fully Meets,4,True,,1928,Entry
3107,2021-06-21,2022-11-11,Production,Heather Adams,PL,Active,Full-Time,Zone A,Temporary,Voluntary,Figure enjoy sell work discuss former.,Production       ,Field Engineering / Operations,,Northeast,Field Operations,Female,5797,Black,Widowed,Fully Meets,4,False,,508,Entry
3108,2021-10-22,2022-05-12,Production,Julie Hernandez,BPC,Active,Full-Time,Zone B,Temporary,Retirement,Perform leader research again term.,Production       ,General Operations,1945,Northeast,Labor & Site Work,Female,91007,Hispanic,Married,Fully Meets,2,False,79.98904859685148,202,Entry
3109,2018-10-20,,Production,Timothy Myers,CCDR,Active,Full-Time,Zone A,Temporary,Unk,,Production       ,Field Engineering / Operations,,Northeast,Engineering,Female,93749,White,Married,PIP,2,True,,2446,Entry
3110,2022-03-16,,Production,Anna Walters,SVG,Active,Contract,Zone C,Full-Time,Unk,,Production       ,Field Engineering / Operations,1956,Northeast,Other,Female,51909,Hispanic,Single,Fully Meets,2,True,69.38535249828884,1203,Entry
3111,2018-12-13,,Production,Ebony Adkins,EW,Active,Part-Time,Zone B,Temporary,Unk,,Production       ,Field Engineering / Operations,1958,Northeast,Field Operations,Female,71638,Other,Divorced,Fully Meets,1,True,67.15126625598904,2392,Entry
3112,2021-10-08,2022-08-11,Production,Molly Guerrero,MSC,Terminated for Cause,Part-Time,Zone B,Full-Time,Involuntary,Past agreement focus back.,Production       ,Logistics / Maintenance,,Northeast,Maintenance & Logistics,Male,85416,Asian,Single,Fully Meets,4,False,,307,Entry
3113,2019-02-03,2019-04-02,Production,Donna Duffy,TNS,Active,Contract,Zone C,Full-Time,Voluntary,Stock indeed about brother campaign.,Production       ,Project Management,1981,Northeast,Project / Site Management,Female,96092,White,Divorced,Fully Meets,4,False,43.99726214921287,58,Mid
3114,2018-09-30,,Production,Corey Barry,PYZ,Active,Contract,Zone C,Full-Time,Unk,,Production       ,Field Engineering / Operations,1957,Northeast,Field Operations,Female,46346,Asian,Divorced,Fully Meets,2,True,67.98631074606433,2466,Mid
3115,2021-07-12,2021-08-17,Production,Paul Brewer,WBL,Active,Contract,Zone A,Temporary,Voluntary,Decide statement future ball.,Production       ,Project Management,1964,Northeast,Project / Site Management,Female,10137,Hispanic,Divorced,Fully Meets,4,False,61.497604380561256,36,Mid
3116,2021-03-04,,Production,Steven Brown,NEL,Active,Part-Time,Zone B,Temporary,Unk,,Production       ,Field Engineering / Operations,,Northeast,Field Operations,Female,97547,Hispanic,Married,Fully Meets,5,True,,1580,Mid
3117,2019-10-27,,Production,Kyle Anderson,PL,Active,Part-Time,Zone C,Part-Time,Unk,,Production       ,General Operations,,Northeast,Field Operations,Female,48509,White,Married,Fully Meets,2,True,,2074,Mid
3118,2019-01-28,2020-12-14,Production,Dr. Anna Hayes DVM,BPC,Voluntarily Terminated,Part-Time,Zone A,Full-Time,Voluntary,Pay avoid seem unit might month run.,Production       ,Field Engineering / Operations,,Northeast,Field Operations,Female,48848,Black,Divorced,Fully Meets,2,False,,686,Mid
3119,2021-01-10,,Production,Thomas Bautista,NEL,Active,Part-Time,Zone C,Part-Time,Unk,,Production       ,General Operations,1993,Northeast,Labor & Site Work,Male,71016,Other,Single,Fully Meets,5,True,32.07118412046543,1633,Entry
3120,2021-08-05,2023-03-02,Production,Andrew Davis,PL,Active,Part-Time,Zone A,Full-Time,Resignation,Event TV few much continue success.,Production       ,Field Engineering / Operations,1946,Northeast,Field Operations,Female,28645,Asian,Widowed,Fully Meets,4,False,79.40588637919234,574,Entry
3121,2022-11-07,2023-03-02,Production,Rachel Chaney,PYZ,Active,Part-Time,Zone C,Full-Time,Retirement,Resource collection house seek sound wind.,Production       ,Project Management,,Northeast,Project / Site Management,Female,58015,Black,Single,Fully Meets,4,False,,115,Entry
3122,2022-01-23,2022-06-26,Production,Rachel Barr MD,SVG,Leave of Absence,Contract,Zone C,Part-Time,Voluntary,Professional military easy so.,Production       ,Project Management,,Northeast,Project / Site Management,Female,18652,White,Single,Fully Meets,5,False,,154,Entry
3123,2021-07-12,,Production,Michael Hays,TNS,Active,Full-Time,Zone C,Part-Time,Unk,,Production       ,Field Engineering / Operations,1951,Northeast,Project / Site Management,Male,94273,Hispanic,Married,Fully Meets,4,True,74.16290212183436,1450,Entry
3124,2019-01-05,2021-11-04,Production,Kristi Cox,WBL,Leave of Absence,Full-Time,Zone B,Part-Time,Resignation,Star idea alone.,Production       ,Field Engineering / Operations,,Northeast,Field Operations,Female,97060,White,Single,Fully Meets,5,False,,1034,Entry
3125,2020-04-07,2021-03-21,Production,Tracey Wu,PYZ,Leave of Absence,Part-Time,Zone C,Part-Time,Resignation,Magazine matter a teach.,Production       ,Field Engineering / Operations,1992,Northeast,Labor & Site Work,Male,10433,Black,Divorced,Fully Meets,4,False,32.8104038329911,348,Entry
3126,2022-04-27,,Production,Samuel Frye,WBL,Active,Contract,Zone C,Full-Time,Unk,,Production       ,Project Management,1978,Northeast,Project / Site Management,Male,35212,Black,Divorced,Fully Meets,2,True,46.99794661190965,1161,Entry
3127,2022-06-14,2022-12-05,Production,Stacey Robles,NEL,Active,Part-Time,Zone A,Part-Time,Resignation,Enjoy relationship page billion.,Production       ,Project Management,,Northeast,Project / Site Management,Male,3213,White,Married,Fully Meets,2,False,,174,Entry
3128,2019-01-13,,Production,James Flynn,PL,Active,Part-Time,Zone A,Temporary,Unk,,Production       ,Field Engineering / Operations,,Northeast,Field Operations,Female,7259,Black,Widowed,Fully Meets,2,True,,2361,Entry
3129,2019-06-21,,Production,Douglas Jacobson,BPC,Active,Full-Time,Zone A,Part-Time,Unk,,Production       ,Field Engineering / Operations,1985,Northeast,Labor & Site Work,Female,11631,Black,Widowed,Fully Meets,5,True,39.97262149212868,2202,Entry
3130,2020-08-10,2023-01-14,Production,Scott Dawson,CCDR,Active,Part-Time,Zone A,Temporary,Voluntary,Read nice continue itself attack happen.,Production       ,Field Engineering / Operations,1981,Northeast,Project / Site Management,Female,73890,Black,Widowed,Fully Meets,5,False,44.145106091718,887,Entry
3131,2021-04-13,2022-06-11,Production,Patricia Potter,SVG,Active,Contract,Zone C,Temporary,Resignation,Tell its wind child more though.,Production       ,Field Engineering / Operations,,Northeast,Labor & Site Work,Female,28053,Hispanic,Single,Fully Meets,2,False,,424,Entry
3132,2020-04-27,2022-10-18,Production,Brian Gregory,EW,Active,Full-Time,Zone A,Full-Time,Involuntary,Program personal mean life source reach.,Production       ,Field Engineering / Operations,,Northeast,Labor & Site Work,Female,12694,Asian,Divorced,Fully Meets,4,False,,904,Entry
3133,2022-02-25,2022-03-02,Production,Jackie Davis,MSC,Terminated for Cause,Contract,Zone C,Part-Time,Resignation,Example trip behavior himself young.,Production       ,Project Management,,Northeast,Project / Site Management,Male,83481,White,Married,Fully Meets,5,False,,5,Entry
3134,2018-12-06,2022-12-01,Production,Keith George,TNS,Active,Part-Time,Zone C,Full-Time,Voluntary,Avoid that school central member.,Production       ,Field Engineering / Operations,,Northeast,Engineering,Female,2140,Hispanic,Married,Exceeds,5,False,,1456,Mid
3135,2020-03-12,2023-06-06,Production,Jennifer Smith,BPC,Active,Part-Time,Zone A,Temporary,Involuntary,Food information day art PM leader.,Production       ,Project Management,,Northeast,Admin & Support,Female,9790,White,Single,Fully Meets,4,False,,1181,Mid
3136,2022-11-16,,Production,Timothy Brown,CCDR,Active,Full-Time,Zone B,Full-Time,Unk,,Production       ,Project Management,,Northeast,Project / Site Management,Female,52077,Hispanic,Married,Fully Meets,4,True,,958,Mid
3137,2018-12-09,2023-06-25,Production,Justin Wells,EW,Voluntarily Terminated,Contract,Zone B,Temporary,Involuntary,Easy film last fact discuss. Enough worker wall.,Production       ,Field Engineering / Operations,1995,Northeast,Labor & Site Work,Female,50624,Other,Single,Fully Meets,2,False,30.078028747433265,1659,Mid
3138,2022-12-25,2023-03-08,Production,Rachel Crawford,MSC,Voluntarily Terminated,Contract,Zone A,Full-Time,Voluntary,Week campaign later realize magazine.,Production       ,Field Engineering / Operations,1987,Northeast,Labor & Site Work,Female,83438,Black,Single,Fully Meets,4,False,38.2340862422998,73,Mid
3139,2021-11-19,,Production,Jasmine Williamson,NEL,Active,Part-Time,Zone A,Temporary,Unk,,Production       ,Field Engineering / Operations,1971,Northeast,Field Operations,Female,29416,Asian,Single,Fully Meets,4,True,53.889117043121146,1320,Mid
3140,2022-03-01,,Production,Andrew Smith,PL,Active,Contract,Zone C,Full-Time,Unk,,Production       ,Field Engineering / Operations,1990,Northeast,Labor & Site Work,Male,89284,Hispanic,Widowed,Fully Meets,5,True,35.24709103353867,1218,Entry
3141,2021-03-17,,Production,Jennifer Reeves,BPC,Active,Full-Time,Zone B,Temporary,Unk,,Production       ,Field Engineering / Operations,1970,Northeast,Project / Site Management,Male,9420,Black,Married,Exceeds,2,True,54.97604380561259,1567,Entry
3142,2021-02-10,,Production,Theresa Foster,CCDR,Active,Full-Time,Zone B,Part-Time,Unk,,Production       ,General Operations,,Northeast,Labor & Site Work,Female,49701,White,Single,Fully Meets,4,True,,1602,Entry
3143,2018-09-28,,Production,Emily Carter,SVG,Active,Full-Time,Zone A,Temporary,Unk,,Production       ,Field Engineering / Operations,,Northeast,Field Operations,Female,32652,Black,Widowed,Fully Meets,2,True,,2468,Entry
3144,2021-02-09,,Production,Debra Perez,EW,Active,Contract,Zone C,Part-Time,Unk,,Production       ,Field Engineering / Operations,,Northeast,Engineering,Male,4496,Hispanic,Married,Exceeds,2,True,,1603,Entry
3145,2020-09-27,2022-03-04,Production,James Ware,MSC,Leave of Absence,Part-Time,Zone C,Temporary,Retirement,Reveal real paper peace usually fly know century.,Production       ,Field Engineering / Operations,,Northeast,Field Operations,Male,59765,Asian,Divorced,Fully Meets,2,False,,523,Entry
3146,2018-12-16,,Production,Gregory Hall,TNS,Active,Part-Time,Zone C,Temporary,Unk,,Production       ,Project Management,,Northeast,Project / Site Management,Female,19021,White,Widowed,Fully Meets,4,True,,2389,Entry
3147,2023-07-17,2023-07-28,Production,Donna Yang,PYZ,Active,Contract,Zone B,Temporary,Involuntary,Member cost town create against decision.,Production       ,General Operations,,Northeast,Engineering,Male,48709,Hispanic,Divorced,Fully Meets,5,False,,11,Entry
3148,2020-05-28,2021-12-14,Production,Adrienne Barnett,WBL,Active,Full-Time,Zone C,Temporary,Voluntary,Draw health deal.,Production       ,Field Engineering / Operations,1950,Northeast,Project / Site Management,Male,76147,White,Single,Exceeds,2,False,75.33470225872689,565,Entry
3149,2021-03-01,2023-04-05,Production,Yvonne Bush,NEL,Active,Full-Time,Zone A,Part-Time,Voluntary,Policy upon tend join individual direction yard.,Production       ,Field Engineering / Operations,,Northeast,Labor & Site Work,Female,19987,Black,Single,Exceeds,2,False,,765,Entry
3150,2022-02-12,,Production,Mark Silva,PL,Active,Full-Time,Zone C,Part-Time,Unk,,Production       ,Field Engineering / Operations,1955,Northeast,Project / Site Management,Female,11927,Asian,Widowed,Fully Meets,2,True,69.91375770020534,1235,Entry
3151,2022-02-26,,Production,Melissa Wheeler DDS,BPC,Active,Part-Time,Zone C,Temporary,Unk,,Production       ,Field Engineering / Operations,,Northeast,Engineering,Female,81158,White,Widowed,Exceeds,4,True,,1221,Entry
3152,2022-07-05,2022-12-28,Production,Mr. Tony Collier,CCDR,Active,Contract,Zone C,Temporary,Voluntary,Through would building generation pay investment.,Production       ,Field Engineering / Operations,,Northeast,Labor & Site Work,Female,27163,Black,Widowed,Exceeds,5,False,,176,Entry
3153,2019-11-29,2022-03-11,Production,Kathleen Johnson,SVG,Active,Part-Time,Zone A,Full-Time,Retirement,Seven trip current difference baby.,Production       ,Field Engineering / Operations,,Northeast,Field Operations,Female,96230,Other,Single,Fully Meets,4,False,,833,Entry
3154,2019-02-22,,Production,Julia Davis,EW,Active,Full-Time,Zone B,Temporary,Unk,,Production       ,Field Engineering / Operations,,Northeast,Engineering,Female,75205,Black,Single,Fully Meets,2,True,,2321,Entry
3155,2020-07-16,2022-02-15,Production,Amanda Carter,MSC,Terminated for Cause,Contract,Zone B,Temporary,Voluntary,Interest sit production sit director think.,Production       ,General Operations,,Northeast,Field Operations,Male,56136,Black,Married,Fully Meets,2,False,,579,Entry
3156,2019-07-18,2020-02-19,Production,Jenny Ray,MSC,Voluntarily Terminated,Contract,Zone B,Part-Time,Voluntary,Else feel no individual.,Production       ,General Operations,,Northeast,Field Operations,Female,65327,Black,Married,Fully Meets,5,False,,216,Mid
3157,2019-03-10,2021-11-16,Production,Kimberly Collier,TNS,Active,Contract,Zone A,Full-Time,Voluntary,Capital series something again ever.,Production       ,Consulting / Client Delivery,,Northeast,Engineering,Female,25266,White,Divorced,Exceeds,5,False,,982,Mid
3158,2023-05-30,2023-07-21,Production,Michael Hendricks,PYZ,Active,Part-Time,Zone A,Full-Time,Retirement,More next spring around television million media.,Production       ,General Operations,,Northeast,Executive & Leadership,Female,35824,Hispanic,Divorced,Exceeds,2,False,,52,Mid
3159,2018-08-23,2019-06-19,Production,Lindsay White,WBL,Active,Full-Time,Zone B,Part-Time,Voluntary,Allow decide education consider early such.,Production       ,Field Engineering / Operations,,Northeast,Labor & Site Work,Female,24940,Asian,Married,Fully Meets,4,False,,300,Mid
3160,2019-03-06,,Production,Madeline Henderson,NEL,Active,Full-Time,Zone A,Part-Time,Unk,,Production       ,Field Engineering / Operations,,Northeast,Other,Female,69293,Other,Single,Exceeds,4,True,,2309,Mid
3161,2023-08-01,2023-08-02,Production,Erin Maxwell,PL,Voluntarily Terminated,Full-Time,Zone C,Full-Time,Involuntary,Material thousand usually.,Production       ,General Operations,,Northeast,Labor & Site Work,Female,9346,Black,Divorced,Fully Meets,1,False,,1,Mid
3162,2020-02-24,2020-12-24,Production,Kaitlin Thomas MD,BPC,Active,Part-Time,Zone A,Temporary,Resignation,Not later mission use industry family at.,Production       ,Field Engineering / Operations,,Northeast,Project / Site Management,Male,57257,White,Single,Fully Meets,5,False,,304,Mid
3163,2019-09-26,,Production,Taylor Martin,PL,Active,Contract,Zone A,Full-Time,Unk,,Production       ,Field Engineering / Operations,,Northeast,Labor & Site Work,Male,57484,Black,Married,Fully Meets,4,True,,2105,Entry
3164,2022-12-07,2023-06-08,Production,Natalie Hogan,BPC,Voluntarily Terminated,Full-Time,Zone C,Temporary,Resignation,Beat hand ready reason development else doctor.,Production       ,Field Engineering / Operations,,Northeast,Project / Site Management,Female,89536,Other,Married,Fully Meets,5,False,,183,Entry
3165,2019-03-08,2021-02-08,Production,Kenneth Wilkinson,CCDR,Active,Part-Time,Zone C,Full-Time,Retirement,Truth hope she after.,Production       ,Field Engineering / Operations,,Northeast,Labor & Site Work,Female,38677,Black,Single,Fully Meets,2,False,,703,Entry
3166,2019-08-06,2022-07-27,Production,Michelle Beasley,SVG,Active,Part-Time,Zone A,Full-Time,Resignation,Whatever up again yeah wear red.,Production       ,Field Engineering / Operations,1993,Northeast,Labor & Site Work,Female,28796,White,Single,Exceeds,2,False,31.66050650239562,1086,Entry
3167,2019-06-19,,Production,Karina Hampton,EW,Active,Full-Time,Zone B,Part-Time,Unk,,Production       ,Field Engineering / Operations,,Northeast,Field Operations,Male,2156,Other,Divorced,Exceeds,4,True,,2204,Entry
3168,2022-02-08,2023-07-18,Production,Timothy Price,MSC,Leave of Absence,Part-Time,Zone A,Full-Time,Voluntary,Hot stage record listen cost against.,Production       ,Sales & Marketing,,Northeast,Admin & Support,Male,86333,Hispanic,Married,Fully Meets,2,False,,525,Entry
3169,2019-06-08,2021-01-29,Production,Jade Howell,TNS,Active,Part-Time,Zone B,Part-Time,Resignation,Find by campaign. Bit oil show cultural up smile.,Production       ,Field Engineering / Operations,1951,Northeast,Field Operations,Female,17633,Other,Single,Exceeds,4,False,74.24503764544832,601,Entry
3170,2022-01-28,2023-06-23,Production,David Harrison,PYZ,Active,Full-Time,Zone C,Full-Time,Retirement,Good talk past.,Production       ,Field Engineering / Operations,,Northeast,Field Operations,Male,16568,Asian,Married,Fully Meets,2,False,,511,Entry
3171,2020-08-26,2022-08-11,Production,Courtney Neal,WBL,Active,Part-Time,Zone A,Part-Time,Involuntary,Suddenly myself debate official training three.,Production       ,Field Engineering / Operations,,Northeast,Engineering,Female,44233,White,Widowed,Fully Meets,5,False,,715,Entry
3172,2019-04-22,,Production,Elizabeth Allen,NEL,Active,Contract,Zone C,Part-Time,Unk,,Production       ,Logistics / Maintenance,1983,Northeast,Maintenance & Logistics,Female,41155,Asian,Divorced,Fully Meets,4,True,41.97946611909651,2262,Entry
3173,2022-12-21,2023-05-30,Production,Gloria Vaughn,PL,Active,Contract,Zone A,Part-Time,Resignation,Place hear beat.,Production       ,Consulting / Client Delivery,,Northeast,Engineering,Female,24597,Asian,Married,Fully Meets,1,False,,160,Entry
3174,2022-10-12,2023-07-03,Production,Tracy Warner,BPC,Active,Full-Time,Zone C,Part-Time,Involuntary,Only something seven relate leg however.,Production       ,Field Engineering / Operations,,Northeast,Project / Site Management,Female,59255,Hispanic,Single,Fully Meets,5,False,,264,Entry
3175,2023-07-23,2023-08-01,Production,Richard Cox,CCDR,Active,Full-Time,Zone B,Full-Time,Voluntary,Foreign friend policy green.,Production       ,Field Engineering / Operations,1947,Northeast,Engineering,Female,97410,Asian,Single,Fully Meets,1,False,77.97399041752224,9,Entry
3176,2018-12-13,2020-06-23,Production,Jessica Morgan,SVG,Active,Full-Time,Zone A,Full-Time,Resignation,Minute between another local country.,Production       ,Project Management,,Northeast,Project / Site Management,Female,42252,Other,Widowed,Exceeds,1,False,,558,Entry
3177,2019-09-30,2021-06-23,Production,Lori Martin,EW,Terminated for Cause,Full-Time,Zone A,Full-Time,Resignation,Six agreement take. Newspaper back land health.,Production       ,Project Management,,Northeast,Project / Site Management,Female,48294,Asian,Single,Fully Meets,1,False,,632,Entry
3178,2020-01-24,2023-06-09,Production,Eric Lopez,MSC,Voluntarily Terminated,Part-Time,Zone C,Part-Time,Involuntary,Follow arrive inside source.,Production       ,Field Engineering / Operations,,Northeast,Admin & Support,Female,45258,White,Married,PIP,1,False,,1232,Mid
3179,2020-12-23,2021-03-17,Production,Victoria Thomas,TNS,Active,Full-Time,Zone C,Full-Time,Voluntary,Assume none mother note poor indeed.,Production       ,Field Engineering / Operations,,Northeast,Field Operations,Male,96822,Black,Divorced,Fully Meets,2,False,,84,Mid
3180,2019-06-07,2020-01-11,Production,Jennifer Dean,PYZ,Voluntarily Terminated,Full-Time,Zone B,Temporary,Retirement,Begin person since way. Thus region happy no.,Production       ,Field Engineering / Operations,,Northeast,Field Operations,Female,14828,Hispanic,Divorced,Fully Meets,4,False,,218,Mid
3181,2019-12-25,2021-11-14,Production,Cameron Harris,WBL,Active,Contract,Zone C,Temporary,Voluntary,Safe cost bar use per both tend.,Production       ,General Operations,,Northeast,Project / Site Management,Female,26328,Other,Single,Fully Meets,4,False,,690,Mid
3182,2023-01-26,,Production,Benjamin Cantrell,NEL,Active,Contract,Zone B,Temporary,Unk,,Production       ,Field Engineering / Operations,,Northeast,Field Operations,Female,55287,White,Married,PIP,2,True,,887,Mid
3183,2022-11-03,2023-08-03,Production,Victor Warren,PL,Voluntarily Terminated,Full-Time,Zone A,Temporary,Resignation,Then foot not.,Production       ,Field Engineering / Operations,,Northeast,Field Operations,Male,40809,Other,Single,PIP,3,False,,273,Mid
3184,2022-05-13,,Production,Brian Roberts,MSC,Active,Part-Time,Zone A,Full-Time,Unk,,Production       ,Field Engineering / Operations,,Northeast,Field Operations,Female,9994,Hispanic,Single,PIP,5,True,,1145,Entry
3185,2020-09-23,2023-03-15,Production,Tina Wright,NEL,Voluntarily Terminated,Contract,Zone C,Temporary,Voluntary,Development second material common.,Production       ,Field Engineering / Operations,1999,Northeast,Admin & Support,Female,91605,Other,Divorced,PIP,2,False,25.639972621492127,903,Entry
3186,2021-08-29,2022-11-08,Production,Mary Weber,PL,Active,Part-Time,Zone A,Full-Time,Voluntary,Believe kitchen whose true.,Production       ,Field Engineering / Operations,1967,Northeast,Project / Site Management,Female,76162,Black,Divorced,Fully Meets,2,False,58.16290212183436,436,Entry
3187,2022-12-13,2023-01-11,Production,Eric Riley Jr.,PYZ,Active,Contract,Zone C,Full-Time,Resignation,Wide smile scene such society contain.,Production       ,Field Engineering / Operations,1962,Northeast,Project / Site Management,Female,13522,Black,Single,PIP,3,False,63.23066392881588,29,Entry
3188,2022-11-06,,Production,Kathy Wong,SVG,Active,Part-Time,Zone C,Part-Time,Unk,,Production       ,Field Engineering / Operations,1978,Northeast,Labor & Site Work,Male,2956,Hispanic,Divorced,Fully Meets,4,True,46.65571526351814,968,Entry
3189,2023-08-04,,Production,Ernest Bates,TNS,Active,Full-Time,Zone C,Temporary,Unk,,Production       ,Project Management,,Northeast,Project / Site Management,Female,46851,Asian,Married,PIP,1,True,,697,Entry
3190,2020-11-15,,Production,Brittany Allen,WBL,Active,Contract,Zone C,Part-Time,Unk,,Production       ,General Operations,1998,Northeast,Admin & Support,Male,89125,White,Divorced,PIP,2,True,27.38672142368241,1689,Entry
3191,2022-07-06,2022-08-12,Production,Krystal Newton,BPC,Active,Part-Time,Zone A,Part-Time,Retirement,Read PM learn third clearly film news.,Production       ,IT,,Northeast,Field Operations,Male,29435,Black,Married,Fully Meets,2,False,,37,Entry
3192,2019-04-21,2022-01-12,Production,Alexandra Goodman,CCDR,Active,Full-Time,Zone A,Part-Time,Resignation,Ball they group who.,Production       ,Field Engineering / Operations,1997,Northeast,Labor & Site Work,Female,26250,Black,Single,Fully Meets,3,False,28.465434633812457,997,Entry
3193,2021-08-28,,Production,Kevin Baker,EW,Active,Full-Time,Zone C,Temporary,Unk,,Production       ,General Operations,,Northeast,Labor & Site Work,Female,67626,Black,Divorced,PIP,3,True,,1403,Entry
3194,2021-03-25,,Production,Holly Mooney,MSC,Active,Contract,Zone B,Full-Time,Unk,,Production       ,Field Engineering / Operations,1995,Northeast,Labor & Site Work,Female,46143,Asian,Divorced,Fully Meets,1,True,29.88911704312115,1559,Entry
3195,2020-07-16,2020-10-15,Production,Latasha Garrison,NEL,Active,Full-Time,Zone A,Full-Time,Resignation,Tonight address serve yard race.,Production       ,General Operations,,Northeast,Field Operations,Female,70709,White,Divorced,Fully Meets,2,False,,91,Entry
3196,2018-11-28,2021-08-14,Production,James Hawkins,PL,Active,Full-Time,Zone B,Temporary,Involuntary,Summer might develop TV magazine down.,Production       ,Field Engineering / Operations,1974,Northeast,Project / Site Management,Female,60139,Other,Divorced,Fully Meets,2,False,50.63381245722108,990,Entry
3197,2019-06-27,,Production,Kevin Mason,PYZ,Active,Contract,Zone A,Full-Time,Unk,,Production       ,General Operations,,Northeast,Field Operations,Female,15469,Hispanic,Divorced,PIP,1,True,,2196,Entry
3198,2023-01-04,,Production,Olivia Alexander,SVG,Active,Contract,Zone A,Temporary,Unk,,Production       ,General Operations,,Northeast,Labor & Site Work,Female,77690,Asian,Married,Fully Meets,2,True,,909,Entry
3199,2018-11-22,,Production,Austin Burke,BPC,Active,Full-Time,Zone B,Full-Time,Unk,,Production       ,Field Engineering / Operations,,Northeast,Engineering,Female,1778,Hispanic,Married,Fully Meets,2,True,,2413,Entry
3200,2021-01-08,,Production,Casey Landry,PL,Active,Part-Time,Zone B,Temporary,Unk,,Production       ,Consulting / Client Delivery,,Northeast,Engineering,Male,2138,Asian,Married,Fully Meets,4,True,,1635,Mid
3201,2022-11-18,,Production,Bobby Boyd,EW,Active,Part-Time,Zone A,Part-Time,Unk,,Production       ,Field Engineering / Operations,,Northeast,Field Operations,Female,2043,Asian,Widowed,Fully Meets,4,True,,956,Entry
3202,2020-06-21,2023-06-23,Production,Andrea Walls,WBL,Voluntarily Terminated,Contract,Zone A,Full-Time,Involuntary,Oil prepare serious affect.,Production       ,Field Engineering / Operations,,Northeast,Engineering,Female,1810,Other,Single,Fully Meets,4,False,,1097,Entry
3203,2021-01-19,2022-09-11,Production,John Lutz,PYZ,Voluntarily Terminated,Contract,Zone C,Part-Time,Voluntary,Subject network inside.,Production       ,General Operations,1961,Northeast,Admin & Support,Female,2343,White,Single,Fully Meets,4,False,63.80561259411362,600,Entry
3204,2023-06-04,,Production,Dominique Espinoza,BPC,Active,Contract,Zone C,Full-Time,Unk,,Production       ,General Operations,1959,Northeast,Admin & Support,Male,2155,White,Single,Fully Meets,4,True,65.63449691991786,758,Entry
3205,2020-08-13,2021-09-17,Production,Roy Bradshaw,TNS,Leave of Absence,Contract,Zone C,Part-Time,Voluntary,Notice strong involve music fact door move.,Production       ,Field Engineering / Operations,1988,Northeast,Field Operations,Female,1864,Asian,Married,Fully Meets,4,False,37.40999315537303,400,Entry
3206,2019-09-06,,Production,Bonnie Clayton,BPC,Active,Part-Time,Zone A,Part-Time,Unk,,Production       ,Field Engineering / Operations,,Northeast,Labor & Site Work,Male,2062,Hispanic,Divorced,Fully Meets,2,True,,2125,Entry
3207,2022-03-27,,Production,Maria Nelson,PYZ,Active,Full-Time,Zone C,Temporary,Unk,,Production       ,Project Management,,Northeast,Project / Site Management,Female,2152,White,Widowed,Fully Meets,5,True,,1192,Entry
3208,2020-12-25,2023-03-08,Production,Jeffrey Gray,CCDR,Voluntarily Terminated,Contract,Zone A,Temporary,Resignation,Own road black catch help agreement.,Production       ,Field Engineering / Operations,1973,Northeast,Field Operations,Male,2171,Hispanic,Divorced,Fully Meets,2,False,51.82203969883641,803,Entry
3209,2021-04-24,,Production,Jennifer Baker,PL,Active,Contract,Zone A,Full-Time,Unk,,Production       ,General Operations,,Northeast,Field Operations,Male,2458,Hispanic,Widowed,Fully Meets,5,True,,1529,Mid
3210,2020-05-12,,Production,Jessica Scott,WBL,Active,Full-Time,Zone A,Full-Time,Unk,,Production       ,Field Engineering / Operations,,Northeast,Field Operations,Female,2050,Hispanic,Divorced,Fully Meets,5,True,,1876,Entry
3211,2023-05-23,,Production,Pamela Wilson,SVG,Active,Part-Time,Zone B,Part-Time,Unk,,Production       ,General Operations,,Northeast,Admin & Support,Female,1824,Other,Married,Fully Meets,2,True,,770,Mid
3212,2020-12-27,2022-05-22,Production,Matthew Brown,PYZ,Voluntarily Terminated,Full-Time,Zone C,Part-Time,Resignation,Style now then seven.,Production       ,Field Engineering / Operations,,Northeast,Project / Site Management,Male,2126,Asian,Married,Fully Meets,5,False,,511,Mid
3213,2018-11-17,2019-12-27,Production,Brandy Ferguson,WBL,Active,Full-Time,Zone A,Part-Time,Involuntary,Mr everyone identify how pressure way.,Production       ,Field Engineering / Operations,,Northeast,Labor & Site Work,Male,1550,Hispanic,Widowed,Fully Meets,2,False,,405,Entry
3214,2019-07-16,,Production,Danielle Green,PYZ,Active,Part-Time,Zone B,Temporary,Unk,,Production       ,General Operations,,Northeast,Labor & Site Work,Female,1742,Asian,Widowed,Fully Meets,2,True,,2177,Entry
3215,2020-01-25,,Production,Jeffery Patterson,SVG,Active,Contract,Zone A,Part-Time,Unk,,Production       ,General Operations,1973,Northeast,Admin & Support,Male,1810,White,Divorced,Fully Meets,3,True,52.0766598220397,1984,Mid
3216,2021-08-16,,Production,Margaret Murphy MD,MSC,Active,Part-Time,Zone A,Temporary,Unk,,Production       ,Field Engineering / Operations,,Northeast,Engineering,Female,2474,Other,Divorced,Fully Meets,5,True,,1415,Entry
3217,2019-01-20,2019-10-01,Production,Karen Munoz,BPC,Voluntarily Terminated,Contract,Zone B,Full-Time,Resignation,Summer begin quickly.,Production       ,General Operations,,Northeast,Field Operations,Female,1810,White,Single,Fully Meets,3,False,,254,Mid
3218,2018-09-04,,Production,Michael Kelly,SVG,Active,Full-Time,Zone C,Part-Time,Unk,,Production       ,Field Engineering / Operations,,Northeast,Labor & Site Work,Male,1880,Other,Widowed,Fully Meets,5,True,,2492,Entry
3219,2019-09-20,,Production,Kelly Hudson,PL,Active,Full-Time,Zone B,Full-Time,Unk,,Production       ,Executive,,Northeast,Admin & Support,Female,2126,Black,Widowed,Fully Meets,3,True,,2111,Mid
3220,2023-07-24,,Production,Brittney Collins,SVG,Active,Part-Time,Zone A,Full-Time,Unk,,Production       ,Field Engineering / Operations,1980,Northeast,Field Operations,Female,2184,Other,Divorced,Fully Meets,1,True,44.72005475701575,708,Entry
3221,2023-07-05,,Production,Felicia Williams,PL,Active,Full-Time,Zone B,Temporary,Unk,,Production       ,Field Engineering / Operations,,Northeast,Project / Site Management,Male,69598,Other,Single,Fully Meets,4,True,,727,Entry
3222,2021-01-11,,Production,Andrea Welch,BPC,Active,Contract,Zone A,Part-Time,Unk,,Production       ,Logistics / Maintenance,,Northeast,Project / Site Management,Female,28908,Hispanic,Married,Fully Meets,2,True,,1632,Entry
3223,2022-11-06,,Production,Jennifer Lopez,CCDR,Active,Full-Time,Zone A,Full-Time,Unk,,Production       ,Field Engineering / Operations,1952,Northeast,Other,Female,35854,Asian,Single,Fully Meets,5,True,72.7173169062286,968,Entry
3224,2023-04-03,,Production,Dawn Schultz,SVG,Active,Part-Time,Zone A,Part-Time,Unk,,Production       ,HR / People Services,1970,Northeast,Project / Site Management,Female,69030,White,Single,Fully Meets,5,True,55.39767282683093,820,Entry
3225,2021-06-07,2023-06-23,Production,Emily Rodriguez,EW,Active,Contract,Zone B,Part-Time,Retirement,Environmental region affect have it.,Production       ,General Operations,,Northeast,Project / Site Management,Female,8088,White,Divorced,Fully Meets,3,False,,746,Entry
3226,2019-01-20,,Production,James Hamilton,MSC,Active,Contract,Zone B,Full-Time,Unk,,Production       ,General Operations,,Northeast,Field Operations,Female,50972,Black,Married,Fully Meets,4,True,,2354,Entry
3227,2021-11-20,2022-06-06,Production,Michelle Kramer,TNS,Leave of Absence,Contract,Zone A,Temporary,Involuntary,Hope any environment reflect realize.,Production       ,Field Engineering / Operations,1969,Northeast,Labor & Site Work,Female,1013,Black,Widowed,Fully Meets,2,False,55.98083504449008,198,Entry
3228,2019-05-27,2022-08-18,Production,Melissa Bennett,PYZ,Voluntarily Terminated,Full-Time,Zone C,Temporary,Involuntary,Eat unit push read. Weight decide prove defense.,Production       ,Field Engineering / Operations,1946,Northeast,Field Operations,Male,8223,Hispanic,Single,Fully Meets,2,False,79.07734428473648,1179,Entry
3229,2022-12-18,,Production,Bruce West,WBL,Active,Contract,Zone C,Temporary,Unk,,Production       ,Field Engineering / Operations,,Northeast,Project / Site Management,Male,15997,Other,Widowed,Fully Meets,1,True,,926,Entry
3230,2021-05-13,2023-07-13,Production,Patricia Lee,NEL,Leave of Absence,Full-Time,Zone C,Full-Time,Resignation,Condition whole however senior water.,Production       ,Field Engineering / Operations,,Northeast,Labor & Site Work,Female,55412,White,Single,Fully Meets,1,False,,791,Entry
3231,2021-05-24,,Production,Peter Smith,PL,Active,Full-Time,Zone C,Part-Time,Unk,,Production       ,Logistics / Maintenance,,Northeast,Maintenance & Logistics,Female,97872,White,Divorced,Exceeds,2,True,,1499,Entry
3232,2021-10-06,2022-05-19,Production,Carlos Miller,BPC,Leave of Absence,Part-Time,Zone B,Temporary,Resignation,Write arrive produce since.,Production       ,General Operations,,Northeast,Labor & Site Work,Male,26785,Other,Divorced,Fully Meets,1,False,,225,Entry
3233,2020-08-22,2020-08-26,Production,Jim Mccormick,CCDR,Leave of Absence,Contract,Zone C,Part-Time,Voluntary,Fact order police ability another pretty add.,Production       ,Field Engineering / Operations,1969,Northeast,Engineering,Male,14249,Asian,Widowed,Fully Meets,2,False,56.39151266255989,4,Entry
3234,2021-08-23,,Production,Catherine Harris,SVG,Active,Part-Time,Zone B,Temporary,Unk,,Production       ,General Operations,,Northeast,Admin & Support,Male,52819,Black,Widowed,Fully Meets,3,True,,1408,Entry
3235,2021-12-23,2022-10-17,Production,Jeffrey Webb,EW,Active,Contract,Zone C,Temporary,Resignation,Without option agent show term.,Production       ,Field Engineering / Operations,1963,Northeast,Engineering,Male,62173,Hispanic,Married,Fully Meets,2,False,61.91649555099247,298,Entry
3236,2022-01-24,2022-03-27,Production,James Williamson,NEL,Active,Contract,Zone C,Full-Time,Involuntary,Stuff painting partner my.,Production       ,HR / People Services,1979,Northeast,Other,Female,8702,Asian,Married,Fully Meets,5,False,46.07529089664613,62,Mid
3237,2022-11-21,,Production,Samantha David,PL,Active,Contract,Zone B,Temporary,Unk,,Production       ,General Operations,1987,Northeast,Engineering,Male,69369,White,Married,Fully Meets,4,True,37.56331279945243,953,Mid
3238,2018-12-04,2022-07-01,Production,Anne Gomez,PYZ,Voluntarily Terminated,Contract,Zone A,Part-Time,Voluntary,Organization above size discuss office.,Production       ,Field Engineering / Operations,2000,Northeast,Executive & Leadership,Male,39455,Other,Divorced,Fully Meets,4,False,24.82135523613963,1305,Mid
3239,2019-06-02,,Production,Brenda Chandler,SVG,Active,Part-Time,Zone C,Temporary,Unk,,Production       ,Field Engineering / Operations,,Northeast,Field Operations,Male,74781,Black,Single,Fully Meets,3,True,,2221,Mid
3240,2018-08-12,2019-07-05,Production,Taylor Kim,TNS,Voluntarily Terminated,Full-Time,Zone C,Temporary,Voluntary,Kid decision small fire year eat.,Production       ,Logistics / Maintenance,1980,Northeast,Maintenance & Logistics,Female,60148,Asian,Married,Fully Meets,2,False,45.3223819301848,327,Mid
3241,2022-05-15,,Production,Jessica Lawson,WBL,Active,Part-Time,Zone B,Full-Time,Unk,,Production       ,General Operations,1947,Northeast,Admin & Support,Female,56978,White,Divorced,Fully Meets,1,True,77.55509924709104,1143,Mid
3242,2021-11-23,2022-04-21,Production,Krista Hernandez,NEL,Voluntarily Terminated,Contract,Zone C,Full-Time,Resignation,If data from box movement bad service.,Production       ,Field Engineering / Operations,,Northeast,Field Operations,Male,46927,Hispanic,Single,Fully Meets,3,False,,149,Entry
3243,2020-12-13,,Production,Danielle Collins,PL,Active,Full-Time,Zone C,Full-Time,Unk,,Production       ,Field Engineering / Operations,1955,Northeast,Field Operations,Male,63497,Hispanic,Married,Fully Meets,2,True,70.39288158795345,1661,Entry
3244,2021-07-28,,Production,Mary Hines,BPC,Active,Part-Time,Zone C,Temporary,Unk,,Production       ,Logistics / Maintenance,,Northeast,Maintenance & Logistics,Female,67772,Black,Divorced,Fully Meets,2,True,,1434,Entry
3245,2019-06-07,2021-12-30,Production,Mrs. Vickie Barber,CCDR,Terminated for Cause,Full-Time,Zone A,Full-Time,Voluntary,Fly draw gun true deal sure.,Production       ,Field Engineering / Operations,1948,Northeast,Labor & Site Work,Female,62905,Black,Married,Fully Meets,1,False,77.22381930184805,937,Entry
3246,2019-06-12,2021-05-25,Production,Barry Hernandez,SVG,Terminated for Cause,Part-Time,Zone C,Part-Time,Retirement,With picture sport this after.,Production       ,Safety & Compliance,,Northeast,Health & Safety,Female,16673,White,Married,Fully Meets,4,False,,713,Entry
3247,2023-04-20,2023-08-06,Production,Glenn Kelly,EW,Active,Full-Time,Zone C,Part-Time,Resignation,Much already above care than.,Production       ,General Operations,,Northeast,Field Operations,Female,85847,Black,Single,Fully Meets,3,False,,108,Entry
3248,2018-08-07,2023-07-19,Production,Amy Reeves,MSC,Active,Contract,Zone B,Part-Time,Resignation,Approach together husband better.,Production       ,General Operations,,Northeast,Admin & Support,Female,27168,Hispanic,Single,Fully Meets,5,False,,1807,Entry
3249,2018-12-06,,Production,Mark Rodriguez,TNS,Active,Contract,Zone C,Part-Time,Unk,,Production       ,Field Engineering / Operations,,Northeast,Labor & Site Work,Male,26745,Black,Single,Fully Meets,3,True,,2399,Entry
3250,2021-03-25,,Production,Shawn Wallace,PYZ,Active,Full-Time,Zone B,Full-Time,Unk,,Production       ,Project Management,1997,Northeast,Project / Site Management,Male,25590,Asian,Married,Fully Meets,2,True,28.05475701574264,1559,Entry
3251,2019-02-15,2019-04-25,Production,Natalie Cox,WBL,Voluntarily Terminated,Contract,Zone A,Part-Time,Resignation,Any record environment.,Production       ,Field Engineering / Operations,1956,Northeast,Labor & Site Work,Male,36234,White,Divorced,Fully Meets,5,False,69.21834360027378,69,Entry
3252,2023-03-14,,Production,Sarah Cannon,NEL,Active,Full-Time,Zone A,Part-Time,Unk,,Production       ,Logistics / Maintenance,1993,Northeast,Maintenance & Logistics,Female,29287,Black,Divorced,PIP,4,True,31.66050650239562,840,Entry
3253,2019-09-01,2021-06-01,Production,Terrance Pitts,PL,Leave of Absence,Part-Time,Zone A,Part-Time,Involuntary,Star candidate seven television teacher all many.,Production       ,Field Engineering / Operations,,Northeast,Field Operations,Female,46895,White,Single,Fully Meets,2,False,,639,Entry
3254,2021-02-23,2022-07-13,Production,Samantha Gilbert,BPC,Leave of Absence,Full-Time,Zone B,Temporary,Voluntary,Save interest factor training.,Production       ,General Operations,,Northeast,Admin & Support,Male,25093,Other,Widowed,Fully Meets,3,False,,505,Entry
3255,2023-03-22,,Production,Natalie Lang,CCDR,Active,Contract,Zone C,Part-Time,Unk,,Production       ,Logistics / Maintenance,1961,Northeast,Admin & Support,Male,65332,Other,Widowed,Fully Meets,3,True,64.1533196440794,832,Entry
3256,2019-01-24,,Production,Kelsey Calhoun DDS,SVG,Active,Part-Time,Zone B,Part-Time,Unk,,Production       ,General Operations,,Northeast,Labor & Site Work,Male,4750,Black,Divorced,Fully Meets,5,True,,2350,Entry
3257,2020-11-19,,Production,Jeffrey Terry,PL,Active,Full-Time,Zone A,Full-Time,Unk,,Production       ,Field Engineering / Operations,1986,Northeast,Labor & Site Work,Female,89893,Other,Single,Fully Meets,3,True,39.22518822724162,1685,Mid
3258,2023-02-15,,Production,David Vargas,BPC,Active,Part-Time,Zone B,Temporary,Unk,,Production       ,Field Engineering / Operations,,Northeast,Project / Site Management,Male,27959,White,Single,Fully Meets,2,True,,867,Mid
3259,2022-05-09,2022-06-10,Production,Matthew York,CCDR,Voluntarily Terminated,Full-Time,Zone B,Full-Time,Resignation,Trouble hot lead article guess travel.,Production       ,Field Engineering / Operations,,Northeast,Field Operations,Male,71536,Hispanic,Single,Fully Meets,2,False,,32,Mid
3260,2021-10-06,,Production,Michael Mathews,SVG,Active,Contract,Zone B,Temporary,Unk,,Production       ,General Operations,,Northeast,Other,Male,86352,Hispanic,Single,Fully Meets,3,True,,1364,Mid
3261,2021-01-17,2023-06-25,Production,Philip Jackson,EW,Leave of Absence,Part-Time,Zone B,Temporary,Involuntary,Cause data speech tough garden body good.,Production       ,Field Engineering / Operations,1948,Northeast,Admin & Support,Male,18868,Hispanic,Widowed,Fully Meets,4,False,77.33333333333333,889,Mid
3262,2022-03-22,,Production,Samantha Williams,MSC,Active,Full-Time,Zone A,Full-Time,Unk,,Production       ,Field Engineering / Operations,,Northeast,Labor & Site Work,Female,69534,Black,Divorced,PIP,4,True,,1197,Mid
3263,2022-04-20,2023-04-30,Production,Renee Jones DVM,NEL,Voluntarily Terminated,Full-Time,Zone A,Part-Time,Involuntary,Measure question others smile oil.,Production       ,Field Engineering / Operations,,Northeast,Engineering,Male,41746,Asian,Single,PIP,2,False,,375,Entry
3264,2021-12-31,2023-05-10,Production,Jim Melton,PL,Terminated for Cause,Part-Time,Zone C,Part-Time,Involuntary,Attorney control write American.,Production       ,General Operations,1950,Northeast,Engineering,Male,16282,Asian,Married,Fully Meets,5,False,75.06091718001369,495,Entry
3265,2018-10-31,,Production,Anna Hogan,BPC,Active,Part-Time,Zone C,Full-Time,Unk,,Production       ,Field Engineering / Operations,,Northeast,Labor & Site Work,Female,26076,Asian,Single,Fully Meets,1,True,,2435,Entry
3266,2020-07-24,,Production,Andrew Garcia,CCDR,Active,Contract,Zone A,Full-Time,Unk,,Production       ,Field Engineering / Operations,,Northeast,Labor & Site Work,Female,22339,Black,Married,Fully Meets,2,True,,1803,Entry
3267,2019-12-12,2020-01-17,Production,Lindsey Aguilar,SVG,Active,Contract,Zone C,Part-Time,Voluntary,Smile wife newspaper attorney dog discuss write.,Production       ,Field Engineering / Operations,1963,Northeast,Labor & Site Work,Female,52402,Other,Single,Fully Meets,5,False,61.64818617385352,36,Entry
3268,2023-06-22,,Production,Terry Andrade,EW,Active,Contract,Zone A,Temporary,Unk,,Production       ,Field Engineering / Operations,,Northeast,Other,Female,43825,Asian,Single,Fully Meets,2,True,,740,Entry
3269,2021-06-20,,Production,Amanda Ball,MSC,Active,Full-Time,Zone C,Temporary,Unk,,Production       ,Field Engineering / Operations,2000,Northeast,Labor & Site Work,Male,92624,Asian,Married,Fully Meets,1,True,25.229295003422312,1472,Entry
3270,2019-10-31,,Production,Christina Nguyen,TNS,Active,Full-Time,Zone B,Full-Time,Unk,,Production       ,Field Engineering / Operations,1958,Northeast,Field Operations,Male,88948,Asian,Single,Fully Meets,2,True,67.22792607802874,2070,Entry
3271,2019-07-02,2022-11-26,Production,Kenneth Bender,PYZ,Voluntarily Terminated,Contract,Zone B,Part-Time,Involuntary,Talk it thousand score least try sound.,Production       ,Field Engineering / Operations,,Northeast,Engineering,Male,72709,Asian,Divorced,Fully Meets,3,False,,1243,Entry
3272,2023-02-10,,Production,Natasha Mathews,WBL,Active,Contract,Zone C,Part-Time,Unk,,Production       ,Field Engineering / Operations,,Northeast,Labor & Site Work,Male,38780,Other,Widowed,Fully Meets,3,True,,872,Entry
3273,2022-09-16,,Production,Tonya Jones,NEL,Active,Full-Time,Zone A,Temporary,Unk,,Production       ,HR / People Services,1998,Northeast,Project / Site Management,Female,24573,Asian,Divorced,Fully Meets,4,True,26.562628336755647,1019,Entry
3274,2020-01-21,2020-07-29,Production,Anthony Bass,PL,Leave of Absence,Part-Time,Zone B,Full-Time,Retirement,History force myself.,Production       ,Field Engineering / Operations,,Northeast,Project / Site Management,Female,30214,Other,Divorced,PIP,3,False,,190,Entry
3275,2022-11-16,,Production,Erin Lloyd,BPC,Active,Part-Time,Zone B,Temporary,Unk,,Production       ,General Operations,,Northeast,Project / Site Management,Male,66377,Other,Divorced,PIP,3,True,,958,Entry
3276,2021-01-25,,Production,Joshua Lee,CCDR,Active,Contract,Zone A,Temporary,Unk,,Production       ,Field Engineering / Operations,,Northeast,Project / Site Management,Male,83059,Asian,Divorced,Fully Meets,2,True,,1618,Entry
3277,2023-06-16,2023-06-24,Production,Darlene Garcia,NEL,Active,Part-Time,Zone B,Temporary,Retirement,Personal fear indeed rest also.,Production       ,Field Engineering / Operations,,Northeast,Project / Site Management,Female,86836,Hispanic,Married,Fully Meets,5,False,,8,Mid
3278,2020-09-08,2021-10-17,Production,Angela Griffin MD,PL,Active,Contract,Zone A,Part-Time,Retirement,Take nice into true side job.,Production       ,Field Engineering / Operations,,Northeast,Labor & Site Work,Female,4862,Black,Married,Fully Meets,4,False,,404,Mid
3279,2019-01-23,2020-11-24,Production,Katrina Davis,BPC,Active,Full-Time,Zone A,Full-Time,Involuntary,Market public task none past spend.,Production       ,Field Engineering / Operations,,Northeast,Project / Site Management,Male,53530,Black,Married,Fully Meets,5,False,,671,Mid
3280,2023-05-29,2023-07-23,Production,Tamara Bailey,CCDR,Voluntarily Terminated,Part-Time,Zone A,Temporary,Involuntary,Fast light home sign build not.,Production       ,Project Management,1983,Northeast,Project / Site Management,Male,59596,Other,Divorced,Fully Meets,5,False,41.97946611909651,55,Mid
3281,2019-08-16,,Production,Thomas Jones,SVG,Active,Contract,Zone B,Full-Time,Unk,,Production       ,General Operations,,Northeast,Labor & Site Work,Male,65633,Hispanic,Divorced,Fully Meets,5,True,,2146,Mid
3282,2020-06-04,,Production,Stephanie Lewis,EW,Active,Full-Time,Zone B,Full-Time,Unk,,Production       ,Field Engineering / Operations,,Northeast,Field Operations,Female,54457,Asian,Married,Fully Meets,3,True,,1853,Mid
3283,2020-07-21,,Production,Vanessa Garrison,MSC,Active,Contract,Zone B,Part-Time,Unk,,Production       ,Field Engineering / Operations,,Northeast,Field Operations,Female,16989,Hispanic,Married,Fully Meets,3,True,,1806,Mid
3284,2022-08-21,2023-03-29,Production,Jonathan Franco,EW,Voluntarily Terminated,Contract,Zone A,Part-Time,Resignation,Order protect raise exist by behind dream memory.,Production       ,Field Engineering / Operations,,Northeast,Field Operations,Male,22735,Other,Divorced,Fully Meets,2,False,,220,Entry
3285,2021-07-16,2023-06-12,Production,Mark Mills,MSC,Terminated for Cause,Contract,Zone B,Part-Time,Retirement,Know blue difficult let black choice require.,Production       ,Field Engineering / Operations,,Northeast,Labor & Site Work,Male,81424,Other,Single,PIP,4,False,,696,Entry
3286,2019-11-06,,Production,Kristina Hawkins,NEL,Active,Full-Time,Zone C,Temporary,Unk,,Production       ,Project Management,,Northeast,Project / Site Management,Female,70949,White,Divorced,PIP,3,True,,2064,Entry
3287,2021-01-01,,Production,Bobby Parker,PL,Active,Part-Time,Zone A,Temporary,Unk,,Production       ,General Operations,1979,Northeast,Labor & Site Work,Female,44442,Asian,Divorced,Fully Meets,1,True,46.05886379192334,1642,Entry
3288,2019-09-24,,Production,Mark Bolton,PYZ,Active,Full-Time,Zone A,Temporary,Unk,,Production       ,Field Engineering / Operations,,Northeast,Project / Site Management,Female,92307,White,Divorced,Fully Meets,2,True,,2107,Entry
3289,2020-05-17,,Production,Mr. Aaron Mcclain,SVG,Active,Contract,Zone A,Full-Time,Unk,,Production       ,General Operations,1980,Northeast,Labor & Site Work,Female,87752,White,Divorced,Fully Meets,4,True,44.64887063655031,1871,Entry
3290,2018-08-07,,Production,Jeffery Baker,TNS,Active,Part-Time,Zone A,Full-Time,Unk,,Production       ,Field Engineering / Operations,1995,Northeast,Maintenance & Logistics,Male,60198,Other,Single,Fully Meets,3,True,29.56605065023956,2520,Entry
3291,2023-08-01,,Production,Dustin Hoffman,WBL,Active,Contract,Zone C,Full-Time,Unk,,Production       ,General Operations,1957,Northeast,Labor & Site Work,Male,50905,Hispanic,Married,Fully Meets,2,True,67.89322381930185,700,Entry
3292,2019-01-12,2020-01-09,Production,Connor Wallace,PYZ,Voluntarily Terminated,Part-Time,Zone C,Part-Time,Retirement,Four read some later whether lose system.,Production       ,Field Engineering / Operations,,Northeast,Engineering,Male,2769,Asian,Single,Fully Meets,4,False,,362,Entry
3293,2021-04-09,2022-11-29,Production,Cindy Ruiz,WBL,Voluntarily Terminated,Contract,Zone C,Full-Time,Retirement,Toward make herself high red writer week.,Production       ,General Operations,1967,Northeast,Field Operations,Female,90732,Black,Married,Fully Meets,3,False,57.831622176591374,599,Entry
3294,2022-06-04,2022-12-24,Production,Regina Dickerson,NEL,Leave of Absence,Full-Time,Zone A,Temporary,Retirement,New begin remember understand.,Production       ,Field Engineering / Operations,1965,Northeast,Field Operations,Female,12076,Other,Divorced,Fully Meets,3,False,60.068446269678304,203,Entry
3295,2019-05-31,,Production,Joshua Wilson,PL,Active,Part-Time,Zone C,Full-Time,Unk,,Production       ,Field Engineering / Operations,,Northeast,Labor & Site Work,Female,27767,Black,Divorced,Fully Meets,5,True,,2223,Entry
3296,2019-01-07,2019-10-08,Production,Michael Palmer,BPC,Leave of Absence,Part-Time,Zone C,Full-Time,Voluntary,Maybe despite performance rather evidence.,Production       ,Field Engineering / Operations,1947,Northeast,Project / Site Management,Male,24886,White,Married,PIP,2,False,77.73305954825462,274,Entry
3297,2020-07-18,2021-04-20,Production,Bryan Beasley,CCDR,Leave of Absence,Contract,Zone A,Temporary,Retirement,Stock true summer together social.,Production       ,Field Engineering / Operations,1955,Northeast,Engineering,Male,25813,Black,Married,Fully Meets,4,False,69.71937029431896,276,Entry
3298,2020-11-19,2021-05-21,Production,Sarah Escobar,EW,Active,Full-Time,Zone A,Full-Time,Involuntary,Great unit evidence run.,Production       ,Field Engineering / Operations,1996,Northeast,Field Operations,Female,88404,Hispanic,Widowed,Fully Meets,5,False,29.308692676249144,183,Mid
3299,2022-11-10,,Production,Tabitha Cunningham,MSC,Active,Part-Time,Zone A,Full-Time,Unk,,Production       ,Field Engineering / Operations,1975,Northeast,Project / Site Management,Male,51576,White,Widowed,Fully Meets,4,True,50.05886379192334,964,Mid
3300,2021-03-25,2022-05-08,Production,Mr. Gregory Mullins MD,NEL,Active,Full-Time,Zone B,Part-Time,Resignation,Artist message call such.,Production       ,Field Engineering / Operations,,Northeast,Field Operations,Male,73771,White,Married,Fully Meets,2,False,,409,Mid
3301,2019-05-13,2022-08-13,Production,Michael Clark,PL,Voluntarily Terminated,Contract,Zone B,Full-Time,Retirement,On crime student tough note.,Production       ,Field Engineering / Operations,,Northeast,Project / Site Management,Male,65436,Black,Divorced,Fully Meets,1,False,,1188,Mid
3302,2019-06-07,2022-11-06,Production,Shawn Johnson,PYZ,Leave of Absence,Full-Time,Zone A,Part-Time,Retirement,Year ever end drive.,Production       ,General Operations,,Northeast,Field Operations,Female,77353,Hispanic,Married,Fully Meets,4,False,,1248,Mid
3303,2023-02-18,,Production,Kathy York,SVG,Active,Full-Time,Zone A,Part-Time,Unk,,Production       ,Field Engineering / Operations,1981,Northeast,Labor & Site Work,Female,49310,Black,Single,Fully Meets,3,True,43.63586584531143,864,Mid
3304,2019-04-02,,Production,Cynthia Morgan,TNS,Active,Part-Time,Zone A,Temporary,Unk,,Production       ,Field Engineering / Operations,1984,Northeast,Project / Site Management,Female,71443,Other,Single,Fully Meets,4,True,40.563997262149215,2282,Mid
3305,2020-11-30,2022-10-23,Production,Alex Lopez,WBL,Voluntarily Terminated,Contract,Zone C,Part-Time,Involuntary,Billion approach middle behind national describe.,Production       ,Project Management,1992,Northeast,Project / Site Management,Female,18362,Other,Widowed,Fully Meets,4,False,32.97741273100616,692,Entry
3306,2022-09-24,2022-10-27,Production,Angela Terry,NEL,Voluntarily Terminated,Full-Time,Zone A,Temporary,Voluntary,Reason common from ready.,Production       ,Field Engineering / Operations,,Northeast,Labor & Site Work,Male,78658,White,Married,PIP,4,False,,33,Entry
3307,2019-06-21,,Production,Henry Armstrong Jr.,PL,Active,Full-Time,Zone C,Full-Time,Unk,,Production       ,Executive,,Northeast,Executive & Leadership,Male,96247,Asian,Married,Fully Meets,4,True,,2202,Entry
3308,2022-06-10,,Production,Mary Kent,BPC,Active,Contract,Zone C,Temporary,Unk,,Production       ,General Operations,,Northeast,Admin & Support,Female,70865,Black,Married,Fully Meets,3,True,,1117,Entry
3309,2020-10-18,,Production,Kelly Brown,CCDR,Active,Part-Time,Zone B,Part-Time,Unk,,Production       ,Finance,,Northeast,Admin & Support,Female,24730,White,Single,Fully Meets,1,True,,1717,Entry
3310,2022-02-02,2023-02-04,Production,Sheryl Austin,SVG,Active,Part-Time,Zone B,Part-Time,Retirement,Course appear wait police car.,Production       ,Executive,,Northeast,Executive & Leadership,Female,53426,Asian,Married,Fully Meets,3,False,,367,Entry
3311,2021-06-17,2021-12-03,Production,Christina Kennedy,EW,Active,Contract,Zone A,Temporary,Retirement,Ready image offer. According and reveal land.,Production       ,Field Engineering / Operations,1974,Northeast,Project / Site Management,Female,15819,Black,Widowed,Fully Meets,4,False,51.304585900068446,169,Entry
3312,2018-12-01,,Production,Sara Grimes,MSC,Active,Part-Time,Zone C,Temporary,Unk,,Production       ,Field Engineering / Operations,,Northeast,Engineering,Male,27839,Hispanic,Married,Fully Meets,4,True,,2404,Entry
3313,2021-05-09,,Production,Teresa George,TNS,Active,Full-Time,Zone B,Full-Time,Unk,,Production       ,Field Engineering / Operations,,Northeast,Admin & Support,Male,36560,Hispanic,Married,Fully Meets,3,True,,1514,Entry
3314,2019-01-01,,Production,Shelly Turner,PYZ,Active,Part-Time,Zone A,Temporary,Unk,,Production       ,General Operations,,Northeast,Project / Site Management,Male,19525,Other,Widowed,Fully Meets,4,True,,2373,Entry
3315,2018-10-13,2020-03-18,Production,Crystal Richmond,WBL,Voluntarily Terminated,Full-Time,Zone C,Temporary,Involuntary,Director include student.,Production       ,Field Engineering / Operations,,Northeast,Other,Female,85181,Other,Widowed,Fully Meets,3,False,,522,Entry
3316,2020-04-25,2022-12-13,Production,Theresa Holmes,NEL,Leave of Absence,Part-Time,Zone C,Full-Time,Retirement,Movement beat thing attorney benefit mention I.,Production       ,Field Engineering / Operations,1975,Northeast,Field Operations,Female,37802,Hispanic,Widowed,Fully Meets,3,False,49.637234770705,962,Entry
3317,2022-03-17,,Production,Amanda Weiss,PL,Active,Part-Time,Zone C,Full-Time,Unk,,Production       ,Finance,1983,Northeast,Other,Female,90537,Other,Single,Fully Meets,3,True,42.23134839151266,1202,Entry
3318,2019-11-18,2022-02-10,Production,Thomas Figueroa,BPC,Leave of Absence,Part-Time,Zone A,Full-Time,Resignation,Make oil new effort begin. Smile work dinner.,Production       ,HR / People Services,1996,Northeast,Admin & Support,Male,61532,White,Divorced,Fully Meets,3,False,28.56125941136208,815,Entry
3319,2019-10-09,,Production,Bradley Snyder,NEL,Active,Full-Time,Zone B,Temporary,Unk,,Production       ,Field Engineering / Operations,,Northeast,Labor & Site Work,Female,34874,Hispanic,Married,Fully Meets,3,True,,2092,Mid
3320,2020-05-18,,Production,Dennis Richards,PL,Active,Part-Time,Zone A,Part-Time,Unk,,Production       ,General Operations,1969,Northeast,Project / Site Management,Male,31303,Other,Divorced,Fully Meets,5,True,55.98631074606434,1870,Mid
3321,2019-02-17,,Production,Eric Aguilar,BPC,Active,Contract,Zone B,Full-Time,Unk,,Production       ,Field Engineering / Operations,1986,Northeast,Field Operations,Male,37576,White,Single,Fully Meets,2,True,39.46885694729637,2326,Mid
3322,2020-07-31,2022-09-27,Production,Kathleen Bowen,CCDR,Voluntarily Terminated,Part-Time,Zone B,Full-Time,Voluntary,Different down happen near impact.,Production       ,Field Engineering / Operations,1943,Northeast,Field Operations,Male,25557,White,Single,Fully Meets,4,False,81.72758384668036,788,Mid
3323,2023-06-17,2023-07-13,Production,Chloe Berg,SVG,Leave of Absence,Full-Time,Zone C,Temporary,Voluntary,Expect serious occur forward again.,Production       ,Project Management,1962,Northeast,Labor & Site Work,Female,27946,Black,Married,Fully Meets,4,False,63.07460643394935,26,Mid
3324,2019-06-30,2022-07-24,Production,Anna Martinez,EW,Leave of Absence,Part-Time,Zone A,Part-Time,Involuntary,Teach human market real upon.,Production       ,Field Engineering / Operations,1952,Northeast,Other,Female,11516,Black,Divorced,PIP,3,False,72.65434633812457,1120,Mid
3325,2021-07-13,2022-03-11,Production,Christopher Blankenship,MSC,Voluntarily Terminated,Contract,Zone A,Part-Time,Involuntary,Few space energy down natural.,Production       ,Field Engineering / Operations,,Northeast,Field Operations,Female,19512,White,Single,Fully Meets,3,False,,241,Mid
3326,2022-01-14,,Production,Jackson Baird,PYZ,Active,Contract,Zone A,Temporary,Unk,,Production       ,General Operations,1941,Northeast,Labor & Site Work,Male,20146,Hispanic,Divorced,Fully Meets,3,True,83.82477754962355,1264,Entry
3327,2020-01-01,,Production,Randy Wright,WBL,Active,Contract,Zone C,Full-Time,Unk,,Production       ,Field Engineering / Operations,,Northeast,Field Operations,Female,91044,Hispanic,Widowed,Fully Meets,1,True,,2008,Entry
3328,2020-10-24,2023-04-11,Production,Pamela Carter,NEL,Voluntarily Terminated,Part-Time,Zone A,Full-Time,Resignation,Room that ahead sound work short right.,Production       ,Field Engineering / Operations,1961,Northeast,Engineering,Male,24046,White,Married,Fully Meets,3,False,64.39698836413416,899,Entry
3329,2020-10-24,,Production,Robert Rogers,PL,Active,Part-Time,Zone B,Full-Time,Unk,,Production       ,General Operations,1978,Northeast,Project / Site Management,Male,90483,Hispanic,Divorced,Fully Meets,4,True,46.72963723477071,1711,Entry
3330,2020-08-09,,Production,Michele Black,BPC,Active,Part-Time,Zone C,Part-Time,Unk,,Production       ,Field Engineering / Operations,,Northeast,Engineering,Female,83923,White,Divorced,Fully Meets,4,True,,1787,Entry
3331,2019-03-24,2020-10-16,Production,Stephanie Pierce,CCDR,Active,Full-Time,Zone A,Part-Time,Voluntary,Hair language song. Account father send talk.,Production       ,Field Engineering / Operations,1963,Northeast,Field Operations,Female,6014,Other,Single,Fully Meets,2,False,61.65092402464066,572,Entry
3332,2022-10-29,,Production,Rebecca Moreno,SVG,Active,Part-Time,Zone B,Temporary,Unk,,Production       ,Field Engineering / Operations,1961,Northeast,Other,Female,34868,Other,Widowed,Fully Meets,3,True,64.32032854209446,976,Entry
3333,2023-05-16,,Production,Jason Brady,EW,Active,Contract,Zone B,Temporary,Unk,,Production       ,Field Engineering / Operations,,Northeast,Admin & Support,Male,45740,Hispanic,Single,Fully Meets,3,True,,777,Entry
3334,2023-05-30,,Production,Jonathan Miller,MSC,Active,Part-Time,Zone B,Part-Time,Unk,,Production       ,Project Management,,Northeast,Engineering,Male,46494,White,Single,Fully Meets,3,True,,763,Entry
3335,2019-06-28,2021-12-16,Production,Mary Rivera,TNS,Voluntarily Terminated,Part-Time,Zone B,Temporary,Resignation,Certainly those above eye ball.,Production       ,Field Engineering / Operations,1992,Northeast,Field Operations,Male,38014,Other,Divorced,Fully Meets,3,False,33.23203285420944,902,Entry
3336,2023-03-25,2023-05-17,Production,Eric Huber,PYZ,Voluntarily Terminated,Contract,Zone A,Part-Time,Retirement,Take most future.,Production       ,General Operations,,Northeast,Project / Site Management,Male,75099,Asian,Divorced,Fully Meets,3,False,,53,Entry
3337,2022-08-26,,Production,Michael Avery,WBL,Active,Full-Time,Zone A,Part-Time,Unk,,Production       ,Field Engineering / Operations,,Northeast,Project / Site Management,Female,12948,Black,Single,Fully Meets,3,True,,1040,Entry
3338,2019-11-15,,Production,David Spears,NEL,Active,Contract,Zone C,Temporary,Unk,,Production       ,General Operations,1950,Northeast,Labor & Site Work,Female,67665,Hispanic,Divorced,Fully Meets,3,True,75.32375085557837,2055,Entry
3339,2021-08-22,,Production,Matthew Lyons,PL,Active,Part-Time,Zone C,Part-Time,Unk,,Production       ,IT,1951,Northeast,Engineering,Male,50557,Hispanic,Divorced,Fully Meets,5,True,73.55509924709104,1409,Entry
3340,2022-11-29,,Production,Jamie Murray,BPC,Active,Part-Time,Zone A,Full-Time,Unk,,Production       ,General Operations,1961,Northeast,Field Operations,Male,87065,White,Married,Fully Meets,3,True,64.14236824093086,945,Entry
3341,2022-10-15,2023-01-25,Production,Paul Watson,WBL,Active,Full-Time,Zone C,Temporary,Involuntary,A parent bit rich. Reflect north sometimes card.,Production       ,General Operations,,Northeast,Other,Female,78768,White,Single,Fully Meets,1,False,,102,Mid
3342,2021-07-31,,Production,Mrs. Danielle Sanchez,NEL,Active,Full-Time,Zone C,Part-Time,Unk,,Production       ,Field Engineering / Operations,,Northeast,Field Operations,Male,35072,Other,Widowed,Fully Meets,2,True,,1431,Mid
3343,2022-02-21,2023-05-26,Production,Kari Walker,PL,Active,Part-Time,Zone A,Full-Time,Retirement,Do onto consumer sign. War instead effect role.,Production       ,Field Engineering / Operations,,Northeast,Maintenance & Logistics,Male,87930,Hispanic,Married,Fully Meets,4,False,,459,Mid
3344,2021-08-29,,Production,Samantha Green,BPC,Active,Contract,Zone B,Temporary,Unk,,Production       ,General Operations,1958,Northeast,Field Operations,Male,71735,White,Married,Fully Meets,3,True,67.30458590006845,1402,Mid
3345,2021-12-13,2023-01-29,Production,Michael Spencer,CCDR,Voluntarily Terminated,Full-Time,Zone C,Part-Time,Retirement,We give end nation but. Other measure across.,Production       ,Project Management,1981,Northeast,Executive & Leadership,Male,66521,Asian,Single,Fully Meets,4,False,44.22724161533196,412,Mid
3346,2021-03-30,2022-02-12,Production,Juan Cooper,SVG,Leave of Absence,Part-Time,Zone B,Temporary,Involuntary,Shoulder build catch commercial.,Production       ,Logistics / Maintenance,1957,Northeast,Field Operations,Female,47048,Other,Divorced,Fully Meets,2,False,68.23271731690623,319,Mid
3347,2021-02-02,2022-05-13,Production,John Taylor,EW,Leave of Absence,Contract,Zone C,Temporary,Resignation,Family defense six believe drug action although.,Production       ,Field Engineering / Operations,,Northeast,Field Operations,Female,17960,Hispanic,Divorced,Fully Meets,3,False,,465,Mid
3348,2019-10-31,,Production,Michael Austin,MSC,Active,Part-Time,Zone A,Part-Time,Unk,,Production       ,General Operations,1987,Northeast,Labor & Site Work,Female,42857,Asian,Widowed,Fully Meets,2,True,37.58247775496236,2070,Mid
3349,2022-11-07,,Production,Sara Figueroa,WBL,Active,Contract,Zone A,Full-Time,Unk,,Production       ,General Operations,,Northeast,Engineering,Male,85935,Hispanic,Divorced,Fully Meets,3,True,,967,Entry
3350,2022-11-20,,Production,Samantha Butler,BPC,Active,Full-Time,Zone B,Part-Time,Unk,,Production       ,Project Management,1973,Northeast,Field Operations,Female,41824,Hispanic,Divorced,Fully Meets,5,True,52.47912388774812,954,Entry
3351,2021-12-15,2022-04-06,Production,Amanda White,CCDR,Voluntarily Terminated,Contract,Zone C,Part-Time,Involuntary,Black truth campaign player child control firm.,Production       ,Logistics / Maintenance,1974,Northeast,Maintenance & Logistics,Male,57006,Hispanic,Married,Fully Meets,2,False,50.81177275838467,112,Entry
3352,2023-02-22,,Production,Sarah Walker,EW,Active,Part-Time,Zone B,Full-Time,Unk,,Production       ,Field Engineering / Operations,1986,Northeast,Labor & Site Work,Male,82003,Other,Single,Fully Meets,3,True,39.23887748117728,860,Entry
3353,2020-03-29,,Production,Brent Davis,MSC,Active,Contract,Zone B,Part-Time,Unk,,Production       ,General Operations,1978,Northeast,Field Operations,Female,62032,Hispanic,Married,Fully Meets,3,True,47.05544147843943,1920,Entry
3354,2021-08-09,2023-06-16,Production,Michael Brown,NEL,Active,Part-Time,Zone A,Temporary,Retirement,Hundred still nearly stand risk treat.,Production       ,Field Engineering / Operations,,Northeast,Labor & Site Work,Female,14400,Asian,Single,Fully Meets,3,False,,676,Entry
3355,2023-01-02,2023-06-18,Production,Elizabeth Scott,PL,Active,Contract,Zone B,Part-Time,Resignation,Near fine four help likely. Because wrong nor.,Production       ,Field Engineering / Operations,,Northeast,Field Operations,Female,34876,White,Divorced,Fully Meets,5,False,,167,Entry
3356,2018-11-10,,Production,Marco Stephenson,PYZ,Active,Full-Time,Zone C,Part-Time,Unk,,Production       ,General Operations,,Northeast,Field Operations,Female,34856,Asian,Married,Needs Improvement,3,True,,2425,Entry
3357,2022-08-30,,Production,Kevin Fitzgerald,SVG,Active,Full-Time,Zone B,Temporary,Unk,,Production       ,Field Engineering / Operations,1942,Northeast,Executive & Leadership,Male,78039,Asian,Married,Exceeds,1,True,82.89390828199863,1036,Entry
3358,2021-07-30,2022-12-03,Production,Jerry Williams,TNS,Leave of Absence,Full-Time,Zone A,Part-Time,Voluntary,Style up reality per.,Production       ,Field Engineering / Operations,,Northeast,Labor & Site Work,Male,67062,Black,Divorced,Fully Meets,3,False,,491,Entry
3359,2020-11-29,,Production,James Ward,WBL,Active,Full-Time,Zone C,Temporary,Unk,,Production       ,Field Engineering / Operations,1980,Northeast,Labor & Site Work,Male,30982,Hispanic,Married,Exceeds,3,True,45.39356605065024,1675,Entry
3360,2021-03-24,,Production,Patrick Wood,BPC,Active,Part-Time,Zone A,Part-Time,Unk,,Production       ,General Operations,,Northeast,Health & Safety,Female,4369,Asian,Married,Exceeds,2,True,,1560,Entry
3361,2020-12-29,2022-02-23,Production,Patrick Hart,CCDR,Voluntarily Terminated,Part-Time,Zone B,Temporary,Voluntary,Situation election visit author five.,Production       ,General Operations,1943,Northeast,Field Operations,Female,65806,Other,Single,Exceeds,3,False,81.74127310061601,421,Entry
3362,2021-08-02,,Production,Linda Gonzales,EW,Active,Full-Time,Zone C,Temporary,Unk,,Production       ,Field Engineering / Operations,1967,Northeast,Labor & Site Work,Female,90552,Asian,Widowed,Exceeds,1,True,57.63997262149213,1429,Entry
3363,2022-03-30,,Production,Jack Branch,MSC,Active,Part-Time,Zone A,Temporary,Unk,,Production       ,Field Engineering / Operations,,Northeast,Labor & Site Work,Male,31018,Black,Married,Exceeds,5,True,,1189,Entry
3364,2021-03-05,2021-09-07,Production,Courtney Chambers,WBL,Active,Part-Time,Zone A,Temporary,Retirement,Court catch management cold total among.,Production       ,Field Engineering / Operations,1960,Northeast,Field Operations,Female,42754,Hispanic,Single,Exceeds,3,False,65.07049965776865,186,Mid
3365,2020-12-02,,Production,Andre Pacheco,NEL,Active,Contract,Zone B,Temporary,Unk,,Production       ,Project Management,,Northeast,Labor & Site Work,Male,24571,Asian,Divorced,Fully Meets,3,True,,1672,Mid
3366,2019-01-20,2020-01-18,Production,Angela Fowler,PL,Voluntarily Terminated,Contract,Zone C,Full-Time,Voluntary,Modern a study speak. Front choose central which.,Production       ,General Operations,,Northeast,Project / Site Management,Male,74701,Black,Widowed,Exceeds,4,False,,363,Mid
3367,2020-05-30,2022-02-01,Production,Patricia Doyle,BPC,Voluntarily Terminated,Full-Time,Zone B,Full-Time,Retirement,Tell heavy degree no early.,Production       ,Field Engineering / Operations,,Northeast,Labor & Site Work,Male,35065,Other,Single,Exceeds,2,False,,612,Mid
3368,2019-11-14,2023-05-14,Production,Benjamin Cook,CCDR,Leave of Absence,Part-Time,Zone B,Part-Time,Retirement,These these by when here attorney special.,Production       ,Field Engineering / Operations,1990,Northeast,Other,Male,61176,Black,Married,Exceeds,5,False,35.39493497604381,1277,Mid
3369,2022-07-27,2023-03-24,Production,Jeff Cabrera,SVG,Leave of Absence,Part-Time,Zone A,Temporary,Resignation,Teacher contain heart continue pay form short.,Production       ,General Operations,,Northeast,Other,Female,22374,Other,Single,Exceeds,2,False,,240,Mid
3370,2022-06-20,,Production,Chris Burke,EW,Active,Contract,Zone C,Temporary,Unk,,Production       ,General Operations,,Northeast,Labor & Site Work,Female,57215,Asian,Widowed,Exceeds,3,True,,1107,Mid
3371,2022-12-20,2023-03-22,Production,Keith Rasmussen,MSC,Voluntarily Terminated,Full-Time,Zone A,Full-Time,Resignation,Feel pattern require stand.,Production       ,Other,,Northeast,Project / Site Management,Female,5985,Hispanic,Married,Exceeds,3,False,,92,Mid
3372,2023-01-14,2023-03-14,Production,Tammy Small,TNS,Voluntarily Terminated,Contract,Zone C,Part-Time,Involuntary,Try statement audience too material film.,Production       ,Project Management,,Northeast,Project / Site Management,Female,94040,Asian,Divorced,Fully Meets,4,False,,59,Entry
3373,2018-09-22,,Production,Phillip Little,PYZ,Active,Contract,Zone A,Temporary,Unk,,Production       ,Field Engineering / Operations,1989,Northeast,Project / Site Management,Male,35546,Other,Married,Exceeds,2,True,36.39698836413415,2474,Entry
3374,2022-09-24,2023-03-10,Production,Thomas Rios,WBL,Voluntarily Terminated,Part-Time,Zone A,Temporary,Involuntary,Data imagine bill possible want.,Production       ,Field Engineering / Operations,1999,Northeast,Labor & Site Work,Male,33903,Hispanic,Divorced,Exceeds,4,False,25.57426420260096,167,Entry
3375,2020-06-08,2021-07-13,Production,Kathy Kelley,NEL,Voluntarily Terminated,Full-Time,Zone B,Full-Time,Voluntary,Theory majority born with.,Production       ,Field Engineering / Operations,,Northeast,Project / Site Management,Female,58194,Black,Divorced,Exceeds,3,False,,400,Entry
3376,2023-07-06,,Production,Christopher Sexton,PL,Active,Part-Time,Zone B,Temporary,Unk,,Production       ,Field Engineering / Operations,1986,Northeast,Field Operations,Female,7445,Asian,Single,Exceeds,5,True,38.63655030800821,726,Entry
3377,2020-02-24,2023-05-13,Production,Evan Schultz,BPC,Active,Part-Time,Zone A,Temporary,Resignation,Tough very bad spend feeling college require.,Production       ,Field Engineering / Operations,1989,Northeast,Project / Site Management,Female,52336,Asian,Widowed,Exceeds,4,False,35.81656399726215,1174,Entry
3378,2021-05-26,,Production,Joshua Burton,CCDR,Active,Contract,Zone B,Temporary,Unk,,Production       ,General Operations,1993,Northeast,Field Operations,Female,53521,White,Single,Exceeds,3,True,31.822039698836413,1497,Entry
3379,2023-04-09,2023-06-14,Production,Walter Henry,SVG,Leave of Absence,Contract,Zone C,Part-Time,Voluntary,American community truth.,Production       ,IT,,Northeast,Other,Female,48347,Hispanic,Married,Exceeds,4,False,,66,Entry
3380,2023-06-27,,Production,Jonathan Richards,EW,Active,Full-Time,Zone C,Temporary,Unk,,Production       ,Field Engineering / Operations,,Northeast,Field Operations,Male,9268,Black,Widowed,Exceeds,1,True,,735,Entry
3381,2022-12-20,,Production,Kevin Escobar,MSC,Active,Contract,Zone C,Part-Time,Unk,,Production       ,Field Engineering / Operations,,Northeast,Project / Site Management,Male,20032,White,Single,Exceeds,3,True,,924,Entry
3382,2018-11-10,,Production,Thomas Elliott,TNS,Active,Part-Time,Zone C,Temporary,Unk,,Production       ,Field Engineering / Operations,,Northeast,Admin & Support,Male,59153,Other,Divorced,Exceeds,5,True,,2425,Entry
3383,2020-08-13,2020-10-02,Production,Jose Brown,PYZ,Voluntarily Terminated,Part-Time,Zone C,Part-Time,Resignation,Foot apply stay treatment local good issue.,Production       ,General Operations,1985,Northeast,Other,Female,20389,Hispanic,Divorced,Exceeds,2,False,40.24914442162902,50,Entry
3384,2019-03-07,,Production,Rachel Rice,WBL,Active,Full-Time,Zone C,Full-Time,Unk,,Production       ,Field Engineering / Operations,,Northeast,Field Operations,Female,26286,Hispanic,Married,Fully Meets,3,True,,2308,Entry
3385,2022-03-13,,Production,Cory Lopez,NEL,Active,Part-Time,Zone A,Full-Time,Unk,,Production       ,General Operations,1978,Northeast,Field Operations,Female,85739,Other,Divorced,Fully Meets,3,True,46.97604380561259,1206,Entry
3386,2019-11-25,2021-01-28,Production,Alec Phillips,WBL,Active,Contract,Zone C,Temporary,Voluntary,He four soldier employee central term.,Production       ,General Operations,,Northeast,Labor & Site Work,Female,45331,Hispanic,Widowed,Fully Meets,2,False,,430,Mid
3387,2019-03-06,,Production,David Hernandez,NEL,Active,Full-Time,Zone C,Full-Time,Unk,,Production       ,General Operations,,Northeast,Project / Site Management,Male,46093,Other,Widowed,Fully Meets,3,True,,2309,Mid
3388,2019-04-19,,Production,Heidi Terry,PL,Active,Part-Time,Zone A,Temporary,Unk,,Production       ,Field Engineering / Operations,,Northeast,Field Operations,Male,48911,Black,Divorced,Fully Meets,1,True,,2265,Mid
3389,2020-08-12,,Production,Travis Griffith,BPC,Active,Full-Time,Zone C,Temporary,Unk,,Production       ,Field Engineering / Operations,,Northeast,Labor & Site Work,Male,18226,Asian,Married,Fully Meets,1,True,,1784,Mid
3390,2022-10-21,2023-01-05,Production,Joanna Nguyen,CCDR,Leave of Absence,Part-Time,Zone B,Temporary,Voluntary,North next animal laugh threat no.,Production       ,Consulting / Client Delivery,1969,Northeast,Engineering,Female,90024,Hispanic,Married,Fully Meets,1,False,56.47091033538672,76,Mid
3391,2020-01-13,,Production,Amanda Young,SVG,Active,Part-Time,Zone C,Full-Time,Unk,,Production       ,General Operations,1991,Northeast,Project / Site Management,Female,2225,Black,Divorced,Fully Meets,3,True,33.65639972621492,1996,Mid
3392,2019-11-18,2021-09-22,Production,Sean Walsh,EW,Voluntarily Terminated,Full-Time,Zone B,Full-Time,Voluntary,Keep particular pass understand set.,Production       ,General Operations,,Northeast,Field Operations,Female,14864,Other,Single,Fully Meets,2,False,,674,Mid
3393,2018-08-25,,Production,Jerry Gilbert,BPC,Active,Contract,Zone B,Full-Time,Unk,,Production       ,General Operations,1942,Northeast,Labor & Site Work,Female,33532,Hispanic,Married,Needs Improvement,3,True,83.07460643394936,2502,Entry
3394,2021-05-24,,Production,Meghan Green,WBL,Active,Contract,Zone B,Temporary,Unk,,Production       ,Field Engineering / Operations,1949,Northeast,Field Operations,Male,37566,Black,Divorced,Fully Meets,2,True,76.0766598220397,1499,Entry
3395,2021-06-09,2022-01-13,Production,Penny Campbell DDS,TNS,Voluntarily Terminated,Part-Time,Zone A,Part-Time,Resignation,Without production religious.,Production       ,Field Engineering / Operations,1975,Northeast,Other,Female,88306,Other,Widowed,Needs Improvement,3,False,50.390143737166326,218,Entry
3396,2021-04-05,2021-11-29,Production,Stephanie Petty,SVG,Voluntarily Terminated,Part-Time,Zone B,Full-Time,Voluntary,That truth loss energy respond whole case stop.,Production       ,General Operations,,Northeast,Project / Site Management,Female,49024,Asian,Married,Fully Meets,4,False,,238,Entry
3397,2022-11-05,,Production,Alyssa Moore,PYZ,Active,Part-Time,Zone A,Part-Time,Unk,,Production       ,Field Engineering / Operations,,Northeast,Field Operations,Female,41302,Asian,Single,Fully Meets,3,True,,969,Entry
3398,2019-11-09,2022-09-03,Production,Danielle Hanson,PL,Active,Part-Time,Zone A,Full-Time,Retirement,Foot station left people foot.,Production       ,General Operations,1956,Northeast,Field Operations,Female,63776,Other,Single,Fully Meets,3,False,68.55304585900069,1029,Entry
3399,2022-06-05,2023-06-01,Production,Paige Savage,NEL,Active,Full-Time,Zone B,Full-Time,Involuntary,Central weight analysis great.,Production       ,Field Engineering / Operations,,Northeast,Field Operations,Female,16715,White,Widowed,Fully Meets,2,False,,361,Entry
3400,2021-09-21,,Production,Samantha Thomas,MSC,Active,Full-Time,Zone C,Temporary,Unk,,Production       ,Logistics / Maintenance,1970,Northeast,Maintenance & Logistics,Female,90974,Black,Divorced,Fully Meets,1,True,55.07460643394935,1379,Entry
3401,2021-11-10,2023-06-04,Production,Scott Powell,EW,Leave of Absence,Contract,Zone A,Full-Time,Involuntary,Think large why many.,Production       ,Field Engineering / Operations,1973,Northeast,Labor & Site Work,Male,3403,Hispanic,Married,Fully Meets,1,False,52.2217659137577,571,Entry
3402,2021-03-03,2022-04-12,Production,Laura Wong,CCDR,Voluntarily Terminated,Part-Time,Zone C,Full-Time,Voluntary,Impact voice participant school baby.,Production       ,Field Engineering / Operations,,Northeast,Engineering,Male,22662,Black,Single,Fully Meets,3,False,,405,Entry
3403,2021-02-19,2022-11-15,Production,Erin Allen,BPC,Voluntarily Terminated,Contract,Zone A,Full-Time,Retirement,According crime none method effort.,Production       ,Field Engineering / Operations,1975,Northeast,Labor & Site Work,Female,66066,Asian,Married,Exceeds,3,False,49.82614647501711,634,Entry
3404,2019-04-25,2022-11-11,Production,Ivan Bryant,PYZ,Leave of Absence,Part-Time,Zone C,Full-Time,Involuntary,Few success street.,Production       ,Field Engineering / Operations,,Northeast,Field Operations,Female,58775,Other,Divorced,Fully Meets,2,False,,1296,Entry
3405,2020-01-13,2022-10-21,Production,Karen Lin,WBL,Leave of Absence,Contract,Zone B,Full-Time,Voluntary,Often about size today.,Production       ,Field Engineering / Operations,1979,Northeast,Engineering,Female,12351,White,Single,Fully Meets,1,False,46.33264887063656,1012,Entry
3406,2020-03-25,2023-04-26,Production,Tina Munoz,NEL,Voluntarily Terminated,Contract,Zone C,Temporary,Involuntary,Politics in foreign up start.,Production       ,Finance,,Northeast,Admin & Support,Female,24805,Other,Single,Fully Meets,5,False,,1127,Entry
3407,2021-04-15,2023-05-11,Production,Aaron Stewart,WBL,Active,Part-Time,Zone C,Temporary,Voluntary,Maintain behavior project parent particular game.,Production       ,Field Engineering / Operations,,Northeast,Project / Site Management,Female,18000,Asian,Single,Fully Meets,5,False,,756,Mid
3408,2022-12-15,2023-04-25,Production,Nicole Holland,NEL,Voluntarily Terminated,Contract,Zone B,Full-Time,Resignation,Ball while speak. Issue free represent city.,Production       ,Field Engineering / Operations,1965,Northeast,Project / Site Management,Male,67579,Asian,Divorced,Fully Meets,3,False,60.47912388774812,131,Mid
3409,2022-10-08,2023-02-04,Production,Jonathan Brown,PL,Active,Contract,Zone B,Full-Time,Resignation,Century risk machine pay car region.,Production       ,Logistics / Maintenance,,Northeast,Labor & Site Work,Male,82704,Asian,Divorced,Fully Meets,4,False,,119,Mid
3410,2018-12-18,,Production,Kyle Hicks,BPC,Active,Contract,Zone C,Temporary,Unk,,Production       ,HR / People Services,1980,Northeast,Project / Site Management,Male,41572,Hispanic,Widowed,Fully Meets,3,True,44.98288843258042,2387,Mid
3411,2022-10-06,,Production,Howard Ryan,CCDR,Active,Full-Time,Zone B,Part-Time,Unk,,Production       ,General Operations,,Northeast,Admin & Support,Female,24028,Asian,Single,Fully Meets,2,True,,999,Mid
3412,2019-12-28,,Production,David Abbott,SVG,Active,Part-Time,Zone A,Full-Time,Unk,,Production       ,Logistics / Maintenance,,Northeast,Maintenance & Logistics,Female,68155,White,Divorced,Exceeds,3,True,,2012,Mid
3413,2019-11-25,,Production,Jackson Ward,EW,Active,Contract,Zone B,Temporary,Unk,,Production       ,Field Engineering / Operations,,Northeast,Labor & Site Work,Female,74549,White,Single,Fully Meets,5,True,,2045,Mid
3414,2022-06-03,,Production,Brandi Clark,MSC,Active,Contract,Zone C,Temporary,Unk,,Production       ,General Operations,1998,Northeast,Project / Site Management,Female,44418,Hispanic,Married,Exceeds,3,True,27.159479808350444,1124,Entry
3415,2022-09-09,2023-03-16,Production,Jerry Johnson,TNS,Voluntarily Terminated,Full-Time,Zone A,Part-Time,Retirement,Lay focus soldier federal short.,Production       ,Field Engineering / Operations,,Northeast,Other,Male,23971,Hispanic,Widowed,Fully Meets,3,False,,188,Entry
3416,2020-10-02,,Production,Amanda Fisher,BPC,Active,Full-Time,Zone B,Part-Time,Unk,,Production       ,Finance,,Northeast,Executive & Leadership,Male,46381,Asian,Married,Fully Meets,2,True,,1733,Entry
3417,2022-02-07,,Production,Clayton Davis,CCDR,Active,Part-Time,Zone A,Part-Time,Unk,,Production       ,Field Engineering / Operations,,Northeast,Other,Female,71282,Other,Widowed,Fully Meets,1,True,,1240,Entry
3418,2022-10-14,,Production,Nicholas Price,EW,Active,Part-Time,Zone B,Temporary,Unk,,Production       ,General Operations,1996,Northeast,Project / Site Management,Female,40277,Asian,Widowed,Fully Meets,4,True,28.88432580424367,991,Entry
3419,2019-10-14,,Production,Miss Sandra Mckinney,MSC,Active,Contract,Zone C,Temporary,Unk,,Production       ,General Operations,1952,Northeast,Project / Site Management,Female,39578,Black,Divorced,Fully Meets,2,True,72.56947296372347,2087,Entry
3420,2020-10-10,2022-08-05,Production,Lynn Smith,NEL,Active,Contract,Zone A,Full-Time,Voluntary,Reason stock professional clear allow two town.,Production       ,Field Engineering / Operations,1944,Northeast,Labor & Site Work,Female,18079,Other,Married,Fully Meets,2,False,80.88980150581793,664,Entry
3421,2022-05-09,2022-09-08,Production,Donna Lawson,PL,Active,Part-Time,Zone A,Part-Time,Retirement,Man the newspaper performance.,Production       ,Other,1959,Northeast,Project / Site Management,Female,57340,Other,Divorced,Fully Meets,1,False,66.0561259411362,122,Entry
3422,2022-06-22,2022-08-07,Production,Bethany Carter,PYZ,Leave of Absence,Part-Time,Zone C,Part-Time,Retirement,In forget fast.,Production       ,Field Engineering / Operations,,Northeast,Admin & Support,Female,44500,Other,Widowed,Fully Meets,3,False,,46,Entry
3423,2020-12-28,,Production,Caroline Harris,SVG,Active,Part-Time,Zone A,Full-Time,Unk,,Production       ,Field Engineering / Operations,2001,Northeast,Engineering,Male,35444,Black,Widowed,Fully Meets,3,True,24.057494866529773,1646,Entry
3424,2020-12-09,2022-08-04,Production,Mr. James Castillo,TNS,Voluntarily Terminated,Contract,Zone B,Temporary,Involuntary,Smile high bar white spend forget choice near.,Production       ,Field Engineering / Operations,,Northeast,Labor & Site Work,Male,6608,White,Single,Fully Meets,2,False,,603,Entry
3425,2019-05-28,2021-10-23,Production,Michael Woods,WBL,Voluntarily Terminated,Contract,Zone B,Full-Time,Resignation,Fine expect election either turn.,Production       ,Field Engineering / Operations,,Northeast,Project / Site Management,Female,3807,Hispanic,Divorced,Fully Meets,2,False,,879,Entry
3426,2022-04-27,,Production,Javier Mccall,BPC,Active,Full-Time,Zone B,Temporary,Unk,,Production       ,Field Engineering / Operations,1990,Northeast,Field Operations,Female,57487,White,Married,Fully Meets,2,True,34.80355920602327,1161,Entry
