EmpID,StartDate,ExitDate,Title,Supervisor,BusinessUnit,EmployeeStatus,EmployeeType,PayZone,EmployeeClassificationType,TerminationType,TerminationDescription,DepartmentType,Division,DOB,State,JobFunctionDescription,GenderCode,LocationCode,RaceDesc,MaritalDesc,Performance Score,Current Employee Rating
3427,2019-09-20,,Production Technician I,Peter Oneill,CCDR,Active,Contract,Zone C,Temporary,Unk,,Production       ,Finance & Accounting,7/10/1969,MA,Accounting,Female,34904,White,Widowed,Fully Meets,4
3428,2023-02-11,,Production Technician I,Renee Mccormick,EW,Active,Contract,Zone A,Part-Time,Unk,,Production       ,Aerial,30-08-1965,MA,Labor,Male,6593,Hispanic,Widowed,Fully Meets,3
3429,2018-12-10,,Area Sales Manager,Crystal Walker,PL,Active,Full-Time,Zone B,Part-Time,Unk,,Sales,General - Sga,6/10/1991,MA,Assistant,Male,2330,Hispanic,Widowed,Fully Meets,4
3430,2021-06-21,,Area Sales Manager,Rebekah Wright,CCDR,Active,Contract,Zone A,Full-Time,Unk,,Sales,Finance & Accounting,4/4/1998,ND,Clerk,Male,58782,Other,Single,Fully Meets,2
3431,2019-06-29,,Area Sales Manager,Jason Kim,TNS,Active,Contract,Zone A,Temporary,Unk,,Sales,General - Con,29-08-1969,FL,Laborer,Female,33174,Other,Married,Fully Meets,3
3432,2020-01-17,,Area Sales Manager,Sheri Campos,BPC,Active,Contract,Zone B,Full-Time,Unk,,Sales,Field Operations,3/4/1949,CT,Driver,Male,6050,Black,Married,Fully Meets,3
3433,2022-04-06,2023-07-03,Area Sales Manager,Jacob Braun,WBL,Active,Full-Time,Zone B,Temporary,Involuntary,Me see picture nature degree benefit.,Sales,General - Eng,1/7/1942,CA,Technician,Female,90007,Hispanic,Divorced,Exceeds,4
3434,2020-11-06,2023-01-29,Area Sales Manager,Tracy Marquez,CCDR,Active,Contract,Zone C,Full-Time,Involuntary,Blue community type skill story.,Sales,Engineers,7/3/1957,OR,Engineer,Female,97756,White,Divorced,Fully Meets,2
3435,2018-08-18,,Area Sales Manager,Sharon Becker,NEL,Active,Contract,Zone B,Part-Time,Unk,,Sales,Executive,15-05-1974,TX,Executive Assistant,Male,78789,Black,Widowed,Exceeds,3
3436,2022-01-21,2023-06-29,Area Sales Manager,George Jenkins,BPC,Active,Part-Time,Zone B,Temporary,Resignation,Summer personal bag.,Sales,Engineers,11/11/1949,TX,Engineer,Male,78207,Asian,Widowed,Fully Meets,5
3437,2023-08-04,,Area Sales Manager,Troy White,SVG,Active,Contract,Zone B,Temporary,Unk,,Sales,Field Operations,26-01-1964,IN,Technician,Female,46204,Other,Single,Fully Meets,5
3438,2018-08-10,2019-11-04,Area Sales Manager,Brian Miller,MSC,Active,Full-Time,Zone C,Temporary,Retirement,Alone once than. More condition pay far.,Sales,General - Con,6/4/1948,GA,Technician,Female,30428,Asian,Married,Fully Meets,3
3439,2022-05-25,2022-11-27,Area Sales Manager,Charles Parks,EW,Active,Full-Time,Zone A,Temporary,Involuntary,Foot in theory minute recognize test.,Sales,Splicing,24-11-1981,CO,Splicer,Male,80820,Other,Single,Fully Meets,3
3440,2019-12-05,2023-02-17,Area Sales Manager,Gregory Walker,CCDR,Active,Contract,Zone A,Full-Time,Resignation,Degree wish science when thing week old.,Sales,Finance & Accounting,6/11/1951,KY,Controller,Female,40220,White,Divorced,Fully Meets,3
3441,2019-04-28,,Area Sales Manager,Tyler Lewis,BPC,Active,Part-Time,Zone A,Part-Time,Unk,,Sales,General - Con,21-11-1989,NV,Lineman,Male,89139,Asian,Widowed,Exceeds,4
3442,2019-07-09,2022-06-16,Area Sales Manager,Ashley Scott,PYZ,Active,Full-Time,Zone A,Full-Time,Retirement,Fear particular method stage.,IT/IS,Field Operations,24-11-1952,MA,Laborer,Male,2810,Black,Single,Exceeds,2
3443,2021-04-05,2023-05-12,Area Sales Manager,Lauren Jones,WBL,Active,Full-Time,Zone C,Part-Time,Voluntary,Wall body wonder successful.,IT/IS,Project Management - Con,8/4/1994,KY,Coordinator,Male,2621,Asian,Widowed,Fully Meets,3
3444,2021-11-28,2022-02-04,Area Sales Manager,Matthew Jackson,NEL,Active,Contract,Zone A,Part-Time,Voluntary,Visit foot nearly radio treatment.,Sales,Engineers,15-11-1983,KY,Director,Male,44553,Other,Widowed,Fully Meets,3
3445,2021-01-16,,Area Sales Manager,Michelle Mitchell,PL,Active,Contract,Zone C,Full-Time,Unk,,Sales,Project Management - Con,7/12/1985,KY,Supervisor,Female,5360,Other,Married,Exceeds,4
3446,2021-08-24,,Area Sales Manager,Sydney French,BPC,Active,Part-Time,Zone A,Part-Time,Unk,,Sales,Field Operations,1/5/1996,TX,Driller,Female,16325,White,Divorced,Exceeds,2
3447,2020-05-26,2023-06-18,Area Sales Manager,Michelle Evans MD,CCDR,Future Start,Part-Time,Zone C,Part-Time,Involuntary,Unit pass office southern break one.,Sales,General - Con,17-02-1964,TX,Technician,Female,43481,Asian,Widowed,Fully Meets,3
3448,2019-10-01,2020-11-06,Area Sales Manager,Patricia Cook,SVG,Future Start,Full-Time,Zone A,Temporary,Retirement,List class mind.,Sales,Engineers,12/5/1958,TX,Specialist,Male,50705,Asian,Widowed,Fully Meets,3
3449,2023-05-10,2023-05-27,Area Sales Manager,Ashley Reeves,EW,Future Start,Contract,Zone B,Temporary,Involuntary,Price third parent evening.,Sales,General - Eng,18-09-1992,CO,Technician,Male,5168,Black,Single,Fully Meets,5
3450,2020-09-01,2022-12-04,Area Sales Manager,Stanley Harvey,MSC,Active,Contract,Zone C,Temporary,Resignation,Cause military a sense. Doctor property may.,Sales,Field Operations,11/8/1994,CO,Operator,Male,11765,Other,Single,Exceeds,2
3451,2021-02-18,2022-11-11,Area Sales Manager,Michael Bradshaw,TNS,Active,Contract,Zone C,Full-Time,Voluntary,Station another son positive.,Sales,General - Con,15-01-1968,CO,Technician,Male,71071,Other,Divorced,Exceeds,3
3452,2022-11-08,,Area Sales Manager,Debbie Crosby,PYZ,Active,Part-Time,Zone A,Part-Time,Unk,,Sales,General - Con,7/1/1947,IN,Foreman,Male,12122,Black,Divorced,Fully Meets,2
3453,2022-10-13,,Area Sales Manager,Elizabeth Taylor,WBL,Active,Contract,Zone C,Part-Time,Unk,,Sales,Fielders,7/4/1982,MA,Engineer,Male,87065,White,Widowed,Fully Meets,4
3454,2022-09-11,,Area Sales Manager,Brian Dunlap,PYZ,Active,Full-Time,Zone C,Full-Time,Unk,,IT/IS,General - Con,29-01-1970,KY,Foreman,Male,10415,Hispanic,Married,Needs Improvement,4
3455,2021-06-29,2022-07-05,Area Sales Manager,Daniel Rodriguez,WBL,Active,Full-Time,Zone C,Temporary,Resignation,Pm local take example fund. Small heavy listen.,Sales,Project Management - Eng,18-01-1999,KY,Manager,Male,3763,Other,Widowed,Exceeds,4
3456,2023-03-06,,Area Sales Manager,Martin Hammond,NEL,Active,Full-Time,Zone A,Temporary,Unk,,Sales,Field Operations,25-09-1946,KY,Technician,Female,79623,Black,Divorced,Fully Meets,3
3457,2020-09-25,,Area Sales Manager,Sara Bell,PL,Active,Full-Time,Zone B,Temporary,Unk,,Sales,Engineers,23-08-1947,KY,Technician,Female,69189,White,Divorced,Needs Improvement,3
3458,2022-04-28,2023-05-24,Area Sales Manager,Elizabeth Anderson,BPC,Future Start,Contract,Zone A,Full-Time,Voluntary,Several young whether that expert.,Sales,Field Operations,12/8/1996,TX,Laborer,Female,5194,Hispanic,Single,Needs Improvement,3
3459,2021-04-18,2022-06-21,Area Sales Manager,Erin Bailey,CCDR,Future Start,Part-Time,Zone A,Full-Time,Retirement,Science end approach democratic treatment.,Sales,General - Con,9/2/1944,TX,Splicer,Male,8779,Black,Widowed,Exceeds,2
3460,2020-02-19,,Area Sales Manager,Dennis Henderson,SVG,Active,Full-Time,Zone A,Full-Time,Unk,,Sales,Aerial,10/2/1944,TX,Lineman,Male,74682,Asian,Married,Fully Meets,3
3461,2019-07-18,2021-10-01,Area Sales Manager,Tammy Conner,EW,Future Start,Full-Time,Zone C,Part-Time,Resignation,Base scene central unit per argue. Might last of.,Sales,General - Con,29-12-1997,CO,Foreman,Male,78046,Hispanic,Married,Needs Improvement,1
3462,2018-09-13,2021-09-17,Area Sales Manager,Brianna Mathews,MSC,Active,Contract,Zone A,Full-Time,Involuntary,Yourself book budget product.,Sales,Field Operations,9/8/1942,CO,Coordinator,Male,27270,Hispanic,Divorced,Needs Improvement,3
3463,2020-04-30,2021-07-18,Area Sales Manager,Jessica Peters,TNS,Active,Part-Time,Zone A,Temporary,Retirement,Paper can score else investment.,Sales,Field Operations,21-06-1951,IN,Tower Hand,Male,12703,Hispanic,Single,Fully Meets,1
3464,2018-12-03,2022-09-09,Area Sales Manager,Mark Harris,PYZ,Active,Contract,Zone B,Full-Time,Involuntary,Stuff different color how.,Sales,Shop (Fleet),17-06-1998,MA,Mechanic,Male,66835,Black,Widowed,Needs Improvement,5
3465,2021-11-08,,Area Sales Manager,Elizabeth Tapia,WBL,Active,Full-Time,Zone B,Full-Time,Unk,,Sales,General - Con,7/1/1962,MA,Flagger,Male,66150,Asian,Divorced,Needs Improvement,3
3466,2022-04-13,2023-04-10,Area Sales Manager,Jon Holden,PYZ,Active,Part-Time,Zone C,Full-Time,Retirement,Sign figure employee card education.,IT/IS,Aerial,26-01-1979,KY,Supervisor,Male,64288,Other,Married,Exceeds,4
3467,2020-05-06,,Area Sales Manager,Michael Odonnell,WBL,Active,Contract,Zone A,Part-Time,Unk,,Sales,Fielders,14-05-1987,KY,Engineer,Female,94333,Asian,Divorced,Exceeds,1
3468,2019-09-09,,Area Sales Manager,Andres Parker,NEL,Active,Contract,Zone B,Temporary,Unk,,Sales,Wireline Construction,26-04-1998,KY,Foreman,Female,45453,Black,Single,Fully Meets,4
3469,2020-07-29,2023-01-05,Area Sales Manager,James Berry,PL,Future Start,Contract,Zone B,Full-Time,Resignation,Right cut matter arrive difference.,Sales,Field Operations,21-02-1945,TX,Driver,Female,81905,Asian,Divorced,Needs Improvement,3
3470,2018-11-14,2019-10-28,Area Sales Manager,Gail Ali,BPC,Future Start,Contract,Zone C,Part-Time,Retirement,Speak professor statement result.,Sales,Field Operations,31-05-1997,TX,Technician,Female,12491,Black,Married,Needs Improvement,3
3471,2020-02-29,,Area Sales Manager,John Marshall,CCDR,Active,Part-Time,Zone C,Temporary,Unk,,Sales,Field Operations,3/1/1967,TX,Foreman,Male,64350,Asian,Married,Fully Meets,4
3472,2023-01-15,,Area Sales Manager,Jessica Chang,SVG,Active,Contract,Zone C,Full-Time,Unk,,Sales,Project Management - Con,12/1/1982,TX,Director,Male,74124,Other,Married,Exceeds,4
3473,2023-06-29,,Area Sales Manager,Desiree Vang,EW,Active,Part-Time,Zone A,Temporary,Unk,,Sales,Shop (Fleet),1/10/1950,CO,Manager,Male,33379,Hispanic,Widowed,Exceeds,2
3474,2020-03-09,,Area Sales Manager,Andrew Goodman,MSC,Active,Full-Time,Zone A,Temporary,Unk,,Sales,Catv,16-12-1965,CO,Laborer,Male,34481,Other,Divorced,Fully Meets,2
3475,2021-09-21,2023-04-13,Area Sales Manager,Rebecca Simpson,TNS,Active,Full-Time,Zone C,Temporary,Resignation,Expert challenge education air none money wide.,Sales,General - Con,25-12-1957,IN,Foreman,Male,90406,Asian,Widowed,Fully Meets,2
3476,2023-06-12,2023-07-06,Area Sales Manager,Samantha Cardenas,PYZ,Active,Part-Time,Zone A,Temporary,Voluntary,Buy become improve guess business know.,Sales,Fielders,20-06-1945,MA,Engineer,Male,95774,Asian,Divorced,Needs Improvement,2
3477,2019-04-07,,Area Sales Manager,Nancy Johnson,PYZ,Active,Part-Time,Zone A,Full-Time,Unk,,IT/IS,Aerial,3/12/1969,KY,Laborer,Female,16058,Asian,Widowed,Needs Improvement,2
3478,2018-09-17,2019-01-09,Area Sales Manager,Richard Hodges,WBL,Active,Full-Time,Zone C,Temporary,Resignation,Read family dark scene scene guess.,Sales,Wireline Construction,10/10/1957,KY,Groundman,Female,45149,Hispanic,Married,Fully Meets,2
3479,2022-08-02,2023-04-02,Area Sales Manager,Madison Wilson,NEL,Active,Contract,Zone A,Part-Time,Involuntary,Somebody great could yet.,Sales,Project Management - Con,17-05-1962,TX,Technician,Female,96336,Hispanic,Widowed,Fully Meets,2
3480,2022-09-08,2022-10-16,Area Sales Manager,Eric King,PL,Future Start,Full-Time,Zone C,Temporary,Retirement,View vote contain within fight cup party war.,Sales,Catv,9/8/1946,TX,Supervisor,Female,75671,Black,Widowed,Fully Meets,1
3481,2019-03-07,2021-05-31,Area Sales Manager,Brandon Harris,BPC,Future Start,Full-Time,Zone C,Part-Time,Voluntary,Buy house certain wrong research chair.,Sales,Wireline Construction,11/12/1965,TX,Splicer,Male,61149,Other,Widowed,Fully Meets,4
3482,2019-10-29,2021-02-07,Area Sales Manager,Matthew Flores,CCDR,Future Start,Full-Time,Zone A,Temporary,Resignation,Miss onto none our discussion year.,Sales,Catv,11/2/1990,TX,Lineman,Male,57302,Asian,Divorced,Needs Improvement,2
3483,2021-09-26,,Area Sales Manager,Krystal Hamilton,SVG,Active,Part-Time,Zone B,Temporary,Unk,,Sales,Project Management - Con,19-06-1964,CO,Coordinator,Male,42605,Asian,Widowed,Fully Meets,1
3484,2018-08-29,,Area Sales Manager,Amber Hernandez,EW,Active,Part-Time,Zone B,Full-Time,Unk,,Sales,General - Con,18-07-1995,CO,Model Assistant,Male,64036,Other,Single,Fully Meets,4
3485,2021-10-26,,Area Sales Manager,Patricia Smith,MSC,Active,Contract,Zone C,Full-Time,Unk,,Sales,Field Operations,22-08-1994,CO,Laborer,Male,23173,White,Widowed,Fully Meets,5
3486,2022-10-31,2023-06-08,Area Sales Manager,Victoria Krause,TNS,Active,Part-Time,Zone C,Temporary,Involuntary,Nature finish modern push former American.,Sales,Fielders,14-11-1990,IN,Engineer,Male,19665,Other,Widowed,Fully Meets,4
3487,2023-03-15,,Area Sales Manager,Jesse Hunt,BPC,Active,Contract,Zone B,Part-Time,Unk,,Sales,General - Sga,1/2/1994,KY,Administrator,Female,41161,Other,Divorced,Fully Meets,4
3488,2022-09-09,,Area Sales Manager,Shane Jones,CCDR,Active,Contract,Zone B,Full-Time,Unk,,Sales,Wireline Construction,12/11/1997,KY,Lineman,Female,52499,Asian,Single,Fully Meets,2
3489,2022-03-04,,Area Sales Manager,Jessica Murphy,EW,Active,Part-Time,Zone A,Temporary,Unk,,Sales,Field Operations,2/5/1953,TX,Laborer,Female,25634,Black,Divorced,Fully Meets,2
3490,2019-02-11,,Area Sales Manager,Crystal Wallace,MSC,Active,Part-Time,Zone A,Part-Time,Unk,,Sales,General - Sga,10/7/1991,TX,Director,Female,37965,Hispanic,Divorced,Fully Meets,2
3491,2021-01-26,,Area Sales Manager,Tina Nelson,NEL,Active,Contract,Zone B,Full-Time,Unk,,Sales,Field Operations,2/6/1973,TX,Driver,Male,39504,White,Widowed,Fully Meets,5
3492,2019-11-26,,Area Sales Manager,Ashley Smith,PL,Active,Full-Time,Zone C,Full-Time,Unk,,Sales,General - Con,8/1/1993,CO,Clerk,Male,31676,Asian,Married,Fully Meets,1
3493,2019-07-15,,Area Sales Manager,Eric Taylor,PYZ,Active,Full-Time,Zone C,Full-Time,Unk,,Sales,Project Management - Con,17-04-1984,CO,Project Manager,Male,28784,Asian,Widowed,Fully Meets,5
3494,2020-06-18,,Area Sales Manager,Jacob Snyder,SVG,Active,Contract,Zone B,Full-Time,Unk,,Sales,General - Con,8/2/1994,CO,Technician,Male,90983,Black,Single,Fully Meets,4
3495,2023-06-22,2023-07-22,Area Sales Manager,Daniel Cabrera,TNS,Active,Part-Time,Zone B,Temporary,Retirement,Night company image able suggest.,Sales,Wireline Construction,27-01-1993,IN,Laborer,Male,1115,Other,Married,Fully Meets,4
3496,2021-12-02,,Area Sales Manager,Barbara Garcia,WBL,Active,Contract,Zone A,Part-Time,Unk,,Sales,General - Sga,19-09-1964,CA,Administrator,Male,72233,Other,Widowed,Fully Meets,5
3497,2021-12-08,,Area Sales Manager,Kendra Murray,TNS,Active,Part-Time,Zone C,Temporary,Unk,,Sales,Project Management - Con,18-02-1981,OR,Lineman,Female,58210,Hispanic,Widowed,Fully Meets,1
3498,2023-04-26,2023-06-22,Area Sales Manager,Peter Harvey,PYZ,Active,Full-Time,Zone A,Full-Time,Voluntary,About allow article. For gas player magazine.,Sales,General - Sga,17-10-1998,KY,Laborer,Female,36087,White,Widowed,Fully Meets,2
3499,2018-09-25,2021-12-20,Area Sales Manager,Patrick Daniel,WBL,Active,Part-Time,Zone C,Temporary,Involuntary,Seem hand dog. Us six beyond place fund well.,Sales,Field Operations,16-01-1971,KY,Technician,Female,61457,Asian,Widowed,Fully Meets,5
3500,2018-11-20,2020-06-21,Area Sales Manager,Bryan Douglas,NEL,Active,Full-Time,Zone B,Part-Time,Voluntary,Game hour boy not write somebody owner.,Sales,Shop (Fleet),25-02-2000,TX,Mechanic,Female,80424,White,Divorced,Fully Meets,1
3501,2020-08-30,2022-08-30,Area Sales Manager,Destiny Hopkins,PL,Future Start,Part-Time,Zone A,Part-Time,Retirement,Worker medical commercial participant tough leg.,Sales,General - Con,19-04-1959,TX,Technician,Male,6240,Other,Widowed,Fully Meets,4
3502,2019-10-01,,Area Sales Manager,Angela Morris,BPC,Active,Full-Time,Zone C,Temporary,Unk,,Sales,Splicing,29-06-1976,TX,Electrician,Male,49914,White,Married,Fully Meets,1
3503,2022-01-20,,Area Sales Manager,Erica Franklin,CCDR,Active,Part-Time,Zone A,Temporary,Unk,,Sales,Project Management - Con,27-07-1951,CO,Manager,Male,71319,Other,Single,Fully Meets,4
3504,2021-10-10,,Area Sales Manager,Gabriela Orr,SVG,Active,Full-Time,Zone B,Part-Time,Unk,,Sales,General - Con,23-08-1980,CO,Laborer,Male,27992,Hispanic,Married,Fully Meets,2
3505,2020-08-29,,Area Sales Manager,Michael Wilkins,EW,Active,Contract,Zone B,Temporary,Unk,,Sales,Field Operations,24-07-1943,IN,Groundman,Male,72324,Hispanic,Widowed,Fully Meets,1
3506,2019-08-27,2023-05-10,Area Sales Manager,Jordan Vega,MSC,Active,Full-Time,Zone B,Temporary,Voluntary,Fund nor half early miss follow.,Sales,Field Operations,6/7/1988,IN,Technician,Male,38740,Other,Married,Fully Meets,2
3507,2021-02-25,2023-04-07,Area Sales Manager,John Miller,TNS,Active,Full-Time,Zone A,Full-Time,Retirement,Line later deal stand sometimes too mind.,Sales,Project Management - Con,24-03-1973,CA,Manager,Male,9437,White,Single,Fully Meets,4
3508,2021-07-13,,Area Sales Manager,Trevor Adkins,CCDR,Active,Full-Time,Zone B,Part-Time,Unk,,Sales,Aerial,26-05-1942,OR,Laborer,Male,9385,Asian,Single,Fully Meets,5
3509,2021-04-14,,Area Sales Manager,Marcus Hunt,BPC,Active,Part-Time,Zone C,Full-Time,Unk,,Sales,General - Sga,4/11/1977,KY,Project Controls,Female,75993,Black,Married,Fully Meets,2
3510,2020-02-10,,Area Sales Manager,Jennifer King,PYZ,Active,Part-Time,Zone A,Full-Time,Unk,,Sales,General - Con,17-10-1956,KY,Laborer,Female,65329,Hispanic,Married,Fully Meets,2
3511,2021-08-17,2021-12-31,Area Sales Manager,Shawn Dudley,WBL,Active,Part-Time,Zone B,Full-Time,Resignation,Tell paper every.,Sales,Finance & Accounting,18-02-1997,KY,Director,Female,41111,Asian,Divorced,Fully Meets,4
3512,2023-04-17,2023-06-22,Area Sales Manager,Lindsay Chang,NEL,Future Start,Contract,Zone C,Temporary,Voluntary,Why sport must page bad.,Sales,Yard (Material Handling),25-10-1996,TX,Coordinator,Female,58860,Black,Single,Fully Meets,2
3513,2022-09-02,2023-05-24,Area Sales Manager,Sharon Ruiz,PL,Future Start,Contract,Zone C,Temporary,Involuntary,Something sense information final building.,Sales,General - Con,13-11-1959,TX,Laborer,Male,93051,Other,Married,Fully Meets,5
3514,2020-04-15,,Area Sales Manager,April Randolph,BPC,Active,Full-Time,Zone B,Part-Time,Unk,,Sales,Wireline Construction,3/1/1958,TX,Manager,Male,17419,Asian,Married,Fully Meets,1
3515,2022-03-09,2022-12-10,Area Sales Manager,Mary Reilly,CCDR,Future Start,Part-Time,Zone A,Part-Time,Retirement,School see rest firm I.,Sales,Finance & Accounting,29-04-1997,CO,Controller,Male,59593,White,Single,Fully Meets,4
3516,2022-04-07,2023-01-22,Area Sales Manager,Eric Goodman,SVG,Active,Contract,Zone B,Part-Time,Retirement,Source doctor rock group this.,Sales,Project Management - Con,25-06-1988,CO,Coordinator,Male,96350,Asian,Divorced,Fully Meets,5
3517,2020-02-19,,Area Sales Manager,Caleb Schneider,EW,Active,Part-Time,Zone A,Part-Time,Unk,,Sales,Splicing,4/1/1942,IN,Splicer,Male,44469,Hispanic,Widowed,Fully Meets,4
3518,2021-04-10,2022-07-04,Area Sales Manager,Cheryl Henry,MSC,Active,Contract,Zone B,Part-Time,Involuntary,Little imagine career he produce program.,Sales,General - Eng,24-05-1969,CA,Coordinator,Female,13249,Hispanic,Married,Fully Meets,2
3519,2021-12-19,2022-03-02,Area Sales Manager,Dan Hernandez,TNS,Active,Part-Time,Zone C,Temporary,Resignation,Your very trip successful memory to while out.,Sales,Aerial,28-03-1951,CA,Groundman,Male,17123,Hispanic,Widowed,Fully Meets,2
3520,2020-12-13,2023-01-13,Area Sales Manager,Teresa Daniel,TNS,Active,Full-Time,Zone C,Temporary,Involuntary,Red some option.,Sales,Project Management - Con,1/3/1963,ND,Manager,Female,18983,Black,Divorced,Fully Meets,1
3521,2019-02-26,,Area Sales Manager,Melissa Decker,WBL,Active,Contract,Zone C,Part-Time,Unk,,Sales,General - Con,16-04-1949,KY,Electrician,Female,51795,Asian,Divorced,Fully Meets,4
3522,2020-03-02,,Area Sales Manager,Michael Nguyen,BPC,Active,Full-Time,Zone C,Part-Time,Unk,,Sales,Splicing,12/10/1983,KY,Splicer,Female,34369,Other,Single,Fully Meets,1
3523,2021-06-25,2022-08-25,Area Sales Manager,Tony Mcconnell,CCDR,Active,Full-Time,Zone A,Temporary,Resignation,Theory grow future week house.,Sales,General - Con,19-12-1978,KY,Laborer,Female,23092,Other,Single,Fully Meets,2
3524,2021-07-26,2022-05-04,Area Sales Manager,Adam Gibson,EW,Future Start,Contract,Zone B,Full-Time,Resignation,Inside week also so.,Sales,Field Operations,11/11/1999,TX,Laborer,Male,6074,Asian,Divorced,Fully Meets,2
3525,2022-07-03,2023-01-10,Area Sales Manager,Stephanie Duke,MSC,Future Start,Contract,Zone B,Temporary,Retirement,Surface vote old picture.,Sales,General - Con,29-01-1967,TX,Foreman,Male,72264,Hispanic,Single,Fully Meets,2
3526,2022-09-15,,Area Sales Manager,Paige Flores MD,NEL,Active,Full-Time,Zone B,Full-Time,Unk,,Sales,General - Con,30-05-1948,TX,Foreman,Male,28282,White,Widowed,Fully Meets,4
3527,2020-05-01,2021-02-25,Area Sales Manager,Hannah Snyder,PL,Active,Full-Time,Zone B,Temporary,Retirement,Especially thing recognize year fine shoulder.,Sales,Aerial,15-10-1974,CO,Lineman,Male,46645,Black,Married,Fully Meets,1
3528,2022-10-13,,Area Sales Manager,William Ayala,PYZ,Active,Full-Time,Zone C,Part-Time,Unk,,Sales,Finance & Accounting,13-12-1991,CO,Accounting,Male,10790,Hispanic,Widowed,Fully Meets,2
3529,2020-01-03,2020-08-24,Area Sales Manager,Samuel Moore,SVG,Active,Part-Time,Zone C,Full-Time,Voluntary,Camera spring color about energy provide claim.,Sales,Field Operations,18-06-1994,IN,Top Hand,Male,67282,Hispanic,Single,Fully Meets,2
3530,2019-11-13,,Area Sales Manager,Jenna Weaver,TNS,Active,Full-Time,Zone B,Part-Time,Unk,,Sales,Field Operations,16-06-1993,CA,Tower Hand,Female,62321,Black,Widowed,Fully Meets,2
3531,2023-06-17,,Area Sales Manager,Dylan Blake,WBL,Active,Full-Time,Zone C,Full-Time,Unk,,Sales,Project Management - Con,18-05-1943,CA,Project Manager,Male,18409,Black,Divorced,Fully Meets,1
3532,2021-10-14,,Area Sales Manager,Monique Anderson,EW,Active,Part-Time,Zone B,Full-Time,Unk,,IT/IS,Wireless,27-11-1966,OR,Technician,Female,40306,Black,Widowed,Fully Meets,1
3533,2021-06-01,2023-07-16,Area Sales Manager,Kelsey Gibson,MSC,Active,Contract,Zone B,Full-Time,Voluntary,Pass language out side age evidence.,Sales,General - Sga,12/11/1966,ND,Administrator,Male,65183,White,Married,Fully Meets,2
3534,2018-09-14,,Area Sales Manager,Sonia Diaz,TNS,Active,Full-Time,Zone A,Full-Time,Unk,,Sales,Engineers,16-08-1959,KY,Engineer,Female,97002,Asian,Single,Fully Meets,4
3535,2018-12-11,2022-06-02,Area Sales Manager,Brian Morton,PYZ,Active,Full-Time,Zone A,Temporary,Retirement,Popular west moment natural step activity.,Sales,Fielders,2/2/1994,KY,Engineer,Female,29811,Black,Single,Fully Meets,4
3536,2022-08-06,,Area Sales Manager,Thomas Holmes,WBL,Active,Contract,Zone C,Temporary,Unk,,Sales,General - Sga,2/1/1989,GA,Administrative,Female,89169,Black,Single,Fully Meets,2
3537,2022-05-28,2023-02-24,Area Sales Manager,Dawn Perez,NEL,Future Start,Contract,Zone C,Part-Time,Retirement,Manager lead both sing.,Sales,Field Operations,11/7/1954,TX,Foreman,Male,63882,Hispanic,Married,Fully Meets,2
3538,2019-06-16,2022-03-05,Area Sales Manager,Diane Parker,PL,Future Start,Part-Time,Zone C,Part-Time,Resignation,And after why station much cell low.,Sales,Fielders,29-08-1959,TX,Engineer,Male,62328,Asian,Widowed,Fully Meets,2
3539,2019-12-08,,Area Sales Manager,John Johnson,BPC,Active,Full-Time,Zone C,Temporary,Unk,,Sales,General - Con,27-11-1983,CO,Foreman,Male,74448,Hispanic,Single,Fully Meets,5
3540,2020-03-12,2022-10-09,Area Sales Manager,Dakota Robinson,CCDR,Active,Full-Time,Zone B,Part-Time,Retirement,American rule surface very figure.,Sales,Splicing,9/6/1983,CO,Supervisor,Male,18721,White,Widowed,Exceeds,4
3541,2020-04-06,2023-07-24,Area Sales Manager,Melanie Garcia,SVG,Active,Full-Time,Zone B,Full-Time,Involuntary,Read stand western white article campaign dog.,Sales,Field Operations,27-10-1991,IN,Technician,Male,78938,Black,Married,Exceeds,2
3542,2023-04-15,,Area Sales Manager,Amanda Knight,EW,Active,Contract,Zone A,Temporary,Unk,,Sales,Field Operations,1/3/1948,IN,Manager,Male,45456,White,Married,Needs Improvement,1
3543,2020-11-10,,Area Sales Manager,Kimberly Cardenas,MSC,Active,Part-Time,Zone A,Temporary,Unk,,Sales,General - Con,18-02-1981,CA,Laborer,Female,45509,Black,Single,Fully Meets,2
3544,2023-06-29,2023-07-09,Area Sales Manager,Laura Salinas,TNS,Active,Contract,Zone A,Temporary,Retirement,Political likely land country.,Sales,Aerial,16-09-2000,CA,Foreman,Male,13902,Asian,Single,Fully Meets,2
3545,2022-03-07,,Area Sales Manager,Andres Jones,EW,Active,Full-Time,Zone C,Temporary,Unk,,IT/IS,Field Operations,28-01-1943,OR,Locator,Female,9733,Black,Widowed,Fully Meets,1
3546,2021-07-31,2023-01-27,Area Sales Manager,Jeffrey Huffman,CCDR,Active,Full-Time,Zone B,Part-Time,Voluntary,Baby million million soldier.,Sales,General - Con,14-07-1980,ND,Foreman,Male,35786,Hispanic,Widowed,Exceeds,1
3547,2022-01-20,,Area Sales Manager,Sara Edwards,BPC,Active,Contract,Zone B,Full-Time,Unk,,Sales,Project Management - Eng,25-03-1947,KY,Supervisor,Female,1919,Other,Married,Needs Improvement,2
3548,2021-07-11,2022-10-10,Area Sales Manager,Stephen Garcia,WBL,Active,Part-Time,Zone A,Full-Time,Resignation,Bit reveal forget the.,Sales,General - Con,25-01-1964,KY,Technician,Female,40135,White,Single,Fully Meets,1
3549,2018-10-15,2020-10-18,Area Sales Manager,Tracy Castro MD,TNS,Active,Full-Time,Zone C,Full-Time,Retirement,Fact southern recognize themselves type mean.,Sales,Field Operations,17-03-1955,GA,Technician,Female,72975,Black,Divorced,Fully Meets,2
3550,2021-11-26,2022-10-14,Area Sales Manager,Jennifer Hicks,SVG,Future Start,Part-Time,Zone C,Temporary,Resignation,Will person decade Republican.,Sales,Wireline Construction,26-03-1988,TX,Billing,Male,57754,White,Divorced,Fully Meets,1
3551,2018-08-11,,Area Sales Manager,Victoria Bailey,PYZ,Active,Part-Time,Zone C,Part-Time,Unk,,Sales,Engineers,4/7/1954,TX,Engineer,Male,81142,Black,Married,Needs Improvement,4
3552,2020-02-16,2020-06-03,Area Sales Manager,Maria Chan,PL,Active,Full-Time,Zone B,Full-Time,Retirement,Stand possible truth bank on meet daughter.,Sales,Field Operations,11/8/1942,CO,Foreman,Male,28714,White,Single,Needs Improvement,1
3553,2020-01-20,,Area Sales Manager,Regina Martinez,NEL,Active,Contract,Zone C,Temporary,Unk,,Sales,Field Operations,7/5/1949,CO,Foreman,Male,50379,Black,Divorced,Fully Meets,4
3554,2019-03-31,,Area Sales Manager,Tonya Martin,MSC,Active,Part-Time,Zone C,Temporary,Unk,,Sales,People Services,14-10-1958,IN,Cpo,Male,78385,Asian,Widowed,Fully Meets,1
3555,2023-01-06,2023-05-07,Area Sales Manager,Daniel Wolf,EW,Active,Full-Time,Zone C,Temporary,Resignation,Choose list of all nor stock.,Sales,General - Eng,11/1/1988,IN,Drafter,Female,48104,Hispanic,Widowed,Fully Meets,4
3556,2019-07-18,2020-01-15,Area Sales Manager,Sarah Petersen,CCDR,Active,Full-Time,Zone B,Temporary,Retirement,Community material much behind.,Sales,Wireline Construction,16-06-1961,CA,Vp,Male,86009,White,Single,Exceeds,2
3557,2019-02-13,,Area Sales Manager,Victoria Christian DDS,BPC,Active,Part-Time,Zone C,Temporary,Unk,,Sales,Field Operations,6/6/1960,MA,Operator,Male,68837,Other,Single,Fully Meets,2
3558,2018-12-30,,Production Technician I,Erin Moore,MSC,Active,Part-Time,Zone A,Part-Time,Unk,,Production       ,Yard (Material Handling),4/6/1959,MA,Manager,Female,2145,Black,Single,Fully Meets,1
3559,2019-11-06,2020-09-06,Production Technician I,Andrea Gutierrez,NEL,Active,Part-Time,Zone C,Full-Time,Retirement,Age approach seek person across yes care.,Production       ,Field Operations,18-11-1991,MA,Assistant,Male,1960,White,Single,Fully Meets,2
3560,2022-06-01,,Production Technician I,Wanda Ross DDS,MSC,Active,Contract,Zone C,Full-Time,Unk,,Production       ,Field Operations,18-02-1954,MA,Technician,Female,2127,Asian,Divorced,Exceeds,4
3561,2023-03-28,,Production Technician II,Steven King,BPC,Active,Part-Time,Zone C,Temporary,Unk,,Production       ,General - Con,31-01-1959,MA,Technician,Female,2171,White,Married,Fully Meets,5
3562,2019-05-21,2023-01-05,Production Technician I,Stephen Rodriguez,CCDR,Future Start,Contract,Zone B,Full-Time,Retirement,Whom summer common produce despite follow.,Production       ,Shop (Fleet),9/4/1954,MA,Manager,Female,1821,Other,Single,Exceeds,2
3563,2019-01-01,,Production Technician I,Patricia Carter,WBL,Active,Contract,Zone B,Full-Time,Unk,,Production       ,Field Operations,15-10-1946,MA,Driver,Male,2148,Black,Widowed,PIP,4
3564,2019-01-26,2020-12-02,Production Technician II,Diana Johnson,SVG,Voluntarily Terminated,Full-Time,Zone C,Temporary,Resignation,Week degree party available measure.,Production       ,Aerial,7/11/1994,MA,Lineman,Female,2122,White,Divorced,Fully Meets,1
3565,2021-09-11,,Production Technician I,Diana Good,WBL,Active,Part-Time,Zone B,Full-Time,Unk,,Production       ,General - Con,10/5/1968,MA,Lineman,Male,1887,Other,Divorced,Fully Meets,4
3566,2021-09-26,,Production Technician II,Desiree Stephens,PL,Active,Part-Time,Zone A,Part-Time,Unk,,Production       ,Aerial,5/10/1963,MA,Lineman,Male,1460,Black,Single,Fully Meets,2
3567,2023-03-04,,Production Technician I,Debra Garcia,EW,Active,Full-Time,Zone C,Full-Time,Unk,,Production       ,General - Sga,2/9/1966,MA,Technician,Male,2747,Asian,Widowed,Fully Meets,4
3568,2023-07-11,2023-07-29,Production Technician I,Susan Brown,EW,Voluntarily Terminated,Full-Time,Zone B,Part-Time,Involuntary,Couple really very hear.,Production       ,Field Operations,8/12/1974,MA,Foreman,Male,2478,Asian,Divorced,Fully Meets,2
3569,2019-02-09,2020-08-28,Production Technician I,Margaret Hampton,MSC,Active,Part-Time,Zone B,Temporary,Involuntary,Trial little must kitchen recently.,Production       ,Catv,19-07-1995,MA,Supervisor,Female,2763,Hispanic,Divorced,Fully Meets,2
3570,2019-04-19,2021-10-26,Production Technician II,Brandon Miller,TNS,Voluntarily Terminated,Full-Time,Zone B,Temporary,Voluntary,Change instead determine share far leg ground.,Production       ,Fielders,23-11-1974,MA,Engineer,Female,2445,Asian,Married,Fully Meets,1
3571,2022-07-07,2023-07-17,Production Technician I,Dr. Matthew Schmitt,NEL,Voluntarily Terminated,Part-Time,Zone C,Full-Time,Resignation,Heavy throughout program.,Production       ,Field Operations,29-08-1947,MA,Engineer,Female,1886,White,Widowed,Fully Meets,4
3572,2019-03-12,2020-05-19,Production Technician I,Shawn Berry,WBL,Active,Contract,Zone A,Part-Time,Retirement,Where first Mr remember crime.,Production       ,Fielders,7/6/1994,MA,Engineer,Male,2747,White,Single,Fully Meets,5
3573,2020-03-09,2021-10-17,Production Technician I,Brittany Martin,NEL,Active,Contract,Zone B,Full-Time,Involuntary,Cup purpose hundred region similar.,Production       ,Field Operations,26-10-1983,MA,Driller,Female,2346,Asian,Divorced,Exceeds,4
3574,2021-05-18,2022-01-04,Production Technician I,Timothy Weaver,WBL,Future Start,Contract,Zone B,Full-Time,Involuntary,News quite number answer program.,Production       ,Underground,6/5/1951,MA,Laborer,Female,2124,Hispanic,Widowed,Fully Meets,1
3575,2021-04-28,2022-01-18,Production Technician I,Amanda Smith,MSC,Voluntarily Terminated,Part-Time,Zone A,Temporary,Resignation,Big large training region.,Production       ,Field Operations,5/3/1987,MA,Groundman,Male,2445,Hispanic,Single,Exceeds,5
3576,2021-07-21,2023-04-26,Production Technician II,Marc Cummings,PL,Active,Full-Time,Zone B,Full-Time,Voluntary,Reflect off growth mouth have.,Production       ,Engineers,26-04-1992,MA,Project Manager,Female,2133,Asian,Single,Exceeds,4
3577,2019-09-15,,Production Technician I,James Rodriguez,BPC,Active,Part-Time,Zone C,Temporary,Unk,,Production       ,Field Operations,30-05-1957,MA,Tower Hand,Male,2129,White,Widowed,Fully Meets,4
3578,2019-05-04,,Production Technician I,Elizabeth Sullivan MD,WBL,Active,Full-Time,Zone A,Temporary,Unk,,Production       ,Field Operations,30-05-1957,MA,Technician,Male,1760,Hispanic,Married,Exceeds,2
3579,2021-05-20,,Production Technician II,Sean Marsh,BPC,Active,Full-Time,Zone C,Part-Time,Unk,,Production       ,Field Operations,15-11-1946,MA,Laborer,Female,1851,Asian,Widowed,Needs Improvement,4
3580,2019-12-16,,Production Technician I,Kathryn Wilkinson,PYZ,Active,Full-Time,Zone C,Full-Time,Unk,,Production       ,Field Operations,21-04-1942,MA,Foreman,Male,41016,Other,Married,Fully Meets,4
3581,2020-11-20,2023-05-01,Production Technician I,Paul Walker,SVG,Active,Full-Time,Zone A,Part-Time,Voluntary,Memory high then mind concern carry level life.,Production       ,Wireline Construction,8/3/1943,MA,Foreman,Male,18389,Other,Divorced,Fully Meets,2
3582,2020-08-19,2022-05-04,Production Technician I,Elizabeth Robertson,TNS,Active,Part-Time,Zone B,Part-Time,Retirement,Other might rise today.,Production       ,Yard (Material Handling),9/8/1968,MA,Laborer,Male,90676,Asian,Widowed,Fully Meets,4
3583,2021-04-28,2022-04-18,Production Technician I,Tasha Mayer,WBL,Active,Full-Time,Zone C,Temporary,Retirement,Others those data before major how.,Production       ,Field Operations,20-11-1958,MA,Construction Manager,Female,16011,White,Married,Needs Improvement,4
3584,2020-08-14,,Production Technician I,Chris Walker,BPC,Active,Contract,Zone C,Full-Time,Unk,,Production       ,Field Operations,7/11/1987,MA,Lineman,Female,2051,Other,Married,Fully Meets,4
3585,2021-12-22,,Production Technician I,Traci Floyd,CCDR,Active,Full-Time,Zone A,Full-Time,Unk,,Production       ,Yard (Material Handling),16-07-1992,MA,Laborer,Female,3074,Black,Divorced,Fully Meets,4
3586,2019-02-01,2019-02-10,Production Technician I,Veronica Wiley,EW,Active,Part-Time,Zone B,Full-Time,Resignation,Identify next game leader.,Production       ,People Services,27-12-2000,MA,Manager,Female,24711,Hispanic,Single,Fully Meets,2
3587,2021-05-10,2021-12-17,Production Technician I,Katherine Gay,MSC,Active,Full-Time,Zone B,Temporary,Resignation,Society red to able.,Production       ,General - Eng,25-12-1977,MA,Administrative,Male,74564,Other,Divorced,Fully Meets,2
3588,2019-06-25,2019-08-15,Production Technician I,Paul Lopez,NEL,Active,Full-Time,Zone C,Full-Time,Retirement,Everybody no four arrive major ten culture.,Production       ,Shop (Fleet),8/3/1972,MA,Mechanic,Male,14504,Black,Widowed,Fully Meets,2
3589,2019-04-25,,Production Technician I,Jay Bush,PL,Active,Contract,Zone B,Temporary,Unk,,Production       ,Field Operations,2/8/1951,MA,Laborer,Male,2683,White,Single,Fully Meets,1
3590,2021-02-25,2022-10-13,Production Technician I,Jessica Allen,PYZ,Future Start,Part-Time,Zone C,Full-Time,Retirement,Country as dream project office.,Production       ,Field Operations,31-05-1995,MA,Laborer,Male,66167,Asian,Widowed,Fully Meets,4
3591,2021-11-23,2023-05-29,Production Technician I,Dr. William Thompson,SVG,Future Start,Contract,Zone B,Part-Time,Voluntary,Quality decade director.,Production       ,Field Operations,14-11-1998,MA,Supervisor,Female,21634,White,Married,Needs Improvement,5
3592,2021-10-05,2022-06-18,Production Technician I,Mrs. Audrey Gonzalez DDS,TNS,Future Start,Contract,Zone B,Full-Time,Voluntary,Particular network available hospital.,Production       ,Field Operations,23-12-1998,MA,Technician,Male,9454,Other,Single,Fully Meets,3
3593,2020-05-30,,Production Technician I,Ashley Bradshaw,WBL,Active,Contract,Zone A,Full-Time,Unk,,Production       ,General - Con,11/11/1949,MA,Foreman,Male,48453,Asian,Married,Fully Meets,1
3594,2018-12-11,,Production Technician I,Ashley Meyer,PYZ,Active,Part-Time,Zone B,Part-Time,Unk,,Production       ,Field Operations,14-03-1968,MA,Technician,Male,72888,Black,Married,Needs Improvement,1
3595,2020-09-22,2022-09-14,Production Technician I,Nicole Delgado,WBL,Active,Contract,Zone A,Temporary,Resignation,Dark meeting play room head join truth involve.,Production       ,Engineers,2/3/1952,MA,Technician,Male,56703,Other,Divorced,Fully Meets,1
3596,2019-07-28,,Production Technician I,John Henry,NEL,Active,Part-Time,Zone C,Full-Time,Unk,,Production       ,Splicing,19-07-1982,MA,Technician,Male,33998,Other,Single,Needs Improvement,2
3597,2020-06-06,2021-04-14,Production Technician II,Autumn Decker,PYZ,Future Start,Contract,Zone C,Part-Time,Retirement,Democrat themselves deal future early.,Production       ,General - Con,31-10-1986,MA,Foreman,Female,17650,Black,Single,Fully Meets,1
3598,2018-09-28,2023-08-05,Production Technician II,Alex Moore,SVG,Voluntarily Terminated,Part-Time,Zone A,Full-Time,Resignation,Majority executive plan imagine.,Production       ,Project Management - Eng,6/10/1950,MA,Supervisor,Female,72750,Other,Married,Needs Improvement,1
3599,2020-04-12,,Production Technician II,Dana Smith,TNS,Active,Part-Time,Zone A,Temporary,Unk,,Production       ,General - Con,31-03-1950,MA,Technician,Female,14044,White,Divorced,Fully Meets,2
3600,2022-11-01,,Production Technician II,Bobby Serrano,WBL,Active,Contract,Zone B,Temporary,Unk,,Production       ,Field Operations,7/10/1949,MA,Technician,Female,34810,White,Single,Fully Meets,2
3601,2022-11-21,,Production Technician II,Robert Riley,BPC,Active,Part-Time,Zone B,Full-Time,Unk,,Production       ,Wireline Construction,22-07-1966,MA,Billing,Female,75187,White,Married,Fully Meets,5
3602,2021-04-11,2023-05-24,Production Technician II,Crystal Mcneil,CCDR,Voluntarily Terminated,Full-Time,Zone B,Part-Time,Involuntary,Quality audience deal assume.,Production       ,Engineers,12/10/1994,MA,Engineer,Female,30766,Hispanic,Married,Fully Meets,5
3603,2018-11-29,2019-02-21,Production Technician II,Christine Costa,EW,Voluntarily Terminated,Full-Time,Zone A,Part-Time,Resignation,To trial deep.,Production       ,Field Operations,15-02-1977,MA,Technician,Female,58348,White,Married,Fully Meets,2
3604,2019-01-16,2022-08-31,Production Technician II,Mark Hale,MSC,Active,Part-Time,Zone B,Full-Time,Resignation,Sometimes surface page stand area.,Production       ,Field Operations,9/3/1948,MA,Foreman,Female,44626,Hispanic,Divorced,Needs Improvement,4
3605,2019-09-18,,Production Technician I,Destiny Johnson,CCDR,Active,Contract,Zone C,Temporary,Unk,,Production       ,Engineers,25-08-1943,MA,Technician,Male,2315,Other,Divorced,Fully Meets,4
3606,2019-08-01,2023-01-20,Production Technician I,Eric Gonzales,SVG,Voluntarily Terminated,Part-Time,Zone C,Full-Time,Involuntary,Poor list reduce reality.,Production       ,Billable Consultants,13-03-1965,MA,Engineer,Male,95618,Other,Divorced,Fully Meets,3
3607,2019-06-18,2021-04-14,Production Technician I,Christopher Murray,EW,Active,Full-Time,Zone A,Full-Time,Resignation,Finally build do analysis beyond heavy.,Production       ,Project Management - Con,3/8/1976,MA,Coordinator,Male,15195,Other,Married,Fully Meets,5
3608,2019-02-13,,Production Technician I,Ashley Williamson,MSC,Active,Full-Time,Zone C,Part-Time,Unk,,Production       ,Field Operations,6/7/1979,MA,Technician,Male,74447,Other,Married,Fully Meets,3
3609,2021-06-02,,Production Technician I,Frederick Harrison,TNS,Active,Contract,Zone B,Full-Time,Unk,,Production       ,Shop (Fleet),9/6/1993,MA,Welder,Female,21318,Other,Widowed,Fully Meets,3
3610,2018-10-11,,Production Technician I,Brian Arnold,PYZ,Active,Part-Time,Zone C,Full-Time,Unk,,Production       ,Field Operations,7/4/1973,MA,Laborer,Female,51430,Other,Single,Fully Meets,3
3611,2021-03-09,,Production Technician I,Lori Reed,WBL,Active,Contract,Zone C,Full-Time,Unk,,Production       ,Project Management - Con,20-01-1952,MA,Technician,Female,85651,Hispanic,Married,Fully Meets,2
3612,2022-01-23,,Production Technician I,Trevor Rodriguez,NEL,Active,Contract,Zone A,Part-Time,Unk,,Production       ,Field Operations,25-12-1984,MA,Technician,Male,68900,Black,Single,PIP,4
3613,2019-02-24,,Production Technician I,Jason Owens,PL,Active,Contract,Zone B,Part-Time,Unk,,Production       ,Field Operations,14-06-1973,MA,Laborer,Male,9241,Asian,Married,Exceeds,1
3614,2020-01-08,2021-07-02,Production Technician I,Clifford Martinez,BPC,Active,Contract,Zone B,Temporary,Voluntary,Store common between real.,Production       ,Project Management - Con,31-08-1973,MA,Field Project Manager,Male,23691,White,Married,Fully Meets,2
3615,2021-05-13,2022-09-22,Production Technician I,Lee Hudson,CCDR,Future Start,Full-Time,Zone B,Part-Time,Retirement,View ever record ahead.,Production       ,General - Con,14-05-1986,MA,Manager,Male,74388,Asian,Divorced,Exceeds,2
3616,2022-02-12,,Production Technician I,Allison Tran,SVG,Active,Contract,Zone C,Full-Time,Unk,,Production       ,General - Con,24-03-1981,MA,Laborer,Female,14234,Hispanic,Married,Fully Meets,4
3617,2023-02-01,,Production Technician I,Pamela Johnson,EW,Active,Full-Time,Zone C,Full-Time,Unk,,Production       ,Wireline Construction,18-02-1961,MA,Splicer,Female,37635,Hispanic,Married,Fully Meets,1
3618,2023-02-04,,Production Technician I,Erin Harris,MSC,Active,Part-Time,Zone B,Temporary,Unk,,Production       ,Splicing,5/5/1944,MA,Splicer,Male,13186,Black,Married,Fully Meets,3
3619,2023-03-23,2023-05-01,Production Technician I,Robert Wright,TNS,Active,Full-Time,Zone A,Full-Time,Involuntary,Some others lot miss land similar.,Production       ,General - Con,17-03-1984,MA,Technician,Male,76278,Asian,Married,Fully Meets,3
3620,2023-03-22,2023-07-14,Production Technician I,Mr. Nicholas Austin,PYZ,Active,Part-Time,Zone A,Temporary,Involuntary,Outside sing song relationship action teach.,Production       ,General - Eng,12/10/1994,MA,Specialist,Male,77580,Hispanic,Married,Fully Meets,2
3621,2018-11-28,,Production Technician I,Natalie Cannon,WBL,Active,Contract,Zone A,Full-Time,Unk,,Production       ,Wireless,9/9/1997,MA,Laborer,Male,15586,White,Married,Fully Meets,2
3622,2020-07-09,2021-07-10,Production Technician II,Christopher Ayers,SVG,Active,Part-Time,Zone A,Temporary,Resignation,Song remember visit finish edge difficult down.,Production       ,Field Operations,16-10-1995,MA,Laborer,Female,75607,Hispanic,Divorced,Fully Meets,3
3623,2019-02-11,,Production Technician II,Elizabeth Burton,EW,Active,Part-Time,Zone A,Full-Time,Unk,,Production       ,Engineers,25-04-1958,MA,Engineer,Female,47289,Asian,Divorced,Fully Meets,3
3624,2020-01-09,,Production Technician II,Timothy Curtis,MSC,Active,Part-Time,Zone B,Part-Time,Unk,,Production       ,Technology / It,4/2/1996,MA,Engineer,Female,85711,Asian,Married,Fully Meets,4
3625,2021-11-11,2022-07-31,Production Technician II,Tammy Navarro,TNS,Voluntarily Terminated,Contract,Zone B,Part-Time,Resignation,Interesting final piece follow.,Production       ,Engineers,14-12-1975,MA,Engineer,Female,54392,Asian,Single,Fully Meets,5
3626,2021-05-15,,Production Technician II,Natalie Baker,PYZ,Active,Full-Time,Zone B,Temporary,Unk,,Production       ,Field Operations,28-10-1993,MA,Foreman,Female,61825,Asian,Single,Fully Meets,2
3627,2019-08-21,2022-10-28,Production Technician II,Jesse Wilson,WBL,Voluntarily Terminated,Contract,Zone C,Full-Time,Resignation,Sport enter think order determine.,Production       ,Field Operations,23-02-1967,MA,Supervisor,Female,52646,Black,Married,Fully Meets,3
3628,2020-09-18,,Production Technician II,Megan Small,NEL,Active,Contract,Zone B,Part-Time,Unk,,Production       ,Engineers,27-01-1946,MA,Technician,Female,56126,Hispanic,Married,Fully Meets,3
3629,2022-08-27,2022-12-03,Production Technician I,Dr. David Austin Jr.,NEL,Voluntarily Terminated,Contract,Zone B,Full-Time,Voluntary,Expect grow back list letter.,Production       ,Field Operations,26-11-1983,MA,Laborer,Male,70056,Black,Divorced,Fully Meets,5
3630,2019-02-23,,Production Technician I,Scott Davis,MSC,Active,Contract,Zone B,Full-Time,Unk,,Production       ,Field Operations,7/5/1965,MA,Laborer,Male,81819,Other,Widowed,Fully Meets,5
3631,2022-08-08,2022-10-25,Production Technician I,Kristin Salinas,EW,Active,Contract,Zone C,Full-Time,Retirement,Experience room top and including compare.,Production       ,Wireline Construction,28-04-1947,MA,Apprentice,Male,12978,Other,Divorced,Fully Meets,3
3632,2022-09-24,2022-10-24,Production Technician I,Bridget Jones,CCDR,Active,Contract,Zone C,Full-Time,Involuntary,Realize work series fact weight contain.,Production       ,Field Operations,3/10/1945,MA,Foreman,Male,37983,Asian,Married,Fully Meets,3
3633,2022-03-21,,Production Technician I,Melissa Wilkinson,BPC,Active,Contract,Zone B,Temporary,Unk,,Production       ,Aerial,24-03-1987,MA,Laborer,Female,56687,Hispanic,Single,Fully Meets,5
3634,2023-06-23,2023-07-26,Production Technician I,Eric Cunningham,PYZ,Active,Part-Time,Zone B,Full-Time,Retirement,Despite budget compare international little.,Production       ,General - Sga,26-04-1962,MA,Supervisor,Female,40148,Other,Married,Fully Meets,5
3635,2020-10-26,,Production Technician I,Stephen Barron,WBL,Active,Part-Time,Zone C,Part-Time,Unk,,Production       ,Yard (Material Handling),12/3/1978,MA,Runner,Female,71593,Hispanic,Single,Fully Meets,4
3636,2020-01-29,,Production Technician I,Jennifer Soto,NEL,Active,Contract,Zone B,Temporary,Unk,,Production       ,Catv,13-03-1982,MA,Supervisor,Male,10775,Asian,Divorced,Fully Meets,3
3637,2022-04-23,,Production Technician I,John Jones,PL,Active,Full-Time,Zone C,Full-Time,Unk,,Production       ,Aerial,17-04-1995,MA,Engineer,Male,59441,Asian,Divorced,Fully Meets,3
3638,2023-06-15,,Production Technician I,Ernest Evans,BPC,Active,Full-Time,Zone C,Part-Time,Unk,,Production       ,Field Operations,10/12/1978,MA,Inspector,Male,55470,Hispanic,Single,Fully Meets,3
3639,2019-09-19,2020-04-14,Production Technician I,Mark Knight,CCDR,Future Start,Contract,Zone C,Full-Time,Retirement,Official growth onto speech after truth.,Production       ,Field Operations,8/1/1966,MA,Runner,Female,8655,Hispanic,Divorced,Fully Meets,3
3640,2023-01-07,,Production Technician I,Gina Leon,SVG,Active,Contract,Zone A,Temporary,Unk,,Production       ,Field Operations,21-09-2000,MA,Foreman,Female,48077,Asian,Divorced,Fully Meets,3
3641,2020-02-07,2021-05-01,Production Technician I,Eric Michael,EW,Future Start,Contract,Zone B,Full-Time,Voluntary,Air act watch affect save positive among.,Production       ,General - Con,15-01-1971,MA,Operator,Male,56039,Other,Widowed,Fully Meets,3
3642,2020-04-29,2021-11-12,Production Technician I,Alexandra Martin,MSC,Future Start,Contract,Zone B,Full-Time,Retirement,Cold dinner seat property a hear.,Production       ,Field Operations,31-05-1978,MA,Laborer,Male,7474,Black,Single,Fully Meets,3
3643,2020-04-16,,Production Technician I,Eric Calderon,TNS,Active,Full-Time,Zone A,Full-Time,Unk,,Production       ,Catv,22-03-1961,MA,Laborer,Male,9287,Asian,Single,Fully Meets,3
3644,2022-06-16,,Production Technician I,Thomas Jones,PYZ,Active,Part-Time,Zone B,Full-Time,Unk,,Production       ,Field Operations,24-06-1986,MA,Laborer,Male,42213,Black,Married,Fully Meets,3
3645,2019-07-22,,Production Technician I,Bridget Mills,WBL,Active,Part-Time,Zone C,Full-Time,Unk,,Production       ,General - Con,16-09-1977,MA,Technician,Male,34428,Asian,Single,Fully Meets,3
3646,2023-04-22,,Production Technician II,Sara Bullock,SVG,Active,Part-Time,Zone A,Full-Time,Unk,,Production       ,Splicing,1/1/1968,MA,Splicer,Female,77551,Hispanic,Widowed,Fully Meets,3
3647,2020-12-28,2021-01-30,Production Technician II,Craig Leblanc,EW,Voluntarily Terminated,Part-Time,Zone A,Part-Time,Involuntary,Best room cell task majority budget.,Production       ,Engineers,24-07-1966,MA,Engineer,Female,20847,Black,Single,Fully Meets,3
3648,2022-02-23,,Production Technician II,Peter Smith,MSC,Active,Contract,Zone A,Full-Time,Unk,,Production       ,Aerial,27-06-1948,MA,Lineman,Female,76615,Other,Divorced,Exceeds,4
3649,2022-08-13,,Production Technician II,Stephen Green,TNS,Active,Contract,Zone A,Part-Time,Unk,,Production       ,Field Operations,6/6/1968,MA,Technician,Female,26602,White,Married,Exceeds,4
3650,2019-10-03,2022-02-28,Production Technician II,Jason Jenkins,PYZ,Voluntarily Terminated,Full-Time,Zone B,Part-Time,Retirement,Late least forward bill realize camera.,Production       ,Field Operations,25-12-1991,MA,Laborer,Female,72818,White,Divorced,Fully Meets,3
3651,2019-10-14,,Production Technician II,Chad Jones,WBL,Active,Full-Time,Zone C,Full-Time,Unk,,Production       ,General - Con,19-01-1991,MA,Lineman,Female,90347,White,Single,Fully Meets,3
3652,2019-08-30,2022-08-27,Production Technician I,Victoria Maldonado,NEL,Voluntarily Terminated,Part-Time,Zone C,Part-Time,Resignation,Window stuff western interesting.,Production       ,Field Operations,16-08-1946,MA,Supervisor,Male,96845,Other,Married,Fully Meets,3
3653,2021-02-04,2023-07-30,Production Technician I,William Watson,PL,Voluntarily Terminated,Contract,Zone B,Part-Time,Voluntary,Particular same detail note.,Production       ,General - Con,29-06-1995,MA,Foreman,Male,67277,Asian,Widowed,Exceeds,3
3654,2022-11-23,,Production Technician I,Jody Cox,PYZ,Active,Part-Time,Zone A,Part-Time,Unk,,Production       ,Aerial,30-03-1995,MA,Lineman,Male,17975,Asian,Divorced,Exceeds,4
3655,2023-02-25,,Production Technician I,Shelia Good,SVG,Active,Part-Time,Zone C,Full-Time,Unk,,Production       ,Engineers,20-10-1998,MA,Engineer,Male,97142,Asian,Married,Fully Meets,3
3656,2019-12-15,,Production Technician I,Darlene Green,TNS,Active,Part-Time,Zone B,Part-Time,Unk,,Production       ,Underground,14-04-2001,MA,Laborer,Male,72523,Hispanic,Divorced,Exceeds,5
3657,2021-08-29,,Production Technician I,Christine Mccarthy,WBL,Active,Part-Time,Zone C,Full-Time,Unk,,Production       ,General - Con,4/3/1992,MA,Flagger,Female,44406,Black,Single,Fully Meets,4
3658,2022-11-04,2023-07-07,Production Technician I,Thomas Jackson,BPC,Active,Part-Time,Zone C,Temporary,Involuntary,Once simple the decade.,Production       ,Project Management - Con,25-11-1966,MA,Technician,Female,95682,Black,Divorced,Fully Meets,3
3659,2019-10-02,2019-10-13,Production Technician I,Eric Powell,CCDR,Active,Full-Time,Zone A,Part-Time,Voluntary,Second focus stay scientist.,Production       ,Field Operations,30-10-1989,MA,Engineer,Male,86746,Other,Divorced,Exceeds,1
3660,2019-05-24,,Production Technician I,Joel Browning,EW,Active,Full-Time,Zone A,Full-Time,Unk,,Production       ,Field Operations,21-06-1974,MA,Supervisor,Male,73540,Hispanic,Single,Exceeds,3
3661,2022-02-28,2022-09-05,Production Technician I,Denise Roman,MSC,Active,Contract,Zone C,Temporary,Involuntary,Decide group difference decide.,Production       ,Executive,22-05-1952,MA,Vp,Male,21624,Asian,Married,Fully Meets,3
3662,2023-06-13,,Production Technician I,Linda Cummings,NEL,Active,Full-Time,Zone B,Temporary,Unk,,Production       ,Wireline Construction,18-04-1973,MA,Laborer,Male,90473,Other,Married,Exceeds,2
3663,2019-10-07,2022-01-22,Production Technician I,Sean Kennedy,PL,Future Start,Part-Time,Zone B,Full-Time,Retirement,Bar serious exist pretty.,Production       ,General - Con,23-11-1977,MA,Foreman,Female,13534,Black,Single,Exceeds,3
3664,2020-10-06,2022-01-12,Production Technician I,Robert Reid,PYZ,Future Start,Full-Time,Zone C,Part-Time,Involuntary,Let political issue.,Production       ,Field Operations,15-08-1956,MA,Locator,Female,2667,Other,Widowed,Fully Meets,3
3665,2019-11-22,,Production Technician I,Lucas Morse,SVG,Active,Full-Time,Zone B,Temporary,Unk,,Production       ,Field Operations,30-03-1985,MA,Field Technician,Male,54319,Asian,Married,Fully Meets,3
3666,2022-04-29,2023-01-21,Production Technician I,Melissa Shaw,TNS,Active,Full-Time,Zone A,Full-Time,Involuntary,Rule film know if eat hear.,Production       ,Field Operations,19-05-1956,MA,Laborer,Male,16052,Hispanic,Single,Fully Meets,3
3667,2022-12-11,2023-04-28,Production Technician I,Brooke Meyer,WBL,Active,Part-Time,Zone B,Temporary,Resignation,Term southern major ever care.,Production       ,Billable Consultants,23-08-1998,MA,Technician,Male,18998,Black,Single,Fully Meets,3
3668,2023-08-06,2023-08-06,Production Technician I,Christopher Clark,BPC,Active,Full-Time,Zone C,Full-Time,Voluntary,Rest such husband through his customer no look.,Production       ,Underground,24-05-1996,MA,Operator,Male,33735,Asian,Widowed,Needs Improvement,3
3669,2020-03-28,2023-03-12,Production Technician I,Joshua Francis,CCDR,Voluntarily Terminated,Contract,Zone A,Temporary,Retirement,Let former service.,Production       ,Finance & Accounting,16-01-1967,MA,Clerk,Male,81928,Black,Widowed,Fully Meets,3
3670,2022-08-11,2023-03-27,Production Technician II,Walter Shaw,SVG,Active,Full-Time,Zone A,Full-Time,Resignation,Far happy light already.,Production       ,Billable Consultants,17-01-1969,MA,Engineer,Female,14006,Hispanic,Widowed,Needs Improvement,3
3671,2023-01-26,2023-06-19,Production Technician II,Alexander Roberts,EW,Voluntarily Terminated,Part-Time,Zone A,Temporary,Involuntary,Edge cold language. Once bring quality hot.,Production       ,Splicing,29-12-1989,MA,Splicer,Female,45376,Asian,Divorced,Needs Improvement,3
3672,2019-01-14,,Production Technician II,Aaron Holland,MSC,Active,Part-Time,Zone A,Full-Time,Unk,,Production       ,General - Con,24-02-1991,MA,Foreman,Female,44501,Asian,Divorced,Fully Meets,3
3673,2022-06-11,2023-01-10,Production Technician II,Casey Morris,TNS,Voluntarily Terminated,Full-Time,Zone B,Temporary,Voluntary,My teach piece need school fight rock.,Production       ,People Services,19-02-1973,MA,Manager,Female,47767,Other,Widowed,Fully Meets,3
3674,2020-06-25,2022-03-02,Production Technician II,Sarah Williamson,BPC,Voluntarily Terminated,Part-Time,Zone C,Part-Time,Voluntary,Five carry couple goal western.,Production       ,Engineers,1/5/1996,MA,Engineer,Female,39141,Other,Single,Fully Meets,3
3675,2020-06-08,2022-12-29,Production Technician II,Melissa Torres,CCDR,Active,Full-Time,Zone C,Full-Time,Resignation,Herself others song center word almost without.,Production       ,Engineers,28-08-1952,MA,Technician,Female,70090,Hispanic,Divorced,Fully Meets,3
3676,2018-08-29,,Production Technician I,Craig Hawkins,BPC,Active,Contract,Zone B,Part-Time,Unk,,Production       ,Yard (Material Handling),29-11-1993,MA,Associate,Male,35858,Black,Divorced,Fully Meets,3
3677,2022-10-01,,Production Technician I,Matthew Hughes,CCDR,Active,Full-Time,Zone A,Full-Time,Unk,,Production       ,Field Operations,4/2/1960,MA,Supervisor,Male,27462,Hispanic,Single,Fully Meets,3
3678,2021-07-22,,Production Technician I,Chad Ramirez,SVG,Active,Full-Time,Zone A,Full-Time,Unk,,Production       ,General - Eng,24-05-1999,MA,Drafter,Male,65321,Asian,Single,Fully Meets,3
3679,2019-12-14,,Production Technician I,Erica Moore,EW,Active,Full-Time,Zone A,Full-Time,Unk,,Production       ,Engineers,16-07-1989,MA,Engineer,Male,54017,Asian,Divorced,Fully Meets,3
3680,2020-03-27,,Production Technician I,Felicia Ashley,MSC,Active,Part-Time,Zone B,Full-Time,Unk,,Production       ,Underground,14-09-1985,MA,Operator,Female,51584,Other,Divorced,Fully Meets,3
3681,2021-11-25,,Production Technician I,James Williams,TNS,Active,Part-Time,Zone B,Temporary,Unk,,Production       ,Engineers,17-03-1976,MA,Project Manager,Female,75321,Black,Widowed,Fully Meets,3
3682,2023-07-08,,Production Technician I,Michael Diaz MD,PYZ,Active,Full-Time,Zone C,Temporary,Unk,,Production       ,Field Operations,28-04-1943,MA,Technician,Female,37646,Black,Single,Fully Meets,4
3683,2021-11-02,2021-12-11,Production Technician I,Mackenzie Porter,WBL,Active,Part-Time,Zone C,Temporary,Involuntary,Central baby moment benefit do.,Production       ,Finance & Accounting,6/1/1956,MA,Administration,Male,33204,Other,Divorced,Fully Meets,3
3684,2019-12-01,2022-12-25,Production Technician I,Robert Simmons,NEL,Active,Contract,Zone C,Part-Time,Involuntary,Scientist believe edge imagine push bit fast.,Production       ,Field Operations,3/8/1954,MA,Technician,Male,76198,Hispanic,Widowed,Fully Meets,3
3685,2022-08-16,2022-11-10,Production Technician I,Jordan Harrison,PL,Active,Full-Time,Zone C,Full-Time,Retirement,Factor doctor edge police.,Production       ,Project Management - Con,22-06-1986,MA,Coordinator,Male,10600,Asian,Widowed,Fully Meets,3
3686,2021-04-25,2022-12-12,Production Technician I,Jesse Farmer,BPC,Future Start,Part-Time,Zone A,Full-Time,Retirement,Concern expect add skill.,Production       ,Engineers,20-04-1998,MA,Director,Male,67909,White,Single,Exceeds,1
3687,2019-05-17,,Production Technician I,Brianna Blake,CCDR,Active,Part-Time,Zone B,Temporary,Unk,,Production       ,Field Operations,20-08-1944,MA,Supervisor,Female,26340,White,Divorced,Exceeds,1
3688,2019-05-04,2021-08-03,Production Technician I,Kathleen Clark,SVG,Future Start,Contract,Zone B,Full-Time,Involuntary,Matter man skill produce poor.,Production       ,Wireline Construction,19-09-1951,MA,Manager,Female,42113,Asian,Divorced,Exceeds,3
3689,2021-07-16,,Production Technician I,Jonathan Gutierrez,EW,Active,Contract,Zone A,Temporary,Unk,,Production       ,Field Operations,29-12-1960,MA,Laborer,Male,95832,Asian,Married,Exceeds,3
3690,2020-08-04,2021-02-27,Production Technician I,Adam Barber,MSC,Active,Part-Time,Zone A,Temporary,Voluntary,Size manager receive decide attention play plant.,Production       ,Yard (Material Handling),14-11-1950,MA,Laborer,Male,60287,White,Single,Needs Improvement,3
3691,2020-11-23,,Production Technician I,David Valenzuela,TNS,Active,Part-Time,Zone C,Full-Time,Unk,,Production       ,Finance & Accounting,3/1/1993,MA,Manager,Male,34316,Asian,Single,Needs Improvement,1
3692,2019-11-11,,Production Technician I,Lisa Jordan,PYZ,Active,Full-Time,Zone B,Part-Time,Unk,,Production       ,Aerial,15-12-1979,MA,Lineman,Male,75371,Black,Widowed,Needs Improvement,3
3693,2019-05-20,2020-08-30,Production Technician II,Alexa Smith,SVG,Active,Part-Time,Zone B,Temporary,Involuntary,Name social full approach. Position want win.,Production       ,Project Management - Con,1/8/1977,MA,Field Project Manager,Female,13727,White,Married,Exceeds,2
3694,2019-11-05,2022-04-16,Production Technician II,Sue Harper,EW,Voluntarily Terminated,Full-Time,Zone A,Part-Time,Involuntary,Training civil attention exist matter water.,Production       ,Field Operations,11/3/1961,MA,Specialist,Female,94278,Hispanic,Married,PIP,4
3695,2018-09-20,2021-02-04,Production Technician II,Savannah Schneider,MSC,Voluntarily Terminated,Contract,Zone C,Temporary,Voluntary,Public ask American affect market order.,Production       ,Catv,28-11-1989,MA,Laborer,Female,70817,Hispanic,Divorced,PIP,4
3696,2020-09-02,2023-05-26,Production Technician II,Chase Ramirez,TNS,Voluntarily Terminated,Contract,Zone B,Part-Time,Resignation,Arrive its during organization about.,Production       ,Wireless,7/10/1989,MA,Foreman,Female,74423,Hispanic,Widowed,PIP,3
3697,2020-06-28,,Production Technician II,Connor Galloway,PYZ,Active,Full-Time,Zone A,Part-Time,Unk,,Production       ,Field Operations,26-12-1992,MA,Technician,Female,51256,Other,Single,PIP,4
3698,2023-03-22,2023-05-30,Production Technician II,Savannah Weber,WBL,Active,Full-Time,Zone A,Full-Time,Involuntary,Usually section evening with cup left.,Production       ,Catv,12/6/1984,MA,Foreman,Female,16462,Hispanic,Married,PIP,3
3699,2022-08-30,2022-09-20,Production Technician I,Justin Harris,PYZ,Voluntarily Terminated,Part-Time,Zone B,Temporary,Involuntary,Business draw with hear dream eat.,Production       ,Engineers,31-01-1977,MA,Engineer,Male,48065,Asian,Divorced,PIP,2
3700,2019-10-24,,Production Technician I,Wendy Rogers,PL,Active,Part-Time,Zone A,Temporary,Unk,,Production       ,Wireline Construction,12/4/1988,MA,Supervisor,Male,93840,Hispanic,Divorced,PIP,1
3701,2019-11-09,,Production Technician I,Bryan Greer,NEL,Active,Part-Time,Zone B,Temporary,Unk,,Production       ,Shop (Fleet),20-06-1948,MA,Mechanic,Male,35917,Other,Single,PIP,2
3702,2019-07-13,,Production Technician I,David Brown,MSC,Active,Part-Time,Zone C,Part-Time,Unk,,Production       ,Aerial,22-04-1976,MA,Foreman,Male,22165,Asian,Single,Exceeds,3
3703,2020-08-31,2022-06-26,Production Technician I,Cory Lee,EW,Active,Part-Time,Zone A,Part-Time,Resignation,Tax herself interview maybe control.,Production       ,Engineers,15-02-1951,MA,Engineer,Female,87563,White,Widowed,Exceeds,4
3704,2019-01-25,2021-10-26,Production Technician I,April Stevens,CCDR,Active,Full-Time,Zone C,Part-Time,Involuntary,Message firm social daughter third ready.,Production       ,Field Operations,5/2/1976,MA,Associate,Female,20993,Asian,Married,Exceeds,5
3705,2020-11-21,2023-04-09,Production Technician I,Bridget Little,BPC,Active,Full-Time,Zone A,Part-Time,Involuntary,Any after despite suddenly decade.,Production       ,General - Sga,27-05-1967,MA,Vp,Female,88723,White,Single,Exceeds,3
3706,2019-09-23,,Production Technician I,Lisa Hamilton,WBL,Active,Full-Time,Zone B,Part-Time,Unk,,Production       ,Field Operations,8/11/1974,MA,Laborer,Male,59933,White,Divorced,Exceeds,3
3707,2022-12-11,,Production Technician I,Kenneth Keller,TNS,Active,Contract,Zone B,Temporary,Unk,,Production       ,Engineers,1/12/1995,MA,Manager,Male,81280,Asian,Divorced,Exceeds,3
3708,2020-08-21,2022-09-20,Production Technician I,Morgan Smith,SVG,Active,Full-Time,Zone C,Part-Time,Resignation,Finally feeling often some.,Production       ,Fielders,19-02-1974,MA,Engineer,Male,13899,Black,Married,Exceeds,4
3709,2019-02-04,2023-04-17,Production Technician I,Donald Powell,PYZ,Active,Full-Time,Zone C,Part-Time,Voluntary,Provide late phone school score sound growth.,Production       ,Splicing,18-09-1969,MA,Splicer,Male,44907,Black,Divorced,Exceeds,5
3710,2021-10-29,,Production Technician I,Rebecca Henderson,PL,Active,Full-Time,Zone C,Part-Time,Unk,,Production       ,Aerial,16-10-1960,MA,Foreman,Female,64630,Hispanic,Single,Exceeds,1
3711,2021-07-17,,Production Technician I,David Bowman,NEL,Active,Part-Time,Zone A,Temporary,Unk,,Production       ,Finance & Accounting,3/1/1981,MA,Administrative,Female,36588,Black,Single,Needs Improvement,1
3712,2019-04-28,2022-09-01,Production Technician I,Christopher Robertson,MSC,Future Start,Part-Time,Zone C,Temporary,Retirement,Year color woman become year scene very.,Production       ,Field Operations,3/4/1956,MA,Technician,Male,33658,Asian,Married,Needs Improvement,5
3713,2020-07-21,,Production Technician I,Michelle Miller,EW,Active,Full-Time,Zone B,Temporary,Unk,,Production       ,General - Sga,10/4/1985,MA,Administrator,Male,87025,Hispanic,Widowed,Fully Meets,3
3714,2020-01-19,,Production Technician I,Kyle Turner,CCDR,Active,Full-Time,Zone B,Part-Time,Unk,,Production       ,Field Operations,19-04-1965,MA,Laborer,Male,93985,White,Married,Fully Meets,4
3715,2021-09-12,,Production Technician I,Dawn Mendoza,BPC,Active,Contract,Zone A,Full-Time,Unk,,Production       ,Project Management - Con,5/3/1976,MA,Coordinator,Male,27233,Black,Widowed,Fully Meets,4
3716,2022-07-31,2023-02-18,Production Technician II,David Goodman,SVG,Voluntarily Terminated,Full-Time,Zone A,Full-Time,Voluntary,Walk call activity onto seven about.,Production       ,General - Con,27-06-1993,MA,Laborer,Female,5569,Black,Married,Fully Meets,1
3717,2023-05-18,,Production Technician II,Samuel Turner,EW,Active,Contract,Zone B,Full-Time,Unk,,Production       ,Field Operations,7/11/1992,MA,Specialist,Female,21090,Asian,Married,Fully Meets,2
3718,2021-05-25,2021-10-22,Production Technician II,Claudia White,MSC,Voluntarily Terminated,Contract,Zone C,Temporary,Voluntary,Save east phone arrive floor maybe.,Production       ,Field Operations,15-09-1946,MA,Driver,Female,52357,Other,Married,Fully Meets,4
3719,2022-07-22,,Production Technician II,David Ward,TNS,Active,Contract,Zone B,Full-Time,Unk,,Production       ,Underground,8/7/1947,MA,Laborer,Female,47989,Hispanic,Divorced,Fully Meets,3
3720,2019-05-23,2020-09-12,Production Technician II,Andrew Schneider,PYZ,Active,Part-Time,Zone B,Full-Time,Resignation,Young risk quality natural foreign claim.,Production       ,Field Operations,18-12-1958,MA,Laborer,Female,31486,White,Single,Fully Meets,3
3721,2020-02-12,2020-04-07,Production Technician I,Loretta Gonzalez,NEL,Active,Full-Time,Zone B,Full-Time,Resignation,Recent agent choose dark hard eye.,Production       ,Fielders,24-03-1960,MA,Engineer,Male,24794,Black,Widowed,Fully Meets,2
3722,2020-02-16,2022-01-09,Production Technician I,Alice Key,PL,Voluntarily Terminated,Part-Time,Zone B,Full-Time,Involuntary,Fast glass machine compare after check.,Production       ,Field Operations,31-08-1947,MA,Laborer,Male,80316,White,Married,Fully Meets,2
3723,2022-04-29,2022-07-16,Production Technician I,Ryan Downs,BPC,Voluntarily Terminated,Full-Time,Zone A,Temporary,Retirement,Everyone chair white situation result.,Production       ,Wireline Construction,30-08-1972,MA,Laborer,Male,46742,Asian,Married,Fully Meets,3
3724,2019-10-10,2021-10-30,Production Technician I,Alyssa Johnson,CCDR,Voluntarily Terminated,Part-Time,Zone C,Temporary,Retirement,Board star job song. Hundred believe heavy.,Production       ,Field Operations,25-11-1969,MA,Laborer,Male,30194,Asian,Divorced,Fully Meets,4
3725,2019-04-07,2023-07-09,Production Technician I,Stephanie Patterson,SVG,Active,Contract,Zone B,Part-Time,Voluntary,Child write help growth home.,Production       ,Aerial,21-08-1955,MA,Lineman,Male,36808,Asian,Widowed,Fully Meets,1
3726,2020-07-13,2021-09-18,Production Technician I,Sandra Richardson,EW,Active,Contract,Zone A,Full-Time,Voluntary,Great like sea behind stock drop debate such.,Production       ,General - Con,25-07-1995,MA,Lineman,Female,36688,Other,Married,Fully Meets,4
3727,2021-08-26,,Production Technician I,Courtney Garcia,MSC,Active,Part-Time,Zone C,Temporary,Unk,,Production       ,Field Operations,15-01-1945,MA,Supervisor,Female,37883,Other,Divorced,Fully Meets,3
3728,2021-12-23,,Production Technician I,Tamara Grant,TNS,Active,Contract,Zone A,Part-Time,Unk,,Production       ,Splicing,7/2/1967,MA,Laborer,Male,39843,Hispanic,Divorced,Fully Meets,5
3729,2022-12-08,2023-07-04,Production Technician I,Natasha Spears,BPC,Active,Contract,Zone B,Part-Time,Voluntary,Until reason late off training situation.,Production       ,Wireline Construction,1/1/1943,MA,Supervisor,Male,69873,Other,Divorced,Fully Meets,3
3730,2022-01-18,,Production Technician I,Sharon Vincent,CCDR,Active,Contract,Zone B,Temporary,Unk,,Production       ,Fielders,8/12/1965,MA,Engineer,Male,2548,Black,Widowed,Fully Meets,4
3731,2020-02-28,2022-12-14,Production Technician I,Kimberly Phelps,EW,Active,Part-Time,Zone B,Part-Time,Retirement,Along black change charge particular conference.,Production       ,Field Operations,4/7/1998,MA,Engineer,Male,73555,Hispanic,Single,Fully Meets,3
3732,2020-05-31,,Production Technician I,Charles Hoover,MSC,Active,Part-Time,Zone B,Part-Time,Unk,,Production       ,Field Operations,3/7/1954,MA,Technician,Male,27650,Black,Widowed,Fully Meets,5
3733,2020-04-20,2022-07-23,Production Technician I,Deborah Stevens,NEL,Future Start,Contract,Zone C,Part-Time,Retirement,Half glass sport. Oil arm middle play lose such.,Production       ,Field Operations,15-10-1994,MA,Driver,Female,2035,Hispanic,Single,Fully Meets,3
3734,2019-03-07,,Production Technician I,Melissa Alvarez,PL,Active,Full-Time,Zone C,Temporary,Unk,,Production       ,Technology / It,21-07-1964,MA,Engineer,Male,74284,White,Divorced,Fully Meets,3
3735,2019-05-29,,Production Technician I,Joel Nichols,PYZ,Active,Contract,Zone C,Temporary,Unk,,Production       ,Wireless,11/7/1963,MA,Project Manager,Male,81455,White,Married,Fully Meets,1
3736,2020-10-18,2023-03-22,Production Technician I,Kimberly Soto,SVG,Active,Full-Time,Zone A,Part-Time,Resignation,Democrat home space past sense serious.,Production       ,Wireline Construction,2/7/1976,MA,Laborer,Male,95345,Other,Married,Fully Meets,2
3737,2018-11-19,,Production Technician I,John Hill,TNS,Active,Part-Time,Zone B,Part-Time,Unk,,Production       ,People Services,11/12/1946,MA,Director,Male,67176,Hispanic,Divorced,Fully Meets,5
3738,2022-04-15,2023-01-09,Production Technician II,Steven Carter,SVG,Voluntarily Terminated,Full-Time,Zone A,Temporary,Involuntary,Partner perhaps they rock.,Production       ,General - Con,3/9/2000,MA,Lineman,Female,21015,Hispanic,Widowed,Fully Meets,3
3739,2018-08-24,2021-03-22,Production Technician II,Rachel Pham,EW,Voluntarily Terminated,Full-Time,Zone B,Temporary,Voluntary,Themselves specific seem want seek hospital.,Production       ,Field Operations,9/3/1951,MA,Tower Hand,Female,80870,Asian,Divorced,Fully Meets,3
3740,2022-10-15,2023-02-17,Production Technician II,Christopher Cunningham,MSC,Voluntarily Terminated,Full-Time,Zone C,Part-Time,Voluntary,Final like human late job.,Production       ,People Services,24-05-2001,MA,Intern,Female,12265,Other,Single,Fully Meets,4
3741,2023-02-27,2023-03-28,Production Technician II,Brittany Marshall,TNS,Voluntarily Terminated,Full-Time,Zone A,Temporary,Voluntary,Board industry once tough investment age.,Production       ,Field Operations,14-09-1948,MA,Engineer,Female,47025,Hispanic,Widowed,Fully Meets,1
3742,2021-09-22,2023-05-15,Production Technician II,Ryan Anderson,PYZ,Active,Contract,Zone A,Temporary,Resignation,Wait small thing staff.,Production       ,Field Operations,12/9/1981,MA,Manager,Female,81011,Asian,Married,Fully Meets,2
3743,2020-05-30,,Production Technician I,Stephanie Valdez,WBL,Active,Contract,Zone A,Part-Time,Unk,,Production       ,General - Con,13-09-1950,MA,Locator,Male,13394,Black,Married,Fully Meets,2
3744,2020-09-11,,Production Technician I,Christopher Garcia,NEL,Active,Part-Time,Zone B,Full-Time,Unk,,Production       ,Aerial,22-12-1964,MA,Lineman,Female,50967,Asian,Widowed,Fully Meets,5
3745,2019-05-31,2020-10-06,Production Technician I,Sarah Cross,PL,Voluntarily Terminated,Full-Time,Zone C,Full-Time,Involuntary,So give cause soldier.,Production       ,General - Con,20-07-1978,MA,Technician,Male,8286,Asian,Single,Fully Meets,4
3746,2020-07-13,,Production Technician I,Judy Lambert,BPC,Active,Part-Time,Zone B,Full-Time,Unk,,Production       ,Shop (Fleet),21-08-1969,MA,Mechanic,Male,68039,Black,Widowed,Fully Meets,3
3747,2021-09-09,2023-02-10,Production Technician I,Chelsea Bright,CCDR,Voluntarily Terminated,Part-Time,Zone C,Temporary,Retirement,Soon glass reveal Republican could.,Production       ,Technology / It,17-02-1944,MA,Technician,Male,56563,Black,Widowed,Fully Meets,2
3748,2019-04-06,,Production Technician I,Shawn Mckay,SVG,Active,Full-Time,Zone C,Part-Time,Unk,,Production       ,General - Con,20-08-1969,MA,Laborer,Male,96739,Other,Married,Fully Meets,1
3749,2021-02-16,,Production Technician I,Samantha Pugh,EW,Active,Full-Time,Zone A,Full-Time,Unk,,Production       ,Project Management - Eng,2/5/1985,MA,Planner,Female,27488,Other,Married,Fully Meets,4
3750,2020-02-17,,Production Technician I,Sheryl Curtis,MSC,Active,Full-Time,Zone C,Part-Time,Unk,,Production       ,Engineers,16-02-1955,MA,Engineer,Male,49299,Black,Single,Fully Meets,1
3751,2021-10-15,,Production Technician I,Eric Knight,TNS,Active,Contract,Zone A,Full-Time,Unk,,Production       ,Aerial,24-12-1972,MA,Model Assistant,Male,32547,Other,Single,Fully Meets,3
3752,2022-07-06,,Production Technician I,Morgan Ross,PYZ,Active,Full-Time,Zone A,Temporary,Unk,,Production       ,Engineers,12/10/1954,MA,Engineer,Male,11664,White,Divorced,Fully Meets,2
3753,2019-03-05,2020-12-10,Production Technician I,Laura Mcpherson,WBL,Active,Part-Time,Zone B,Part-Time,Involuntary,Truth resource more week hope generation.,Production       ,Project Management - Eng,29-09-1959,MA,Planner,Male,37926,White,Single,Fully Meets,4
3754,2020-06-02,2022-01-25,Production Technician I,Sarah Morgan,NEL,Active,Full-Time,Zone C,Full-Time,Voluntary,Stage necessary although they.,Production       ,Project Management - Con,31-05-1978,MA,Engineer,Male,76770,Black,Married,Fully Meets,1
3755,2020-11-26,2023-02-17,Production Technician I,Emily Church,PL,Future Start,Full-Time,Zone C,Full-Time,Resignation,Scientist heart others employee church century.,Production       ,Executive,21-04-2001,MA,Manager,Female,72484,Black,Married,Fully Meets,4
3756,2021-05-24,,Production Technician I,Melissa Hernandez,BPC,Active,Full-Time,Zone A,Temporary,Unk,,Production       ,Field Operations,1/6/1944,MA,Driller,Female,13669,Hispanic,Married,Fully Meets,3
3757,2022-10-17,2023-03-26,Production Technician I,Debra Yang,CCDR,Future Start,Full-Time,Zone B,Part-Time,Involuntary,Marriage sound myself others well morning wrong.,Production       ,Aerial,28-10-1993,MA,Lineman,Male,7481,Asian,Single,Fully Meets,2
3758,2022-11-16,2023-06-24,Production Technician I,Alejandro Palmer,SVG,Voluntarily Terminated,Contract,Zone A,Temporary,Retirement,Lawyer miss meet across agent.,Production       ,Engineers,20-12-1946,MA,Engineer,Male,76897,Other,Divorced,Fully Meets,3
3759,2022-05-01,2022-09-25,Production Technician I,Emily Pugh,EW,Active,Contract,Zone B,Full-Time,Retirement,Authority different including gun production.,Production       ,Yard (Material Handling),21-10-1958,MA,Laborer,Male,47326,Black,Married,Fully Meets,1
3760,2021-08-24,,Production Technician I,Sherry Morris,MSC,Active,Full-Time,Zone A,Part-Time,Unk,,Production       ,General - Con,12/2/1960,MA,Technician,Male,20814,Other,Widowed,Fully Meets,3
3761,2023-06-22,2023-07-10,Production Technician II,Melissa Conrad,CCDR,Active,Contract,Zone A,Full-Time,Involuntary,Item born upon blue.,Production       ,General - Sga,23-11-1987,MA,Assistant,Female,75880,Black,Married,Fully Meets,1
3762,2020-07-18,,Production Technician II,Lauren Villarreal,SVG,Active,Part-Time,Zone B,Temporary,Unk,,Production       ,Engineers,11/5/1949,MA,Engineer,Female,65366,Black,Divorced,Fully Meets,2
3763,2023-01-12,2023-02-06,Production Technician II,Randall Williams,EW,Voluntarily Terminated,Full-Time,Zone B,Full-Time,Involuntary,They four last represent spend bit.,Production       ,Finance & Accounting,25-06-1950,MA,Clerk,Female,40231,White,Widowed,Fully Meets,3
3764,2022-02-16,,Production Technician II,Tiffany Stone,MSC,Active,Full-Time,Zone B,Temporary,Unk,,Production       ,General - Sga,13-12-1995,MA,Manager,Female,41487,Black,Single,Fully Meets,3
3765,2022-09-02,,Production Technician II,Eric Smith,TNS,Active,Part-Time,Zone A,Temporary,Unk,,Production       ,Yard (Material Handling),30-06-1969,MA,Runner,Female,36904,Hispanic,Widowed,Fully Meets,3
3766,2019-02-02,2023-02-03,Production Technician II,Taylor Morris,PYZ,Active,Part-Time,Zone A,Part-Time,Resignation,Common no sure wonder up although.,Production       ,Yard (Material Handling),10/3/1943,MA,Manager,Female,10110,Black,Widowed,Fully Meets,3
3767,2021-08-26,2022-09-05,Production Technician I,Zachary Nelson,TNS,Voluntarily Terminated,Full-Time,Zone B,Part-Time,Retirement,Actually on Democrat down live base should.,Production       ,General - Con,7/3/1993,MA,Laborer,Female,46087,Black,Divorced,Fully Meets,2
3768,2020-12-31,,Production Technician I,David Garcia,SVG,Active,Contract,Zone B,Full-Time,Unk,,Production       ,Catv,30-05-1991,MA,Foreman,Female,37838,Black,Divorced,Fully Meets,4
3769,2020-12-12,,Production Technician I,Laura Chavez,PYZ,Active,Full-Time,Zone A,Full-Time,Unk,,Production       ,Fielders,21-11-1952,MA,Engineer,Male,15968,Asian,Married,Fully Meets,3
3770,2022-01-13,2023-04-11,Production Technician I,Rachel Jones,PL,Voluntarily Terminated,Contract,Zone B,Temporary,Involuntary,Land physical tax.,Production       ,Aerial,26-01-1995,MA,Lineman,Male,21100,Asian,Married,Fully Meets,3
3771,2021-01-24,2023-05-07,Production Technician I,Kathryn Jones,NEL,Voluntarily Terminated,Part-Time,Zone B,Temporary,Retirement,Catch issue water night recognize mention.,Production       ,General - Con,20-09-1981,MA,Foreman,Male,65845,Asian,Married,Fully Meets,3
3772,2022-02-08,2022-07-22,Production Technician I,Mrs. Rachel Henry,MSC,Active,Full-Time,Zone A,Temporary,Retirement,Side most force better region operation language.,Production       ,Engineers,5/2/1966,MA,Engineer,Female,58535,Asian,Divorced,Fully Meets,3
3773,2020-10-11,2022-02-26,Production Technician I,Laura Hernandez,EW,Voluntarily Terminated,Part-Time,Zone A,Temporary,Retirement,Building possible too process do.,Production       ,Engineers,16-05-1972,MA,Engineer,Female,3994,Hispanic,Divorced,Fully Meets,3
3774,2019-06-20,2021-10-13,Production Technician I,Justin Stanley,CCDR,Active,Part-Time,Zone B,Full-Time,Involuntary,Success realize political move adult new.,Production       ,Engineers,6/4/1998,MA,Engineer,Male,32544,Black,Single,Fully Meets,3
3775,2021-07-13,2022-11-26,Production Technician I,Amy Ross,BPC,Active,Contract,Zone B,Part-Time,Resignation,Agency picture enjoy pattern since and piece.,Production       ,Field Operations,15-10-1980,MA,Laborer,Male,36153,Other,Widowed,Fully Meets,3
3776,2021-10-14,2021-10-30,Production Technician I,Benjamin Yates,WBL,Active,Contract,Zone A,Full-Time,Resignation,Goal someone serious myself way probably.,Production       ,General - Eng,28-04-1980,MA,Administrative,Male,34262,Black,Married,Fully Meets,3
3777,2021-11-09,,Production Technician I,Penny Estrada,TNS,Active,Contract,Zone C,Temporary,Unk,,Production       ,Aerial,21-03-1966,MA,Lineman,Male,12906,Black,Single,Fully Meets,3
3778,2023-04-02,2023-07-27,Production Technician I,Frank Freeman,SVG,Active,Full-Time,Zone A,Full-Time,Involuntary,Similar computer less four.,Production       ,Wireline Construction,9/2/1992,MA,Groundman,Male,30753,Other,Married,Fully Meets,3
3779,2022-10-19,2023-05-03,Production Technician I,Regina Bryant MD,PYZ,Future Start,Part-Time,Zone B,Temporary,Voluntary,About allow court us.,Production       ,Shop (Fleet),28-04-1963,MA,Technician,Female,60533,Other,Divorced,Fully Meets,3
3780,2020-05-09,2021-09-14,Production Technician I,Samantha Roberts,PL,Future Start,Part-Time,Zone C,Part-Time,Retirement,Everything look could economy PM fast.,Production       ,General - Con,16-11-1945,MA,Technician,Female,36882,Black,Widowed,Fully Meets,3
3781,2019-08-18,2022-05-05,Production Technician I,Daniel Peterson,NEL,Future Start,Contract,Zone B,Full-Time,Involuntary,Hot stay response fly himself accept.,Production       ,General - Con,23-01-1960,MA,Laborer,Male,62493,Black,Single,Fully Meets,3
3782,2019-03-09,2020-05-02,Production Technician I,Dr. Matthew Harrell,MSC,Voluntarily Terminated,Full-Time,Zone B,Temporary,Retirement,Blood people direction all item.,Production       ,Field Operations,25-09-1984,MA,Driver,Male,92706,Asian,Widowed,Fully Meets,3
3783,2020-05-09,,Production Technician I,Jared Whitehead,EW,Active,Contract,Zone A,Full-Time,Unk,,Production       ,Fielders,11/4/1962,MA,Engineer,Male,7773,Asian,Divorced,Fully Meets,3
3784,2022-08-14,,Production Technician I,William Price,CCDR,Active,Contract,Zone A,Temporary,Unk,,Production       ,Splicing,14-03-1998,MA,Supervisor,Female,55514,White,Single,Fully Meets,3
3785,2022-01-18,,Production Technician II,Sheri Jackson,PL,Active,Contract,Zone C,Temporary,Unk,,Production       ,Project Management - Con,20-10-1977,MA,Director,Female,13406,Black,Divorced,Fully Meets,3
3786,2021-06-22,2022-07-26,Production Technician II,Paul Richards,PYZ,Voluntarily Terminated,Full-Time,Zone A,Part-Time,Resignation,Cost high must body defense population.,Production       ,Field Operations,10/6/1962,MA,Technician,Female,65379,Black,Divorced,Fully Meets,3
3787,2023-01-19,2023-06-20,Production Technician II,Alexis Gutierrez,SVG,Voluntarily Terminated,Full-Time,Zone C,Part-Time,Resignation,Peace anything sign third.,Production       ,General - Sga,29-08-1972,MA,Supervisor,Female,69445,White,Widowed,Fully Meets,3
3788,2023-05-17,2023-06-13,Production Technician II,Michael Mcclure,TNS,Voluntarily Terminated,Part-Time,Zone A,Full-Time,Involuntary,In read day your stay she.,Production       ,Field Operations,6/9/1976,MA,Foreman,Female,32440,Black,Married,Fully Meets,3
3789,2020-06-07,,Production Technician II,Randall Frey,WBL,Active,Contract,Zone A,Part-Time,Unk,,Production       ,Wireline Construction,25-05-1977,MA,Foreman,Female,30804,Other,Widowed,Fully Meets,3
3790,2023-07-07,2023-07-11,Production Technician II,Matthew Le,PYZ,Active,Full-Time,Zone A,Temporary,Resignation,Simply Mrs moment seven feel time.,Production       ,Yard (Material Handling),11/12/1962,MA,Laborer,Female,17247,Hispanic,Single,Fully Meets,3
3791,2020-03-28,,Production Technician I,Ashley Petty,WBL,Active,Full-Time,Zone B,Full-Time,Unk,,Production       ,Finance & Accounting,2/2/1978,MA,Administration,Female,32417,Asian,Divorced,Fully Meets,3
3792,2019-05-23,2022-05-10,Production Technician I,Angela Shaffer,NEL,Active,Part-Time,Zone C,Full-Time,Retirement,Analysis listen here fight.,Production       ,Engineers,8/6/1998,MA,Engineer,Male,50738,White,Married,Fully Meets,3
3793,2019-04-20,,Production Technician I,Steven Walton,PL,Active,Full-Time,Zone B,Full-Time,Unk,,Production       ,General - Con,15-01-1952,MA,Manager,Male,34278,Asian,Married,Fully Meets,3
3794,2018-09-09,,Production Technician I,Abigail Robinson,BPC,Active,Contract,Zone A,Full-Time,Unk,,Production       ,General - Con,20-01-1996,MA,Foreman,Male,40836,Asian,Widowed,Fully Meets,5
3795,2022-07-14,,Production Technician I,Brandi Howell,CCDR,Active,Part-Time,Zone A,Part-Time,Unk,,Production       ,General - Sga,1/8/1989,MA,Manager,Male,59081,White,Divorced,Exceeds,3
3796,2019-04-17,2021-12-02,Production Technician I,Connie Blackburn,SVG,Active,Contract,Zone A,Part-Time,Resignation,Better above culture throughout life me.,Production       ,General - Con,27-08-1964,MA,Laborer,Female,82019,Hispanic,Married,Exceeds,3
3797,2020-05-15,,Production Technician I,Connie Martinez,EW,Active,Contract,Zone A,Full-Time,Unk,,Production       ,Catv,26-06-1975,MA,Splicer,Female,32969,Black,Married,Fully Meets,3
3798,2020-04-04,2023-07-04,Production Technician I,Cheryl Martinez,MSC,Active,Full-Time,Zone C,Full-Time,Voluntary,Town impact science learn break talk.,Production       ,General - Con,21-12-1961,MA,Lineman,Male,36648,Other,Widowed,Fully Meets,3
3799,2022-10-15,,Production Technician I,Ryan Carlson,TNS,Active,Full-Time,Zone A,Temporary,Unk,,Production       ,Executive,24-11-1964,MA,Director,Male,95984,Hispanic,Single,Exceeds,3
3800,2019-07-11,,Production Technician I,Jamie Henderson,PYZ,Active,Contract,Zone C,Part-Time,Unk,,Production       ,General - Sga,9/12/1950,MA,Administrator,Male,31864,Other,Married,Fully Meets,3
3801,2019-10-02,,Production Technician I,Jamie Stark,WBL,Active,Contract,Zone C,Temporary,Unk,,Production       ,Field Operations,18-01-1948,MA,Laborer,Female,54738,Hispanic,Single,Fully Meets,3
3802,2021-03-04,,Production Technician I,Michael Andrade,NEL,Active,Full-Time,Zone A,Full-Time,Unk,,Production       ,Field Operations,28-03-1947,MA,Project Manager,Male,65896,White,Divorced,Fully Meets,3
3803,2021-02-10,2022-01-01,Production Technician I,Jason Haley,PL,Future Start,Contract,Zone B,Full-Time,Resignation,Cup arm drug place level table staff.,Production       ,Field Operations,12/5/1985,MA,Tower Hand,Female,35618,Black,Single,Fully Meets,3
3804,2019-05-15,,Production Technician I,Virginia Short,BPC,Active,Full-Time,Zone C,Part-Time,Unk,,Production       ,General - Con,26-09-1978,MA,Lineman,Female,17561,Hispanic,Single,Fully Meets,3
3805,2022-04-28,,Production Technician I,Heather Bell,CCDR,Active,Full-Time,Zone B,Part-Time,Unk,,Production       ,General - Con,23-04-1982,MA,Mechanic,Male,13779,Other,Divorced,Fully Meets,3
3806,2021-09-23,2023-07-01,Production Technician I,Maria Obrien,SVG,Active,Contract,Zone C,Temporary,Resignation,Everybody list to. Green best stock yes happen.,Production       ,Field Operations,1/9/1974,MA,Groundman,Male,31026,Other,Married,Fully Meets,3
3807,2021-09-15,2021-11-10,Production Technician I,George Doyle,EW,Active,Contract,Zone C,Temporary,Resignation,Family identify bar modern. Yeah article rest.,Production       ,Project Management - Con,16-05-1964,MA,Manager,Male,84074,Asian,Single,Fully Meets,3
3808,2019-04-27,2020-03-20,IT Support,Jason Miller,PYZ,Active,Contract,Zone B,Full-Time,Resignation,Address control day. Election safe free capital.,IT/IS,General - Sga,16-01-1948,MA,Administrator,Female,2472,White,Widowed,Fully Meets,3
3809,2019-10-06,2020-08-23,Network Engineer,Raymond Bird,TNS,Active,Part-Time,Zone B,Part-Time,Resignation,Somebody arm memory pull word.,IT/IS,Field Operations,20-01-2001,MA,Foreman,Male,2343,Hispanic,Single,Fully Meets,3
3810,2020-02-16,,Sr. Network Engineer,Thomas Wilson,PL,Active,Full-Time,Zone A,Temporary,Unk,,IT/IS,General - Sga,10/10/1959,CT,Administrator,Female,6033,Black,Single,Fully Meets,3
3811,2022-05-14,2022-10-21,Sr. Network Engineer,Robin Wilson,PL,Active,Part-Time,Zone B,Temporary,Involuntary,Back prove second tax air.,IT/IS,Fielders,11/3/1958,CT,Engineer,Male,6278,Hispanic,Widowed,Fully Meets,3
3812,2019-02-13,2020-08-06,Sr. Network Engineer,Julie Lewis,BPC,Active,Contract,Zone B,Full-Time,Resignation,Center west table security.,IT/IS,General - Eng,24-05-1985,MA,Administrative,Female,2453,Hispanic,Single,Fully Meets,3
3813,2022-08-24,,IT Support,Joseph Mathews,SVG,Active,Part-Time,Zone A,Part-Time,Unk,,IT/IS,Engineers,25-02-1955,MA,Engineer,Male,1886,Hispanic,Widowed,Fully Meets,3
3814,2019-01-07,2020-09-05,Sr. Network Engineer,Karen Crawford,EW,Leave of Absence,Part-Time,Zone C,Full-Time,Retirement,Short quality fall name get science throughout.,IT/IS,Engineers,17-04-1955,MA,Coordinator,Male,2169,Black,Widowed,Fully Meets,3
3815,2021-03-26,,Network Engineer,Mary Mcmillan,SVG,Active,Contract,Zone C,Part-Time,Unk,,IT/IS,Project Management - Con,26-05-1984,MA,Coordinator,Male,1420,White,Divorced,Fully Meets,3
3816,2021-05-01,,IT Support,Kyle Adams,WBL,Active,Full-Time,Zone A,Temporary,Unk,,IT/IS,Field Operations,10/8/1956,MA,Technician,Male,2135,Hispanic,Single,Fully Meets,3
3817,2021-10-10,2023-01-21,IT Support,Jamie Baker,CCDR,Active,Part-Time,Zone A,Full-Time,Resignation,Firm national vote result.,IT/IS,General - Con,1/1/1978,MA,Technician,Female,2119,Black,Single,Needs Improvement,3
3818,2020-01-02,2022-04-03,Network Engineer,Daniel White,CCDR,Active,Part-Time,Zone A,Part-Time,Voluntary,Car book street pull try brother.,IT/IS,Wireless,15-06-1950,MA,Technician,Male,2138,Asian,Single,Fully Meets,3
3819,2020-01-20,,Network Engineer,William Johnson,MSC,Active,Full-Time,Zone B,Part-Time,Unk,,IT/IS,Aerial,26-11-1957,MA,Foreman,Female,2048,Asian,Single,Fully Meets,3
3820,2018-08-11,2021-05-21,Network Engineer,George Tran,EW,Active,Contract,Zone C,Full-Time,Voluntary,Pattern son memory power citizen personal unit.,IT/IS,General - Con,29-09-1976,MA,Foreman,Female,1773,Other,Divorced,Fully Meets,3
3821,2021-12-18,,Sr. Network Engineer,Jonathan Knight,TNS,Active,Contract,Zone A,Temporary,Unk,,IT/IS,Field Operations,3/4/1981,MA,Manager,Male,1545,White,Single,Fully Meets,3
3822,2019-09-24,2022-04-04,Network Engineer,Calvin Williamson,WBL,Active,Full-Time,Zone B,Part-Time,Retirement,Nice sit hotel doctor.,Executive Office,General - Con,18-09-1975,MA,Technician,Male,56727,Hispanic,Divorced,Fully Meets,3
3823,2022-10-17,2023-06-26,Network Engineer,David Rodriguez,TNS,Active,Full-Time,Zone A,Temporary,Involuntary,Word once speech mind.,Executive Office,Shop (Fleet),24-08-1987,MA,Supervisor,Male,12469,White,Single,Needs Improvement,3
3824,2020-01-07,,IT Support,Carolyn Richards,SVG,Active,Contract,Zone C,Full-Time,Unk,,IT/IS,General - Sga,21-11-1948,MA,Administrator,Male,83312,Black,Single,Fully Meets,3
3825,2022-11-05,,IT Support,Karen York,PYZ,Active,Full-Time,Zone A,Part-Time,Unk,,IT/IS,Field Operations,23-05-1998,MA,Tower Hand,Male,97413,Black,Married,Fully Meets,3
3826,2023-04-26,2023-06-03,IT Support,Jessica Hernandez,PL,Active,Part-Time,Zone B,Full-Time,Resignation,Part officer father last trouble field.,IT/IS,Field Operations,11/4/2001,MA,Laborer,Male,21759,Asian,Divorced,Fully Meets,3
3827,2019-05-29,,IT Support,Dana Ballard,NEL,Active,Part-Time,Zone B,Part-Time,Unk,,IT/IS,General - Eng,24-09-1992,MA,Engineer,Male,79707,Asian,Widowed,Fully Meets,3
3828,2019-09-12,,Sr. Network Engineer,Charles Duncan,PL,Active,Part-Time,Zone A,Full-Time,Unk,,IT/IS,Aerial,28-10-1990,MA,Lineman,Male,84152,Black,Divorced,Fully Meets,3
3829,2019-01-27,2021-02-26,Sr. Network Engineer,Jesse Newman,BPC,Active,Part-Time,Zone C,Full-Time,Resignation,Suffer rock nothing happen strong major spend.,IT/IS,Project Management - Con,12/3/1956,MA,Manager,Male,55408,Other,Married,Exceeds,3
3830,2019-08-20,,Principal Data Architect,David Zavala,CCDR,Active,Part-Time,Zone C,Temporary,Unk,,IT/IS,Field Operations,30-05-1947,CT,Tower Hand,Male,89892,White,Widowed,PIP,3
3831,2018-09-14,,Enterprise Architect,John Holt,SVG,Active,Part-Time,Zone C,Part-Time,Unk,,IT/IS,Field Operations,7/3/1950,CT,Laborer,Female,16260,Hispanic,Divorced,Needs Improvement,3
3832,2021-08-02,2022-09-29,Sr. DBA,Melinda Mcintyre,EW,Leave of Absence,Full-Time,Zone B,Part-Time,Resignation,Lead throw others.,IT/IS,Project Management - Eng,7/9/1964,MA,Planner,Female,96097,Hispanic,Widowed,PIP,3
3833,2022-01-26,2022-11-02,Network Engineer,Melissa Baker,PYZ,Active,Full-Time,Zone A,Part-Time,Retirement,Partner discover size agency alone.,Executive Office,Field Operations,12/5/1953,MA,Top Hand,Male,21738,Asian,Single,PIP,3
3834,2019-05-10,2021-08-05,Network Engineer,Gregory Coleman,WBL,Active,Contract,Zone C,Part-Time,Involuntary,Participant candidate wonder growth agree.,Executive Office,Field Operations,11/7/1961,MA,Technician,Male,40039,Hispanic,Married,Fully Meets,3
3835,2019-01-02,2022-12-06,IT Support,Paul Smith,NEL,Active,Part-Time,Zone B,Part-Time,Resignation,Try crime reach magazine their grow feeling.,IT/IS,Yard (Material Handling),11/10/1993,MA,Associate,Male,45952,Hispanic,Divorced,Fully Meets,3
3836,2021-08-13,,IT Support,Heather Farmer,PL,Active,Contract,Zone A,Temporary,Unk,,IT/IS,General - Con,12/1/1946,MA,Technician,Male,9738,Black,Single,Fully Meets,3
3837,2022-10-02,2022-11-13,IT Support,Thomas Weaver,BPC,Active,Part-Time,Zone A,Part-Time,Resignation,Often my different just.,IT/IS,Finance & Accounting,27-08-1956,MA,Administrative,Male,72879,Other,Single,PIP,3
3838,2018-12-17,2021-04-21,IT Support,Duane Le,CCDR,Active,Part-Time,Zone A,Full-Time,Voluntary,Race state time lose.,IT/IS,Field Operations,14-08-1979,MA,Assistant,Female,28364,Asian,Single,PIP,3
3839,2021-10-11,,Sr. Network Engineer,Jason Morris DVM,PL,Active,Contract,Zone B,Part-Time,Unk,,IT/IS,General - Con,27-09-2000,MA,Lineman,Male,94433,Hispanic,Divorced,PIP,3
3840,2023-04-01,2023-05-18,Sr. Network Engineer,Alex Lewis,BPC,Active,Part-Time,Zone B,Full-Time,Voluntary,Item type author pick set read style.,IT/IS,Field Operations,25-10-1969,MA,Foreman,Male,97654,Hispanic,Single,Fully Meets,3
3841,2021-03-20,,Principal Data Architect,Kevin Gross,CCDR,Active,Full-Time,Zone C,Full-Time,Unk,,IT/IS,Wireline Construction,17-06-1970,CT,Laborer,Male,78239,Asian,Single,Fully Meets,3
3842,2020-08-20,2021-08-11,Enterprise Architect,Clayton Robertson,SVG,Leave of Absence,Part-Time,Zone B,Part-Time,Involuntary,Visit lawyer interesting.,IT/IS,Aerial,19-07-1951,MA,Lineman,Female,40402,White,Divorced,Fully Meets,3
3843,2023-07-16,2023-07-30,Sr. DBA,Melissa Pineda,EW,Leave of Absence,Full-Time,Zone C,Full-Time,Resignation,Place field everyone yourself.,IT/IS,Engineers,7/2/1977,MA,Engineer,Female,21480,Asian,Single,Fully Meets,3
3844,2021-06-10,2022-08-18,Network Engineer,Melissa Torres,PYZ,Active,Part-Time,Zone C,Temporary,Voluntary,Church happen network dog kid thought.,Executive Office,General - Con,2/6/1961,MA,Laborer,Male,49677,White,Single,PIP,3
3845,2019-08-25,,Network Engineer,Jordan Caldwell,WBL,Active,Contract,Zone A,Full-Time,Unk,,Executive Office,Field Operations,10/8/1969,MA,Laborer,Male,69726,Hispanic,Single,PIP,3
3846,2020-05-04,2023-05-15,IT Support,Anthony Neal,NEL,Active,Contract,Zone C,Full-Time,Retirement,Fall often enjoy once house card something.,IT/IS,Wireline Construction,10/8/1975,MA,Driver,Male,44664,Asian,Single,Fully Meets,3
3847,2019-02-24,2020-06-11,IT Support,Gregory Rodriguez,PL,Active,Part-Time,Zone B,Temporary,Retirement,Indeed compare I since possible something.,IT/IS,Field Operations,6/9/1998,MA,Laborer,Male,53800,Hispanic,Single,Fully Meets,3
3848,2019-09-24,,IT Support,John Gordon,BPC,Active,Full-Time,Zone C,Temporary,Unk,,IT/IS,Field Operations,18-08-1996,MA,Technician,Male,69459,Asian,Married,Fully Meets,3
3849,2021-02-13,,IT Support,Darryl Vargas,CCDR,Active,Contract,Zone A,Part-Time,Unk,,IT/IS,General - Con,21-01-1979,MA,Foreman,Female,78801,White,Widowed,Fully Meets,3
3850,2020-01-05,2022-04-25,Sr. Network Engineer,Cheryl Cook,MSC,Active,Part-Time,Zone B,Temporary,Voluntary,Gas likely father read individual fly serve.,IT/IS,Yard (Material Handling),17-08-1953,MA,Administration,Male,77264,Hispanic,Single,Fully Meets,3
3851,2019-01-18,2020-03-30,Sr. Network Engineer,Thomas Hanson,NEL,Leave of Absence,Contract,Zone C,Temporary,Resignation,Law particularly paper friend.,IT/IS,Executive,7/7/1994,CT,Manager,Male,38058,Black,Married,PIP,3
3852,2019-03-01,2021-09-25,Principal Data Architect,Dr. Eric Henderson,PL,Leave of Absence,Part-Time,Zone A,Temporary,Retirement,Modern fight pattern.,IT/IS,Field Operations,10/9/1987,CT,Laborer,Female,34011,White,Widowed,PIP,3
3853,2021-08-14,2022-11-05,Enterprise Architect,James Horn,PYZ,Leave of Absence,Full-Time,Zone A,Temporary,Resignation,Rule yes maintain treatment.,IT/IS,General - Con,18-07-1983,MA,Operator,Female,56198,Asian,Single,Fully Meets,3
3854,2019-06-06,2019-09-05,Network Engineer,Matthew Miranda,WBL,Active,Part-Time,Zone B,Temporary,Retirement,Area card test push day effect.,Executive Office,Technology / It,24-01-1942,MA,Manager,Male,72343,Black,Single,Fully Meets,3
3855,2021-05-25,2022-08-13,Network Engineer,Jason Patel,WBL,Active,Part-Time,Zone B,Part-Time,Retirement,Case try necessary test. Full today TV bit year.,Executive Office,People Services,1/10/1999,MA,Accountant,Male,77314,Other,Widowed,Fully Meets,3
3856,2023-03-17,2023-06-12,Network Engineer,Michael Young,TNS,Active,Part-Time,Zone C,Part-Time,Involuntary,Stand cut knowledge staff course than class.,Executive Office,Wireline Construction,17-05-1994,MA,Groundman,Male,57170,Other,Divorced,PIP,3
3857,2022-10-02,2022-10-11,IT Support,Lindsey Osborne,SVG,Active,Contract,Zone B,Temporary,Voluntary,Forget budget now window.,IT/IS,Fielders,24-05-1963,MA,Engineer,Male,18837,Black,Widowed,PIP,3
3858,2022-01-22,,IT Support,Gerald Yu,PYZ,Active,Full-Time,Zone B,Full-Time,Unk,,IT/IS,Engineers,2/7/1951,MA,Technician,Male,90580,Other,Married,Fully Meets,3
3859,2019-11-29,2022-08-18,IT Support,Randall Keller,PL,Active,Full-Time,Zone B,Part-Time,Voluntary,Conference feeling notice military.,IT/IS,Fielders,20-04-1992,MA,Engineer,Female,70282,Hispanic,Married,PIP,3
3860,2020-07-01,2022-09-22,IT Support,Ricky Banks,NEL,Active,Contract,Zone B,Temporary,Resignation,A matter seven second professor.,IT/IS,Catv,4/1/1996,MA,Lineman,Female,86329,Asian,Single,Fully Meets,3
3861,2022-03-24,,Sr. Network Engineer,Jessica Figueroa,PL,Active,Full-Time,Zone C,Part-Time,Unk,,IT/IS,General - Con,25-02-1965,MA,Flagger,Male,70757,Other,Widowed,PIP,3
3862,2019-05-13,2023-06-06,Sr. Network Engineer,Lindsey Gibson,BPC,Leave of Absence,Part-Time,Zone B,Temporary,Involuntary,Contain result down realize employee image in.,IT/IS,Project Management - Con,5/5/1989,CT,Engineer,Male,58224,White,Married,PIP,3
3863,2019-06-07,,Principal Data Architect,Jeremy Hanson,CCDR,Active,Contract,Zone A,Temporary,Unk,,IT/IS,Aerial,19-03-1972,MA,Technician,Female,38413,Other,Single,PIP,3
3864,2022-12-05,2023-06-13,Enterprise Architect,David Chung,SVG,Leave of Absence,Contract,Zone A,Full-Time,Resignation,Sort blue time total.,IT/IS,Aerial,27-04-1969,MA,Laborer,Female,32977,Other,Married,Needs Improvement,3
3865,2020-09-29,2021-10-22,Network Engineer,Jacob Russo,MSC,Active,Part-Time,Zone C,Temporary,Involuntary,Me husband about special within.,Production       ,Sales & Marketing,3/10/1963,MA,Vp,Male,9209,Asian,Single,Needs Improvement,3
3866,2020-09-04,2021-04-17,Network Engineer,Harold Lee,TNS,Active,Contract,Zone A,Full-Time,Retirement,First bed red in.,Executive Office,Field Operations,9/11/1959,MA,Technician,Male,58737,Other,Divorced,Fully Meets,3
3867,2018-08-26,,Network Engineer,Heather Hill,PYZ,Active,Part-Time,Zone B,Full-Time,Unk,,Executive Office,Catv,21-10-1986,MA,Clerk,Male,5363,Other,Widowed,Fully Meets,3
3868,2019-08-17,,Network Engineer,Jasmine Smith,WBL,Active,Contract,Zone A,Part-Time,Unk,,IT/IS,Finance & Accounting,23-03-2000,MA,Administrative,Male,51175,Hispanic,Widowed,Fully Meets,3
3869,2019-09-25,2020-02-07,IT Support,Shawn Martin,NEL,Active,Full-Time,Zone A,Temporary,Voluntary,Investment radio bring who. Big move rise return.,IT/IS,Field Operations,10/6/1977,MA,Drafter,Male,49132,Hispanic,Divorced,Fully Meets,3
3870,2023-03-11,2023-03-11,IT Support,Mr. Todd Lawson,PL,Active,Contract,Zone B,Temporary,Resignation,Capital economy while notice this nice.,IT/IS,Project Management - Con,23-11-1966,MA,Laborer,Male,64853,Asian,Single,Fully Meets,3
3871,2022-12-15,,IT Support,Laura Sanchez,BPC,Active,Full-Time,Zone B,Full-Time,Unk,,IT/IS,General - Con,5/6/1971,MA,Lineman,Female,39859,White,Widowed,Fully Meets,3
3872,2018-08-10,2021-02-08,IT Support,Jeffrey Ramos,CCDR,Active,Contract,Zone B,Part-Time,Resignation,Four yourself strong give focus meeting.,IT/IS,Engineers,8/1/1966,MA,Director,Female,48135,Asian,Single,Fully Meets,3
3873,2022-03-04,2023-06-22,Sr. Network Engineer,Patricia Johnson,NEL,Active,Full-Time,Zone B,Part-Time,Resignation,Up reason question past attention.,IT/IS,Executive,27-10-1972,MA,General Manager,Male,41066,Hispanic,Widowed,Fully Meets,3
3874,2020-06-02,,Sr. Network Engineer,Brandy Greer,PL,Active,Part-Time,Zone C,Part-Time,Unk,,IT/IS,General - Con,22-10-1997,CT,Laborer,Male,28613,Hispanic,Married,Fully Meets,3
3875,2021-06-29,,Sr. Network Engineer,Charles Velez,BPC,Active,Contract,Zone A,Temporary,Unk,,IT/IS,Underground,23-08-1969,CT,Laborer,Male,81215,Asian,Divorced,Fully Meets,3
3876,2021-10-24,,Principal Data Architect,Deborah Bell,CCDR,Active,Contract,Zone C,Temporary,Unk,,IT/IS,General - Con,30-05-1954,MA,Lineman,Female,70578,Hispanic,Single,PIP,3
3877,2018-10-22,2020-04-07,Network Engineer,Christian Ortega,MSC,Active,Part-Time,Zone A,Full-Time,Resignation,Increase town serious care support key heavy.,Executive Office,General - Con,21-01-1976,MA,Lineman,Male,81607,Asian,Single,PIP,3
3878,2018-09-08,2021-08-23,Network Engineer,Michael Morton,TNS,Active,Contract,Zone B,Part-Time,Voluntary,Hot star town often onto although cultural.,Executive Office,Engineers,18-02-1967,MA,Engineer,Male,69536,Other,Divorced,Fully Meets,3
3879,2019-02-08,2023-02-24,Network Engineer,Brian Aguirre,PYZ,Active,Full-Time,Zone C,Part-Time,Involuntary,Say rate glass natural study pattern.,IT/IS,Field Operations,13-01-1996,MA,Clerk,Male,16655,Hispanic,Married,Fully Meets,3
3880,2021-03-29,2021-06-27,Network Engineer,Richard Gonzalez,WBL,Active,Part-Time,Zone B,Temporary,Voluntary,Offer kitchen foreign role.,IT/IS,General - Con,15-05-1973,MA,Clerical,Male,73726,Black,Single,Fully Meets,3
3881,2019-06-19,,IT Support,Karen Elliott,NEL,Active,Part-Time,Zone B,Part-Time,Unk,,IT/IS,Field Operations,12/11/1992,MA,Laborer,Male,14181,Other,Divorced,Fully Meets,3
3882,2019-01-30,,IT Support,Kelly Bean,PL,Active,Contract,Zone C,Part-Time,Unk,,IT/IS,Wireless,15-02-1946,MA,Operator,Female,14438,Asian,Married,Fully Meets,3
3883,2022-05-06,2022-09-26,IT Support,Jacob Hamilton,BPC,Active,Contract,Zone B,Full-Time,Involuntary,Here employee minute officer southern.,IT/IS,Field Operations,16-06-1991,MA,Administrator,Female,11294,White,Widowed,Fully Meets,3
3884,2019-02-02,,IT Support,Barbara Skinner,CCDR,Active,Full-Time,Zone B,Temporary,Unk,,IT/IS,Engineers,27-04-1987,MA,Engineer,Female,96985,Black,Widowed,Fully Meets,3
3885,2021-12-08,,Sr. Network Engineer,Aaron Oconnor,EW,Active,Full-Time,Zone B,Part-Time,Unk,,IT/IS,Engineers,21-10-1948,CT,Engineer,Female,93436,Black,Single,Fully Meets,3
3886,2018-10-12,,Sr. Network Engineer,Christine Mcgee,MSC,Active,Part-Time,Zone B,Temporary,Unk,,IT/IS,Wireless,6/12/1977,CT,Technician,Male,42646,Other,Single,Fully Meets,3
3887,2022-04-22,2023-05-15,Sr. Network Engineer,Jose Moran,NEL,Leave of Absence,Contract,Zone B,Temporary,Retirement,Fact item service few contain less available.,IT/IS,General - Con,24-06-1954,CT,Flagger,Male,54502,White,Divorced,Exceeds,3
3888,2021-09-05,2022-07-08,Principal Data Architect,Jimmy Beck,PL,Leave of Absence,Full-Time,Zone B,Full-Time,Retirement,Too within that room.,IT/IS,Engineers,20-06-1987,MA,Engineer,Female,88391,Other,Divorced,Fully Meets,3
3889,2022-09-05,2022-10-30,Network Engineer,Lisa Chase,TNS,Active,Contract,Zone B,Part-Time,Resignation,With affect give water contain lose subject wide.,Executive Office,General - Con,15-10-1982,MA,Foreman,Male,26421,Black,Single,Fully Meets,3
3890,2022-07-19,2023-04-25,Network Engineer,Susan Livingston,WBL,Active,Full-Time,Zone B,Temporary,Resignation,Card around respond current seem along.,IT/IS,General - Con,20-08-1999,MA,Foreman,Male,85660,Asian,Divorced,Fully Meets,3
3891,2022-05-26,,Network Engineer,April Castillo,BPC,Active,Full-Time,Zone C,Temporary,Unk,,IT/IS,Engineers,4/7/1960,MA,Engineer,Male,60107,Other,Single,Fully Meets,3
3892,2022-10-31,,Network Engineer,Diane James,CCDR,Active,Full-Time,Zone A,Full-Time,Unk,,IT/IS,Engineers,1/4/1978,MA,Principal,Male,60831,Hispanic,Divorced,Fully Meets,3
3893,2023-03-22,2023-07-28,IT Support,Allison Shannon,EW,Active,Full-Time,Zone B,Part-Time,Involuntary,Series remember American lawyer probably be.,IT/IS,General - Con,15-04-1953,MA,Laborer,Female,68298,Asian,Married,Fully Meets,3
3894,2023-05-29,,IT Support,David Long,MSC,Active,Full-Time,Zone A,Full-Time,Unk,,IT/IS,Aerial,2/3/1959,MA,Lineman,Female,72913,Black,Married,Fully Meets,3
3895,2020-02-23,2021-09-08,IT Support,Kelly Hall,NEL,Active,Full-Time,Zone C,Full-Time,Retirement,Right hold rule similar yeah later floor.,IT/IS,Splicing,16-05-1943,MA,Tester,Female,3137,Other,Single,Fully Meets,3
3896,2019-08-13,2022-07-10,IT Support,Rachel Sanchez,PL,Active,Part-Time,Zone B,Temporary,Involuntary,Meeting wind concern action. Scene western serve.,IT/IS,Engineers,20-11-1980,MA,Project Manager,Female,2618,Other,Widowed,Fully Meets,3
3897,2019-03-25,2021-09-13,Sr. Network Engineer,Hector Singleton,NEL,Active,Part-Time,Zone A,Part-Time,Retirement,All machine best age ask court.,IT/IS,Aerial,31-03-1956,CT,Project Manager,Female,84396,Black,Married,Fully Meets,3
3898,2018-12-14,2023-02-11,Sr. Network Engineer,Denise Oconnor,PL,Leave of Absence,Part-Time,Zone C,Temporary,Retirement,Cut during return could hit view born present.,IT/IS,General - Con,11/7/1948,CT,Lineman,Male,83611,Asian,Single,Fully Meets,3
3899,2021-03-07,2021-08-31,Sr. Network Engineer,Ruben Cook,BPC,Leave of Absence,Contract,Zone B,Part-Time,Resignation,Issue teacher page true relate. Fight out learn.,IT/IS,Engineers,22-06-1943,CT,Engineer,Female,88656,Other,Divorced,Fully Meets,3
3900,2023-06-16,,Principal Data Architect,Amy Duncan,CCDR,Active,Contract,Zone C,Full-Time,Unk,,IT/IS,Field Operations,26-09-1995,MA,Field Technician,Female,79249,Asian,Single,Fully Meets,3
3901,2021-06-18,,Network Engineer,Anthony Cruz MD,EW,Active,Part-Time,Zone A,Temporary,Unk,,Executive Office,Project Management - Eng,5/2/1988,MA,Project Manager,Male,3921,Hispanic,Single,Fully Meets,3
3902,2023-05-22,2023-06-16,Network Engineer,Michelle Perry,MSC,Active,Contract,Zone B,Temporary,Resignation,Deep certainly boy record.,Executive Office,Wireline Construction,2/6/1964,MA,Groundman,Male,84876,Black,Single,Fully Meets,3
3903,2019-05-14,,Network Engineer,Victoria Shaw,TNS,Active,Full-Time,Zone A,Full-Time,Unk,,IT/IS,Field Operations,21-07-1993,MA,Driver,Male,66324,Hispanic,Single,Fully Meets,3
3904,2020-12-27,,Network Engineer,Brad Lee,PYZ,Active,Contract,Zone A,Part-Time,Unk,,IT/IS,Engineers,3/3/1970,MA,Engineer,Male,86510,Asian,Widowed,Fully Meets,3
3905,2020-08-04,2022-02-04,Network Engineer,Todd Baker,WBL,Active,Full-Time,Zone A,Full-Time,Involuntary,Brother reduce since no during.,IT/IS,Billable Consultants,8/6/1958,MA,Engineer,Female,48843,Black,Widowed,Fully Meets,3
3906,2020-08-25,,IT Support,Samuel Padilla,NEL,Active,Contract,Zone C,Temporary,Unk,,IT/IS,Wireline Construction,5/9/1975,MA,Splicer,Female,70797,Other,Married,Fully Meets,3
3907,2022-02-24,,IT Support,Michael Wright,PL,Active,Full-Time,Zone A,Temporary,Unk,,IT/IS,Engineers,11/7/1964,MA,Director,Female,6437,White,Married,Fully Meets,3
3908,2019-08-06,2021-03-21,IT Support,Bryan Foley,BPC,Active,Part-Time,Zone C,Temporary,Resignation,Reduce center top without.,IT/IS,Splicing,11/7/1986,MA,Splicer,Female,92289,Black,Married,Needs Improvement,3
3909,2021-08-01,2021-09-24,IT Support,April Anderson MD,CCDR,Active,Part-Time,Zone C,Part-Time,Resignation,Expect maintain knowledge thus.,IT/IS,General - Eng,26-05-1944,MA,Administrative,Female,58900,Other,Married,Needs Improvement,3
3910,2022-07-13,2023-01-22,Sr. Network Engineer,Matthew Calderon DDS,WBL,Active,Part-Time,Zone A,Part-Time,Voluntary,Concern morning while.,IT/IS,Wireless,22-02-1997,MA,Technician,Female,35673,White,Widowed,Needs Improvement,3
3911,2021-05-28,,Sr. Network Engineer,Bryan Ramos,NEL,Active,Full-Time,Zone A,Part-Time,Unk,,IT/IS,Splicing,29-07-1950,CT,Splicer,Male,68952,White,Widowed,Fully Meets,3
3912,2020-07-06,2021-01-18,Sr. Network Engineer,Alan Harris,PL,Leave of Absence,Part-Time,Zone C,Full-Time,Involuntary,Reach music five away. Too fish sure be.,IT/IS,General - Con,19-05-1968,CT,Foreman,Male,97493,Hispanic,Widowed,Needs Improvement,3
3913,2020-01-14,2022-06-08,Sr. Network Engineer,Rodney Hart,BPC,Leave of Absence,Full-Time,Zone A,Part-Time,Resignation,Management so author training floor stage could.,IT/IS,Project Management - Con,2/6/1942,MA,Purchasing,Female,69903,White,Married,Fully Meets,3
3914,2020-02-04,2021-01-29,Network Engineer,Jorge Mayo,SVG,Active,Contract,Zone C,Temporary,Resignation,Whole shake score look.,Executive Office,Engineers,22-07-1958,MA,Project Manager,Male,9758,Other,Single,Exceeds,3
3915,2022-08-28,,Network Engineer,Kimberly Good,TNS,Active,Contract,Zone B,Part-Time,Unk,,IT/IS,Field Operations,3/5/1991,MA,Foreman,Male,31391,Other,Widowed,Fully Meets,3
3916,2022-06-27,,Network Engineer,Stephanie Harris,WBL,Active,Part-Time,Zone C,Temporary,Unk,,IT/IS,Project Management - Con,25-05-1964,MA,Coordinator,Male,14939,Other,Widowed,Fully Meets,3
3917,2019-12-19,2023-03-31,Network Engineer,Ethan Allison,PYZ,Active,Part-Time,Zone C,Full-Time,Retirement,Might control article admit may water.,IT/IS,General - Con,11/4/1993,MA,Technician,Female,89635,Black,Widowed,Exceeds,3
3918,2020-09-24,2023-03-27,Network Engineer,Christian Mullen,WBL,Active,Contract,Zone A,Full-Time,Voluntary,Road he court. Officer blood couple.,IT/IS,Field Operations,17-06-1960,MA,Laborer,Female,48262,Asian,Widowed,Fully Meets,3
3919,2023-07-06,,IT Support,Debra Oneal,NEL,Active,Contract,Zone C,Full-Time,Unk,,IT/IS,Field Operations,7/10/1944,MA,Tower Hand,Female,42410,Asian,Divorced,Fully Meets,3
3920,2021-04-11,2022-12-19,IT Support,Cynthia Willis,PL,Active,Full-Time,Zone A,Part-Time,Involuntary,Sit parent popular even travel level who.,IT/IS,Field Operations,4/11/1961,MA,Laborer,Female,62625,Other,Divorced,Fully Meets,3
3921,2020-02-12,2022-07-15,IT Support,Lauren Douglas,BPC,Active,Contract,Zone A,Part-Time,Retirement,Form law draw east through particularly.,IT/IS,Splicing,30-11-1943,MA,Splicer,Female,56684,Other,Married,Fully Meets,3
3922,2018-12-25,,IT Support,Katherine Wright,CCDR,Active,Part-Time,Zone A,Full-Time,Unk,,IT/IS,General - Con,4/10/1996,MA,Lineman,Female,26513,White,Widowed,Fully Meets,3
3923,2021-12-25,2023-06-19,Sr. Network Engineer,Jennifer Lester,WBL,Active,Full-Time,Zone C,Part-Time,Involuntary,Mouth activity price take take rather.,IT/IS,Aerial,16-03-1955,MA,Foreman,Female,26918,Hispanic,Single,Exceeds,3
3924,2021-05-22,,Sr. Network Engineer,Erin Tran,NEL,Active,Full-Time,Zone B,Full-Time,Unk,,IT/IS,General - Con,27-04-1993,CT,Technician,Male,86917,Other,Widowed,Fully Meets,3
3925,2020-05-03,2022-11-14,Sr. Network Engineer,Bill Barnes,PL,Leave of Absence,Contract,Zone C,Part-Time,Resignation,Environment Democrat personal design now.,IT/IS,General - Sga,15-10-1960,MA,Vp,Male,64495,Hispanic,Widowed,Fully Meets,3
3926,2019-02-27,,Sr. Network Engineer,Nicole Morales,BPC,Active,Full-Time,Zone C,Full-Time,Unk,,IT/IS,Wireless,16-12-1941,MA,Supervisor,Female,47528,Hispanic,Single,Needs Improvement,3
3927,2020-03-01,2022-03-05,Network Engineer,Gary Davidson,SVG,Active,Contract,Zone C,Temporary,Involuntary,Four American something smile.,Executive Office,Aerial,12/10/1982,MA,Lineman,Male,50639,Other,Single,Fully Meets,3
3928,2021-01-27,2021-10-18,Network Engineer,Walter Powell,TNS,Active,Full-Time,Zone A,Temporary,Resignation,Red say check wish car food between member.,IT/IS,General - Con,11/7/1956,MA,Laborer,Male,59834,White,Widowed,Fully Meets,3
3929,2023-06-18,2023-07-24,Network Engineer,Kimberly Wolf,WBL,Active,Contract,Zone C,Part-Time,Resignation,Whom part moment eye. Off wear be hold listen.,IT/IS,Wireline Construction,20-04-1977,MA,Clerk,Female,73645,Asian,Married,Fully Meets,3
3930,2019-11-24,,Network Engineer,Patricia Andrews,BPC,Active,Contract,Zone A,Part-Time,Unk,,IT/IS,General - Con,9/4/1984,MA,Helper,Female,65218,Asian,Married,Fully Meets,3
3931,2021-09-24,,Network Engineer,Michelle King,CCDR,Active,Part-Time,Zone A,Temporary,Unk,,IT/IS,Engineers,26-06-1960,MA,Drafter,Male,34001,Black,Widowed,Fully Meets,3
3932,2022-08-17,,IT Support,Kenneth Rodriguez,EW,Active,Contract,Zone B,Full-Time,Unk,,IT/IS,General - Eng,21-04-1965,MA,Billing,Female,23569,Black,Single,Fully Meets,3
3933,2023-04-18,,IT Support,Kevin Hudson,MSC,Active,Contract,Zone A,Part-Time,Unk,,IT/IS,Engineers,21-08-1967,MA,Engineer,Female,46935,White,Married,Fully Meets,3
3934,2020-04-15,2022-05-13,IT Support,Dustin Sanchez,NEL,Active,Full-Time,Zone C,Temporary,Involuntary,Development operation wrong law room.,IT/IS,Executive,3/1/1979,MA,Vp,Female,80168,Asian,Widowed,Fully Meets,3
3935,2020-12-25,,IT Support,Jennifer Flores,PL,Active,Full-Time,Zone C,Full-Time,Unk,,IT/IS,Aerial,16-11-1993,MA,Lineman,Male,97304,White,Widowed,Fully Meets,3
3936,2022-07-21,2023-05-01,Enterprise Architect,Stephen Rasmussen,MSC,Terminated for Cause,Full-Time,Zone B,Temporary,Involuntary,Manage brother himself deal.,IT/IS,General - Sga,27-06-1998,CT,Director,Male,6033,Other,Widowed,Fully Meets,3
3937,2022-11-04,,Database Administrator,Christina Williams,EW,Active,Contract,Zone C,Part-Time,Unk,,IT/IS,Field Operations,13-09-1944,MA,Laborer,Male,1960,White,Widowed,Fully Meets,3
3938,2020-04-20,,Data Analyst,Brittany Evans,BPC,Active,Part-Time,Zone B,Temporary,Unk,,IT/IS,Field Operations,28-05-1955,MA,Tower Hand,Female,1886,Hispanic,Married,Fully Meets,3
3939,2019-09-05,,Data Analyst,Nicole Hill,CCDR,Active,Part-Time,Zone A,Part-Time,Unk,,IT/IS,General - Con,4/9/1992,TX,Foreman,Male,78230,Black,Married,Fully Meets,3
3940,2019-08-11,,Sr. DBA,Kaitlyn Young,EW,Active,Contract,Zone B,Full-Time,Unk,,IT/IS,General - Con,9/8/1958,MA,Technician,Male,2148,Other,Divorced,Fully Meets,3
3941,2018-11-04,,Data Analyst,Alejandra Spencer,BPC,Active,Full-Time,Zone B,Temporary,Unk,,IT/IS,Field Operations,30-08-1985,MA,Laborer,Male,1810,White,Married,Fully Meets,3
3942,2018-11-04,2021-12-22,Principal Data Architect,Brian Gamble MD,PYZ,Voluntarily Terminated,Contract,Zone B,Temporary,Resignation,Begin mind time similar night travel.,IT/IS,Catv,4/9/1951,MA,Laborer,Female,2703,Asian,Married,PIP,3
3943,2019-07-27,2021-07-25,Data Analyst ,Lauren Moore,NEL,Voluntarily Terminated,Part-Time,Zone A,Part-Time,Resignation,Choose system picture one party decision.,IT/IS,General - Eng,4/8/1971,MA,Administrative,Male,2452,Black,Single,Fully Meets,3
3944,2020-12-21,,Data Analyst,Joseph Owen,SVG,Active,Full-Time,Zone A,Full-Time,Unk,,IT/IS,General - Sga,5/7/1997,MA,Administrator,Female,2148,White,Single,Fully Meets,3
3945,2022-07-25,,Data Analyst,Carla Wilson,MSC,Active,Full-Time,Zone C,Temporary,Unk,,IT/IS,Engineers,23-03-1998,MA,Engineer,Female,1886,Black,Single,PIP,3
3946,2019-06-15,,Database Administrator,Valerie Moody,NEL,Active,Contract,Zone A,Temporary,Unk,,IT/IS,Shop (Fleet),20-07-1957,MA,Technician,Female,2493,White,Married,Fully Meets,3
3947,2020-04-04,2022-06-22,Database Administrator,Heather Phillips,EW,Terminated for Cause,Full-Time,Zone B,Full-Time,Resignation,Door hear include off.,IT/IS,Field Operations,3/12/1996,MA,Field Technician,Female,2026,Hispanic,Married,Fully Meets,3
3948,2023-02-03,2023-05-29,Data Analyst,Peggy Mccoy,MSC,Voluntarily Terminated,Contract,Zone C,Full-Time,Involuntary,Discuss budget Mrs line whom television.,IT/IS,Aerial,29-10-1943,MA,Foreman,Male,2747,Hispanic,Married,Fully Meets,3
3949,2022-09-20,2023-07-04,Sr. DBA,Natasha Walton,SVG,Future Start,Full-Time,Zone A,Temporary,Voluntary,City week discussion success month push.,IT/IS,General - Con,17-03-1991,MA,Laborer,Female,1886,White,Single,Fully Meets,3
3950,2023-07-12,,Database Administrator,George Willis,CCDR,Active,Full-Time,Zone A,Part-Time,Unk,,IT/IS,Fielders,29-01-1989,MA,Engineer,Female,2301,Hispanic,Widowed,Fully Meets,3
3951,2021-04-25,2023-02-12,Database Administrator,Joseph Jensen,MSC,Terminated for Cause,Contract,Zone A,Temporary,Resignation,Model candidate worker writer.,IT/IS,Wireline Construction,7/9/1961,MA,Groundman,Female,2127,Asian,Divorced,Fully Meets,3
3952,2021-03-13,,Data Analyst,Donna Young,EW,Active,Full-Time,Zone A,Full-Time,Unk,,IT/IS,Finance & Accounting,1/11/1950,MA,Assistant,Male,2110,Black,Single,Fully Meets,3
3953,2021-08-16,,Data Analyst,Nicole Elliott,BPC,Active,Full-Time,Zone B,Full-Time,Unk,,IT/IS,General - Eng,22-02-1965,MA,Engineer,Female,78692,White,Married,Fully Meets,3
3954,2021-10-18,,Database Administrator,Gerald Carey,CCDR,Active,Full-Time,Zone B,Temporary,Unk,,IT/IS,General - Con,11/11/1946,MA,Flagger,Female,87816,Hispanic,Married,Fully Meets,3
3955,2020-02-16,2023-03-16,Database Administrator,Aaron Richards,SVG,Active,Contract,Zone C,Full-Time,Resignation,Detail positive wall bag project travel.,IT/IS,Project Management - Con,28-10-1998,MA,Coordinator,Female,31207,Hispanic,Married,Fully Meets,3
3956,2019-08-07,2023-03-08,Database Administrator,Joseph Shelton,EW,Active,Contract,Zone A,Temporary,Retirement,Billion same enter green imagine mouth country.,IT/IS,General - Sga,2/1/1997,TX,Foreman,Female,6158,Black,Widowed,Fully Meets,3
3957,2022-01-03,,Database Administrator,Rose Conner,MSC,Active,Contract,Zone C,Temporary,Unk,,IT/IS,Field Operations,2/1/1991,TX,Administration,Female,36554,Other,Divorced,Fully Meets,3
3958,2020-09-22,,Database Administrator,Jacqueline Huerta,TNS,Active,Part-Time,Zone C,Full-Time,Unk,,IT/IS,Field Operations,18-09-1974,TX,Foreman,Female,53042,Hispanic,Married,PIP,3
3959,2022-11-11,2023-07-14,Data Architect,Douglas Chapman,PYZ,Terminated for Cause,Part-Time,Zone A,Full-Time,Resignation,Threat high fine everyone out.,IT/IS,General - Con,20-08-1988,TX,Foreman,Male,42665,Hispanic,Single,Fully Meets,3
3960,2018-08-11,,CIO,Guy Hansen,WBL,Active,Part-Time,Zone A,Full-Time,Unk,,IT/IS,Field Operations,5/4/1947,TX,Laborer,Male,95490,White,Married,Fully Meets,3
3961,2023-03-31,,BI Director,Angela Gibson,NEL,Active,Full-Time,Zone A,Full-Time,Unk,,IT/IS,Aerial,19-06-1978,MA,Lineman,Male,74182,Black,Divorced,Fully Meets,3
3962,2021-03-10,,Sr. DBA,Joseph Patton,MSC,Active,Contract,Zone B,Part-Time,Unk,,IT/IS,Aerial,18-11-1990,MA,Lineman,Female,49449,Hispanic,Divorced,Fully Meets,3
3963,2019-08-30,,Sr. Accountant,Debra Mckenzie,TNS,Active,Part-Time,Zone B,Temporary,Unk,,IT/IS,Field Operations,19-05-1998,MA,Foreman,Female,39060,Black,Widowed,Fully Meets,3
3964,2021-06-07,2023-01-25,Sr. Accountant,Wendy Jackson,PYZ,Future Start,Part-Time,Zone A,Temporary,Involuntary,Soon agency begin song.,IT/IS,Aerial,26-02-2001,MA,Lineman,Male,21007,Black,Single,Exceeds,3
3965,2020-04-22,,Software Engineering Manager,Shaun Bell,WBL,Active,Contract,Zone B,Part-Time,Unk,,IT/IS,General - Con,1/11/1998,MA,Laborer,Female,12883,Other,Married,Fully Meets,3
3966,2018-10-19,2021-09-04,Software Engineer,Ruth Myers,NEL,Future Start,Contract,Zone A,Part-Time,Voluntary,Tree six high notice after news.,Software Engineering,Field Operations,28-04-1978,MA,Laborer,Female,5707,Black,Single,Fully Meets,3
3967,2018-12-03,2021-01-20,Data Analyst,Harold Jones,MSC,Active,Full-Time,Zone A,Temporary,Involuntary,Today policy same expert close drive drug.,IT/IS,Finance & Accounting,19-07-1955,MA,Administration,Female,10856,Black,Married,Fully Meets,3
3968,2021-02-20,,Data Analyst,Susan Smith,NEL,Active,Contract,Zone B,Temporary,Unk,,IT/IS,Engineers,14-07-1967,MA,Engineer,Female,94663,Other,Married,Fully Meets,3
3969,2021-01-17,,Database Administrator,Derrick Johnson,PL,Active,Contract,Zone A,Full-Time,Unk,,IT/IS,Aerial,18-06-1966,MA,Lineman,Female,61086,Asian,Divorced,Exceeds,3
3970,2020-10-04,2023-04-27,Database Administrator,Cynthia Gardner,PYZ,Active,Part-Time,Zone B,Full-Time,Voluntary,Push reflect pay similar movement others morning.,IT/IS,Field Operations,8/11/1950,MA,Foreman,Female,44077,Other,Married,Exceeds,3
3971,2021-01-29,,Database Administrator,Joel Hodge II,SVG,Active,Part-Time,Zone A,Temporary,Unk,,IT/IS,General - Con,31-10-1958,TX,Technician,Female,49694,Other,Widowed,Fully Meets,3
3972,2022-07-26,,Database Administrator,Raymond Wilson,TNS,Active,Part-Time,Zone B,Part-Time,Unk,,IT/IS,General - Con,7/6/1955,TX,Foreman,Female,21727,Black,Divorced,Fully Meets,3
3973,2018-09-21,2023-06-22,Database Administrator,Jason Sims,WBL,Terminated for Cause,Part-Time,Zone C,Temporary,Resignation,Professor now audience lay box.,IT/IS,Field Operations,22-05-1973,TX,Laborer,Female,50856,Hispanic,Single,Exceeds,3
3974,2018-12-25,2019-07-10,Data Architect,Ronnie Garcia,BPC,Terminated for Cause,Part-Time,Zone C,Full-Time,Involuntary,Way appear summer strong.,IT/IS,General - Eng,7/1/1986,TX,Engineer,Male,97255,Other,Married,Exceeds,3
3975,2020-11-03,2022-09-25,CIO,Curtis Hill,CCDR,Terminated for Cause,Part-Time,Zone B,Temporary,Voluntary,Doctor good process certainly successful ask.,IT/IS,Field Operations,25-01-1999,TX,Technician,Male,44793,Asian,Single,Fully Meets,3
3976,2021-10-22,,Sr. DBA,Curtis Mathis,MSC,Active,Full-Time,Zone C,Temporary,Unk,,IT/IS,Field Operations,17-11-1991,MA,Laborer,Female,24094,White,Divorced,Fully Meets,3
3977,2018-08-27,,Sr. Accountant,Bryan Sanchez,TNS,Active,Full-Time,Zone A,Full-Time,Unk,,IT/IS,Wireline Construction,19-08-1943,MA,Apprentice,Female,41670,Black,Divorced,Fully Meets,3
3978,2020-07-12,,Sr. Accountant,Mark Hines DDS,PYZ,Active,Part-Time,Zone B,Part-Time,Unk,,IT/IS,General - Con,26-04-1980,MA,Laborer,Male,56453,Asian,Widowed,Fully Meets,3
3979,2021-01-25,2022-06-11,Software Engineering Manager,Emma Allen,WBL,Future Start,Contract,Zone C,Temporary,Resignation,Front car keep.,IT/IS,Technology / It,30-10-1967,MA,Controller,Female,5067,Black,Married,Fully Meets,3
3980,2020-05-11,,Data Analyst,John Hart,PL,Active,Full-Time,Zone C,Full-Time,Unk,,IT/IS,Project Management - Con,2/12/1975,MA,Project Manager,Female,39598,White,Married,Exceeds,3
3981,2020-07-24,2023-04-09,Data Analyst,Richard Bailey,BPC,Active,Full-Time,Zone A,Temporary,Resignation,In throw short war process series ground.,IT/IS,Field Operations,7/2/1960,MA,Laborer,Female,35765,Black,Divorced,Fully Meets,3
3982,2022-08-09,,Database Administrator,Beverly Parker,CCDR,Active,Part-Time,Zone B,Part-Time,Unk,,IT/IS,Aerial,12/6/1957,MA,Laborer,Female,24218,Other,Married,Needs Improvement,3
3983,2022-06-12,,Database Administrator,Daniel Hart,SVG,Active,Full-Time,Zone A,Full-Time,Unk,,IT/IS,Field Operations,12/4/1964,MA,Technician,Female,62116,Hispanic,Married,Exceeds,3
3984,2022-02-10,2022-06-08,Database Administrator,Thomas Ramirez,EW,Active,Contract,Zone B,Full-Time,Retirement,If require particularly civil.,IT/IS,Wireline Construction,23-07-1963,TX,Laborer,Female,67986,Hispanic,Single,Fully Meets,3
3985,2023-01-13,2023-05-19,Database Administrator,Melissa Turner,MSC,Terminated for Cause,Part-Time,Zone A,Part-Time,Resignation,Network dinner again position three.,IT/IS,People Services,18-01-1992,TX,Director,Male,26193,White,Widowed,Fully Meets,3
3986,2020-03-10,,Database Administrator,Lynn Jackson,TNS,Active,Part-Time,Zone A,Temporary,Unk,,IT/IS,Catv,27-11-1972,TX,Supervisor,Female,46762,Hispanic,Married,Fully Meets,3
3987,2022-02-25,2022-07-19,Data Architect,Lindsay Nelson,PYZ,Terminated for Cause,Full-Time,Zone A,Full-Time,Retirement,Appear happen list.,IT/IS,Catv,3/5/1982,TX,Supervisor,Male,81376,Other,Widowed,Exceeds,3
3988,2022-07-21,2022-11-21,Sr. DBA,Anthony Williams,SVG,Leave of Absence,Contract,Zone A,Temporary,Voluntary,Successful center consider.,IT/IS,Shop (Fleet),17-06-1981,MA,Mechanic,Female,73583,White,Widowed,Fully Meets,3
3989,2022-07-11,,Sr. DBA,Mr. Jason Brock,TNS,Active,Full-Time,Zone C,Part-Time,Unk,,IT/IS,General - Con,18-06-1952,MA,Foreman,Female,43953,Asian,Widowed,Fully Meets,3
3990,2019-12-02,2019-12-26,Sr. Accountant,Caitlin Murphy,WBL,Future Start,Contract,Zone C,Temporary,Involuntary,Follow hit perform arm.,IT/IS,Safety,18-12-1956,MA,Safety,Male,73329,White,Divorced,Fully Meets,3
3991,2023-04-10,,Sr. Accountant,Ashley Cervantes,BPC,Active,Contract,Zone B,Full-Time,Unk,,IT/IS,Project Management - Con,9/3/1974,MA,Coordinator,Male,89576,Black,Single,Fully Meets,3
3992,2022-12-08,2023-05-07,Data Analyst,Roy Villegas,SVG,Active,Part-Time,Zone A,Full-Time,Voluntary,Teach left short key over.,IT/IS,General - Eng,28-12-1961,MA,Technician,Male,49077,Black,Married,Fully Meets,3
3993,2022-06-22,,Data Analyst,Gregory Ramirez,PYZ,Active,Contract,Zone C,Full-Time,Unk,,IT/IS,Field Operations,24-05-1996,MA,Foreman,Female,42676,Asian,Married,Fully Meets,3
3994,2022-09-22,,Data Analyst,Latoya Lam,PL,Active,Full-Time,Zone A,Full-Time,Unk,,IT/IS,Field Operations,8/2/1987,MA,Top Hand,Female,53464,Asian,Single,Fully Meets,3
3995,2019-07-15,2021-06-01,Database Administrator,Stuart White,NEL,Active,Full-Time,Zone A,Temporary,Resignation,Or break sea say owner. Often guy local.,IT/IS,Wireline Construction,8/12/1946,MA,Project Manager,Female,95641,Black,Widowed,Exceeds,3
3996,2021-09-01,,Database Administrator,Summer Carter,MSC,Active,Part-Time,Zone C,Full-Time,Unk,,IT/IS,Catv,29-11-1999,MA,Laborer,Female,82286,White,Widowed,Fully Meets,3
3997,2019-07-16,,Database Administrator,Jordan George,EW,Active,Contract,Zone A,Temporary,Unk,,IT/IS,Engineers,2/12/1946,TX,Project Manager,Male,72560,Black,Single,Needs Improvement,3
3998,2021-12-24,2022-07-27,Database Administrator,Brittany Rubio,CCDR,Terminated for Cause,Full-Time,Zone B,Full-Time,Resignation,Performance reflect military enter color.,IT/IS,Yard (Material Handling),22-01-1971,TX,Administrative,Female,82557,Other,Married,Fully Meets,3
3999,2019-04-17,2021-08-17,Database Administrator,John Henderson,BPC,Terminated for Cause,Full-Time,Zone B,Full-Time,Involuntary,Ball when check interview score manager.,IT/IS,Engineers,1/2/1943,TX,Engineer,Male,13760,Asian,Single,Exceeds,3
4000,2019-10-26,2021-06-08,Data Architect,Eugene Morgan,PYZ,Terminated for Cause,Contract,Zone C,Full-Time,Involuntary,Stop air whole generation adult song.,IT/IS,Field Operations,31-03-1960,TX,Technician,Male,18464,Black,Divorced,Fully Meets,3
1001,2019-08-29,,Software Engineer,Angela Carlson,BPC,Active,Part-Time,Zone A,Part-Time,Unk,,Software Engineering,Engineers,21-09-1957,MA,Engineer,Female,1749,Black,Married,Fully Meets,3
1002,2022-12-12,2023-05-28,Software Engineer,Angela Hayes,NEL,Active,Part-Time,Zone A,Temporary,Involuntary,Behind buy our of very claim.,Software Engineering,Catv,8/7/1950,MA,Foreman,Female,2135,Asian,Widowed,Fully Meets,3
1003,2023-03-08,2023-03-15,Software Engineer,Christina Copeland,WBL,Active,Contract,Zone A,Part-Time,Voluntary,Some make teach quite range seem conference.,Software Engineering,Field Operations,23-11-1973,MA,Foreman,Female,2176,White,Married,Fully Meets,3
1004,2020-05-29,2021-03-05,Software Engineer,Jennifer Cohen,PYZ,Active,Part-Time,Zone C,Part-Time,Involuntary,Enter beautiful social store.,Software Engineering,Project Management - Con,27-01-1957,MA,Coordinator,Male,2140,Black,Single,Fully Meets,3
1005,2022-09-16,,Software Engineer,Mr. Jesus Richards,SVG,Active,Full-Time,Zone B,Temporary,Unk,,Software Engineering,Field Operations,28-07-1970,MA,Project Manager,Male,1844,Black,Divorced,Fully Meets,3
1006,2021-08-15,2021-11-20,Software Engineer,Beth Johnson,MSC,Active,Full-Time,Zone C,Part-Time,Resignation,Throughout yet in serious here wish.,Software Engineering,Engineers,19-02-1959,MA,Administrative,Female,2110,White,Widowed,Fully Meets,3
1007,2020-10-25,2021-09-26,Software Engineer,Raymond Adams,SVG,Voluntarily Terminated,Part-Time,Zone A,Part-Time,Involuntary,Recently however meeting economic.,Software Engineering,General - Con,18-03-2000,MA,Lineman,Male,2451,Black,Widowed,Fully Meets,3
1008,2019-08-28,2020-05-04,Software Engineer,Jessica Rhodes,BPC,Active,Contract,Zone B,Temporary,Voluntary,Instead story skill financial who.,Software Engineering,General - Con,21-12-1981,MA,Foreman,Female,2132,Hispanic,Married,Fully Meets,3
1009,2019-06-13,2023-01-12,Software Engineer,Steven Tran,NEL,Active,Part-Time,Zone C,Temporary,Retirement,Exactly vote including easy.,Software Engineering,General - Con,1/3/1987,MA,Model Assistant,Female,2132,Other,Single,Fully Meets,3
1010,2021-01-12,2022-03-18,Software Engineer,Kristen Collier,EW,Voluntarily Terminated,Part-Time,Zone C,Temporary,Voluntary,West note present Mr woman family.,Software Engineering,Field Operations,21-10-1992,MA,Supervisor,Male,12889,Hispanic,Divorced,Fully Meets,3
1011,2022-02-07,2023-02-12,Software Engineer,David Lopez,MSC,Voluntarily Terminated,Contract,Zone A,Temporary,Resignation,Professor situation they bag interest there.,Software Engineering,General - Con,22-02-1948,MA,Foreman,Male,21340,Hispanic,Married,Fully Meets,3
1012,2020-11-09,2021-06-06,Software Engineer,Candice Schmidt,TNS,Voluntarily Terminated,Contract,Zone A,Temporary,Involuntary,Get apply economy artist right benefit ground.,Software Engineering,General - Eng,3/10/1978,MA,Administrative,Male,67544,White,Single,Fully Meets,3
1013,2020-05-13,,Software Engineer,Christy Craig,PYZ,Active,Part-Time,Zone B,Full-Time,Unk,,Software Engineering,Engineers,19-11-1974,MA,Engineer,Male,36398,Asian,Single,Fully Meets,3
1014,2022-12-31,2023-07-13,Shared Services Manager,Jermaine Weaver,WBL,Active,Part-Time,Zone A,Full-Time,Retirement,I back place no three offer economic.,Software Engineering,Catv,13-07-1953,MA,Clerk,Male,2562,Other,Single,Fully Meets,3
1015,2018-12-03,,Shared Services Manager,James Barajas,NEL,Active,Contract,Zone A,Part-Time,Unk,,Software Engineering,People Services,4/12/1961,MA,Vp,Female,22621,White,Married,Fully Meets,3
1016,2020-02-21,2021-05-29,Senior BI Developer,Tyler Davis,PL,Active,Part-Time,Zone B,Part-Time,Involuntary,Friend agree stock teach price fish.,Admin Offices,Shop (Fleet),8/3/1956,MA,Mechanic,Female,64065,White,Single,Fully Meets,3
1017,2020-09-07,2021-12-15,Senior BI Developer,Joshua Gonzalez,BPC,Active,Full-Time,Zone B,Full-Time,Involuntary,True system strong often experience.,Admin Offices,Field Operations,5/7/1947,MA,Laborer,Female,97374,Black,Single,Fully Meets,3
1018,2020-06-19,2021-12-08,Senior BI Developer,Justin Sherman,CCDR,Active,Part-Time,Zone A,Part-Time,Involuntary,When price group admit fall fly around.,Admin Offices,General - Con,24-02-1942,MA,Laborer,Female,87646,White,Married,Fully Meets,3
1019,2022-10-14,2023-07-28,Software Engineer,Sara Holland,EW,Voluntarily Terminated,Full-Time,Zone A,Temporary,Retirement,Article tough away forward home. Night author so.,Software Engineering,Fielders,28-11-1978,MA,Engineer,Male,77974,Hispanic,Widowed,Fully Meets,3
1020,2023-06-20,2023-07-18,Software Engineer,Shelia Graham,MSC,Voluntarily Terminated,Contract,Zone C,Full-Time,Resignation,Man issue never strategy will maintain resource.,Software Engineering,Field Operations,20-12-1990,MA,Supervisor,Female,42126,Black,Widowed,Fully Meets,3
1021,2020-11-09,2023-07-17,Software Engineer,Amanda Hayden,TNS,Voluntarily Terminated,Full-Time,Zone C,Full-Time,Resignation,Section hospital clearly season history.,Software Engineering,General - Eng,25-01-1989,MA,Billing,Male,51613,Hispanic,Single,Fully Meets,3
1022,2022-09-19,,Software Engineer,Nicole Haynes,PYZ,Active,Part-Time,Zone A,Temporary,Unk,,Software Engineering,Field Operations,11/6/1962,MA,Engineer,Male,12765,Black,Divorced,Fully Meets,3
1023,2018-11-09,2021-10-10,Shared Services Manager,Debra Morales,WBL,Active,Contract,Zone C,Part-Time,Voluntary,Each wish foot person morning per significant.,Software Engineering,General - Con,5/4/1992,MA,Clerk,Male,64122,Hispanic,Divorced,Fully Meets,3
1024,2018-12-30,2021-06-23,Shared Services Manager,Chad Andrews,NEL,Active,Contract,Zone A,Part-Time,Involuntary,Free may every real agency as blue maintain.,Software Engineering,Fielders,30-03-1987,MA,Coordinator,Female,91332,Other,Divorced,Fully Meets,3
1025,2023-05-11,2023-05-15,Senior BI Developer,John Wallace,PL,Active,Full-Time,Zone A,Temporary,Retirement,Quite none ten order.,Admin Offices,Field Operations,13-11-1960,MA,Foreman,Female,39827,Other,Divorced,Fully Meets,3
1026,2022-11-03,2023-02-09,Senior BI Developer,Benjamin Frederick,BPC,Active,Contract,Zone A,Part-Time,Resignation,Where forward evening huge cost share eat.,Admin Offices,Engineers,7/11/1950,MA,Engineer,Female,27418,Other,Widowed,Fully Meets,3
1027,2020-06-14,2021-05-29,Senior BI Developer,Michael Ramos,CCDR,Active,Part-Time,Zone A,Full-Time,Voluntary,Open test message part risk.,Admin Offices,General - Con,21-12-1962,MA,Flagger,Male,24931,Other,Single,Fully Meets,3
1028,2019-10-15,2023-01-01,Software Engineer,Donna Boone,PYZ,Voluntarily Terminated,Full-Time,Zone C,Part-Time,Resignation,Federal less every character section think white.,Software Engineering,General - Con,22-10-2000,MA,Model Assistant,Male,2121,Asian,Single,Fully Meets,3
1029,2020-04-28,,Software Engineer,Jeffrey Johnston,SVG,Active,Part-Time,Zone B,Part-Time,Unk,,Software Engineering,Field Operations,1/6/1979,MA,Specialist,Female,97697,Asian,Divorced,Fully Meets,3
1030,2019-10-29,,Software Engineer,Sarah King,TNS,Active,Contract,Zone C,Temporary,Unk,,Software Engineering,Field Operations,6/7/1955,MA,Foreman,Male,75783,Black,Single,Fully Meets,3
1031,2021-04-28,,Software Engineer,Cynthia Delgado,WBL,Active,Part-Time,Zone B,Temporary,Unk,,Software Engineering,General - Con,29-10-1972,MA,Lineman,Male,26111,White,Widowed,Fully Meets,3
1032,2022-04-19,2022-08-26,Software Engineer,Dominique Bailey,PYZ,Active,Full-Time,Zone C,Part-Time,Voluntary,Off part culture choose strong public.,Software Engineering,Aerial,1/7/1954,MA,Laborer,Male,50656,Asian,Widowed,Fully Meets,3
1033,2023-03-28,,Shared Services Manager,Teresa Meyer,WBL,Active,Contract,Zone B,Full-Time,Unk,,Software Engineering,Field Operations,28-03-1997,MA,Operator,Male,71808,Other,Single,Fully Meets,3
1034,2019-05-06,,Shared Services Manager,Sarah Carey,NEL,Active,Full-Time,Zone C,Part-Time,Unk,,Software Engineering,Project Management - Con,8/12/1977,MA,Manager,Female,1043,Black,Single,Fully Meets,3
1035,2020-10-13,,Senior BI Developer,Taylor Wright,PL,Active,Full-Time,Zone A,Temporary,Unk,,Admin Offices,Underground,16-02-1979,MA,Laborer,Female,41260,Asian,Divorced,Fully Meets,3
1036,2021-07-06,2021-11-25,Senior BI Developer,Daniel Moore,BPC,Active,Part-Time,Zone A,Part-Time,Resignation,Teacher door money tend song.,Admin Offices,Field Operations,8/8/1993,MA,Foreman,Male,15346,Asian,Single,Fully Meets,3
1037,2020-09-24,2020-11-02,Software Engineer,Stacey Vargas,CCDR,Voluntarily Terminated,Part-Time,Zone C,Full-Time,Voluntary,Accept knowledge drop bar understand.,Software Engineering,Fielders,27-07-1993,MA,Engineer,Male,4876,Other,Widowed,Fully Meets,3
1038,2023-01-18,,Software Engineer,Beth Anderson,SVG,Active,Contract,Zone B,Part-Time,Unk,,Software Engineering,Field Operations,4/5/1971,MA,Crew Leader,Male,14886,Hispanic,Married,Fully Meets,3
1039,2019-08-22,2022-03-25,Software Engineer,Joshua Daniels,EW,Voluntarily Terminated,Part-Time,Zone B,Part-Time,Involuntary,Under follow guess lot minute able history face.,Software Engineering,Finance & Accounting,17-11-1982,MA,Administrative,Female,46407,Other,Widowed,Fully Meets,3
1040,2019-07-25,2022-12-17,Software Engineer,Mark Mays,MSC,Voluntarily Terminated,Contract,Zone A,Part-Time,Retirement,Main customer television phone staff family.,Software Engineering,Field Operations,25-04-1972,MA,Technician,Male,74234,White,Divorced,Fully Meets,3
1041,2019-11-11,2020-01-10,Software Engineer,Brandon Ortiz,TNS,Voluntarily Terminated,Full-Time,Zone A,Full-Time,Retirement,Suffer consider store find up.,Software Engineering,Engineers,4/11/1976,MA,Administrative,Male,45272,White,Single,Fully Meets,3
1042,2022-07-16,,Software Engineer,Cheryl Swanson,PYZ,Active,Contract,Zone B,Temporary,Unk,,Software Engineering,Field Operations,18-08-1942,MA,Driller,Male,96170,Black,Widowed,Fully Meets,3
1043,2022-12-19,2023-05-10,Shared Services Manager,Matthew Patel,WBL,Active,Full-Time,Zone C,Part-Time,Resignation,Agreement particular scene also war who.,Software Engineering,Splicing,16-12-1955,MA,Billing,Female,65963,White,Married,Fully Meets,3
1044,2020-09-15,,Shared Services Manager,Jennifer Adams,NEL,Active,Contract,Zone A,Temporary,Unk,,Software Engineering,Field Operations,16-09-1956,MA,Foreman,Female,75123,Hispanic,Divorced,Fully Meets,3
1045,2020-10-04,2023-02-27,Senior BI Developer,Kelly Williams,PL,Active,Full-Time,Zone C,Temporary,Involuntary,Artist technology ever body provide today doctor.,Admin Offices,Catv,10/6/1963,MA,Foreman,Female,11164,Black,Single,Fully Meets,3
1046,2022-04-23,2022-08-03,Software Engineer,Jose Daniel,CCDR,Voluntarily Terminated,Full-Time,Zone A,Temporary,Involuntary,Former treat check special economy.,Software Engineering,Underground,17-11-1962,MA,Laborer,Male,65978,White,Single,Fully Meets,3
1047,2021-11-27,,Software Engineer,Vanessa Ramirez,SVG,Active,Contract,Zone A,Part-Time,Unk,,Software Engineering,Field Operations,24-11-1947,MA,Technician,Female,73877,Hispanic,Single,Fully Meets,3
1048,2019-11-29,,Software Engineer,Joshua Pittman,EW,Active,Part-Time,Zone A,Temporary,Unk,,Software Engineering,General - Con,19-07-1956,MA,Helper,Male,48971,Asian,Widowed,Fully Meets,3
1049,2019-05-30,2020-12-19,Software Engineer,Patricia Brewer,MSC,Voluntarily Terminated,Part-Time,Zone B,Part-Time,Involuntary,Plan capital firm foreign.,Software Engineering,Field Operations,26-09-1954,MA,Technician,Male,16259,White,Married,Fully Meets,3
1050,2020-11-23,,Software Engineer,Jerry Suarez,TNS,Active,Contract,Zone B,Temporary,Unk,,Software Engineering,Finance & Accounting,4/7/1993,MA,Accounting,Male,64114,Black,Widowed,Fully Meets,3
1051,2022-04-08,2023-01-11,Software Engineer,Allison York,PYZ,Active,Full-Time,Zone C,Part-Time,Involuntary,Her office place.,Software Engineering,Field Operations,29-04-1981,MA,Operator,Male,14669,White,Divorced,Fully Meets,3
1052,2021-02-25,2021-06-04,Shared Services Manager,Christopher Romero,WBL,Active,Contract,Zone B,Part-Time,Voluntary,Plant enjoy these drive themselves never hit PM.,Software Engineering,General - Con,21-06-1980,MA,Foreman,Female,52448,Hispanic,Single,Fully Meets,3
1053,2019-03-13,2021-04-07,Shared Services Manager,Timothy Hansen,NEL,Active,Contract,Zone C,Full-Time,Resignation,Wind commercial in ahead will realize.,Software Engineering,Project Management - Con,25-07-1947,MA,Project Manager,Female,43336,Hispanic,Divorced,Fully Meets,3
1054,2023-02-12,,Software Engineer,Christopher Romero,PL,Active,Part-Time,Zone A,Full-Time,Unk,,Software Engineering,Engineers,10/5/1993,MA,Project Manager,Male,56271,White,Single,Fully Meets,3
1055,2018-09-08,,Software Engineer,Alec Hernandez,PYZ,Active,Contract,Zone C,Full-Time,Unk,,Software Engineering,Field Operations,24-11-1995,MA,Laborer,Female,56708,White,Widowed,Fully Meets,3
1056,2021-11-18,,Software Engineer,Kari Bishop,SVG,Active,Contract,Zone C,Temporary,Unk,,Software Engineering,Wireline Construction,1/9/1943,MA,Driver,Male,12869,Hispanic,Widowed,Fully Meets,3
1057,2023-07-01,,Software Engineer,Justin Grant,TNS,Active,Full-Time,Zone A,Full-Time,Unk,,Software Engineering,Wireline Construction,27-10-1998,MA,Foreman,Male,18240,Asian,Widowed,Fully Meets,3
1058,2022-04-18,,Software Engineer,Sarah Sims,WBL,Active,Contract,Zone C,Temporary,Unk,,Software Engineering,Billable Consultants,13-03-1942,MA,Technician,Male,77311,Hispanic,Married,Fully Meets,3
1059,2023-04-29,,Software Engineer,Emily Brennan,BPC,Active,Part-Time,Zone C,Full-Time,Unk,,Software Engineering,Engineers,23-05-1974,MA,Engineer,Female,63959,Asian,Widowed,Fully Meets,3
1060,2018-10-10,2018-12-25,Shared Services Manager,Sandra Black,CCDR,Active,Part-Time,Zone B,Full-Time,Voluntary,Improve center sure Mr respond for recent.,Software Engineering,General - Con,5/2/1976,MA,Project Manager,Female,20331,Black,Single,Fully Meets,3
1061,2022-11-20,,Shared Services Manager,Laura Norman,EW,Active,Part-Time,Zone C,Part-Time,Unk,,Software Engineering,General - Sga,21-05-1993,MA,Specialist,Female,45515,Other,Single,Fully Meets,3
1062,2019-05-18,2020-01-14,Software Engineer,Amanda Hale,BPC,Voluntarily Terminated,Part-Time,Zone A,Part-Time,Involuntary,Rise activity learn step power simple sure.,Software Engineering,Engineers,3/11/1969,MA,Program Manager,Male,59717,Hispanic,Married,Fully Meets,3
1063,2021-06-22,,Software Engineer,James Baker,CCDR,Active,Full-Time,Zone B,Temporary,Unk,,Software Engineering,Aerial,19-04-1945,MA,Foreman,Female,15748,Black,Single,Fully Meets,3
1064,2022-03-30,2022-04-13,Software Engineer,Terry Durham,SVG,Voluntarily Terminated,Part-Time,Zone A,Part-Time,Retirement,North help rock stage someone book.,Software Engineering,Field Operations,24-02-1987,MA,Technician,Male,67106,White,Divorced,Fully Meets,3
1065,2018-08-28,,Software Engineer,Erik Simon,EW,Active,Contract,Zone C,Temporary,Unk,,Software Engineering,Engineers,26-06-1995,MA,Engineer,Male,33438,Other,Widowed,Fully Meets,3
1066,2021-12-27,2023-01-05,Software Engineer,Summer Moreno,MSC,Active,Full-Time,Zone C,Temporary,Voluntary,Face garden central since several food.,Software Engineering,Catv,23-04-1981,MA,Operator,Male,61106,Hispanic,Single,Fully Meets,3
1067,2020-11-14,,Software Engineer,Carla Cox,TNS,Active,Part-Time,Zone A,Temporary,Unk,,Software Engineering,Field Operations,7/12/1948,MA,Technician,Female,25160,White,Married,Fully Meets,3
1068,2021-10-01,,Software Engineer,Mary Mendoza,PYZ,Active,Full-Time,Zone B,Part-Time,Unk,,Software Engineering,Wireline Construction,24-12-1998,MA,Project Manager,Female,52694,Black,Widowed,Fully Meets,3
1069,2018-10-13,2023-05-28,Shared Services Manager,Cassandra Smith,WBL,Active,Full-Time,Zone B,Part-Time,Resignation,Really full stand face explain would keep energy.,Software Engineering,General - Con,13-09-1975,MA,Foreman,Female,30264,Other,Widowed,Fully Meets,3
1070,2018-12-15,2022-05-28,Shared Services Manager,Warren Baker,NEL,Active,Full-Time,Zone C,Temporary,Resignation,Or add data indicate account father early these.,Software Engineering,General - Sga,4/11/1998,MA,Project Manager,Male,22326,Black,Married,Fully Meets,3
1071,2019-03-28,2020-10-17,Software Engineer,Amy Bell,PL,Voluntarily Terminated,Contract,Zone A,Part-Time,Involuntary,Guy ten dream. Thing he care series.,Software Engineering,Field Operations,23-06-1968,MA,Laborer,Male,30139,Black,Married,Fully Meets,3
1072,2018-12-27,,Software Engineer,Teresa Lopez,BPC,Active,Part-Time,Zone C,Part-Time,Unk,,Software Engineering,Field Operations,20-01-1977,MA,Operator,Female,93329,Asian,Widowed,Fully Meets,3
1073,2019-05-11,,Software Engineer,Kimberly Holland,CCDR,Active,Full-Time,Zone A,Full-Time,Unk,,Software Engineering,Field Operations,24-09-1998,MA,Foreman,Male,67825,White,Single,Fully Meets,3
1074,2021-02-19,2023-02-24,Software Engineer,Robert Garcia,SVG,Voluntarily Terminated,Full-Time,Zone A,Temporary,Voluntary,Professional usually hospital worker among.,Software Engineering,General - Con,8/7/1983,MA,Laborer,Male,86545,Asian,Divorced,Fully Meets,3
1075,2022-11-05,2023-04-16,Software Engineer,Nicholas Martinez,EW,Active,Part-Time,Zone B,Full-Time,Involuntary,Health American identify meeting.,Software Engineering,Engineers,23-04-1968,MA,Engineer,Male,76670,Asian,Married,Fully Meets,3
1076,2020-03-22,2020-09-28,Software Engineer,Carlos Barnes,MSC,Active,Contract,Zone C,Part-Time,Retirement,Gun bill spend anyone.,Software Engineering,General - Eng,28-01-1943,MA,Administrative,Female,29368,White,Widowed,Fully Meets,3
1077,2019-02-02,,Software Engineer,Allison Jacobs,TNS,Active,Contract,Zone B,Temporary,Unk,,Software Engineering,Wireless,10/5/1992,MA,Foreman,Female,97585,Black,Single,Fully Meets,3
1078,2020-02-24,2021-06-16,Software Engineer,Angela Ramsey,PYZ,Active,Contract,Zone C,Temporary,Voluntary,Crime west best industry right alone begin.,Software Engineering,Aerial,19-03-1997,MA,Foreman,Female,42710,Asian,Divorced,Fully Meets,3
1079,2021-04-07,2022-05-01,Shared Services Manager,Malik Smith,WBL,Active,Part-Time,Zone B,Full-Time,Resignation,Story knowledge policy. Board tax treatment.,Software Engineering,Project Management - Eng,11/4/2000,MA,Manager,Female,21279,Hispanic,Divorced,Fully Meets,3
1080,2020-11-14,,Shared Services Manager,Jessica Lewis,NEL,Active,Part-Time,Zone C,Full-Time,Unk,,Software Engineering,Fielders,4/8/1988,MA,Engineer,Male,17976,Black,Widowed,Fully Meets,3
1081,2022-01-17,2022-08-10,Software Engineer,Kayla Ibarra,EW,Voluntarily Terminated,Contract,Zone B,Part-Time,Involuntary,Imagine plant southern sound reduce.,Software Engineering,General - Con,24-08-1965,MA,Laborer,Male,53628,Asian,Divorced,Fully Meets,3
1082,2021-09-02,2023-06-27,Software Engineer,Ryan Mathews,MSC,Active,Part-Time,Zone B,Part-Time,Retirement,Resource top fear shake green view great which.,Software Engineering,General - Con,3/3/1976,MA,Technician,Male,84761,Other,Married,Fully Meets,3
1083,2023-07-30,,Software Engineer,Melissa Scott,NEL,Active,Part-Time,Zone A,Full-Time,Unk,,Software Engineering,Aerial,9/1/1963,MA,Supervisor,Female,2187,Asian,Divorced,Fully Meets,3
1084,2023-06-27,,Software Engineer,Robert Schmitt,PL,Active,Contract,Zone C,Part-Time,Unk,,Software Engineering,Executive,12/8/1989,MA,Administrator,Male,76615,White,Single,Fully Meets,3
1085,2022-03-27,,Software Engineer,Patricia Wallace,PYZ,Active,Contract,Zone B,Full-Time,Unk,,Software Engineering,General - Con,10/3/1952,MA,Lineman,Male,18707,Other,Divorced,Fully Meets,3
1086,2022-08-12,2022-10-20,Software Engineer,Justin Young,SVG,Active,Contract,Zone A,Temporary,Voluntary,Thousand both simple network let.,Software Engineering,Field Operations,30-07-1973,MA,Supervisor,Female,23203,Black,Single,Fully Meets,3
1087,2022-07-08,2023-08-04,Software Engineer,Robert Salinas,TNS,Active,Part-Time,Zone A,Part-Time,Voluntary,Party explain perhaps.,Software Engineering,Field Operations,5/8/1974,MA,Tower Hand,Female,18844,Other,Married,Fully Meets,3
1088,2020-08-15,2021-01-23,Software Engineer,Mary Anderson,WBL,Active,Contract,Zone B,Part-Time,Resignation,Specific fire rate fly clearly.,Software Engineering,General - Con,8/4/1991,MA,Foreman,Female,64815,White,Widowed,Fully Meets,3
1089,2023-05-27,2023-06-14,Software Engineer,Jennifer Stevens,BPC,Active,Full-Time,Zone A,Temporary,Involuntary,Your plant win seem hair him career style.,Software Engineering,Wireline Construction,29-04-1953,MA,Groundman,Female,69860,Black,Married,Fully Meets,3
1090,2023-01-02,,Shared Services Manager,Jennifer Murphy,CCDR,Active,Part-Time,Zone C,Full-Time,Unk,,Software Engineering,Field Operations,28-08-1965,MA,Technician,Female,93542,Black,Divorced,Fully Meets,3
1091,2018-11-16,2021-04-03,Production Technician I,Daniel Booth,PYZ,Active,Contract,Zone B,Temporary,Involuntary,Fine use card current agent.,Production       ,General - Sga,26-08-1986,MA,Supervisor,Male,2061,Asian,Single,Fully Meets,3
1092,2022-07-12,,Production Technician I,Martin Jackson,PYZ,Active,Part-Time,Zone C,Full-Time,Unk,,Production       ,Field Operations,27-01-1970,MA,Clerk,Female,2066,Hispanic,Divorced,Fully Meets,3
1093,2022-12-16,,Production Technician I,Elizabeth Richards,NEL,Active,Contract,Zone B,Part-Time,Unk,,Production       ,Engineers,26-04-1979,MA,Engineer,Female,1886,Asian,Widowed,Fully Meets,3
1094,2023-05-08,,Production Technician II,Jose Bray,EW,Active,Part-Time,Zone A,Full-Time,Unk,,Production       ,Field Operations,18-03-1994,MA,Foreman,Female,1742,Other,Single,Fully Meets,3
1095,2023-04-07,,Production Technician II,Jamie Frye,WBL,Active,Full-Time,Zone A,Temporary,Unk,,Production       ,Engineers,28-11-1941,MA,Engineer,Female,2176,Hispanic,Divorced,Fully Meets,3
1096,2022-02-15,2022-10-19,Production Technician I,Adam Hunt,PYZ,Active,Part-Time,Zone C,Part-Time,Voluntary,Issue loss day provide everyone white.,Production       ,Shop (Fleet),11/1/1973,MA,Mechanic,Female,1844,Asian,Married,Fully Meets,3
1097,2023-07-17,2023-08-03,Production Technician I,Jeffrey Saunders,SVG,Active,Contract,Zone B,Part-Time,Involuntary,Blue star hospital work.,Production       ,Field Operations,2/8/1999,MA,Technician,Male,2132,Hispanic,Divorced,Fully Meets,3
1098,2019-05-03,2023-06-02,Production Technician I,Stephanie Griffin,PL,Voluntarily Terminated,Part-Time,Zone A,Temporary,Involuntary,Meet fight night. Image room nation.,Production       ,General - Eng,10/1/1993,MA,Engineer,Male,1420,Asian,Widowed,Fully Meets,3
1099,2022-03-25,2022-04-22,Production Technician I,Robert Sullivan,SVG,Active,Part-Time,Zone A,Part-Time,Retirement,Person say might throw war scientist.,Production       ,Field Operations,24-12-1971,MA,Laborer,Female,2149,Other,Single,Fully Meets,3
1100,2020-04-07,,Production Technician I,Charles Delacruz,EW,Active,Full-Time,Zone C,Temporary,Unk,,Production       ,Field Operations,10/5/1964,MA,Laborer,Male,2421,White,Divorced,Fully Meets,3
1101,2021-03-10,,Production Technician I,John Alvarez,TNS,Active,Full-Time,Zone A,Part-Time,Unk,,Production       ,Engineers,19-03-1944,MA,Engineer,Female,2451,White,Widowed,Fully Meets,3
1102,2019-08-04,,Production Technician II,Margaret Lee,EW,Active,Part-Time,Zone A,Part-Time,Unk,,Production       ,General - Con,19-09-1953,MA,Groundman,Female,2472,Black,Single,Fully Meets,3
1103,2021-04-11,2023-05-27,Production Technician I,Chad Moreno,BPC,Voluntarily Terminated,Full-Time,Zone C,Temporary,Involuntary,Garden sit drive assume large seat.,Production       ,Splicing,2/4/1957,MA,Splicer,Male,1938,Asian,Widowed,Fully Meets,3
1104,2019-06-16,,Production Technician I,Matthew West,PYZ,Active,Part-Time,Zone C,Temporary,Unk,,Production       ,General - Eng,14-09-1995,MA,Supervisor,Male,2072,Asian,Divorced,Fully Meets,3
1105,2020-10-08,2022-12-04,Production Technician I,Mark Jacobs,PL,Voluntarily Terminated,Contract,Zone A,Full-Time,Voluntary,Others suggest generation budget large west real.,Production       ,General - Con,11/10/1948,MA,Technician,Female,2176,Hispanic,Single,Fully Meets,3
1106,2021-08-18,,Production Technician II,Isaac Long,BPC,Active,Full-Time,Zone B,Temporary,Unk,,Production       ,Aerial,1/1/1995,MA,Lineman,Male,2143,Other,Single,Fully Meets,3
1107,2020-03-16,,Production Technician II,Amanda Marshall,BPC,Active,Contract,Zone A,Part-Time,Unk,,Production       ,Wireline Construction,9/2/1992,MA,Laborer,Female,1778,Other,Single,Fully Meets,3
1108,2019-01-24,,Production Technician I,Danielle Jones,TNS,Active,Full-Time,Zone A,Full-Time,Unk,,Production       ,General - Con,18-04-1969,MA,Flagger,Male,2324,White,Married,Fully Meets,3
1109,2022-06-11,2022-09-25,Production Technician I,Timothy Moore,EW,Voluntarily Terminated,Full-Time,Zone C,Part-Time,Retirement,Large although outside technology office.,Production       ,Field Operations,1/10/1981,MA,Laborer,Female,1775,White,Divorced,Fully Meets,3
1110,2022-07-02,,Production Technician II,Joshua Vasquez,NEL,Active,Full-Time,Zone B,Temporary,Unk,,Production       ,General - Con,5/5/1987,MA,Foreman,Female,2148,Asian,Single,Fully Meets,3
1111,2019-09-08,2020-08-29,Production Technician I,Mark Hernandez,BPC,Voluntarily Terminated,Full-Time,Zone A,Part-Time,Retirement,Gun fly subject those. Must member financial.,Production       ,Splicing,31-05-1952,MA,Splicer,Female,2127,White,Widowed,Fully Meets,3
1112,2022-07-10,,Production Technician I,Kristi Andrews,MSC,Active,Full-Time,Zone A,Part-Time,Unk,,Production       ,Engineers,15-07-1975,MA,Project Manager,Female,84262,White,Single,Fully Meets,3
1113,2022-04-24,,Production Technician I,Kenneth Carter,NEL,Active,Contract,Zone B,Part-Time,Unk,,Production       ,General - Con,3/9/1976,MA,Lineman,Female,31490,Asian,Divorced,Fully Meets,3
1114,2020-03-31,,Production Technician I,John Smith,PL,Active,Full-Time,Zone C,Part-Time,Unk,,Production       ,General - Con,31-12-1960,MA,Laborer,Female,59522,Hispanic,Widowed,Fully Meets,3
1115,2019-03-23,,Production Technician I,Bradley Butler,PYZ,Active,Contract,Zone A,Part-Time,Unk,,Production       ,Field Operations,19-02-1997,MA,Technician,Male,63452,Black,Widowed,Fully Meets,3
1116,2019-03-09,2023-07-12,Production Technician I,Ryan Jenkins,SVG,Voluntarily Terminated,Full-Time,Zone A,Full-Time,Voluntary,Maintain program process present knowledge PM.,Production       ,Field Operations,10/8/1984,MA,Clerk,Male,50055,White,Divorced,Fully Meets,3
1117,2019-02-21,2019-03-06,Production Technician I,Dennis Martinez,TNS,Voluntarily Terminated,Full-Time,Zone C,Temporary,Resignation,Place impact which although.,Production       ,General - Con,23-08-1997,MA,Technician,Male,6139,Other,Divorced,Fully Meets,3
1118,2019-10-04,2022-11-26,Production Technician I,Stephen Parks,WBL,Active,Full-Time,Zone B,Temporary,Retirement,Power picture early anyone.,Production       ,Engineers,29-02-1976,MA,Project Manager,Male,44761,Asian,Divorced,Fully Meets,3
1119,2019-11-24,2020-12-20,Production Technician I,Brenda Garza DDS,BPC,Active,Part-Time,Zone C,Part-Time,Involuntary,City mouth training radio Mrs.,Production       ,Field Operations,31-12-1994,MA,Laborer,Female,49105,White,Single,Fully Meets,3
1120,2020-08-17,,Production Technician I,Ms. Diane Bradshaw DVM,CCDR,Active,Part-Time,Zone B,Temporary,Unk,,Production       ,People Services,20-09-1968,MA,Administration,Female,24637,Black,Divorced,Fully Meets,3
1121,2021-03-16,,Production Manager,Alyssa Gill,EW,Active,Part-Time,Zone C,Full-Time,Unk,,Production       ,Aerial,29-05-1981,MA,Lineman,Female,87582,Hispanic,Widowed,Fully Meets,3
1122,2021-11-16,2022-08-26,Production Manager,Miss Haley Duke DVM,MSC,Active,Contract,Zone C,Part-Time,Retirement,Food ball huge out simply according.,Production       ,General - Con,13-11-1975,MA,Technician,Female,35632,White,Married,Fully Meets,3
1123,2022-05-03,,Production Manager,Barbara Gardner,NEL,Active,Full-Time,Zone B,Full-Time,Unk,,Production       ,Field Operations,6/11/1965,MA,Lineman,Female,38475,Other,Married,Fully Meets,3
1124,2019-12-24,2022-11-11,Production Manager,Monique Hudson DDS,PL,Active,Full-Time,Zone A,Full-Time,Involuntary,Strategy fear tough wife here now.,Production       ,Engineers,17-06-1986,MA,Technician,Female,80817,Other,Married,Fully Meets,3
1125,2021-10-21,,Production Technician II,Angela Peterson,WBL,Active,Contract,Zone B,Part-Time,Unk,,Production       ,Aerial,5/5/1991,MA,Lineman,Male,10511,Hispanic,Married,Fully Meets,3
1126,2018-09-08,2020-03-06,Production Technician II,Tony Pratt,NEL,Voluntarily Terminated,Part-Time,Zone C,Temporary,Retirement,Feeling usually west peace money political the.,Production       ,Engineers,27-10-1959,MA,Engineer,Male,6305,White,Divorced,Fully Meets,3
1127,2019-02-26,,Production Technician II,Keith Lyons,PL,Active,Full-Time,Zone A,Full-Time,Unk,,Production       ,General - Con,28-03-2001,MA,Technician,Male,33576,White,Married,Fully Meets,3
1128,2023-04-21,,Production Technician II,Kevin Calderon,BPC,Active,Part-Time,Zone B,Part-Time,Unk,,Production       ,General - Con,20-06-1957,MA,Technician,Female,12707,Hispanic,Married,Fully Meets,3
1129,2019-09-19,2021-10-23,Production Technician II,Laura Reid,CCDR,Voluntarily Terminated,Full-Time,Zone B,Part-Time,Resignation,Mission media writer cell.,Production       ,Field Operations,17-05-1956,MA,Tower Hand,Female,73131,Other,Married,Fully Meets,3
1130,2020-12-23,,Production Technician I,Stacey Fowler,SVG,Active,Contract,Zone A,Part-Time,Unk,,Production       ,Technology / It,17-02-1997,MA,Intern,Female,37659,Hispanic,Divorced,Fully Meets,3
1131,2019-03-29,,Production Technician I,Stephen Hebert,EW,Active,Part-Time,Zone B,Part-Time,Unk,,Production       ,Splicing,22-03-1995,MA,Operator,Female,48502,Black,Single,Fully Meets,3
1132,2021-05-15,2023-05-03,Production Technician I,James Burgess,NEL,Voluntarily Terminated,Contract,Zone B,Full-Time,Involuntary,Note claim hundred central bad.,Production       ,Aerial,4/11/1963,MA,Laborer,Female,88428,Hispanic,Widowed,Fully Meets,3
1133,2022-03-14,2022-10-02,Production Technician I,Jordan Robinson,PL,Voluntarily Terminated,Full-Time,Zone B,Part-Time,Voluntary,Field year certainly data sense table yes.,Production       ,Aerial,20-11-1949,MA,Engineer,Female,95347,Hispanic,Married,Fully Meets,3
1134,2021-12-06,2022-01-08,Production Technician I,Matthew Baker,BPC,Voluntarily Terminated,Part-Time,Zone C,Temporary,Retirement,For majority down.,Production       ,General - Con,7/9/1996,MA,Technician,Female,80920,Asian,Single,Fully Meets,3
1135,2021-10-27,,Production Technician I,Anita Dudley,CCDR,Active,Full-Time,Zone A,Temporary,Unk,,Production       ,Engineers,30-08-1964,MA,Principal,Male,7440,Other,Widowed,Fully Meets,3
1136,2023-04-01,,Production Technician I,Marilyn Cook,SVG,Active,Full-Time,Zone A,Temporary,Unk,,Production       ,Field Operations,27-03-1946,MA,Driver,Male,84202,Other,Divorced,Fully Meets,3
1137,2019-05-29,,Production Technician I,Brian Hamilton,EW,Active,Full-Time,Zone C,Part-Time,Unk,,Production       ,Field Operations,28-02-1954,MA,Laborer,Male,3187,Black,Single,Fully Meets,3
1138,2019-07-12,2022-07-12,Production Technician I,David Park,MSC,Active,Full-Time,Zone B,Temporary,Involuntary,It stay center free vote.,Production       ,General - Eng,2/8/1983,MA,Coordinator,Male,2766,Black,Divorced,Fully Meets,3
1139,2018-08-10,2022-02-21,Production Technician I,Victoria Campbell,TNS,Active,Contract,Zone A,Temporary,Involuntary,Most could result else think this window.,Production       ,Splicing,11/4/1953,MA,Technician,Male,75014,Hispanic,Married,Fully Meets,3
1140,2021-09-29,,Production Technician I,Anthony Steele,PYZ,Active,Part-Time,Zone C,Full-Time,Unk,,Production       ,Engineers,11/8/1988,MA,Engineer,Female,53486,Black,Single,Fully Meets,3
1141,2021-08-05,,Production Technician I,Terry Henson,WBL,Active,Contract,Zone A,Full-Time,Unk,,Production       ,Field Operations,14-08-1941,MA,Locator,Female,73898,Black,Divorced,Fully Meets,3
1142,2023-08-02,,Production Manager,Katie Lucas,NEL,Active,Full-Time,Zone B,Temporary,Unk,,Production       ,Project Management - Con,10/11/1992,MA,Coordinator,Female,89723,Asian,Married,Fully Meets,3
1143,2018-09-02,2021-07-28,Production Manager,Margaret Gamble,PL,Active,Contract,Zone A,Full-Time,Resignation,Year total care thousand what each.,Production       ,Field Operations,20-06-1942,MA,Lineman,Female,46695,Hispanic,Widowed,Fully Meets,3
1144,2019-10-13,,Production Manager,Heidi Wang,BPC,Active,Part-Time,Zone B,Part-Time,Unk,,Production       ,Wireline Construction,16-04-1963,MA,Project Manager,Female,12711,Asian,Single,Fully Meets,3
1145,2020-09-24,,Production Technician II,David Moore,TNS,Active,Contract,Zone B,Full-Time,Unk,,Production       ,Shop (Fleet),4/3/1948,MA,Shop,Male,66792,Hispanic,Married,Fully Meets,3
1146,2023-08-06,,Production Technician II,Richard Harvey,SVG,Active,Contract,Zone C,Part-Time,Unk,,Production       ,Field Operations,10/11/1963,MA,Groundman,Male,81317,Hispanic,Divorced,Fully Meets,3
1147,2019-06-11,2022-02-27,Production Technician II,Lisa Shaw,PYZ,Voluntarily Terminated,Full-Time,Zone B,Full-Time,Involuntary,By small force myself team industry.,Production       ,General - Con,30-09-1943,MA,Lineman,Female,50894,Black,Single,Fully Meets,3
1148,2019-02-14,,Production Technician II,Christopher Adams,PL,Active,Part-Time,Zone A,Temporary,Unk,,Production       ,Wireline Construction,22-06-1943,MA,Project Manager,Female,22415,Black,Married,Fully Meets,3
1149,2022-03-17,,Production Technician II,Brittany Brown,NEL,Active,Part-Time,Zone C,Temporary,Unk,,Production       ,Field Operations,17-09-1941,MA,Locator,Female,5855,Asian,Married,Fully Meets,3
1150,2020-08-05,,Production Technician I,Riley Schultz,MSC,Active,Part-Time,Zone A,Full-Time,Unk,,Production       ,Aerial,3/4/1981,MA,Lineman,Female,64124,White,Single,Fully Meets,3
1151,2022-08-23,,Production Technician I,Bradley Mitchell,EW,Active,Part-Time,Zone A,Part-Time,Unk,,Production       ,Field Operations,29-06-1978,MA,Laborer,Male,2497,Asian,Widowed,Fully Meets,3
1152,2023-01-12,,Production Technician I,Misty Mcknight,CCDR,Active,Full-Time,Zone A,Full-Time,Unk,,Production       ,Engineers,2/10/1963,MA,Engineer,Female,36242,Other,Divorced,Fully Meets,3
1153,2020-04-14,2021-09-10,Production Technician I,Brian Hudson,EW,Voluntarily Terminated,Part-Time,Zone A,Temporary,Resignation,Ok though floor sense want future.,Production       ,Field Operations,20-10-1941,MA,Laborer,Female,87428,Asian,Divorced,Fully Meets,3
1154,2021-09-27,2023-02-05,Production Technician I,Andrew Perez,MSC,Voluntarily Terminated,Full-Time,Zone C,Part-Time,Retirement,Leader above room hand collection imagine.,Production       ,Field Operations,1/11/1987,MA,Laborer,Female,76772,White,Married,Fully Meets,3
1155,2018-11-17,2020-03-12,Production Technician I,Kimberly Marshall,NEL,Voluntarily Terminated,Contract,Zone A,Temporary,Resignation,Provide machine statement now.,Production       ,Finance & Accounting,6/11/1951,MA,Clerk,Female,21218,Other,Married,Fully Meets,3
1156,2019-07-22,2023-02-28,Production Technician I,Ashley Washington,PL,Voluntarily Terminated,Contract,Zone A,Full-Time,Voluntary,Science available hard.,Production       ,Billable Consultants,20-04-1980,MA,Project Manager,Male,94316,Hispanic,Married,Fully Meets,3
1157,2019-02-10,,Production Technician I,Kristen Chan,PYZ,Active,Part-Time,Zone A,Temporary,Unk,,Production       ,Wireline Construction,18-03-1996,MA,Manager,Male,39746,Hispanic,Married,Fully Meets,3
1158,2018-11-22,2020-07-19,Production Technician I,Sean Ellis,SVG,Voluntarily Terminated,Full-Time,Zone A,Full-Time,Resignation,Himself final success these or card strategy.,Production       ,Field Operations,4/7/1958,MA,Technician,Male,96001,Asian,Widowed,Fully Meets,3
1159,2023-04-23,,Production Technician I,Jennifer Cox,TNS,Active,Part-Time,Zone A,Temporary,Unk,,Production       ,Splicing,3/6/1979,MA,Splicer,Male,62733,Other,Divorced,Fully Meets,3
1160,2022-12-26,2023-05-23,Production Technician I,Kevin Coleman,WBL,Active,Part-Time,Zone B,Full-Time,Retirement,Help economic analysis campaign young leg.,Production       ,General - Con,10/9/1976,MA,Flagger,Female,66418,Asian,Single,Fully Meets,3
1161,2020-06-14,,Production Technician I,Brian Henderson,PYZ,Active,Contract,Zone B,Part-Time,Unk,,Production       ,Yard (Material Handling),30-08-1954,MA,Runner,Female,78453,Other,Widowed,Fully Meets,3
1162,2022-03-29,2023-05-20,Production Technician I,Alyssa Myers DVM,WBL,Active,Full-Time,Zone C,Temporary,Resignation,For law simple design entire while.,Production       ,General - Con,17-08-1983,MA,Laborer,Female,85444,Asian,Widowed,Fully Meets,3
1163,2022-12-18,,Production Manager,Julie Griffin,NEL,Active,Contract,Zone A,Part-Time,Unk,,Production       ,Project Management - Con,7/2/1996,MA,Manager,Female,93166,White,Divorced,Fully Meets,3
1164,2019-03-21,,Production Manager,Curtis Fitzpatrick,PL,Active,Part-Time,Zone A,Part-Time,Unk,,Production       ,General - Sga,25-10-1950,MA,Project Coordinator,Female,12732,Other,Married,Fully Meets,3
1165,2021-02-08,,Production Manager,Elizabeth Garcia,BPC,Active,Full-Time,Zone C,Full-Time,Unk,,Production       ,Field Operations,9/9/1998,MA,Laborer,Female,48895,Other,Widowed,Fully Meets,3
1166,2022-06-06,,Production Technician II,Michelle Castillo,WBL,Active,Full-Time,Zone A,Temporary,Unk,,Production       ,Field Operations,13-01-1965,MA,Foreman,Male,73043,Other,Married,Fully Meets,3
1167,2021-11-01,,Production Technician II,Caroline Grant,NEL,Active,Contract,Zone B,Full-Time,Unk,,Production       ,Field Operations,1/9/1955,MA,Laborer,Female,69064,Other,Single,Fully Meets,3
1168,2023-01-19,,Production Technician II,Mark Ellis,PL,Active,Contract,Zone A,Full-Time,Unk,,Production       ,Field Operations,10/1/1951,MA,Assistant,Female,85041,White,Married,Fully Meets,3
1169,2020-07-30,,Production Technician II,Mrs. Danielle Dickerson DDS,BPC,Active,Contract,Zone B,Part-Time,Unk,,Production       ,Field Operations,15-09-1960,MA,Operator,Female,66037,Asian,Single,Fully Meets,3
1170,2023-07-16,,Production Technician II,Stacy Ellis,CCDR,Active,Part-Time,Zone C,Full-Time,Unk,,Production       ,Underground,18-07-1951,MA,Laborer,Female,53112,Black,Single,Fully Meets,3
1171,2022-06-16,,Production Technician I,Hannah Bailey,SVG,Active,Part-Time,Zone A,Part-Time,Unk,,Production       ,Field Operations,24-07-1953,MA,Laborer,Female,93320,Hispanic,Single,Fully Meets,3
1172,2021-06-13,2022-05-27,Production Technician I,Charles Rogers,EW,Voluntarily Terminated,Full-Time,Zone C,Full-Time,Voluntary,Truth game down which.,Production       ,Engineers,20-05-1952,MA,Engineer,Male,39849,Asian,Married,Fully Meets,3
1173,2020-11-14,2021-11-01,Production Technician I,Christine Foster,BPC,Voluntarily Terminated,Full-Time,Zone C,Full-Time,Resignation,Sure trip sound action.,Production       ,Isp,30-01-1968,MA,Manager,Female,38596,White,Widowed,Fully Meets,3
1174,2020-06-16,2023-03-13,Production Technician I,Tyler Brown,CCDR,Voluntarily Terminated,Full-Time,Zone C,Temporary,Resignation,Treatment power card almost pretty sister.,Production       ,Field Operations,10/12/1973,MA,Construction Manager,Female,31731,Other,Widowed,Fully Meets,3
1175,2018-12-20,2020-12-24,Production Technician I,Holly Nichols,EW,Voluntarily Terminated,Full-Time,Zone A,Part-Time,Voluntary,Reduce subject positive war score interesting.,Production       ,Catv,4/8/1996,MA,Laborer,Female,38710,Asian,Divorced,Fully Meets,3
1176,2022-10-29,,Production Technician I,Jennifer Phillips,MSC,Active,Contract,Zone A,Part-Time,Unk,,Production       ,Engineers,27-12-1960,MA,Project Manager,Female,7184,White,Married,Fully Meets,3
1177,2020-07-20,,Production Technician I,Shannon Cruz,NEL,Active,Contract,Zone A,Temporary,Unk,,Production       ,Aerial,6/7/1968,MA,Lineman,Female,13425,Other,Married,Fully Meets,3
1178,2021-10-03,2021-12-19,Production Technician I,Jamie Lowe,PL,Voluntarily Terminated,Contract,Zone C,Part-Time,Involuntary,Occur air as along approach.,Production       ,Field Operations,7/5/1959,MA,Laborer,Male,93796,Other,Single,Fully Meets,3
1179,2022-07-16,,Production Technician I,Paige Calderon,PYZ,Active,Part-Time,Zone A,Full-Time,Unk,,Production       ,Aerial,8/9/1990,MA,Supervisor,Male,92453,Black,Divorced,Fully Meets,3
1180,2020-06-30,,Production Technician I,Jacob Taylor,SVG,Active,Full-Time,Zone B,Full-Time,Unk,,Production       ,Underground,30-11-1944,MA,Laborer,Male,10449,Hispanic,Single,Fully Meets,3
1181,2021-06-13,,Production Technician I,Sandra Pollard,TNS,Active,Full-Time,Zone C,Part-Time,Unk,,Production       ,Wireline Construction,16-06-1993,MA,Laborer,Male,14795,Other,Married,Fully Meets,3
1182,2020-12-29,2022-10-24,Production Technician I,Alex Cox,WBL,Active,Full-Time,Zone C,Temporary,Voluntary,Here best worry rich might about yourself.,Production       ,Splicing,9/12/1973,MA,Splicer,Female,60901,Black,Divorced,Fully Meets,3
1183,2022-02-03,,Production Technician I,Jon Adams,BPC,Active,Part-Time,Zone A,Full-Time,Unk,,Production       ,Catv,18-12-1946,MA,Technician,Female,64083,Black,Married,Fully Meets,3
1184,2022-01-10,2023-05-11,Production Technician I,Cassandra Cox,CCDR,Active,Full-Time,Zone B,Temporary,Involuntary,New out peace director fish.,Production       ,Wireline Construction,1/10/1951,MA,Foreman,Female,50781,Hispanic,Divorced,Fully Meets,3
1185,2018-12-13,,Production Manager,Lucas Duffy,EW,Active,Part-Time,Zone A,Full-Time,Unk,,Production       ,Fielders,22-02-1973,MA,Engineer,Female,67399,Other,Widowed,Fully Meets,3
1186,2021-03-03,,Production Manager,Ashley Ellis,MSC,Active,Full-Time,Zone A,Temporary,Unk,,Production       ,Splicing,25-08-1983,MA,Tester,Female,82086,Hispanic,Single,Fully Meets,3
1187,2021-07-04,,Production Manager,Allison Figueroa,NEL,Active,Part-Time,Zone A,Full-Time,Unk,,Production       ,Aerial,15-09-1997,MA,Supervisor,Female,97001,Black,Single,Fully Meets,3
1188,2020-02-06,2021-07-21,Production Technician II,Alex Bernard,WBL,Voluntarily Terminated,Contract,Zone B,Part-Time,Retirement,Direction west appear son school anything.,Production       ,General - Sga,28-05-1979,MA,Estimator,Male,13562,Black,Divorced,Fully Meets,3
1189,2020-06-28,2022-07-11,Production Technician II,Micheal Bryant,NEL,Voluntarily Terminated,Contract,Zone C,Full-Time,Involuntary,Somebody pass again say cultural.,Production       ,General - Eng,7/3/1988,MA,Engineer,Female,55949,Other,Married,Fully Meets,3
1190,2020-12-22,2021-11-20,Production Technician II,Bryan Simpson,PL,Voluntarily Terminated,Contract,Zone B,Full-Time,Resignation,Table day sit wish attention marriage cause.,Production       ,Project Management - Eng,20-04-1998,MA,Project Manager,Female,88496,Hispanic,Married,Fully Meets,3
1191,2019-11-24,,Production Technician II,Tamara Carter,BPC,Active,Full-Time,Zone B,Full-Time,Unk,,Production       ,Wireline Construction,25-04-1978,MA,Billing,Female,55947,Black,Divorced,Fully Meets,3
1192,2022-09-23,,Production Technician II,Bryan Harris,CCDR,Active,Full-Time,Zone C,Full-Time,Unk,,Production       ,General - Con,7/12/1988,MA,Technician,Female,75540,White,Single,Fully Meets,3
1193,2020-02-06,2022-01-23,Production Technician I,Anna Meyers,SVG,Voluntarily Terminated,Full-Time,Zone B,Temporary,Involuntary,Onto focus address treat before ability.,Production       ,Aerial,18-09-1950,MA,Foreman,Female,68342,Black,Married,Fully Meets,3
1194,2019-01-14,2021-08-06,Production Technician I,Christopher Levy,EW,Voluntarily Terminated,Full-Time,Zone C,Temporary,Resignation,Tonight answer benefit second commercial law.,Production       ,Field Operations,8/3/1953,MA,Foreman,Male,5779,Asian,Widowed,Fully Meets,3
1195,2019-06-25,2022-05-15,Production Technician I,David Maddox,TNS,Leave of Absence,Part-Time,Zone C,Part-Time,Retirement,Window management move.,Production       ,Wireline Construction,27-03-1967,MA,Foreman,Female,91065,Hispanic,Widowed,Fully Meets,3
1196,2019-03-09,,Production Technician I,John Lambert,PYZ,Active,Part-Time,Zone C,Temporary,Unk,,Production       ,General - Eng,7/11/1978,MA,Administrator,Female,47386,Other,Married,Fully Meets,3
1197,2020-06-13,,Production Technician I,Anthony Cross,WBL,Active,Full-Time,Zone B,Part-Time,Unk,,Production       ,Safety,12/6/1958,MA,Administrative,Female,38009,Hispanic,Divorced,Fully Meets,3
1198,2019-01-22,,Production Technician I,Daniel Blackburn,NEL,Active,Contract,Zone B,Part-Time,Unk,,Production       ,Field Operations,28-09-1952,MA,Laborer,Female,61843,Asian,Married,Fully Meets,3
1199,2020-12-12,,Production Technician I,Richard Graves,PL,Active,Full-Time,Zone B,Part-Time,Unk,,Production       ,Field Operations,14-04-1950,MA,Laborer,Female,75258,White,Widowed,Fully Meets,3
1200,2022-04-27,,Production Technician I,Sheryl Scott,BPC,Active,Part-Time,Zone A,Full-Time,Unk,,Production       ,General - Con,8/10/1977,MA,Laborer,Female,62616,Other,Married,Fully Meets,3
1201,2022-04-11,2022-09-26,Production Technician I,Robert Hill,CCDR,Voluntarily Terminated,Contract,Zone A,Part-Time,Voluntary,Information race relate rich poor already make.,Production       ,General - Con,27-01-1954,MA,Flagger,Male,53450,Other,Divorced,Fully Meets,3
1202,2022-09-01,2022-12-02,Production Technician I,Emily Rogers,SVG,Voluntarily Terminated,Contract,Zone B,Temporary,Voluntary,Tough that inside relate hundred leave.,Production       ,Wireline Construction,20-06-1983,MA,Model Assistant,Male,9799,White,Widowed,Fully Meets,3
1203,2018-09-08,,Production Technician I,Jasmine Johnson,EW,Active,Contract,Zone A,Part-Time,Unk,,Production       ,Engineers,16-01-1987,MA,Engineer,Male,14153,White,Divorced,Fully Meets,3
1204,2022-11-24,2023-08-05,Production Technician I,Melissa Tucker,MSC,Active,Full-Time,Zone B,Temporary,Voluntary,Attention summer we. Suffer impact imagine we.,Production       ,General - Sga,26-08-1948,MA,Vp,Male,76112,White,Married,Fully Meets,3
1205,2020-07-23,,Production Technician I,Timothy Higgins,TNS,Active,Full-Time,Zone C,Part-Time,Unk,,Production       ,Yard (Material Handling),4/5/1956,MA,Shop,Female,73101,Hispanic,Single,Fully Meets,3
1206,2018-12-28,2023-05-15,Production Technician I,Richard Scott,PYZ,Active,Part-Time,Zone C,Part-Time,Voluntary,Various step without couple within at gun.,Production       ,Engineers,15-02-1956,MA,Drafter,Female,82378,White,Divorced,Fully Meets,3
1207,2019-10-01,,Production Technician I,Hunter Hill,WBL,Active,Contract,Zone B,Full-Time,Unk,,Production       ,Wireline Construction,8/7/1956,MA,Laborer,Female,63878,White,Divorced,Fully Meets,3
1208,2019-08-17,2019-10-25,Production Manager,Melissa Greene,NEL,Active,Contract,Zone A,Part-Time,Retirement,Decision example see low someone. Ball week that.,Production       ,Wireline Construction,30-12-1979,MA,Laborer,Female,59862,Black,Single,Fully Meets,3
1209,2023-05-31,,Production Manager,Edwin Guerrero,PL,Active,Part-Time,Zone A,Part-Time,Unk,,Production       ,Wireline Construction,4/6/1999,MA,Foreman,Female,23252,Other,Married,Fully Meets,3
1210,2020-12-08,2023-06-10,Production Manager,Ann Collins,BPC,Active,Full-Time,Zone B,Part-Time,Involuntary,Carry parent fight style series challenge.,Production       ,Field Operations,24-12-1948,MA,Top Hand,Female,91039,Asian,Divorced,Fully Meets,3
1211,2018-11-05,2023-03-23,Production Technician II,John Miles,CCDR,Voluntarily Terminated,Part-Time,Zone B,Part-Time,Voluntary,Community probably bad day food place which loss.,Production       ,Field Operations,11/12/1981,MA,Splicer,Male,37834,Other,Widowed,Fully Meets,3
1212,2020-08-26,2023-04-05,Production Technician II,Kevin Mendez,EW,Voluntarily Terminated,Contract,Zone C,Full-Time,Voluntary,Start debate hot fact keep return.,Production       ,Engineers,27-08-1983,MA,Project Manager,Female,46678,Hispanic,Single,Fully Meets,3
1213,2020-02-23,,Production Technician II,Joe Miller,MSC,Active,Part-Time,Zone A,Part-Time,Unk,,Production       ,Project Management - Con,22-03-1987,MA,Coordinator,Female,41849,White,Married,Fully Meets,3
1214,2022-02-12,,Production Technician II,Joshua Barnes,NEL,Active,Full-Time,Zone B,Full-Time,Unk,,Production       ,Splicing,19-09-1967,MA,Splicer,Female,16422,Asian,Divorced,Fully Meets,3
1215,2020-02-13,,Production Technician II,Daniel Benson,PL,Active,Contract,Zone C,Temporary,Unk,,Production       ,Aerial,18-07-1983,MA,Laborer,Female,79625,Asian,Widowed,Fully Meets,3
1216,2023-02-15,2023-03-09,Production Technician I,Andrea Smith,PYZ,Voluntarily Terminated,Part-Time,Zone B,Part-Time,Voluntary,Rock stage better east bad view.,Production       ,General - Con,19-06-1986,MA,Technician,Female,11159,Black,Single,Fully Meets,3
1217,2019-12-03,2021-08-31,Production Technician I,Joshua Johns,SVG,Voluntarily Terminated,Full-Time,Zone B,Part-Time,Voluntary,First choose again themselves thing however.,Production       ,Wireline Construction,17-07-1960,MA,Vp,Male,52300,Asian,Single,Fully Meets,3
1218,2018-12-31,,Production Technician I,Robert Watts,WBL,Active,Full-Time,Zone B,Temporary,Unk,,Production       ,General - Con,15-10-1974,MA,Locator,Female,32620,Black,Married,Fully Meets,3
1219,2020-01-16,2021-02-09,Production Technician I,Kelly Tate,BPC,Voluntarily Terminated,Part-Time,Zone B,Part-Time,Voluntary,Develop think capital player campaign prepare.,Production       ,Engineers,9/2/1974,MA,Engineer,Female,83986,Hispanic,Married,Fully Meets,3
1220,2018-11-20,2020-02-09,Production Technician I,Terry Flores,CCDR,Voluntarily Terminated,Full-Time,Zone C,Temporary,Voluntary,Center positive their garden industry.,Production       ,Executive,31-12-1949,MA,Vp,Female,89298,Asian,Single,Fully Meets,3
1221,2022-11-11,2023-07-03,Production Technician I,Leslie Davis,EW,Voluntarily Terminated,Part-Time,Zone A,Part-Time,Involuntary,Deep sea improve miss they nearly measure.,Production       ,Yard (Material Handling),9/4/1967,MA,Coordinator,Female,91837,Asian,Single,Fully Meets,3
1222,2020-12-18,2021-07-23,Production Technician I,Sarah Williams,MSC,Voluntarily Terminated,Contract,Zone A,Part-Time,Involuntary,Improve sea attention baby local ahead.,Production       ,People Services,26-12-1949,MA,Recruiting,Female,31362,Asian,Widowed,Fully Meets,3
1223,2021-01-26,,Production Technician I,Luke Miller,NEL,Active,Full-Time,Zone C,Temporary,Unk,,Production       ,Engineers,15-01-1996,MA,Engineer,Female,3274,Asian,Widowed,Fully Meets,3
1224,2021-11-26,2022-05-24,Production Technician I,Jeremiah Smith,PL,Voluntarily Terminated,Part-Time,Zone B,Part-Time,Retirement,Recently business give.,Production       ,Wireline Construction,27-09-1964,MA,Administrative,Male,71373,Hispanic,Married,Fully Meets,3
1225,2023-05-15,,Production Technician I,Krista Smith,PYZ,Active,Contract,Zone C,Part-Time,Unk,,Production       ,Finance & Accounting,14-01-1957,MA,Accounting,Male,66660,Asian,Married,Fully Meets,3
1226,2023-06-20,,Production Technician I,Eric Greer,SVG,Active,Full-Time,Zone A,Full-Time,Unk,,Production       ,Field Operations,16-04-1967,MA,Driller,Male,26821,Other,Divorced,Fully Meets,3
1227,2019-08-22,2022-06-06,Production Technician I,Hannah Davis,TNS,Active,Part-Time,Zone C,Part-Time,Voluntary,Relate size according two board.,Production       ,Billable Consultants,21-03-1987,MA,Engineer,Female,89365,Other,Divorced,Fully Meets,3
1228,2021-08-30,,Production Technician I,Anthony Murray,WBL,Active,Contract,Zone B,Full-Time,Unk,,Production       ,Fielders,2/12/1994,MA,Engineer,Female,88976,Other,Widowed,Fully Meets,3
1229,2020-01-27,,Production Technician I,Michael Torres,BPC,Active,Part-Time,Zone B,Part-Time,Unk,,Production       ,Field Operations,31-12-1952,MA,Technician,Female,43853,Black,Single,Fully Meets,3
1230,2022-03-04,,Production Technician I,Claire Baker,CCDR,Active,Contract,Zone C,Temporary,Unk,,Production       ,Wireline Construction,18-09-1974,MA,Groundman,Female,19697,Hispanic,Widowed,Fully Meets,3
1231,2020-03-07,,Production Manager,Michael Garcia,EW,Active,Contract,Zone B,Temporary,Unk,,Production       ,Wireless,3/10/1994,MA,Laborer,Female,50000,Black,Married,Fully Meets,3
1232,2020-03-19,,Production Manager,Mrs. Leslie Simmons,MSC,Active,Full-Time,Zone B,Full-Time,Unk,,Production       ,People Services,17-03-1947,MA,Support,Female,35033,Other,Single,Fully Meets,3
1233,2022-07-23,,Production Technician II,Hannah Cruz,WBL,Active,Full-Time,Zone A,Part-Time,Unk,,Production       ,Wireline Construction,7/5/1992,MA,Project Manager,Male,50676,Other,Divorced,Fully Meets,3
1234,2019-10-18,2021-10-03,Production Technician II,Claudia Atkinson,NEL,Voluntarily Terminated,Full-Time,Zone A,Temporary,Involuntary,Learn whatever million.,Production       ,Sales & Marketing,19-06-1947,MA,Director,Female,25148,Black,Divorced,Fully Meets,3
1235,2020-04-14,,Production Technician II,Virginia Castro,PL,Active,Full-Time,Zone B,Full-Time,Unk,,Production       ,General - Con,17-05-1998,MA,Administrative,Female,96915,Other,Widowed,Fully Meets,3
1236,2018-11-25,2019-07-25,Production Technician II,Tina Morgan,BPC,Voluntarily Terminated,Part-Time,Zone B,Full-Time,Retirement,Source join scientist personal when each.,Production       ,Field Operations,11/12/1946,MA,Laborer,Female,95167,White,Married,Fully Meets,3
1237,2021-03-23,2022-08-26,Production Technician II,Nancy Gutierrez,CCDR,Voluntarily Terminated,Part-Time,Zone A,Part-Time,Resignation,Practice cover bar reason expect.,Production       ,Yard (Material Handling),17-12-1975,MA,Engineer,Female,1223,Black,Divorced,Fully Meets,3
1238,2020-10-27,2021-11-08,Production Technician I,Brandon Bates,SVG,Voluntarily Terminated,Part-Time,Zone B,Part-Time,Voluntary,My live interesting street purpose early.,Production       ,Engineers,12/9/1968,MA,Engineer,Female,31462,Other,Single,Fully Meets,3
1239,2022-06-11,2023-06-29,Production Technician I,Angela Brooks,TNS,Voluntarily Terminated,Part-Time,Zone C,Temporary,Voluntary,Guy know tend get best film hold.,Production       ,Splicing,9/7/2001,MA,Technician,Female,6735,Hispanic,Single,Fully Meets,3
1240,2020-03-19,,Production Technician I,Katie Barry,PYZ,Active,Contract,Zone B,Temporary,Unk,,Production       ,Isp,11/4/1985,MA,Project Manager,Female,60585,Asian,Single,Fully Meets,3
1241,2019-11-07,2022-12-07,Production Technician I,Craig Arias,WBL,Voluntarily Terminated,Contract,Zone B,Full-Time,Retirement,Fear night field child yard structure.,Production       ,Field Operations,13-03-1992,MA,Laborer,Female,46736,Black,Married,Fully Meets,3
1242,2023-04-24,,Production Technician I,Luke Carter,NEL,Active,Full-Time,Zone C,Part-Time,Unk,,Production       ,Wireline Construction,18-03-1959,MA,Foreman,Female,35941,White,Married,Fully Meets,3
1243,2020-06-04,,Production Technician I,Richard Oliver,PL,Active,Contract,Zone A,Temporary,Unk,,Production       ,General - Con,7/3/1979,MA,Manager,Female,11657,White,Widowed,Fully Meets,3
1244,2022-05-23,,Production Technician I,Raymond Hernandez,BPC,Active,Part-Time,Zone A,Full-Time,Unk,,Production       ,Isp,11/2/1954,MA,Technician,Male,72528,Asian,Married,Fully Meets,3
1245,2019-05-17,,Production Technician I,James Clay,CCDR,Active,Full-Time,Zone B,Temporary,Unk,,Production       ,Engineers,3/2/1961,MA,Technician,Male,14705,White,Widowed,Fully Meets,3
1246,2018-09-28,2021-04-25,Production Technician I,Casey Dennis,SVG,Voluntarily Terminated,Part-Time,Zone B,Temporary,Resignation,Control store point.,Production       ,Field Operations,14-11-1943,MA,Ceo,Male,5254,Black,Widowed,Fully Meets,3
1247,2019-03-04,,Production Technician I,Lisa Gonzalez,EW,Active,Part-Time,Zone C,Part-Time,Unk,,Production       ,Wireless,26-03-1972,MA,Foreman,Female,94026,Other,Single,Fully Meets,3
1248,2021-03-29,2021-12-01,Production Technician I,Theresa Miller,MSC,Active,Part-Time,Zone B,Full-Time,Resignation,Suddenly free computer last spend.,Production       ,Underground,9/9/1988,MA,Operator,Female,90967,White,Divorced,Fully Meets,3
1249,2019-07-07,2020-02-14,Production Technician I,Christopher Stewart,TNS,Active,Full-Time,Zone A,Part-Time,Retirement,Seek TV finally impact really build.,Production       ,Field Operations,30-11-1996,MA,Driver,Female,46879,Asian,Divorced,Fully Meets,3
1250,2018-09-06,,Production Technician I,Sheri Pearson,BPC,Active,Contract,Zone B,Full-Time,Unk,,Production       ,General - Sga,8/12/1990,MA,Lineman,Female,70353,Black,Widowed,Fully Meets,3
1251,2018-09-25,,Production Technician I,Dennis Davis,CCDR,Active,Part-Time,Zone A,Part-Time,Unk,,Production       ,Splicing,5/3/1948,MA,Laborer,Female,27888,Asian,Married,Fully Meets,3
1252,2022-03-11,2022-04-25,Production Manager,Timothy Hester,EW,Active,Part-Time,Zone A,Temporary,Voluntary,Dinner skill guess key building.,Production       ,Project Management - Con,21-02-1982,MA,Technician,Female,36258,Asian,Divorced,Fully Meets,3
1253,2020-07-13,2021-10-06,Production Manager,Thomas Baker,MSC,Active,Part-Time,Zone A,Part-Time,Retirement,Necessary account office.,Production       ,Project Management - Con,15-05-1971,MA,Engineer,Female,17844,Asian,Divorced,Fully Meets,3
1254,2020-06-22,,Production Technician II,Tracy Ramos,WBL,Active,Contract,Zone B,Full-Time,Unk,,Production       ,General - Con,7/6/1950,MA,Groundman,Female,87263,White,Married,Fully Meets,3
1255,2019-09-30,2021-03-02,Production Technician II,Alicia Lindsey,NEL,Voluntarily Terminated,Full-Time,Zone A,Temporary,Resignation,Shoulder then shake.,Production       ,General - Con,24-11-1984,MA,Laborer,Female,8671,Black,Married,Fully Meets,3
1256,2020-01-08,,Production Technician II,Adam Harmon,PL,Active,Contract,Zone A,Temporary,Unk,,Production       ,Wireline Construction,14-08-1991,MA,Laborer,Female,16520,White,Widowed,Fully Meets,3
1257,2021-10-16,,Production Technician II,Brandon Lane,BPC,Active,Full-Time,Zone B,Temporary,Unk,,Production       ,Engineers,7/11/1978,MA,Engineer,Female,22868,Asian,Divorced,Fully Meets,3
1258,2022-06-29,,Production Technician II,Jeremy Thomas,CCDR,Active,Full-Time,Zone C,Temporary,Unk,,Production       ,Aerial,16-10-1977,MA,Foreman,Female,59954,Other,Widowed,Fully Meets,3
1259,2022-05-01,2023-04-24,Production Technician I,Justin Phelps,SVG,Voluntarily Terminated,Full-Time,Zone A,Temporary,Retirement,Section effort four increase.,Production       ,General - Con,14-07-1956,MA,Laborer,Male,43998,White,Single,Fully Meets,3
1260,2018-08-16,,Production Technician I,Tabitha Martin,TNS,Active,Full-Time,Zone B,Part-Time,Unk,,Production       ,Project Management - Con,18-06-1957,MA,Manager,Female,75748,Asian,Married,Fully Meets,3
1261,2019-12-27,,Production Technician I,Katherine Huber,PYZ,Active,Part-Time,Zone C,Temporary,Unk,,Production       ,Field Operations,27-09-1959,MA,Laborer,Female,87591,Hispanic,Married,Fully Meets,3
1262,2021-07-01,2023-03-28,Production Technician I,James Benson,WBL,Voluntarily Terminated,Part-Time,Zone A,Full-Time,Retirement,Her relationship national win raise American.,Production       ,Engineers,16-03-1977,MA,Engineer,Female,23777,Hispanic,Widowed,Fully Meets,3
1263,2022-10-20,,Production Technician I,Thomas Rogers,NEL,Active,Full-Time,Zone B,Full-Time,Unk,,Production       ,Shop (Fleet),14-11-1952,MA,Foreman,Female,34732,Hispanic,Divorced,Fully Meets,3
1264,2019-02-15,,Production Technician I,Veronica Alexander MD,PL,Active,Full-Time,Zone C,Full-Time,Unk,,Production       ,Field Operations,23-10-1998,MA,Director,Female,28097,Hispanic,Married,Fully Meets,3
1265,2022-01-17,2022-07-25,Production Technician I,Angela Jackson,BPC,Voluntarily Terminated,Part-Time,Zone C,Full-Time,Retirement,Page year stock own popular health.,Production       ,Field Operations,28-05-1976,MA,Laborer,Male,39841,Black,Widowed,Fully Meets,3
1266,2021-11-14,2022-07-01,Production Technician I,Lisa Campbell,CCDR,Voluntarily Terminated,Full-Time,Zone A,Full-Time,Involuntary,Form song garden right newspaper.,Production       ,Project Management - Con,4/4/1971,MA,Manager,Male,46871,Hispanic,Divorced,Fully Meets,3
1267,2020-11-14,2020-12-22,Production Technician I,Sophia Bowman,SVG,Active,Part-Time,Zone C,Full-Time,Voluntary,Better five blue particularly a media firm.,Production       ,General - Con,11/9/1971,MA,Lineman,Female,91614,White,Divorced,Fully Meets,3
1268,2023-02-25,,Production Technician I,Chelsey Crawford,EW,Active,Part-Time,Zone A,Part-Time,Unk,,Production       ,General - Con,26-12-1961,MA,Technician,Female,89515,Other,Single,Fully Meets,3
1269,2022-08-23,,Production Technician I,Brianna Blanchard,MSC,Active,Contract,Zone A,Full-Time,Unk,,Production       ,Yard (Material Handling),28-04-1965,MA,Laborer,Female,82774,Black,Divorced,Fully Meets,3
1270,2019-05-01,2019-12-31,Production Technician I,Adam Miller,TNS,Active,Part-Time,Zone C,Full-Time,Voluntary,When approach anyone hold along.,Production       ,Field Operations,17-10-1967,MA,Laborer,Female,79937,Hispanic,Married,Fully Meets,3
1271,2020-04-26,,Production Technician I,Brenda Johnson,PYZ,Active,Full-Time,Zone A,Part-Time,Unk,,Production       ,General - Sga,16-11-1951,MA,Foreman,Female,95232,Asian,Widowed,Fully Meets,3
1272,2021-02-08,2022-07-15,Production Technician I,Natalie Shaffer,WBL,Active,Full-Time,Zone C,Temporary,Involuntary,National detail star recently.,Production       ,General - Eng,27-05-1971,MA,Coordinator,Female,37465,Black,Single,Fully Meets,3
1273,2020-10-29,2021-01-26,Production Manager,Rachel Wilkins,NEL,Active,Contract,Zone A,Part-Time,Retirement,Treat role defense or common service network.,Production       ,General - Sga,14-03-1957,MA,Manager,Female,50409,Asian,Single,Fully Meets,3
1274,2022-11-22,,Production Manager,Nicole Pierce,PL,Active,Contract,Zone A,Full-Time,Unk,,Production       ,Engineers,6/11/1975,MA,Engineer,Female,2006,Black,Single,Fully Meets,3
1275,2022-10-11,,Production Technician II,Nicole Gamble,CCDR,Active,Full-Time,Zone B,Part-Time,Unk,,Production       ,Aerial,19-06-1982,MA,Splicer,Female,55846,Other,Single,Fully Meets,3
1276,2019-12-28,,Production Technician II,Lauren Gonzales,EW,Active,Full-Time,Zone A,Full-Time,Unk,,Production       ,General - Sga,21-04-1978,MA,Administrator,Female,74245,White,Married,Fully Meets,3
1277,2019-04-11,,Production Technician II,Margaret Murphy,MSC,Active,Full-Time,Zone C,Part-Time,Unk,,Production       ,Splicing,10/5/1984,MA,Technician,Female,95565,Other,Single,Fully Meets,3
1278,2020-10-26,,Production Technician II,Christine Oneill,NEL,Active,Full-Time,Zone A,Part-Time,Unk,,Production       ,Field Operations,13-08-1955,MA,Laborer,Female,89318,White,Divorced,Fully Meets,3
1279,2021-07-09,2023-01-27,Production Technician II,Regina Rogers,PL,Voluntarily Terminated,Part-Time,Zone B,Full-Time,Resignation,Mrs technology behavior fear.,Production       ,Field Operations,16-07-1994,MA,Technician,Female,29507,White,Married,Fully Meets,3
1280,2022-01-12,,Production Technician I,Timothy Blackwell,MSC,Active,Full-Time,Zone C,Temporary,Unk,,Production       ,General - Sga,19-04-1944,MA,Administrator,Male,77219,Black,Single,Fully Meets,3
1281,2020-08-07,2021-07-20,Production Technician I,Jeffrey Bowen,TNS,Voluntarily Terminated,Part-Time,Zone A,Part-Time,Retirement,Tree cause agency reduce fine air.,Production       ,Finance & Accounting,19-12-1968,MA,Administrative,Female,30117,White,Widowed,Fully Meets,3
1282,2021-04-10,2022-11-19,Production Technician I,Eileen Rodriguez,BPC,Voluntarily Terminated,Part-Time,Zone A,Temporary,Involuntary,All guy thus card fill walk.,Production       ,Catv,28-12-1980,MA,Administrative,Female,30179,Black,Widowed,Fully Meets,3
1283,2021-01-11,,Production Technician I,Deborah Arnold,CCDR,Active,Full-Time,Zone C,Full-Time,Unk,,Production       ,General - Eng,18-02-2000,MA,Drafter,Female,72581,Asian,Married,Fully Meets,3
1284,2019-12-08,,Production Technician I,Chase Hardy,EW,Active,Contract,Zone B,Full-Time,Unk,,Production       ,General - Eng,28-01-1985,MA,Supervisor,Female,39352,Other,Married,Fully Meets,3
1285,2021-09-26,,Production Technician I,John Gonzalez,MSC,Active,Part-Time,Zone C,Full-Time,Unk,,Production       ,General - Eng,21-07-1994,MA,Supervisor,Male,89374,Hispanic,Widowed,Fully Meets,3
1286,2021-09-09,2021-10-28,Production Technician I,Jennifer Randall,NEL,Voluntarily Terminated,Full-Time,Zone B,Temporary,Voluntary,Never few away level attack buy.,Production       ,Field Operations,25-05-1999,MA,Driller,Male,74629,Asian,Divorced,Fully Meets,3
1287,2020-09-19,2023-02-20,Production Technician I,Evelyn Diaz,PL,Voluntarily Terminated,Full-Time,Zone A,Full-Time,Retirement,American quickly treatment.,Production       ,General - Con,18-09-1943,MA,Technician,Female,56136,Black,Widowed,Fully Meets,3
1288,2022-01-11,2022-10-26,Production Technician I,Justin Johnson,PYZ,Active,Full-Time,Zone C,Part-Time,Voluntary,Skill shoulder bag suffer.,Production       ,Aerial,29-05-1998,MA,Lineman,Female,69514,Hispanic,Single,Fully Meets,3
1289,2019-07-18,,Production Technician I,Kevin Pearson,SVG,Active,Full-Time,Zone C,Full-Time,Unk,,Production       ,General - Con,1/7/1942,MA,Clerk,Female,40307,Other,Single,Fully Meets,3
1290,2021-04-13,,Production Technician I,Bryan Salas,TNS,Active,Full-Time,Zone A,Full-Time,Unk,,Production       ,General - Sga,14-05-1996,MA,Administrator,Female,57255,White,Married,Fully Meets,3
1291,2023-06-17,2023-07-27,Production Technician I,Jeffery Williams,WBL,Active,Contract,Zone B,Temporary,Voluntary,Finally provide various but.,Production       ,Engineers,12/3/1988,MA,Coordinator,Female,94486,Black,Divorced,Fully Meets,3
1292,2018-10-27,,Production Technician I,Amy Hess,BPC,Active,Full-Time,Zone A,Part-Time,Unk,,Production       ,Engineers,27-06-1943,MA,Engineer,Female,28931,White,Divorced,Fully Meets,3
1293,2021-06-01,2023-04-29,Production Technician I,Ashley Craig,CCDR,Active,Contract,Zone B,Full-Time,Voluntary,Line with read most.,Production       ,Wireline Construction,21-10-1993,MA,Lineman,Female,60878,Asian,Single,Fully Meets,3
1294,2023-04-07,2023-05-07,Production Manager,Lisa Ward,EW,Active,Part-Time,Zone B,Part-Time,Voluntary,Choose thousand know often size company.,Production       ,Wireline Construction,28-09-1970,MA,Laborer,Female,58589,Hispanic,Single,Fully Meets,3
1295,2021-06-13,,Production Technician II,Richard Santos,PYZ,Active,Full-Time,Zone A,Full-Time,Unk,,Production       ,General - Con,24-10-1970,MA,Groundman,Female,26059,Other,Married,Fully Meets,3
1296,2019-03-13,2020-09-12,Production Technician II,Nathan Hill,WBL,Voluntarily Terminated,Full-Time,Zone B,Part-Time,Involuntary,Employee product meeting who kind.,Production       ,Field Operations,27-01-1985,MA,Administrator,Female,94411,Asian,Widowed,Fully Meets,3
1297,2019-05-24,2021-10-09,Production Technician II,Cindy Smith,NEL,Voluntarily Terminated,Part-Time,Zone A,Temporary,Resignation,Suffer phone son property money.,Production       ,Isp,8/8/1968,MA,Technician,Female,46980,Other,Married,Fully Meets,3
1298,2023-02-25,,Production Technician II,Gerald Dunlap,PL,Active,Part-Time,Zone B,Temporary,Unk,,Production       ,General - Con,10/3/1983,MA,Laborer,Female,12398,Black,Married,Fully Meets,3
1299,2020-03-24,,Production Technician II,Joseph Dixon,BPC,Active,Contract,Zone B,Full-Time,Unk,,Production       ,Aerial,10/10/1953,MA,Foreman,Female,95571,Asian,Widowed,Fully Meets,3
1300,2021-06-12,,Production Technician II,Angela Garcia,CCDR,Active,Contract,Zone B,Temporary,Unk,,Production       ,Field Operations,5/9/1967,MA,Laborer,Female,91189,Black,Married,Fully Meets,3
1301,2019-03-22,2022-03-23,Production Technician I,Todd Nelson,MSC,Voluntarily Terminated,Part-Time,Zone B,Temporary,Retirement,Space long most area product drug tree.,Production       ,Field Operations,28-03-1950,MA,Driller,Female,62803,Asian,Widowed,Fully Meets,3
1302,2021-03-08,2022-12-17,Production Technician I,Aaron Mendoza,TNS,Voluntarily Terminated,Full-Time,Zone A,Full-Time,Voluntary,Study way front fly member.,Production       ,Field Operations,2/7/2000,MA,Laborer,Female,77552,Other,Married,Fully Meets,3
1303,2020-05-15,,Production Technician I,Crystal Taylor,PYZ,Active,Contract,Zone A,Full-Time,Unk,,Production       ,Finance & Accounting,1/2/1957,MA,Administration,Female,35973,Hispanic,Single,Fully Meets,3
1304,2023-01-24,,Production Technician I,Amanda Barnes,WBL,Active,Full-Time,Zone B,Part-Time,Unk,,Production       ,Safety,13-02-1996,MA,Safety,Female,47801,Asian,Widowed,Fully Meets,3
1305,2021-01-06,2022-12-30,Production Technician I,John Bradford,NEL,Voluntarily Terminated,Full-Time,Zone B,Temporary,Resignation,Fact soldier film yet president example car.,Production       ,Field Operations,14-11-1998,MA,Laborer,Male,1615,White,Married,Fully Meets,3
1306,2021-04-16,,Production Technician I,Christopher Norris,PL,Active,Part-Time,Zone B,Part-Time,Unk,,Production       ,Project Management - Con,7/8/1997,MA,Coordinator,Male,49042,Hispanic,Single,Fully Meets,3
1307,2021-09-22,2021-10-25,Production Technician I,Mr. Danny Snow,BPC,Voluntarily Terminated,Contract,Zone A,Full-Time,Voluntary,Thus whether read kitchen itself.,Production       ,Engineers,24-02-1981,MA,Director,Male,94852,Black,Married,Fully Meets,3
1308,2022-06-28,2023-03-07,Production Technician I,Isaac Foley,CCDR,Active,Full-Time,Zone C,Full-Time,Retirement,Bar offer throughout different body quite.,Production       ,Project Management - Con,3/10/1980,MA,Supervisor,Female,60350,Asian,Divorced,Fully Meets,3
1309,2020-08-17,,Production Technician I,Holly Pearson,SVG,Active,Part-Time,Zone C,Part-Time,Unk,,Production       ,Field Operations,15-05-1980,MA,Driller,Female,41055,Other,Widowed,Fully Meets,3
1310,2023-04-03,2023-07-21,Production Technician I,Adam Vang,EW,Active,Part-Time,Zone B,Full-Time,Voluntary,Again kind talk lead.,Production       ,General - Con,11/2/1988,MA,Technician,Female,21439,Asian,Single,Fully Meets,3
1311,2023-05-26,2023-06-12,Production Technician I,Anna Townsend,MSC,Active,Full-Time,Zone C,Part-Time,Resignation,Hold parent PM claim star seek.,Production       ,Engineers,22-02-1987,MA,Specialist,Male,32645,Asian,Single,Fully Meets,3
1312,2021-04-10,,Production Technician I,Edgar Moore,TNS,Active,Full-Time,Zone B,Full-Time,Unk,,Production       ,General - Eng,9/8/1997,MA,Technician,Female,47354,Black,Widowed,Fully Meets,3
1313,2023-04-18,,Production Technician I,Gary Nelson,PYZ,Active,Contract,Zone C,Part-Time,Unk,,Production       ,Field Operations,4/12/1957,MA,Operator,Female,64005,Hispanic,Single,Fully Meets,3
1314,2021-10-13,2023-06-21,Production Technician I,Andrea Fowler,WBL,Active,Contract,Zone C,Full-Time,Retirement,Nation local peace nation blue official six.,Production       ,General - Con,30-08-1996,MA,Technician,Female,91553,White,Divorced,Fully Meets,3
1315,2020-10-10,,Sr. Accountant,Gina Williams,NEL,Active,Part-Time,Zone A,Temporary,Unk,,Admin Offices,Splicing,21-12-1956,MA,Tester,Female,2050,Asian,Widowed,Fully Meets,3
1316,2019-01-20,2021-09-15,President & CEO,Michael West,CCDR,Active,Part-Time,Zone A,Full-Time,Involuntary,Upon writer black.,Executive Office,Aerial,24-10-1955,MA,Foreman,Female,1902,Asian,Single,Fully Meets,3
1317,2021-05-09,2022-10-27,Sr. Accountant,Leslie Allen,MSC,Active,Full-Time,Zone A,Part-Time,Involuntary,Everything discover represent full.,Admin Offices,Aerial,23-11-1950,MA,Lineman,Female,2468,Black,Widowed,Fully Meets,3
1318,2023-07-29,2023-08-04,Administrative Assistant,Donald Decker,WBL,Active,Contract,Zone B,Temporary,Retirement,Effort off over always. Form house mean treat.,Admin Offices,Field Operations,14-05-1984,MA,Laborer,Female,2330,White,Divorced,Fully Meets,3
1319,2019-08-24,2022-12-14,Accountant I,Donald Richardson,EW,Active,Part-Time,Zone C,Temporary,Involuntary,Value class especially.,Admin Offices,Finance & Accounting,23-07-1964,MA,Intern,Male,2703,Asian,Married,Fully Meets,3
1320,2018-12-25,,Administrative Assistant,James Bell,WBL,Active,Part-Time,Zone B,Full-Time,Unk,,Admin Offices,Wireline Construction,6/9/1983,MA,Billing,Female,2170,White,Widowed,Fully Meets,3
1321,2021-05-27,2021-08-24,Accountant I,Adrienne Roth,TNS,Active,Contract,Zone A,Full-Time,Involuntary,Actually scene law break four summer ability.,Admin Offices,Project Management - Con,16-03-1958,MA,Vp,Male,1460,Black,Single,Fully Meets,3
1322,2023-02-02,2023-06-23,Accountant I,Jessica Blackwell,TNS,Active,Full-Time,Zone B,Full-Time,Resignation,Public evidence bag trouble interesting.,Admin Offices,Executive,18-05-1985,MA,Ceo,Female,1450,Hispanic,Widowed,Fully Meets,3
1323,2022-12-06,,Administrative Assistant,Mary Walker,PL,Active,Full-Time,Zone B,Temporary,Unk,,Admin Offices,Aerial,19-03-1953,MA,Foreman,Female,1844,Black,Divorced,Fully Meets,3
1324,2021-07-23,,Accountant I,Derrick Garcia,MSC,Active,Part-Time,Zone A,Part-Time,Unk,,Admin Offices,General - Con,28-10-1986,MA,Helper,Female,11194,Hispanic,Single,Fully Meets,3
1325,2019-11-16,,Accountant I,Jesus Golden,TNS,Active,Contract,Zone B,Temporary,Unk,,Admin Offices,Engineers,2/5/1982,MA,Drafter,Female,60432,Black,Divorced,Fully Meets,3
1326,2020-03-08,2021-11-07,Sr. Network Engineer,Mark Greene,PYZ,Active,Full-Time,Zone A,Temporary,Retirement,Alone need gun surface. Bar involve wait often.,Admin Offices,General - Eng,17-11-1977,MA,Billing,Male,86677,White,Widowed,Fully Meets,3
1327,2019-01-14,,Sr. Network Engineer,Lisa Mills,WBL,Active,Part-Time,Zone B,Temporary,Unk,,Admin Offices,Engineers,20-02-1960,MA,Engineer,Male,93156,White,Single,Fully Meets,3
1328,2020-02-29,2021-09-23,Sr. Network Engineer,Robert Sawyer,NEL,Active,Part-Time,Zone C,Full-Time,Voluntary,Draw interest over. Vote late marriage kind.,IT/IS,Executive,24-12-1975,MA,Vp,Male,66733,Asian,Single,Fully Meets,3
1329,2022-11-25,2023-04-12,Software Engineer,Desiree Bender,PL,Active,Contract,Zone B,Part-Time,Resignation,Finish join stage start page your seem.,Software Engineering,Field Operations,1/11/1958,MA,Laborer,Male,77070,Black,Widowed,Fully Meets,3
1330,2022-09-15,2023-05-05,Accountant I,Jeremy Smith,MSC,Active,Full-Time,Zone A,Part-Time,Retirement,Figure yard develop TV enjoy late standard.,Admin Offices,General - Con,1/3/1990,MA,Associate,Female,66991,White,Divorced,Fully Meets,3
1331,2021-08-11,,Accountant I,Mary Taylor,TNS,Active,Full-Time,Zone C,Temporary,Unk,,Admin Offices,People Services,20-10-1946,MA,Intern,Female,69431,Black,Widowed,Fully Meets,3
1332,2023-08-03,,Sr. Network Engineer,Barry Fitzgerald,PYZ,Active,Contract,Zone B,Part-Time,Unk,,Admin Offices,Wireline Construction,22-10-1946,MA,Foreman,Male,12089,Hispanic,Divorced,Fully Meets,3
1333,2022-03-14,,Sr. Network Engineer,Tracey Clark,WBL,Active,Part-Time,Zone A,Part-Time,Unk,,IT/IS,Field Operations,15-04-1978,MA,Laborer,Male,74486,Black,Divorced,Fully Meets,3
1334,2020-09-01,2020-11-29,Sr. Network Engineer,Christina Knight,NEL,Active,Full-Time,Zone B,Part-Time,Retirement,Authority our technology administration section.,IT/IS,Underground,23-09-1952,MA,Laborer,Male,15975,Other,Widowed,Fully Meets,3
1335,2021-10-31,,Software Engineer,Debra Garza,NEL,Active,Contract,Zone A,Full-Time,Unk,,Software Engineering,General - Con,24-11-1947,MA,Technician,Female,27425,White,Divorced,Fully Meets,3
1336,2020-02-26,2023-03-30,Accountant I,Ashley Petersen,TNS,Active,Full-Time,Zone A,Part-Time,Retirement,Author often return hold compare natural.,Admin Offices,Field Operations,14-07-1947,MA,Technician,Female,88247,Black,Married,Fully Meets,3
1337,2018-08-10,2021-12-07,Accountant I,Jamie Collins,WBL,Active,Full-Time,Zone A,Temporary,Resignation,Wonder specific own others card. See else drop.,Admin Offices,General - Con,30-03-1953,MA,Safety Manager,Female,71014,White,Single,Fully Meets,3
1338,2020-09-30,,Sr. Network Engineer,Stephen Ray,BPC,Active,Contract,Zone C,Part-Time,Unk,,Admin Offices,Shop (Fleet),14-03-1988,MA,Mechanic,Male,90987,Other,Widowed,Fully Meets,3
1339,2021-04-01,2022-08-14,Sr. Network Engineer,Michael Norton,CCDR,Active,Contract,Zone B,Temporary,Retirement,Though upon remember later.,IT/IS,Wireline Construction,19-11-1981,MA,Foreman,Male,47635,Hispanic,Widowed,Fully Meets,3
1340,2021-03-21,2021-11-21,Sr. Network Engineer,Diane Ramirez,EW,Active,Full-Time,Zone B,Part-Time,Retirement,My himself avoid traditional simply wait.,IT/IS,General - Eng,22-03-1945,MA,Engineer,Male,37302,White,Divorced,Fully Meets,3
1341,2021-11-03,,Software Engineering Manager,Ralph Sloan,CCDR,Active,Part-Time,Zone C,Full-Time,Unk,,Software Engineering,Engineers,22-02-1979,MA,Engineer,Female,76343,Hispanic,Single,Fully Meets,3
1342,2019-06-22,2019-08-26,Accountant I,Mark Willis,EW,Active,Full-Time,Zone B,Part-Time,Retirement,Win paper unit drug nearly card.,Admin Offices,Aerial,30-06-1985,MA,Lineman,Female,2559,Asian,Single,Fully Meets,3
1343,2019-11-12,2023-05-19,Accountant I,Joshua Huber,MSC,Active,Contract,Zone B,Temporary,Voluntary,Effort situation use necessary.,Admin Offices,Shop (Fleet),31-05-1958,MA,Manager,Female,68008,White,Married,Fully Meets,3
1344,2022-09-20,,Accountant I,John Clark MD,TNS,Active,Part-Time,Zone A,Part-Time,Unk,,Admin Offices,General - Con,21-12-1980,MA,Foreman,Male,93554,White,Single,Fully Meets,3
1345,2023-01-27,,Sr. Network Engineer,Amy Jones,PYZ,Active,Full-Time,Zone A,Full-Time,Unk,,Admin Offices,Fielders,13-05-1978,MA,Engineer,Male,85275,Other,Single,Fully Meets,3
1346,2021-02-21,2022-08-22,Sr. Network Engineer,Maurice Krause,WBL,Active,Contract,Zone C,Temporary,Retirement,Today situation minute figure friend opportunity.,IT/IS,Field Operations,13-09-1948,MA,Laborer,Male,37276,White,Divorced,Fully Meets,3
1347,2022-03-04,2023-01-18,Sr. Network Engineer,Amy Griffin,NEL,Active,Part-Time,Zone B,Full-Time,Retirement,Guess fight various decade second pattern.,IT/IS,General - Con,21-03-1995,MA,Coordinator,Male,54734,Hispanic,Married,Fully Meets,3
1348,2019-04-21,2020-12-02,Software Engineering Manager,Debra Gomez,WBL,Future Start,Contract,Zone C,Part-Time,Involuntary,They behind war evening. Particular film war yes.,Software Engineering,Field Operations,13-04-1993,MA,Engineer,Female,34961,Other,Married,Fully Meets,3
1349,2021-08-02,2022-11-26,Accountant I,Jeremy Pope,EW,Active,Full-Time,Zone B,Part-Time,Retirement,Behind bar item management.,Admin Offices,Safety,27-11-1949,MA,Manager,Female,33234,White,Divorced,Fully Meets,3
1350,2022-03-04,,Accountant I,Jeffrey Williams,MSC,Active,Part-Time,Zone B,Temporary,Unk,,Admin Offices,Field Operations,2/11/1968,MA,Laborer,Female,45030,Black,Divorced,Fully Meets,3
1351,2021-03-28,,Accountant I,Daniel Cooper,TNS,Active,Contract,Zone C,Part-Time,Unk,,Admin Offices,Field Operations,5/3/1998,MA,Tower Hand,Male,38846,White,Divorced,Fully Meets,3
1352,2018-08-08,2023-06-01,Sr. Network Engineer,Chase Ho,PYZ,Active,Contract,Zone B,Full-Time,Voluntary,Series significant out.,Admin Offices,Field Operations,18-06-1974,MA,Technician,Male,43568,Other,Divorced,Fully Meets,3
1353,2020-09-15,2022-01-06,Sr. Network Engineer,Felicia Bailey,WBL,Active,Part-Time,Zone A,Temporary,Involuntary,Will message south game.,IT/IS,Field Operations,4/3/1946,MA,Supervisor,Male,48891,White,Single,Fully Meets,3
1354,2020-10-28,2022-02-27,Software Engineering Manager,Christopher Jones,WBL,Future Start,Full-Time,Zone C,Full-Time,Involuntary,Wear happen goal choice must.,Software Engineering,Field Operations,7/5/1959,MA,Top Hand,Female,79778,Black,Widowed,Fully Meets,3
1355,2021-06-16,2021-11-23,Administrative Assistant,Alec Taylor,SVG,Active,Full-Time,Zone B,Temporary,Resignation,Common paper smile way career capital.,Admin Offices,General - Con,20-05-1945,MA,Coordinator,Female,79459,Hispanic,Single,Fully Meets,3
1356,2023-03-20,2023-06-21,Accountant I,Ronald Jones,EW,Active,Part-Time,Zone A,Temporary,Voluntary,List remember benefit memory also deal people.,Admin Offices,Engineers,12/6/1988,MA,Engineer,Female,93230,Hispanic,Married,Fully Meets,3
1357,2018-09-07,2021-07-16,Accountant I,Mrs. Tracy Cisneros DDS,MSC,Active,Full-Time,Zone C,Temporary,Retirement,Fast whether mouth physical.,Admin Offices,Engineers,4/7/1972,MA,Principal,Male,74550,Black,Divorced,Fully Meets,3
1358,2018-11-08,2022-10-28,Accountant I,Isabella Hawkins,TNS,Active,Part-Time,Zone B,Full-Time,Retirement,Involve study commercial billion and.,Admin Offices,Field Operations,29-03-1996,MA,Laborer,Male,1706,Black,Married,Fully Meets,3
1359,2019-01-26,,Sr. Network Engineer,Kendra Garcia,BPC,Active,Full-Time,Zone A,Part-Time,Unk,,Admin Offices,Catv,19-03-1998,MA,Foreman,Male,50894,Asian,Married,Fully Meets,3
1360,2021-08-30,,Sr. Network Engineer,Dawn Williams,CCDR,Active,Contract,Zone B,Full-Time,Unk,,IT/IS,Field Operations,25-09-1964,MA,Technician,Male,27367,Asian,Divorced,PIP,3
1361,2023-03-08,2023-03-30,Sr. Accountant,Rebecca Randolph,BPC,Future Start,Full-Time,Zone A,Full-Time,Voluntary,Second scene guy age alone sing year pick.,Admin Offices,Aerial,26-09-1949,MA,Supervisor,Female,18484,Black,Married,Exceeds,3
1362,2019-11-10,2020-12-03,Administrative Assistant,William Page,SVG,Active,Full-Time,Zone C,Part-Time,Retirement,Rock entire unit amount hope seem hotel.,Admin Offices,General - Con,11/10/1983,MA,Technician,Female,36283,Asian,Widowed,Exceeds,3
1363,2023-07-28,,Accountant I,Deborah Johnson,EW,Active,Full-Time,Zone A,Full-Time,Unk,,Admin Offices,General - Con,21-04-1982,MA,Laborer,Female,82125,Asian,Divorced,PIP,3
1364,2019-04-03,2019-08-05,Accountant I,Danny Williams,MSC,Active,Contract,Zone C,Temporary,Voluntary,Create although card she best and music.,Admin Offices,Finance & Accounting,20-01-1973,MA,Administration,Male,32101,White,Divorced,Exceeds,3
1365,2019-07-24,,Accountant I,Misty Collier,TNS,Active,Contract,Zone C,Part-Time,Unk,,Admin Offices,Field Operations,13-07-1982,MA,Lineman,Male,64340,Hispanic,Widowed,Exceeds,3
1366,2022-04-29,2022-12-11,Sr. Network Engineer,Peter Ortiz,PYZ,Active,Contract,Zone B,Temporary,Voluntary,Just information assume act possible work later.,IT/IS,General - Con,15-01-1950,MA,Laborer,Male,14151,Black,Single,Exceeds,3
1367,2020-10-06,,Sr. Network Engineer,Jeremy Frye,WBL,Active,Part-Time,Zone B,Temporary,Unk,,IT/IS,Executive,12/8/1990,MA,Coordinator,Female,61754,White,Divorced,Exceeds,3
1368,2020-04-04,,Sr. Accountant,Leah Boyd,PYZ,Active,Part-Time,Zone C,Temporary,Unk,,Admin Offices,General - Sga,26-08-1993,MA,Estimator,Female,24157,White,Widowed,Exceeds,3
1369,2021-03-26,,Administrative Assistant,Darren Zimmerman,CCDR,Active,Contract,Zone C,Full-Time,Unk,,Sales,Aerial,24-03-1974,MA,Foreman,Female,6564,Black,Married,Exceeds,3
1370,2022-05-19,,Administrative Assistant,Tommy Obrien,SVG,Active,Part-Time,Zone A,Temporary,Unk,,Admin Offices,General - Con,13-12-1992,MA,Locator,Female,55619,Black,Married,Exceeds,3
1371,2021-08-28,2021-10-16,Accountant I,Mrs. Nicole Garrison MD,EW,Active,Contract,Zone A,Part-Time,Involuntary,Tax thousand few tonight seek.,Admin Offices,Field Operations,7/5/1957,MA,Technician,Female,26844,Black,Married,Exceeds,3
1372,2022-11-24,,Accountant I,Gary Clark,MSC,Active,Contract,Zone A,Full-Time,Unk,,Admin Offices,Aerial,19-08-1991,MA,Foreman,Male,34610,White,Single,Exceeds,3
1373,2022-01-12,2022-11-11,Accountant I,Tina Shaw,TNS,Active,Contract,Zone A,Part-Time,Resignation,Account Republican reduce right.,Admin Offices,Field Operations,20-04-1986,MA,Laborer,Male,20630,Other,Divorced,Exceeds,3
1374,2019-07-07,,Sr. Network Engineer,Stephen Myers,PYZ,Active,Part-Time,Zone B,Temporary,Unk,,IT/IS,Aerial,12/9/1942,MA,Foreman,Female,78109,White,Married,Exceeds,3
1375,2021-07-14,,Sr. Accountant,Jeremy Anderson,PYZ,Active,Contract,Zone B,Full-Time,Unk,,Admin Offices,Technology / It,7/7/1999,MA,Intern,Female,1498,Asian,Divorced,Exceeds,3
1376,2019-12-03,2022-02-10,Administrative Assistant,Linda Brown,CCDR,Active,Full-Time,Zone B,Temporary,Retirement,Example field consider before old yes on since.,Sales,Field Operations,8/12/1958,MA,Supervisor,Female,30890,Other,Single,Exceeds,3
1377,2021-03-03,2021-07-10,Administrative Assistant,Harry Ellis,SVG,Active,Part-Time,Zone A,Full-Time,Resignation,Current budget certain interview increase.,Admin Offices,General - Con,18-05-1968,MA,Technician,Female,67773,White,Divorced,Exceeds,3
1378,2022-06-13,,Accountant I,Michael Mathis,EW,Active,Full-Time,Zone C,Part-Time,Unk,,Admin Offices,Fielders,6/3/1975,MA,Engineer,Female,12640,White,Married,PIP,3
1379,2023-01-23,,Accountant I,Vincent Snyder,MSC,Active,Part-Time,Zone A,Temporary,Unk,,Admin Offices,General - Sga,21-10-1984,MA,Supervisor,Male,64384,White,Widowed,Exceeds,3
1380,2020-09-06,,Accountant I,Mr. Richard Hicks MD,TNS,Active,Part-Time,Zone A,Temporary,Unk,,Admin Offices,Field Operations,4/5/1953,MA,Laborer,Male,3676,Hispanic,Single,Exceeds,3
1381,2022-10-17,,Sr. Network Engineer,Chad Crawford,PYZ,Active,Full-Time,Zone A,Temporary,Unk,,IT/IS,Aerial,1/11/2000,MA,Foreman,Female,71974,Other,Single,PIP,3
1382,2019-06-07,,Sr. Accountant,Ana Henry,TNS,Active,Full-Time,Zone B,Part-Time,Unk,,Admin Offices,Field Operations,16-03-1968,MA,Supervisor,Female,27614,White,Widowed,Exceeds,3
1383,2022-01-28,2022-09-16,Sr. Accountant,Alan Rios,BPC,Active,Contract,Zone C,Part-Time,Resignation,Affect bar himself mention serious.,Admin Offices,General - Con,10/10/1994,MA,Technician,Female,88549,Hispanic,Divorced,Exceeds,3
1384,2020-07-01,2021-03-05,Administrative Assistant,Mrs. Tammy Ballard,CCDR,Active,Part-Time,Zone B,Full-Time,Resignation,Thousand every job spring more store.,Admin Offices,Field Operations,12/3/1956,MA,Groundman,Female,14083,Other,Single,PIP,3
1385,2020-05-30,,Administrative Assistant,Brittany Glover,SVG,Active,Full-Time,Zone C,Part-Time,Unk,,Admin Offices,Field Operations,9/5/1966,MA,Laborer,Female,37965,Hispanic,Divorced,PIP,3
1386,2019-10-05,2023-02-04,Accountant I,Joseph Edwards,EW,Active,Contract,Zone C,Full-Time,Involuntary,Realize view write beautiful.,Admin Offices,General - Con,19-08-1976,MA,Technician,Female,13405,White,Married,Exceeds,3
1387,2021-11-06,2023-04-20,Accountant I,Sean Hall,MSC,Active,Contract,Zone B,Full-Time,Voluntary,Training run sport prevent toward yet.,Admin Offices,General - Con,27-08-1951,MA,Laborer,Male,63614,Hispanic,Divorced,PIP,3
1388,2019-05-09,2020-05-07,Accountant I,Jamie Gardner,TNS,Active,Part-Time,Zone B,Full-Time,Resignation,Approach better little check.,Admin Offices,Field Operations,23-12-1970,MA,Construction Manager,Female,31721,Black,Single,Exceeds,3
1389,2019-10-28,,Production Technician II,James Hines,NEL,Active,Part-Time,Zone A,Full-Time,Unk,,Production       ,Isp,11/11/1962,MA,Manager,Male,2128,Hispanic,Widowed,Exceeds,3
1390,2019-01-11,,Production Technician I,Matthew Allen,SVG,Active,Contract,Zone C,Part-Time,Unk,,Production       ,General - Con,21-12-1955,MA,Lineman,Male,2108,Asian,Married,Exceeds,3
1391,2020-04-02,,Production Technician I,Janet Jones,MSC,Active,Contract,Zone A,Temporary,Unk,,Production       ,Wireless,18-11-1941,MA,Supervisor,Female,2093,Other,Single,Needs Improvement,3
1392,2019-06-07,2019-08-15,Production Technician I,David Stephens,PL,Active,Part-Time,Zone A,Part-Time,Involuntary,Because wind like.,Production       ,Field Operations,25-02-1955,MA,Operator,Female,2093,Hispanic,Widowed,Exceeds,3
1393,2021-11-22,2022-11-23,Production Technician I,Abigail Johnson,SVG,Active,Part-Time,Zone C,Part-Time,Voluntary,On beyond process before event.,Production       ,General - Con,20-03-1947,MA,Flagger,Female,1775,Other,Single,Exceeds,3
1394,2019-01-19,,Production Technician I,Wesley Stephens,NEL,Active,Full-Time,Zone A,Part-Time,Unk,,Production       ,Field Operations,13-05-1943,MA,Laborer,Male,2134,Black,Married,Exceeds,3
1395,2021-12-17,2021-12-26,Production Technician II,Mr. Kevin Reid,SVG,Voluntarily Terminated,Full-Time,Zone C,Part-Time,Resignation,Father change close.,Production       ,General - Con,14-11-1960,MA,Laborer,Male,2045,Black,Divorced,Exceeds,3
1396,2019-05-04,2021-02-15,Production Technician I,Jorge Taylor,SVG,Active,Part-Time,Zone A,Full-Time,Resignation,Vote look produce consider Mr war.,Production       ,General - Eng,7/9/1956,MA,Engineer,Female,1810,Hispanic,Married,Exceeds,3
1397,2018-12-25,2019-03-11,Production Technician I,Robert Gonzalez,MSC,Active,Contract,Zone A,Part-Time,Voluntary,Science fall always move thank seat huge.,Production       ,General - Con,26-02-1981,MA,Laborer,Male,1801,Other,Single,Exceeds,3
1398,2021-01-03,2023-03-08,Production Technician I,Kristin Baird,PYZ,Active,Part-Time,Zone C,Full-Time,Involuntary,Mr chair subject then technology.,Production       ,Splicing,12/12/1972,MA,Runner,Female,2451,White,Single,Needs Improvement,3
1399,2023-06-15,,Production Technician I,Mrs. Sabrina Reed,BPC,Active,Part-Time,Zone C,Full-Time,Unk,,Production       ,General - Con,15-12-1977,MA,Foreman,Female,2031,Other,Widowed,Needs Improvement,3
1400,2018-08-29,2023-02-09,Production Technician II,Larry Frost,NEL,Active,Full-Time,Zone B,Full-Time,Resignation,Ability bed police onto exactly south.,Production       ,Field Operations,3/4/1955,MA,Laborer,Female,2128,White,Divorced,Exceeds,3
1401,2019-01-04,,Production Technician I,Michael Holland,PL,Active,Contract,Zone B,Part-Time,Unk,,Production       ,Splicing,17-08-1967,MA,Lineman,Male,2451,White,Single,Exceeds,3
1402,2021-09-10,,Production Technician I,Kirk Brooks,MSC,Active,Full-Time,Zone B,Full-Time,Unk,,Production       ,General - Sga,12/10/1988,MA,Technician,Female,1902,White,Divorced,Exceeds,3
1403,2021-07-08,,Production Technician I,Austin Dixon,SVG,Active,Full-Time,Zone B,Temporary,Unk,,Production       ,Field Operations,9/12/1944,MA,Technician,Female,2351,White,Widowed,Exceeds,3
1404,2018-11-01,2021-04-29,Production Technician II,James Guzman,BPC,Voluntarily Terminated,Contract,Zone B,Part-Time,Involuntary,Third cost above management anything.,Production       ,Finance & Accounting,6/12/1978,MA,Manager,Male,2472,Hispanic,Single,Exceeds,3
1405,2018-12-08,2022-06-11,Production Technician II,Lisa Peters,PL,Active,Part-Time,Zone A,Temporary,Involuntary,President TV note reach bad.,Production       ,Field Operations,30-03-1977,MA,Construction Manager,Female,2050,Other,Single,Exceeds,3
1406,2022-10-25,,Production Technician II,Gloria Yang,PYZ,Active,Part-Time,Zone A,Full-Time,Unk,,Production       ,General - Con,10/11/1982,MA,Flagger,Female,1752,Asian,Single,Exceeds,3
1407,2023-04-04,,Production Technician I,Stephanie Kelly,TNS,Active,Full-Time,Zone B,Temporary,Unk,,Production       ,General - Sga,30-03-1983,MA,Administrative,Male,1730,Hispanic,Married,Exceeds,3
1408,2021-03-17,,Production Technician I,Dr. Michael Melendez,PL,Active,Contract,Zone B,Part-Time,Unk,,Production       ,Field Operations,3/12/1980,MA,Supervisor,Female,2155,Other,Single,Exceeds,3
1409,2019-03-11,2021-09-06,Production Technician I,Amanda Perez,MSC,Voluntarily Terminated,Full-Time,Zone A,Part-Time,Retirement,On sport growth now general.,Production       ,General - Con,2/4/1981,MA,Technician,Female,2458,Other,Widowed,Exceeds,3
1410,2022-02-25,2023-04-28,Production Technician I,Tina Griffin,SVG,Active,Contract,Zone C,Temporary,Resignation,Else behind none grow up significant behavior.,Production       ,Wireline Construction,8/8/1945,MA,Laborer,Female,26720,White,Widowed,Exceeds,3
1411,2019-07-02,,Production Technician I,Joshua Gregory,EW,Active,Part-Time,Zone C,Part-Time,Unk,,Production       ,Aerial,26-05-1980,MA,Foreman,Female,78612,Hispanic,Married,Exceeds,3
1412,2019-06-20,,Production Technician I,Kathleen Patterson,MSC,Active,Part-Time,Zone B,Full-Time,Unk,,Production       ,Field Operations,19-09-1982,MA,Warehouse Technician,Female,75935,White,Widowed,Exceeds,3
1413,2019-09-27,2023-02-08,Production Technician I,Maria Payne,TNS,Active,Part-Time,Zone A,Full-Time,Retirement,Daughter case most. Even most man even.,Production       ,Finance & Accounting,12/3/1943,MA,Accounting,Male,51599,Black,Widowed,Needs Improvement,3
1414,2022-11-15,2023-07-26,Production Technician I,Samantha Salas,BPC,Active,Contract,Zone C,Full-Time,Involuntary,Else skin force security brother experience.,Production       ,Aerial,3/6/1966,MA,Labor,Male,95839,Asian,Married,Exceeds,3
1415,2020-08-22,,Production Technician I,James Wilson,CCDR,Active,Part-Time,Zone A,Part-Time,Unk,,Production       ,Field Operations,14-08-1977,MA,Tower Hand,Male,93199,Asian,Divorced,Exceeds,3
1416,2020-04-09,,Production Technician I,Brandon Oconnell,EW,Active,Part-Time,Zone B,Full-Time,Unk,,Production       ,Field Operations,12/9/1953,MA,Flagger,Male,39796,Asian,Widowed,Exceeds,3
1417,2021-03-30,,Production Technician I,Bobby Martinez,MSC,Active,Full-Time,Zone C,Part-Time,Unk,,Production       ,Aerial,2/2/1949,MA,Supervisor,Female,10875,Other,Single,Exceeds,3
1418,2018-09-26,,Production Technician I,Timothy Hill,NEL,Active,Part-Time,Zone C,Temporary,Unk,,Production       ,Wireline Construction,30-12-2000,MA,Project Manager,Female,33720,Other,Married,Needs Improvement,3
1419,2023-05-22,,Production Technician I,Michael Ingram,PL,Active,Contract,Zone C,Full-Time,Unk,,Production       ,Field Operations,11/1/1984,MA,Laborer,Female,50647,Other,Divorced,Exceeds,3
1420,2021-06-04,,Production Technician I,Jamie Ray,PYZ,Active,Contract,Zone B,Temporary,Unk,,Production       ,Project Management - Con,29-12-1950,MA,Project Manager,Female,33776,White,Divorced,Exceeds,3
1421,2019-10-22,2023-07-25,Production Technician I,Michael Reese,SVG,Active,Contract,Zone C,Full-Time,Involuntary,Message eat guy pattern score suffer.,Production       ,General - Con,30-11-1948,MA,Administration,Female,24552,Other,Married,Exceeds,3
1422,2019-10-04,2020-10-18,Production Technician I,Justin Kent,TNS,Future Start,Full-Time,Zone B,Full-Time,Involuntary,Buy ability certain question begin mind.,Production       ,Technology / It,2/10/1994,MA,Technician,Female,6933,Hispanic,Divorced,Needs Improvement,3
1423,2022-06-25,,Production Technician I,Thomas Leon,WBL,Active,Full-Time,Zone A,Full-Time,Unk,,Production       ,Aerial,12/3/1992,MA,Laborer,Female,3012,White,Single,Needs Improvement,3
1424,2021-11-17,2022-08-03,Production Technician I,Crystal Barnes,BPC,Leave of Absence,Full-Time,Zone B,Part-Time,Voluntary,Sound there everybody anything.,Production       ,General - Con,8/12/1982,MA,Laborer,Female,60993,Asian,Married,Needs Improvement,3
1425,2019-08-04,,Production Technician I,Nicholas Oconnor,CCDR,Active,Part-Time,Zone B,Full-Time,Unk,,Production       ,Field Operations,21-06-1942,MA,Technician,Female,10504,Black,Single,Needs Improvement,3
1426,2022-03-08,2022-11-12,Production Technician I,Sarah Stevenson,EW,Voluntarily Terminated,Full-Time,Zone A,Full-Time,Retirement,Hold season meeting voice.,Production       ,General - Con,19-07-2000,MA,Technician,Female,11397,Hispanic,Widowed,Exceeds,3
1427,2019-02-22,,Production Technician II,Barry Payne,CCDR,Active,Full-Time,Zone A,Part-Time,Unk,,Production       ,Engineers,9/5/1953,MA,Project Manager,Male,96208,Asian,Divorced,Needs Improvement,3
1428,2022-12-08,,Production Technician II,Paula Ross,SVG,Active,Full-Time,Zone C,Part-Time,Unk,,Production       ,Executive,26-02-1970,MA,Director,Male,76607,White,Divorced,Exceeds,3
1429,2019-11-22,2022-03-12,Production Technician II,Lisa Spencer,EW,Voluntarily Terminated,Contract,Zone B,Temporary,Resignation,History avoid music new teach south only require.,Production       ,Field Operations,2/9/1944,MA,Technician,Female,6668,Hispanic,Divorced,Exceeds,3
1430,2023-02-13,2023-03-03,Production Technician II,Joseph Smith,MSC,Voluntarily Terminated,Part-Time,Zone A,Temporary,Involuntary,Hour range a country focus.,Production       ,Yard (Material Handling),19-01-1959,MA,Shop,Female,36785,Asian,Single,Needs Improvement,3
1431,2019-03-15,,Production Technician II,Samantha Ross,TNS,Active,Full-Time,Zone B,Full-Time,Unk,,Production       ,Field Operations,31-10-1951,MA,Laborer,Female,16451,Black,Widowed,Exceeds,3
1432,2019-07-18,,Production Technician II,Timothy Johnston,PYZ,Active,Contract,Zone A,Part-Time,Unk,,Production       ,Project Management - Con,29-07-1991,MA,Administration,Male,96784,White,Married,Exceeds,3
1433,2021-04-09,2021-11-28,Production Technician I,Brandi Ruiz,SVG,Active,Part-Time,Zone C,Part-Time,Voluntary,Tree network those success nature control.,Production       ,General - Con,25-08-1995,MA,Clerk,Female,40314,White,Widowed,Needs Improvement,3
1434,2018-12-30,2023-03-30,Production Technician I,Desiree Martinez,EW,Active,Part-Time,Zone C,Part-Time,Voluntary,Brother work amount rock newspaper.,Production       ,Splicing,28-12-1986,MA,Splicer,Female,88408,White,Divorced,Exceeds,3
1435,2021-07-30,,Production Technician I,Allison Sanders,MSC,Active,Contract,Zone C,Temporary,Unk,,Production       ,Field Operations,29-11-1998,MA,Laborer,Female,70770,Hispanic,Single,Exceeds,3
1436,2022-10-28,,Production Technician I,Kimberly Meyer,TNS,Active,Full-Time,Zone C,Temporary,Unk,,Production       ,Field Operations,27-05-1989,MA,Laborer,Male,35871,Hispanic,Married,Needs Improvement,3
1437,2020-10-29,,Production Technician I,James Kennedy,PYZ,Active,Contract,Zone C,Temporary,Unk,,Production       ,Project Management - Con,25-06-1996,MA,Manager,Male,13357,Asian,Single,Exceeds,3
1438,2023-03-17,2023-03-22,Production Technician I,Brianna Coleman,WBL,Active,Contract,Zone B,Part-Time,Voluntary,Order risk think. North born would might.,Production       ,Field Operations,16-12-1977,MA,Foreman,Male,51453,Asian,Married,Exceeds,3
1439,2022-07-20,2023-04-26,Production Technician I,Daniel Mason,NEL,Active,Full-Time,Zone A,Temporary,Voluntary,Establish go so someone might none stop citizen.,Production       ,General - Con,24-01-1988,MA,Laborer,Female,76246,Asian,Widowed,Needs Improvement,3
1440,2023-08-04,,Production Technician I,Tommy Green,PL,Active,Part-Time,Zone A,Temporary,Unk,,Production       ,Field Operations,21-02-1997,MA,Driver,Female,57866,Hispanic,Single,Needs Improvement,3
1441,2021-11-26,2022-09-23,Production Technician I,Holly Lee,BPC,Active,Contract,Zone A,Temporary,Voluntary,Show home than data her. Act speak also best.,Production       ,Field Operations,16-03-1982,MA,Laborer,Female,69720,Hispanic,Married,Needs Improvement,3
1442,2018-09-27,,Production Technician I,Jerome Warren,CCDR,Active,Full-Time,Zone A,Temporary,Unk,,Production       ,Safety,10/7/1993,MA,Safety,Female,31956,Black,Single,Needs Improvement,3
1443,2019-08-04,,Production Technician I,Robert Carter,SVG,Active,Contract,Zone C,Part-Time,Unk,,Production       ,Field Operations,25-02-1960,MA,Technician,Female,96317,White,Divorced,Needs Improvement,3
1444,2019-10-03,,Production Technician I,John Mccarty,EW,Active,Contract,Zone C,Part-Time,Unk,,Production       ,General - Con,21-02-1972,MA,Laborer,Female,78331,White,Divorced,Needs Improvement,3
1445,2021-09-05,2022-09-29,Production Technician I,Felicia Goodwin,MSC,Future Start,Part-Time,Zone C,Part-Time,Voluntary,Party make program beat.,Production       ,Aerial,16-12-1963,MA,Labor,Female,89203,White,Married,Exceeds,3
1446,2020-07-21,2023-02-28,Production Technician I,Joseph Riley,TNS,Future Start,Full-Time,Zone B,Temporary,Involuntary,Be room ready hotel drug pressure.,Production       ,Aerial,10/4/1997,MA,Driver,Female,68233,White,Married,Exceeds,3
1447,2022-12-12,2023-06-26,Production Technician I,Alexis Bell,PYZ,Leave of Absence,Full-Time,Zone C,Part-Time,Resignation,Far special physical including shoulder among.,Production       ,Field Operations,14-07-1954,MA,Supervisor,Female,24188,Black,Single,Exceeds,3
1448,2020-09-13,,Production Technician I,Jesus Mejia,WBL,Active,Part-Time,Zone A,Part-Time,Unk,,Production       ,General - Con,13-08-1976,MA,Technician,Female,72868,Other,Single,Needs Improvement,3
1449,2022-11-15,,Production Technician II,Ashley Gamble,PL,Active,Part-Time,Zone B,Temporary,Unk,,Production       ,General - Sga,14-09-1965,MA,Administrator,Male,82061,Other,Divorced,Needs Improvement,3
1450,2020-02-07,2022-04-20,Production Technician II,Michael Rodriguez,PYZ,Voluntarily Terminated,Full-Time,Zone C,Temporary,Retirement,Dog hot civil democratic tree public.,Production       ,Field Operations,20-02-1958,MA,Manager,Male,19127,White,Single,Needs Improvement,3
1451,2022-12-31,,Production Technician II,Miguel Whitehead,SVG,Active,Part-Time,Zone A,Part-Time,Unk,,Production       ,Splicing,20-12-1944,MA,Technician,Female,26670,Hispanic,Widowed,Needs Improvement,3
1452,2019-03-26,,Production Technician II,Lindsey Carter PhD,TNS,Active,Full-Time,Zone B,Full-Time,Unk,,Production       ,Field Operations,29-03-1953,MA,Driver,Female,86883,White,Single,Needs Improvement,3
1453,2023-03-22,,Production Technician II,Sherry Jones,WBL,Active,Full-Time,Zone C,Temporary,Unk,,Production       ,Engineers,20-08-1990,MA,Engineer,Male,83496,Black,Single,Needs Improvement,3
1454,2022-12-23,2022-12-25,Production Technician II,Ryan Cooke,WBL,Voluntarily Terminated,Full-Time,Zone C,Temporary,Voluntary,How civil act war dinner even campaign language.,Production       ,General - Con,12/3/1977,MA,Lineman,Male,5270,Hispanic,Married,Needs Improvement,3
1455,2019-12-27,,Production Technician I,Sara Farrell,PL,Active,Contract,Zone C,Full-Time,Unk,,Production       ,General - Sga,19-03-1995,MA,Administrator,Female,18041,Other,Widowed,Needs Improvement,3
1456,2019-06-25,2019-07-09,Production Technician I,Brittany Payne,PYZ,Active,Full-Time,Zone B,Full-Time,Resignation,Amount much food.,Production       ,Engineers,8/10/1956,MA,Engineer,Female,55931,Hispanic,Married,Exceeds,3
1457,2018-11-23,,Production Technician I,Linda Boyer,SVG,Active,Contract,Zone A,Part-Time,Unk,,Production       ,Field Operations,3/8/1977,MA,Driller,Female,84889,Other,Married,Exceeds,3
1458,2021-01-17,,Production Technician I,John Carter,TNS,Active,Full-Time,Zone A,Part-Time,Unk,,Production       ,Wireline Construction,19-03-1994,MA,Foreman,Female,20292,Hispanic,Single,Exceeds,3
1459,2021-09-08,,Production Technician I,Joshua Watkins,WBL,Active,Contract,Zone C,Temporary,Unk,,Production       ,Engineers,12/8/1946,MA,Technician,Male,46927,Black,Single,Exceeds,3
1460,2021-02-24,2022-06-18,Production Technician I,Adam Graves,BPC,Active,Full-Time,Zone A,Temporary,Retirement,Deal strong chance cold.,Production       ,Wireline Construction,29-05-1955,MA,Foreman,Male,14170,Other,Divorced,Exceeds,3
1461,2019-04-12,2020-09-28,Production Technician I,Shane Carr,CCDR,Active,Full-Time,Zone C,Full-Time,Retirement,Drive feel its former end allow.,Production       ,Project Management - Con,3/3/2001,MA,Technician,Female,82370,Asian,Widowed,Exceeds,3
1462,2023-07-13,,Production Technician I,Kelly Patel,EW,Active,Contract,Zone C,Temporary,Unk,,Production       ,Fielders,7/3/1960,MA,Engineer,Female,83401,Other,Widowed,Exceeds,3
1463,2020-10-05,,Production Technician I,Maria Young,MSC,Active,Contract,Zone C,Temporary,Unk,,Production       ,Field Operations,28-11-1975,MA,Technician,Female,28372,Hispanic,Divorced,Exceeds,3
1464,2019-01-27,,Production Technician I,Karen Cooke,NEL,Active,Part-Time,Zone C,Full-Time,Unk,,Production       ,General - Sga,1/10/1957,MA,Supervisor,Female,7304,Asian,Married,Exceeds,3
1465,2020-12-17,2021-11-20,Production Technician I,Tammy Gardner,PL,Active,Part-Time,Zone A,Full-Time,Retirement,Big evening develop our peace how reality place.,Production       ,Technology / It,22-06-1958,MA,Analyst,Female,7717,Other,Single,Exceeds,3
1466,2021-03-04,,Production Technician I,Jennifer Dillon,PYZ,Active,Full-Time,Zone A,Temporary,Unk,,Production       ,Billable Consultants,8/3/1989,MA,Engineer,Female,50559,White,Widowed,Exceeds,3
1467,2023-03-30,,Production Technician I,Andrew Brown,SVG,Active,Full-Time,Zone A,Temporary,Unk,,Production       ,People Services,16-04-1989,MA,Generalist,Female,18652,Black,Married,Fully Meets,3
1468,2018-12-27,,Production Technician I,Michael Flowers,TNS,Active,Contract,Zone A,Part-Time,Unk,,Production       ,Field Operations,30-08-1965,MA,Laborer,Female,24605,Hispanic,Divorced,Exceeds,3
1469,2021-09-20,,Production Technician I,Juan Gordon,WBL,Active,Full-Time,Zone B,Temporary,Unk,,Production       ,Field Operations,17-08-1976,MA,Lineman,Female,59499,Asian,Married,Exceeds,3
1470,2023-02-08,,Production Technician I,Kimberly Green,BPC,Active,Part-Time,Zone B,Part-Time,Unk,,Production       ,General - Sga,20-09-1995,MA,Administrator,Female,62387,Asian,Married,Exceeds,3
1471,2019-10-16,2022-01-12,Production Technician II,Connie Elliott,CCDR,Voluntarily Terminated,Full-Time,Zone B,Part-Time,Retirement,Explain happen heavy wall hot year ability.,Production       ,Field Operations,9/4/1960,MA,Lineman,Male,4589,White,Divorced,Exceeds,3
1472,2021-08-31,,Production Technician II,Chase Ali,SVG,Active,Contract,Zone C,Full-Time,Unk,,Production       ,Project Management - Con,14-04-1972,MA,Field Project Manager,Male,46068,Other,Single,Exceeds,3
1473,2020-09-25,,Production Technician II,Teresa Wood,EW,Active,Contract,Zone B,Full-Time,Unk,,Production       ,Field Operations,6/10/1942,MA,Laborer,Female,24519,Black,Divorced,Exceeds,3
1474,2023-02-01,2023-02-03,Production Technician II,Timothy Powell,MSC,Voluntarily Terminated,Full-Time,Zone C,Part-Time,Voluntary,Then sing son.,Production       ,Engineers,13-07-1942,MA,Engineer,Female,46511,Hispanic,Married,Exceeds,3
1475,2023-01-17,2023-05-21,Production Technician II,Michelle Webb,TNS,Active,Full-Time,Zone A,Temporary,Resignation,Teacher style heart so. Answer Mr that.,Production       ,Wireline Construction,19-08-1993,MA,Laborer,Male,86113,Other,Married,Exceeds,3
1476,2019-12-07,2020-09-02,Production Technician II,Jared Walsh,PYZ,Voluntarily Terminated,Contract,Zone C,Part-Time,Voluntary,Value health model day production identify.,Production       ,Field Operations,7/11/1962,MA,Foreman,Male,16157,Other,Divorced,PIP,3
1477,2018-11-21,2022-01-11,Production Technician I,Jennifer Rivera,CCDR,Active,Contract,Zone B,Full-Time,Retirement,Great relate within you. Red bill unit school.,Production       ,Wireline Construction,12/9/1963,MA,Laborer,Female,75398,Asian,Married,Exceeds,3
1478,2021-02-15,2023-07-18,Production Technician I,Susan Burns,SVG,Active,Part-Time,Zone B,Part-Time,Voluntary,Expert skill prove book wear half though.,Production       ,Field Operations,21-09-1953,MA,Locator,Female,35244,Other,Divorced,Exceeds,3
1479,2021-01-06,,Production Technician I,Sandra Blackwell,EW,Active,Part-Time,Zone B,Full-Time,Unk,,Production       ,Project Management - Con,4/12/1951,MA,Coordinator,Female,31819,White,Married,Exceeds,3
1480,2019-01-18,,Production Technician I,Eric Oliver,MSC,Active,Part-Time,Zone B,Part-Time,Unk,,Production       ,Shop (Fleet),27-04-1994,MA,Mechanic,Male,77316,Black,Married,Needs Improvement,3
1481,2023-03-15,,Production Technician I,Robyn Robbins,TNS,Active,Full-Time,Zone A,Part-Time,Unk,,Production       ,Field Operations,9/7/2000,MA,Technician,Male,71882,Asian,Single,Exceeds,3
1482,2019-11-11,,Production Technician I,Robert Hall,PYZ,Active,Contract,Zone C,Temporary,Unk,,Production       ,Finance & Accounting,2/2/1952,MA,Vp,Female,81260,Asian,Widowed,Exceeds,3
1483,2022-08-21,2023-01-20,Production Technician I,Jacob Smith,WBL,Active,Full-Time,Zone A,Full-Time,Retirement,A discussion quite mission.,Production       ,Shop (Fleet),15-10-1961,MA,Shop,Female,74813,Hispanic,Single,Exceeds,3
1484,2020-05-05,,Production Technician I,Sarah Harper,NEL,Active,Full-Time,Zone B,Full-Time,Unk,,Production       ,General - Con,2/7/1991,MA,Laborer,Female,43208,Hispanic,Married,Exceeds,3
1485,2021-03-05,2023-04-02,Production Technician I,Dennis Yates,PL,Active,Contract,Zone A,Part-Time,Involuntary,Top ability sit onto so.,Production       ,Aerial,16-12-1971,MA,Laborer,Female,92712,Asian,Married,Exceeds,3
1486,2019-03-07,,Production Technician I,Christopher Smith,BPC,Active,Part-Time,Zone A,Full-Time,Unk,,Production       ,Engineers,13-05-1999,MA,Engineer,Female,53726,Hispanic,Divorced,Fully Meets,3
1487,2022-05-08,2023-03-27,Production Technician I,Tracy Phillips,CCDR,Active,Full-Time,Zone B,Part-Time,Involuntary,Once type here really.,Production       ,General - Con,28-08-1971,MA,Operator,Female,31742,Asian,Widowed,Fully Meets,3
1488,2020-08-21,2022-05-30,Production Technician I,Barry Martinez,SVG,Future Start,Part-Time,Zone A,Full-Time,Retirement,Speak others again behavior network quite none.,Production       ,Engineers,20-02-1963,MA,Project Manager,Female,7547,Hispanic,Single,Fully Meets,3
1489,2020-12-01,,Production Technician I,David Young,EW,Active,Contract,Zone A,Part-Time,Unk,,Production       ,Fielders,19-08-1944,MA,Technician,Female,42750,White,Widowed,Fully Meets,3
1490,2019-08-13,,Production Technician I,Edwin Serrano,MSC,Active,Contract,Zone A,Temporary,Unk,,Production       ,Engineers,23-03-1970,MA,Director,Female,40934,White,Widowed,Needs Improvement,3
1491,2020-03-09,,Production Technician I,Kevin Jones,TNS,Active,Part-Time,Zone C,Temporary,Unk,,Production       ,Project Management - Con,27-02-1982,MA,Manager,Female,4664,Hispanic,Married,Exceeds,3
1492,2020-05-06,,Production Technician II,Ian Price,CCDR,Active,Full-Time,Zone B,Temporary,Unk,,Production       ,Engineers,8/12/1955,MA,Engineer,Male,73153,Other,Divorced,Exceeds,3
1493,2022-08-03,,Production Technician II,Kimberly Rivera,SVG,Active,Full-Time,Zone B,Temporary,Unk,,Production       ,Field Operations,19-07-1980,MA,Laborer,Male,57107,Black,Married,Fully Meets,3
1494,2018-10-13,2019-12-04,Production Technician II,Miranda Brown,EW,Voluntarily Terminated,Contract,Zone B,Full-Time,Retirement,Thing join brother throughout.,Production       ,Splicing,12/3/1949,MA,Coordinator,Female,18325,Hispanic,Divorced,Fully Meets,3
1495,2021-07-04,,Production Technician II,Jorge Cunningham,MSC,Active,Part-Time,Zone A,Temporary,Unk,,Production       ,General - Con,11/1/1971,MA,Laborer,Male,38175,Hispanic,Single,Fully Meets,3
1496,2019-04-30,2020-05-04,Production Technician II,Sarah Fisher,TNS,Active,Part-Time,Zone A,Full-Time,Retirement,Positive far win six might.,Production       ,Splicing,25-10-1950,MA,Technician,Male,27412,White,Widowed,Fully Meets,3
1497,2020-11-03,,Production Technician II,Melissa Moreno,PYZ,Active,Contract,Zone C,Temporary,Unk,,Production       ,Engineers,11/12/1995,MA,Drafter,Male,26808,Black,Widowed,Needs Improvement,3
1498,2022-08-15,2022-08-20,Production Technician I,Crystal Smith,BPC,Active,Full-Time,Zone B,Part-Time,Retirement,Will raise compare realize evidence most product.,Production       ,Engineers,24-03-1944,MA,Director,Female,43193,Black,Married,Exceeds,3
1499,2022-02-26,2022-10-16,Production Technician I,Lori Lopez DVM,CCDR,Active,Contract,Zone A,Full-Time,Resignation,Win late significant throughout add.,Production       ,General - Con,27-04-1975,MA,Operator,Female,94816,Other,Married,Fully Meets,3
1500,2019-05-13,,Production Technician I,Kevin Rodriguez,SVG,Active,Part-Time,Zone B,Part-Time,Unk,,Production       ,Field Operations,2/2/1985,MA,Tower Hand,Female,92438,Hispanic,Divorced,Fully Meets,3
1501,2021-10-24,2022-10-03,Production Technician I,Mary Higgins,EW,Active,Contract,Zone A,Part-Time,Retirement,Surface mother in into pick middle too.,Production       ,Field Operations,1/10/1999,MA,Tower Hand,Male,12961,Hispanic,Widowed,Fully Meets,3
1502,2021-05-10,2023-04-10,Production Technician I,Austin Salas,MSC,Active,Full-Time,Zone B,Full-Time,Retirement,Subject improve what get care test development.,Production       ,General - Eng,15-12-1986,MA,Administrative,Male,96477,White,Divorced,Fully Meets,3
1503,2021-06-13,2021-06-20,Production Technician I,Marissa Clarke,TNS,Active,Contract,Zone A,Part-Time,Retirement,Remember teacher produce use voice.,Production       ,General - Sga,21-04-1985,MA,Business Development,Female,31097,Black,Single,Fully Meets,3
1504,2019-11-04,2021-07-28,Production Technician I,Cindy Lopez,PYZ,Active,Full-Time,Zone C,Full-Time,Resignation,Health section option interview.,Production       ,Engineers,23-08-1971,MA,Technician,Female,11962,Other,Married,Needs Improvement,3
1505,2020-01-29,,Production Technician I,Nicole Harrington,WBL,Active,Full-Time,Zone A,Part-Time,Unk,,Production       ,Wireline Construction,17-08-1942,MA,Supervisor,Female,29145,Other,Widowed,Exceeds,3
1506,2018-09-05,2020-09-08,Production Technician I,Christopher Garcia,NEL,Active,Part-Time,Zone B,Part-Time,Retirement,Likely former outside free short occur.,Production       ,Engineers,18-06-1972,MA,Engineer,Female,25033,Hispanic,Single,Exceeds,3
1507,2021-07-21,,Production Technician I,Jamie Wallace,PL,Active,Full-Time,Zone C,Full-Time,Unk,,Production       ,General - Sga,15-08-1996,MA,Administrator,Female,58830,Black,Widowed,Fully Meets,3
1508,2023-05-20,,Production Technician I,Noah Woods,BPC,Active,Part-Time,Zone B,Temporary,Unk,,Production       ,General - Con,25-12-1964,MA,Lineman,Female,64063,White,Single,Fully Meets,3
1509,2022-05-16,,Production Technician I,Taylor Fleming,CCDR,Active,Full-Time,Zone C,Full-Time,Unk,,Production       ,General - Sga,24-01-1960,MA,Assistant,Female,92210,Other,Single,Fully Meets,3
1510,2021-03-15,,Production Technician I,Stacy Blackwell,SVG,Active,Contract,Zone C,Temporary,Unk,,Production       ,General - Sga,16-09-1980,MA,Technician,Female,79031,Black,Married,Fully Meets,3
1511,2023-06-26,2023-07-30,Production Technician I,Melissa Morse,EW,Future Start,Full-Time,Zone C,Full-Time,Retirement,Spring sell become contain wear against design.,Production       ,Field Operations,5/7/1995,MA,Groundman,Female,47284,Hispanic,Single,Fully Meets,3
1512,2019-10-11,2021-04-24,Production Technician I,Maria Huber,MSC,Leave of Absence,Contract,Zone B,Part-Time,Involuntary,Politics discover throw commercial economic.,Production       ,Field Operations,29-06-1982,MA,Laborer,Female,42058,Asian,Widowed,Fully Meets,3
1513,2019-12-21,,Production Technician II,Carol Knapp,PL,Active,Contract,Zone C,Temporary,Unk,,Production       ,General - Eng,3/10/1993,MA,Engineer,Male,75433,Other,Widowed,Fully Meets,3
1514,2022-07-15,,Production Technician II,Alan Anderson,PYZ,Active,Contract,Zone C,Part-Time,Unk,,Production       ,Splicing,5/12/1983,MA,Manager,Male,22316,Hispanic,Widowed,Fully Meets,3
1515,2018-09-26,,Production Technician II,Catherine Durham,SVG,Active,Full-Time,Zone B,Part-Time,Unk,,Production       ,General - Con,18-04-1997,MA,Laborer,Female,96974,Other,Married,Fully Meets,3
1516,2022-10-16,,Production Technician II,Travis Smith,TNS,Active,Contract,Zone B,Full-Time,Unk,,Production       ,General - Eng,5/6/1943,MA,Manager,Male,46694,Hispanic,Widowed,Fully Meets,3
1517,2021-12-02,2022-04-25,Production Technician II,Deborah Clark,WBL,Active,Full-Time,Zone C,Part-Time,Involuntary,From through each buy.,Production       ,Splicing,5/3/1986,MA,Splicer,Male,4704,White,Married,Fully Meets,3
1518,2019-03-07,2023-03-06,Production Technician II,Tonya Lewis,BPC,Voluntarily Terminated,Full-Time,Zone B,Temporary,Retirement,Message senior woman care huge.,Production       ,Fielders,26-11-1975,MA,Engineer,Male,35960,White,Divorced,Fully Meets,3
1519,2023-05-02,2023-07-26,Production Technician I,Albert Wilson,BPC,Active,Part-Time,Zone B,Full-Time,Voluntary,Behind beautiful station court Mrs.,Production       ,Project Management - Con,17-04-1971,MA,Supervisor,Female,76669,Asian,Single,Fully Meets,3
1520,2020-08-24,2023-02-26,Production Technician I,Timothy Anthony,CCDR,Active,Full-Time,Zone A,Full-Time,Involuntary,Onto fall east employee record.,Production       ,Sales & Marketing,4/7/1976,MA,Vp,Female,34189,White,Divorced,Fully Meets,3
1521,2020-12-08,2021-09-07,Production Technician I,Jackie Poole,SVG,Active,Contract,Zone B,Temporary,Voluntary,Material agency modern degree general.,Production       ,Wireline Construction,15-04-1990,MA,Groundman,Male,16162,Black,Single,Needs Improvement,3
1522,2021-02-15,,Production Technician I,Dr. Daisy James,EW,Active,Full-Time,Zone B,Full-Time,Unk,,Production       ,Field Operations,24-08-1943,MA,Operator,Male,49777,Hispanic,Married,Fully Meets,3
1523,2020-09-15,2023-06-24,Production Technician I,Amber Gutierrez,MSC,Active,Contract,Zone B,Full-Time,Involuntary,Key because while father.,Production       ,People Services,30-05-1971,MA,Director,Male,18628,Other,Married,Fully Meets,3
1524,2023-03-16,,Production Technician I,Johnny Simpson,TNS,Active,Full-Time,Zone A,Temporary,Unk,,Production       ,Engineers,13-05-1975,MA,Engineer,Female,5112,Other,Single,Fully Meets,3
1525,2021-11-14,2022-10-07,Production Technician I,Ashley Padilla,BPC,Active,Full-Time,Zone B,Temporary,Involuntary,System less wrong.,Production       ,General - Con,14-04-1947,MA,Laborer,Female,42288,Asian,Widowed,Needs Improvement,3
1526,2021-04-23,,Production Technician I,Seth Parks,CCDR,Active,Contract,Zone B,Full-Time,Unk,,Production       ,Field Operations,4/4/1987,MA,Foreman,Female,13579,Other,Divorced,Fully Meets,3
1527,2022-06-05,2022-08-26,Production Technician I,Timothy Robbins,EW,Active,Part-Time,Zone A,Full-Time,Voluntary,Career unit oil always without bag its.,Production       ,Engineers,13-03-1980,MA,Engineer,Female,39855,Asian,Widowed,Fully Meets,3
1528,2022-11-19,,Production Technician I,Troy Moore,MSC,Active,Part-Time,Zone A,Part-Time,Unk,,Production       ,Field Operations,27-11-1953,MA,Laborer,Female,47571,Asian,Widowed,Fully Meets,3
1529,2023-04-14,,Production Technician I,Dale Morgan,NEL,Active,Full-Time,Zone C,Part-Time,Unk,,Production       ,Field Operations,27-07-1974,MA,Laborer,Female,90069,Hispanic,Married,Fully Meets,3
1530,2022-12-13,,Production Technician I,Melissa Carlson,PL,Active,Contract,Zone B,Full-Time,Unk,,Production       ,Field Operations,2/2/2000,MA,Top Hand,Female,25072,Other,Single,Fully Meets,3
1531,2023-03-11,2023-04-09,Production Technician I,Paula Flynn,PYZ,Future Start,Part-Time,Zone A,Full-Time,Voluntary,Authority PM house child cost risk.,Production       ,Aerial,5/9/1985,MA,Lineman,Female,2315,Asian,Widowed,Fully Meets,3
1532,2019-11-22,2020-02-18,Production Technician I,Kendra Huerta,SVG,Leave of Absence,Part-Time,Zone B,Full-Time,Retirement,Most receive serve way recent up with.,Production       ,General - Con,10/3/1944,MA,Technician,Female,74746,Asian,Divorced,Fully Meets,3
1533,2021-03-13,2021-11-19,Production Technician I,Larry Miller,TNS,Leave of Absence,Contract,Zone C,Full-Time,Resignation,Civil scientist green table.,Production       ,Aerial,21-08-1990,MA,Technician,Female,20157,Black,Widowed,Fully Meets,3
1534,2022-02-27,,Production Technician II,Timothy Jennings,CCDR,Active,Full-Time,Zone B,Temporary,Unk,,Production       ,Field Operations,10/11/1964,MA,Operator,Male,11719,White,Married,Fully Meets,3
1535,2021-05-08,,Production Technician II,Mary Stokes,SVG,Active,Contract,Zone B,Part-Time,Unk,,Production       ,General - Con,11/11/2000,MA,Foreman,Female,30912,Black,Widowed,Fully Meets,3
1536,2022-12-27,,Production Technician II,Samuel Donovan,EW,Active,Contract,Zone C,Part-Time,Unk,,Production       ,General - Con,19-12-1955,MA,Locator,Female,35052,Asian,Single,Fully Meets,3
1537,2020-08-16,,Production Technician II,Eddie Herrera,MSC,Active,Contract,Zone B,Full-Time,Unk,,Production       ,Project Management - Con,12/1/1950,MA,Vp,Male,13235,Hispanic,Divorced,Fully Meets,3
1538,2023-01-20,,Production Technician II,Michael Reed,TNS,Active,Contract,Zone B,Full-Time,Unk,,Production       ,Splicing,18-01-2001,MA,Splicer,Male,27010,White,Widowed,Fully Meets,3
1539,2020-12-28,2021-10-01,Production Technician II,Luke Bright,PYZ,Voluntarily Terminated,Part-Time,Zone A,Full-Time,Voluntary,Treatment become trade enough improve.,Production       ,Project Management - Con,2/3/1961,MA,Laborer,Male,79458,Hispanic,Widowed,Fully Meets,3
1540,2021-02-18,,Production Technician I,Bonnie Myers,BPC,Active,Contract,Zone C,Temporary,Unk,,Production       ,Technology / It,19-02-1967,MA,Cio,Female,62937,Black,Widowed,Fully Meets,3
1541,2021-01-16,,Production Technician I,Pamela Guzman,CCDR,Active,Part-Time,Zone C,Full-Time,Unk,,Production       ,General - Sga,13-12-1972,MA,Assistant,Female,7598,Black,Widowed,Fully Meets,3
1542,2022-04-07,,Production Technician I,Brittany Sanchez,SVG,Active,Full-Time,Zone A,Temporary,Unk,,Production       ,Splicing,11/12/1992,MA,Construction Manager,Male,26161,White,Married,Fully Meets,3
1543,2019-07-11,2021-05-04,Production Technician I,Crystal Nelson,EW,Active,Part-Time,Zone A,Part-Time,Involuntary,Daughter know consider.,Production       ,Field Operations,16-07-1961,MA,Laborer,Male,43421,Black,Married,Fully Meets,3
1544,2020-08-09,2022-11-06,Production Technician I,Jenna Martin,MSC,Active,Part-Time,Zone C,Temporary,Retirement,Night office challenge several many.,Production       ,General - Eng,18-05-1994,MA,Technician,Female,53393,Other,Married,Fully Meets,3
1545,2018-09-20,,Production Technician I,Lacey Andrews,TNS,Active,Contract,Zone A,Part-Time,Unk,,Production       ,Field Operations,8/5/1957,MA,Laborer,Female,33362,Hispanic,Married,Fully Meets,3
1546,2020-01-21,2021-05-19,Production Technician I,Michelle Miller,PYZ,Active,Part-Time,Zone B,Part-Time,Voluntary,Week force explain of determine consumer.,Production       ,Splicing,13-08-1952,MA,Construction Manager,Female,61239,Hispanic,Widowed,Fully Meets,3
1547,2022-02-17,2023-02-14,Production Technician I,Charles Massey,WBL,Active,Contract,Zone B,Temporary,Retirement,Have event interest simply million onto.,Production       ,Technology / It,25-12-1993,MA,Intern,Female,31989,Hispanic,Widowed,Fully Meets,3
1548,2019-06-11,,Production Technician I,Karen Marquez MD,NEL,Active,Part-Time,Zone A,Full-Time,Unk,,Production       ,Engineers,1/8/1964,MA,Engineer,Male,75761,Asian,Widowed,Needs Improvement,3
1549,2022-05-05,,Production Technician I,Valerie Gregory,PL,Active,Part-Time,Zone C,Full-Time,Unk,,Production       ,Executive,16-01-1993,MA,Executive,Female,25854,Other,Married,Fully Meets,3
1550,2018-09-19,2020-08-12,Production Technician I,David Bullock,BPC,Active,Full-Time,Zone A,Temporary,Retirement,Name maybe wear yet.,Production       ,Field Operations,15-08-1961,MA,Technician,Female,92807,Black,Widowed,Fully Meets,3
1551,2021-06-01,2023-06-19,Production Technician I,Matthew Mcdaniel,CCDR,Future Start,Contract,Zone B,Full-Time,Resignation,Product high partner area piece.,Production       ,Engineers,16-09-1976,MA,Project Manager,Female,5288,Black,Divorced,Fully Meets,3
1552,2023-07-05,2023-07-11,Production Technician I,Cory Edwards,SVG,Future Start,Part-Time,Zone C,Part-Time,Voluntary,Loss beyond low begin end husband.,Production       ,Wireline Construction,3/4/1953,MA,Laborer,Female,66412,Asian,Widowed,Fully Meets,3
1553,2022-12-17,,Production Technician I,Kelly Reyes,EW,Active,Part-Time,Zone C,Part-Time,Unk,,Production       ,Field Operations,4/10/1960,MA,Technician,Female,20484,Other,Single,Fully Meets,3
1554,2021-07-06,2022-09-15,Production Technician I,Dustin Alvarado,MSC,Leave of Absence,Full-Time,Zone B,Part-Time,Voluntary,However many movie effort.,Production       ,Technology / It,13-07-1951,MA,Project Manager,Male,73854,White,Widowed,Fully Meets,3
1555,2019-03-27,,Production Technician II,Kenneth Reeves,PL,Active,Part-Time,Zone A,Part-Time,Unk,,Production       ,Field Operations,26-04-1966,MA,Technician,Female,86977,Hispanic,Divorced,Fully Meets,3
1556,2023-05-08,,Production Technician II,Juan Spencer,PYZ,Active,Full-Time,Zone B,Temporary,Unk,,Production       ,Project Management - Con,11/2/1993,MA,Manager,Female,40039,Asian,Widowed,Fully Meets,3
1557,2018-12-12,2020-12-24,Production Technician II,Melissa Rodriguez,SVG,Voluntarily Terminated,Part-Time,Zone B,Temporary,Voluntary,Else student few send bag threat.,Production       ,Project Management - Con,16-06-1991,MA,Project Manager,Male,25683,Hispanic,Divorced,Fully Meets,3
1558,2020-08-25,,Production Technician II,Andrew Johnson,TNS,Active,Part-Time,Zone A,Temporary,Unk,,Production       ,Field Operations,24-02-1981,MA,Project Manager,Male,3170,Black,Married,Fully Meets,3
1559,2022-04-22,2022-08-29,Production Technician II,Jodi Scott,WBL,Voluntarily Terminated,Full-Time,Zone B,Full-Time,Involuntary,Account national draw skin dream here how mind.,Production       ,Project Management - Con,2/12/1965,MA,Coordinator,Male,32042,Other,Divorced,Fully Meets,3
1560,2021-12-20,2022-12-02,Production Technician II,Tyler Jackson,PYZ,Voluntarily Terminated,Full-Time,Zone A,Full-Time,Retirement,Sea people east bar indicate garden along.,Production       ,General - Con,8/9/1947,MA,Model Assistant,Male,52047,Other,Divorced,Fully Meets,3
1561,2021-02-12,,Production Technician I,Jordan Medina,PL,Active,Contract,Zone C,Full-Time,Unk,,Production       ,General - Con,29-05-1956,MA,Clerk,Female,88833,Hispanic,Single,Fully Meets,3
1562,2020-09-29,2021-10-19,Production Technician I,Thomas Garner,BPC,Active,Full-Time,Zone B,Temporary,Involuntary,Firm music future may most.,Production       ,General - Sga,9/3/1944,MA,Administrator,Female,3211,Black,Single,Fully Meets,3
1563,2022-09-10,2023-02-09,Production Technician I,Anne Weaver,CCDR,Active,Contract,Zone C,Temporary,Resignation,Dinner level write land effort.,Production       ,Field Operations,26-11-1960,MA,Engineer,Female,5789,Black,Widowed,Fully Meets,3
1564,2023-03-11,2023-06-03,Production Technician I,Todd Cooper,SVG,Active,Contract,Zone A,Full-Time,Resignation,Cell indicate keep thus.,Production       ,General - Con,4/3/1991,MA,Technician,Male,14685,Other,Widowed,Exceeds,3
1565,2022-04-28,2023-03-12,Production Technician I,Kathryn Drake,EW,Active,Full-Time,Zone C,Full-Time,Voluntary,Research if officer land.,Production       ,Field Operations,23-09-1960,MA,Foreman,Male,6954,Asian,Widowed,Fully Meets,3
1566,2022-03-20,2023-06-18,Production Technician I,April Mcdonald,MSC,Active,Full-Time,Zone B,Temporary,Retirement,Ball social thought so probably get.,Production       ,Yard (Material Handling),24-12-1962,MA,Technician,Female,69989,Hispanic,Divorced,Exceeds,3
1567,2022-03-04,2022-07-29,Production Technician I,Taylor Harris,TNS,Active,Contract,Zone C,Part-Time,Involuntary,Administration away choose.,Production       ,Field Operations,29-11-1978,MA,Manager,Female,19999,Asian,Single,Fully Meets,3
1568,2023-02-01,,Production Technician I,Amber Moody,PYZ,Active,Part-Time,Zone B,Full-Time,Unk,,Production       ,Yard (Material Handling),15-03-1995,MA,Coordinator,Female,15282,Asian,Divorced,Fully Meets,3
1569,2021-02-05,,Production Technician I,Larry Ramirez,WBL,Active,Part-Time,Zone C,Full-Time,Unk,,Production       ,Engineers,24-02-1975,MA,Engineer,Male,65852,Black,Widowed,Fully Meets,3
1570,2022-11-23,2023-05-26,Production Technician I,Debra Freeman,NEL,Active,Contract,Zone C,Part-Time,Retirement,Perhaps market reduce. Type find close.,Production       ,General - Con,1/1/1992,MA,Laborer,Male,79576,Asian,Single,Fully Meets,3
1571,2021-05-24,,Production Technician I,Lisa Walton,PL,Active,Part-Time,Zone A,Full-Time,Unk,,Production       ,Yard (Material Handling),12/9/1986,MA,Specialist,Female,47974,Hispanic,Divorced,Exceeds,3
1572,2021-09-28,2022-10-09,Production Technician I,Julie Porter,BPC,Active,Part-Time,Zone C,Part-Time,Resignation,Simple over long.,Production       ,Fielders,8/4/1951,MA,Engineer,Female,18550,Black,Married,Fully Meets,3
1573,2021-03-17,,Production Technician I,Kim Mcintyre,CCDR,Active,Contract,Zone A,Part-Time,Unk,,Production       ,Shop (Fleet),19-01-1985,MA,Manager,Female,21985,Other,Widowed,Fully Meets,3
1574,2023-07-03,2023-07-19,Production Technician I,Stacy Hall,SVG,Future Start,Full-Time,Zone C,Temporary,Voluntary,Think consider reach enjoy deep son good.,Production       ,General - Con,23-11-1989,MA,Foreman,Female,17356,Hispanic,Widowed,Fully Meets,3
1575,2019-08-11,2021-07-10,Production Technician I,Amanda Patterson,EW,Leave of Absence,Contract,Zone A,Temporary,Involuntary,Wonder worry life stand.,Production       ,Field Operations,19-07-1942,MA,Laborer,Female,82586,Asian,Single,Fully Meets,3
1576,2019-11-11,2020-09-29,Production Technician I,Bill Horn,MSC,Voluntarily Terminated,Full-Time,Zone C,Full-Time,Resignation,Card subject carry gas picture.,Production       ,Aerial,20-09-1945,MA,Lineman,Male,74406,Black,Married,Needs Improvement,3
1577,2020-12-15,,Production Technician II,Kevin Hall,PL,Active,Full-Time,Zone B,Temporary,Unk,,Production       ,Finance & Accounting,13-04-1963,MA,Cfo,Female,11134,Black,Widowed,Fully Meets,3
1578,2021-05-06,2023-04-08,Production Technician II,Robin Valdez,PYZ,Voluntarily Terminated,Part-Time,Zone B,Part-Time,Retirement,Guy act during two. Film suggest either.,Production       ,Field Operations,20-08-1980,MA,Tower Hand,Male,71705,Hispanic,Married,Needs Improvement,3
1579,2021-07-08,,Production Technician II,Zachary Santana,SVG,Active,Part-Time,Zone A,Full-Time,Unk,,Production       ,General - Con,30-09-1994,MA,Foreman,Male,48643,White,Divorced,Fully Meets,3
1580,2023-04-04,,Production Technician II,Jennifer Campos,TNS,Active,Part-Time,Zone A,Full-Time,Unk,,Production       ,Finance & Accounting,10/4/1972,MA,Administration,Male,66491,Asian,Single,Needs Improvement,3
1581,2022-08-05,2023-01-30,Production Technician II,Alicia Orr,WBL,Voluntarily Terminated,Full-Time,Zone C,Part-Time,Voluntary,Left call artist tonight movement history happen.,Production       ,General - Con,24-07-1950,MA,Foreman,Male,40823,Asian,Single,Fully Meets,3
1582,2020-04-06,2021-12-08,Production Technician II,Edward Merritt II,BPC,Voluntarily Terminated,Part-Time,Zone C,Temporary,Resignation,Five national writer try mean training instead.,Production       ,Field Operations,1/4/1995,MA,Engineer,Female,95601,Other,Single,Needs Improvement,3
1583,2023-03-02,2023-03-12,Production Technician I,Katherine Morris,NEL,Voluntarily Terminated,Full-Time,Zone B,Part-Time,Involuntary,Wall despite trial assume.,Production       ,Project Management - Con,1/7/1973,MA,Coordinator,Female,60634,Other,Widowed,Fully Meets,3
1584,2020-04-09,,Production Technician I,Alexis Reed,PL,Active,Contract,Zone B,Part-Time,Unk,,Production       ,Fielders,18-10-1943,MA,Engineer,Female,2053,White,Married,Fully Meets,3
1585,2022-09-17,2023-07-10,Production Technician I,Dr. Ray Austin,BPC,Active,Part-Time,Zone A,Temporary,Retirement,Let trade loss cell political.,Production       ,Splicing,4/5/1956,MA,Tester,Female,77910,Black,Single,Fully Meets,3
1586,2022-01-15,,Production Technician I,Samuel Horton,CCDR,Active,Full-Time,Zone C,Full-Time,Unk,,Production       ,General - Con,5/1/1973,MA,Technician,Female,16737,Hispanic,Widowed,Fully Meets,3
1587,2022-05-23,,Production Technician I,Brenda Butler,SVG,Active,Part-Time,Zone C,Part-Time,Unk,,Production       ,Splicing,12/12/1984,MA,Splicer,Male,12898,Other,Divorced,Fully Meets,3
1588,2021-07-15,,Production Technician I,April Sanchez,EW,Active,Full-Time,Zone A,Temporary,Unk,,Production       ,Splicing,18-02-1946,MA,Technician,Male,51245,Hispanic,Widowed,Fully Meets,3
1589,2020-08-28,2022-08-25,Production Technician I,Monica Hubbard,MSC,Active,Contract,Zone A,Part-Time,Involuntary,Small together man show.,Production       ,Field Operations,2/7/1996,MA,Technician,Female,22497,White,Married,Fully Meets,3
1590,2021-09-09,,Production Technician I,Antonio Wilson,TNS,Active,Part-Time,Zone A,Full-Time,Unk,,Production       ,Wireline Construction,9/9/1983,MA,Foreman,Male,30814,Black,Single,Fully Meets,3
1591,2023-02-10,2023-05-23,Production Technician I,Carla Francis,PYZ,Active,Contract,Zone A,Part-Time,Voluntary,Several clear purpose scientist.,Production       ,General - Con,20-10-1957,MA,Technician,Female,69254,Asian,Divorced,Fully Meets,3
1592,2020-06-14,2023-07-18,Production Technician I,Elizabeth Allen,WBL,Active,Full-Time,Zone A,Full-Time,Retirement,Base source sort contain sport.,Production       ,Engineers,15-08-1981,MA,Engineer,Male,20973,Other,Single,Exceeds,3
1593,2020-12-05,,Production Technician I,Donna Collins,NEL,Active,Part-Time,Zone B,Full-Time,Unk,,Production       ,Catv,18-11-1984,MA,Laborer,Male,43757,Asian,Widowed,Exceeds,3
1594,2022-07-16,,Production Technician I,Paul Smith,PL,Active,Part-Time,Zone B,Full-Time,Unk,,Production       ,Aerial,30-04-1968,MA,Lineman,Female,32811,Black,Single,Exceeds,3
1595,2023-06-09,,Production Technician I,Laura Meadows,BPC,Active,Part-Time,Zone A,Full-Time,Unk,,Production       ,General - Eng,11/9/1969,MA,Administrative,Female,75995,Black,Married,Exceeds,3
1596,2020-03-02,2020-05-25,Production Technician I,Jennifer Mendez,CCDR,Future Start,Contract,Zone C,Temporary,Voluntary,Follow tax above large president high.,Production       ,General - Sga,15-08-1958,MA,Administrator,Female,2999,Other,Married,Exceeds,3
1597,2018-11-23,2021-09-27,Production Technician I,Lynn Lewis,SVG,Future Start,Part-Time,Zone C,Temporary,Voluntary,Few as next east face window fight admit.,Production       ,Project Management - Con,23-02-1998,MA,Coordinator,Female,75959,White,Married,Exceeds,3
1598,2019-05-27,2023-06-19,Production Technician I,Francisco Henry,EW,Leave of Absence,Contract,Zone A,Part-Time,Resignation,Treatment food too ten fill.,Production       ,General - Con,5/3/1978,MA,Groundman,Female,8372,Black,Divorced,Needs Improvement,3
1599,2022-05-18,2023-04-10,Production Technician II,Marie Cruz,BPC,Voluntarily Terminated,Full-Time,Zone C,Full-Time,Resignation,Late hand figure just price blood.,Production       ,Field Operations,13-11-1975,MA,Laborer,Male,82257,White,Divorced,Exceeds,3
1600,2018-11-06,,Production Technician II,April Carpenter,CCDR,Active,Contract,Zone A,Full-Time,Unk,,Production       ,General - Con,19-05-1993,MA,Technician,Female,23314,Hispanic,Married,Exceeds,3
1601,2022-03-29,2023-07-24,Production Technician II,Christopher Sullivan,SVG,Active,Part-Time,Zone C,Temporary,Resignation,Participant create society method tough team.,Production       ,Engineers,8/10/1990,MA,Engineer,Male,45740,Asian,Single,Exceeds,3
1602,2021-11-04,2022-05-10,Production Technician II,Elizabeth Klein MD,EW,Active,Full-Time,Zone A,Part-Time,Voluntary,Event increase laugh same whatever.,Production       ,General - Con,10/10/2000,MA,Technician,Female,60262,Asian,Married,Exceeds,3
1603,2023-04-27,,Production Technician II,Jonathon Rivera,MSC,Active,Part-Time,Zone B,Part-Time,Unk,,Production       ,General - Con,25-12-1968,MA,Locator,Male,29223,White,Single,Exceeds,3
1604,2020-03-08,,Production Technician II,Ryan Dominguez,TNS,Active,Full-Time,Zone B,Full-Time,Unk,,Production       ,General - Con,19-10-1976,MA,Operator,Male,80948,Asian,Married,Exceeds,3
1605,2019-04-27,2020-10-08,Production Technician I,Mark Marks,NEL,Voluntarily Terminated,Full-Time,Zone B,Full-Time,Resignation,West hold these man affect heavy from myself.,Production       ,Field Operations,20-10-1956,MA,Laborer,Female,95266,Black,Single,Exceeds,3
1606,2019-05-11,,Production Technician I,Justin Hartman,PL,Active,Full-Time,Zone C,Full-Time,Unk,,Production       ,Field Operations,6/3/1944,MA,Laborer,Female,33304,White,Divorced,Exceeds,3
1607,2021-03-09,,Production Technician I,David Boyd,BPC,Active,Contract,Zone C,Temporary,Unk,,Production       ,Shop (Fleet),10/12/1987,MA,Shop,Female,36632,Hispanic,Married,Needs Improvement,3
1608,2020-11-05,,Production Technician I,Emily Flores,CCDR,Active,Part-Time,Zone A,Temporary,Unk,,Production       ,Field Operations,24-02-1997,MA,Technician,Female,20625,White,Widowed,PIP,3
1609,2018-09-12,2023-02-25,Production Technician I,John Hopkins,SVG,Active,Contract,Zone A,Full-Time,Retirement,Fight look song material year happen.,Production       ,General - Eng,26-11-1953,MA,Engineer,Male,26283,Black,Married,PIP,3
1610,2019-11-09,2019-11-18,Production Technician I,Wendy Williamson,EW,Active,Part-Time,Zone B,Full-Time,Involuntary,Option action around live school rich spend.,Production       ,General - Con,28-01-1986,MA,Flagger,Female,67750,White,Single,Needs Improvement,3
1611,2018-11-29,2022-07-09,Production Technician I,Glenda Wilson,MSC,Active,Full-Time,Zone C,Part-Time,Voluntary,Over almost sport stay.,Production       ,Project Management - Con,25-01-1962,MA,Coordinator,Female,53913,Hispanic,Widowed,Needs Improvement,3
1612,2022-07-03,2023-02-22,Production Technician I,Bailey Richards,TNS,Active,Part-Time,Zone B,Temporary,Retirement,Foreign truth concern break ground.,Production       ,General - Sga,28-05-1993,MA,Lineman,Male,76052,White,Single,Needs Improvement,3
1613,2019-09-26,2020-08-01,Production Technician I,Taylor Cruz,PYZ,Active,Contract,Zone C,Full-Time,Voluntary,Real public realize evening building middle.,Production       ,Field Operations,3/7/1995,MA,Laborer,Female,61768,Other,Single,Exceeds,3
1614,2022-12-23,,Production Technician I,Joseph Harris,WBL,Active,Part-Time,Zone B,Part-Time,Unk,,Production       ,Field Operations,19-03-1951,MA,Director,Male,33335,Asian,Divorced,Needs Improvement,3
1615,2023-01-19,,Production Technician I,Courtney Mann,NEL,Active,Part-Time,Zone C,Part-Time,Unk,,Production       ,General - Con,16-01-1960,MA,Foreman,Male,69290,White,Married,Exceeds,3
1616,2018-10-01,,Production Technician I,Anthony Page,PL,Active,Full-Time,Zone A,Part-Time,Unk,,Production       ,Field Operations,3/6/1991,MA,Laborer,Female,65106,Black,Divorced,Needs Improvement,3
1617,2022-02-18,,Production Technician I,Christina Powell,BPC,Active,Full-Time,Zone B,Full-Time,Unk,,Production       ,Aerial,27-12-1991,MA,Lineman,Female,12740,Black,Divorced,Needs Improvement,3
1618,2021-12-09,,Production Technician I,Shane Smith,CCDR,Active,Full-Time,Zone B,Temporary,Unk,,Production       ,Field Operations,16-06-1977,MA,Laborer,Male,58121,White,Widowed,Needs Improvement,3
1619,2019-01-01,2021-09-23,Production Technician I,Tammie Brown,SVG,Leave of Absence,Part-Time,Zone B,Full-Time,Retirement,Letter happen cut.,Production       ,General - Con,8/8/1964,MA,Foreman,Female,95591,Black,Widowed,Needs Improvement,3
1620,2020-05-27,,Production Technician I,David Browning,EW,Active,Contract,Zone A,Full-Time,Unk,,Production       ,Executive,4/3/1967,MA,Executive Assistant,Male,70072,Asian,Single,Needs Improvement,3
1621,2021-09-21,2023-01-28,BI Developer,Alicia Mendoza,MSC,Active,Full-Time,Zone B,Temporary,Involuntary,That commercial east message peace.,IT/IS,Field Operations,9/12/1975,MA,Supervisor,Male,2134,Other,Divorced,Needs Improvement,3
1622,2021-08-30,2022-03-22,BI Developer,Cynthia Goodwin,TNS,Active,Contract,Zone A,Part-Time,Retirement,Television represent skill police.,IT/IS,Aerial,21-01-1942,MA,Director,Male,2134,Asian,Single,Needs Improvement,3
1623,2023-06-19,2023-07-31,BI Developer,David Beard,PYZ,Active,Full-Time,Zone C,Temporary,Voluntary,Stage pay south word speak.,IT/IS,Finance & Accounting,17-06-2001,MA,Intern,Male,2045,Other,Divorced,Needs Improvement,3
1624,2023-05-12,2023-05-16,Senior BI Developer,Maria Rivera,WBL,Active,Full-Time,Zone A,Temporary,Resignation,Call certain industry out believe show.,IT/IS,Field Operations,22-10-1996,MA,Top Hand,Male,1887,White,Widowed,Needs Improvement,3
1625,2022-06-05,,Senior BI Developer,Victor Maynard,NEL,Active,Part-Time,Zone B,Part-Time,Unk,,IT/IS,Shop (Fleet),16-09-1977,MA,Manager,Male,2056,Other,Single,Exceeds,3
1626,2020-09-17,2021-06-08,Data Architect,William Green,PL,Active,Full-Time,Zone B,Temporary,Resignation,To national third with give law live.,IT/IS,General - Con,12/5/1947,MA,Technician,Female,2056,Other,Married,Needs Improvement,3
1627,2023-05-15,,BI Developer,Alicia Howard,BPC,Active,Full-Time,Zone C,Full-Time,Unk,,IT/IS,Field Operations,14-01-1966,MA,Technician,Female,2110,Other,Divorced,Exceeds,3
1628,2018-12-15,2019-11-14,Senior BI Developer,Walter Thompson,CCDR,Active,Part-Time,Zone A,Temporary,Retirement,Evidence but adult coach claim minute simple.,IT/IS,Catv,12/4/1974,MA,Foreman,Female,1886,Asian,Single,Needs Improvement,3
1629,2019-11-06,2023-03-22,BI Developer,Robert Crawford,PL,Terminated for Cause,Part-Time,Zone B,Full-Time,Voluntary,Prevent sing be member democratic.,IT/IS,Field Operations,4/1/1946,MA,Engineer,Female,2970,Hispanic,Married,Fully Meets,3
1630,2021-04-25,2022-10-25,BI Developer,David Wu,BPC,Terminated for Cause,Contract,Zone C,Temporary,Involuntary,Avoid no beat from interesting.,IT/IS,General - Con,5/2/1944,MA,Foreman,Female,13058,Other,Single,Fully Meets,3
1631,2023-06-17,2023-07-19,BI Developer,Jessica Peters,CCDR,Terminated for Cause,Full-Time,Zone C,Full-Time,Voluntary,President site student thank community.,IT/IS,Executive,24-10-1986,MA,Executive Assistant,Female,20602,White,Widowed,Fully Meets,3
1632,2022-01-14,,BI Developer,Mary Lewis,SVG,Active,Full-Time,Zone C,Full-Time,Unk,,IT/IS,Field Operations,6/8/1970,MA,Driller,Female,40731,Black,Widowed,Fully Meets,3
1633,2018-10-22,2019-03-13,Area Sales Manager,Sandra Gardner,EW,Active,Contract,Zone B,Temporary,Involuntary,Establish hotel up value property.,IT/IS,Field Operations,5/5/1994,MA,Laborer,Female,94379,Black,Widowed,Fully Meets,3
1634,2021-10-17,2022-11-13,Area Sales Manager,Bethany Jackson,MSC,Active,Contract,Zone C,Part-Time,Voluntary,Partner decide help quite whether market.,IT/IS,Finance & Accounting,22-07-1974,MA,Administration,Male,62674,Black,Divorced,Fully Meets,3
1635,2021-10-19,2023-04-10,Area Sales Manager,Alexandra Harvey,TNS,Active,Full-Time,Zone C,Part-Time,Retirement,Upon south nice five reduce lose.,IT/IS,Safety,26-09-1988,MA,Safety,Male,18618,Hispanic,Single,Fully Meets,3
1636,2018-10-16,2018-12-17,Sales Manager,Donna Gomez,SVG,Active,Contract,Zone B,Part-Time,Involuntary,Four look heavy by much.,Admin Offices,Aerial,7/11/1998,MA,Lineman,Male,6067,White,Single,Fully Meets,3
1637,2020-04-26,2020-07-21,Sales Manager,Mr. Keith Smith DVM,EW,Active,Full-Time,Zone C,Part-Time,Resignation,Rather which writer family.,Admin Offices,General - Con,18-01-1986,MA,Foreman,Male,78952,Black,Divorced,Fully Meets,3
1638,2020-01-22,2022-10-26,Sales Manager,Miss Andrea Robertson,MSC,Active,Full-Time,Zone B,Full-Time,Involuntary,Suggest point then however matter close her.,Sales,Finance & Accounting,20-07-1994,MA,Accounting,Male,82541,Asian,Divorced,Fully Meets,3
1639,2022-03-30,2022-07-21,BI Director,Robert Ford,EW,Terminated for Cause,Full-Time,Zone A,Full-Time,Resignation,Prevent entire business ask meeting contain tree.,IT/IS,Field Operations,10/1/1958,MA,Technician,Male,87307,Black,Married,Fully Meets,3
1640,2021-05-29,2022-09-03,BI Developer,Christopher Meyer,MSC,Terminated for Cause,Contract,Zone A,Full-Time,Voluntary,Item many international assume almost whole.,IT/IS,Engineers,30-08-1961,MA,Field Project Manager,Female,59443,Hispanic,Divorced,Fully Meets,3
1641,2023-03-09,2023-05-30,BI Developer,Daniel Cooke,NEL,Terminated for Cause,Part-Time,Zone C,Temporary,Voluntary,Shake war over young like anything order.,IT/IS,Field Operations,6/10/1989,MA,Laborer,Female,40835,Other,Married,Fully Meets,3
1642,2019-11-22,2019-12-28,BI Developer,Jennifer Davies,PL,Terminated for Cause,Contract,Zone A,Part-Time,Retirement,Nature here wrong why.,IT/IS,Wireline Construction,23-09-1946,MA,Project Manager,Female,9049,Black,Single,Fully Meets,3
1643,2019-04-07,2020-12-22,Area Sales Manager,Christopher King,SVG,Active,Full-Time,Zone A,Full-Time,Involuntary,Player when almost cultural.,IT/IS,Aerial,19-05-1981,MA,Supervisor,Male,12567,Other,Widowed,Fully Meets,3
1644,2023-03-23,2023-03-28,Area Sales Manager,Jasmine Mclaughlin,TNS,Active,Contract,Zone C,Temporary,Voluntary,Away painting appear six live radio.,IT/IS,Aerial,5/10/2000,MA,Foreman,Male,94154,Other,Widowed,Fully Meets,3
1645,2021-02-18,2022-10-28,Area Sales Manager,Jennifer Briggs,WBL,Active,Part-Time,Zone A,Temporary,Resignation,Be choice ever concern.,IT/IS,Fielders,19-12-1975,MA,Engineer,Male,42258,Hispanic,Widowed,Fully Meets,3
1646,2019-04-05,2021-05-07,Sales Manager,Carol Morales,SVG,Active,Contract,Zone C,Full-Time,Voluntary,Fight beautiful describe personal.,Admin Offices,General - Sga,17-06-1987,MA,Engineer,Male,74220,Black,Divorced,Fully Meets,3
1647,2019-10-23,2022-07-09,Sales Manager,Johnny Parker,EW,Active,Contract,Zone B,Part-Time,Involuntary,Book fill person size institution number attack.,IT/IS,Catv,3/2/1986,MA,Foreman,Male,47015,Black,Widowed,Fully Meets,3
1648,2021-05-14,,Sales Manager,Karen Cordova,MSC,Active,Part-Time,Zone C,Part-Time,Unk,,Sales,Aerial,19-08-1977,MA,Driver,Male,96848,White,Single,Fully Meets,3
1649,2019-03-19,,CIO,Diana Schmitt,WBL,Active,Full-Time,Zone A,Part-Time,Unk,,IT/IS,Wireline Construction,10/3/1964,TX,Groundman,Male,87451,White,Single,Fully Meets,3
1650,2019-05-08,2020-10-01,BI Director,Courtney Chang,NEL,Terminated for Cause,Part-Time,Zone C,Temporary,Resignation,Past stand forget offer serious never.,IT/IS,Engineers,27-02-1946,MA,Technician,Male,29739,Asian,Widowed,Fully Meets,3
1651,2019-10-05,2023-05-21,BI Developer,Patricia Moore,PL,Terminated for Cause,Part-Time,Zone A,Temporary,Involuntary,Offer hundred defense street draw glass thank.,IT/IS,Aerial,23-01-1993,MA,Laborer,Female,13117,Black,Widowed,Fully Meets,3
1652,2021-11-29,2022-05-31,BI Developer,Tiffany Cantrell,BPC,Terminated for Cause,Full-Time,Zone C,Full-Time,Resignation,Environment campaign left bar.,IT/IS,Field Operations,1/6/1985,MA,Driver,Female,2581,White,Single,Fully Meets,3
1653,2018-11-06,2019-12-26,Area Sales Manager,Alyssa Gutierrez,EW,Active,Part-Time,Zone B,Temporary,Involuntary,Within amount each onto hair. Single hope threat.,IT/IS,Field Operations,7/1/1957,MA,Foreman,Male,63435,Hispanic,Married,Fully Meets,3
1654,2021-07-27,2021-11-23,Area Sales Manager,Raymond Walsh,MSC,Active,Full-Time,Zone B,Temporary,Resignation,Should three accept interesting these.,IT/IS,Engineers,19-12-1999,MA,Administrative,Male,87224,Black,Divorced,Fully Meets,3
1655,2023-07-18,,Area Sales Manager,Lisa Thompson,TNS,Active,Part-Time,Zone A,Temporary,Unk,,IT/IS,Wireline Construction,1/9/1942,MA,Project Manager,Male,3563,Black,Married,Fully Meets,3
1656,2022-09-04,,Senior BI Developer,Jessica Morgan,CCDR,Active,Part-Time,Zone C,Temporary,Unk,,Admin Offices,Field Operations,20-05-1985,MA,Tower Hand,Male,10497,Black,Single,Fully Meets,3
1657,2019-05-24,,Sales Manager,Tristan Hutchinson,SVG,Active,Contract,Zone B,Part-Time,Unk,,IT/IS,Engineers,30-08-1969,MA,Engineer,Male,38675,Other,Married,Fully Meets,3
1658,2019-11-03,,Sales Manager,Aaron Willis,EW,Active,Contract,Zone B,Part-Time,Unk,,IT/IS,Field Operations,29-12-1975,MA,Laborer,Male,72313,Other,Widowed,Fully Meets,3
1659,2019-11-26,2021-03-19,Sales Manager,Keith Fleming,MSC,Active,Full-Time,Zone C,Part-Time,Involuntary,North rise until plan join.,Sales,Field Operations,30-06-1977,MA,Laborer,Female,39930,White,Single,Fully Meets,3
1660,2022-08-09,2022-09-01,CIO,Whitney Miller,WBL,Terminated for Cause,Contract,Zone B,Full-Time,Retirement,Tax five question.,IT/IS,General - Con,2/7/1971,MA,Technician,Male,47536,Other,Widowed,Fully Meets,3
1661,2019-03-19,,BI Director,Christina Randall,NEL,Active,Contract,Zone C,Full-Time,Unk,,IT/IS,Finance & Accounting,16-05-1982,MA,Clerk,Male,91255,Hispanic,Divorced,Fully Meets,3
1662,2018-11-25,,BI Developer,William Lloyd,PL,Active,Contract,Zone C,Full-Time,Unk,,IT/IS,Engineers,4/11/1963,MA,Engineer,Female,19115,Hispanic,Married,Fully Meets,3
1663,2022-04-10,2023-04-03,BI Developer,Mrs. Jennifer Hughes,BPC,Terminated for Cause,Full-Time,Zone C,Full-Time,Retirement,Economic its member focus growth.,IT/IS,Aerial,30-01-1961,MA,Lineman,Female,32063,Asian,Widowed,Fully Meets,3
1664,2021-04-02,,Area Sales Manager,Jordan Bennett,EW,Active,Full-Time,Zone C,Full-Time,Unk,,IT/IS,Splicing,10/9/1991,MA,Laborer,Male,2597,White,Single,Fully Meets,3
1665,2019-12-22,,Area Sales Manager,Jonathan Taylor,MSC,Active,Contract,Zone A,Part-Time,Unk,,IT/IS,Project Management - Con,10/7/1963,MA,Coordinator,Male,30018,Black,Widowed,Fully Meets,3
1666,2021-08-14,,Area Sales Manager,Alexis Johns,TNS,Active,Full-Time,Zone A,Part-Time,Unk,,IT/IS,General - Con,22-07-1978,OR,Locator,Male,38619,Black,Divorced,Fully Meets,3
1667,2018-08-28,,Senior BI Developer,Gloria Franklin,BPC,Active,Full-Time,Zone A,Full-Time,Unk,,Admin Offices,Splicing,19-03-1972,MA,Splicer,Male,62112,Black,Widowed,Fully Meets,3
1668,2023-07-10,,Senior BI Developer,Eric Mcclain,CCDR,Active,Part-Time,Zone C,Part-Time,Unk,,Admin Offices,Aerial,7/9/1947,MA,Laborer,Male,35842,Black,Single,Fully Meets,3
1669,2020-09-18,,Sales Manager,Olivia Barton,SVG,Active,Part-Time,Zone A,Temporary,Unk,,IT/IS,Field Operations,14-09-1961,MA,Executive Assistant,Male,78813,Asian,Divorced,Fully Meets,3
1670,2019-07-18,,Sales Manager,Bethany Norris,EW,Active,Contract,Zone A,Full-Time,Unk,,IT/IS,Splicing,6/11/1960,MA,Laborer,Female,4772,Other,Widowed,Fully Meets,3
1671,2021-11-21,2021-12-12,Sales Manager,Anita Brown,MSC,Active,Contract,Zone A,Full-Time,Involuntary,Position face whose and cut consider wide.,Sales,Project Management - Con,10/10/1964,MA,Coordinator,Female,83162,White,Married,Fully Meets,3
1672,2021-03-08,,CIO,Emily Chen,CCDR,Active,Full-Time,Zone B,Part-Time,Unk,,IT/IS,Field Operations,26-05-1947,MA,Tester,Male,21426,Asian,Married,Fully Meets,3
1673,2019-08-21,,BI Director,April Gallagher,EW,Active,Part-Time,Zone C,Full-Time,Unk,,IT/IS,General - Con,7/11/1950,MA,Laborer,Female,74874,Other,Widowed,Fully Meets,3
1674,2022-04-30,2023-06-09,BI Developer,Deborah White,MSC,Terminated for Cause,Part-Time,Zone B,Full-Time,Involuntary,Tax reduce by firm.,IT/IS,Wireline Construction,17-06-1946,MA,Laborer,Female,56043,Other,Married,Fully Meets,3
1675,2023-02-03,2023-04-16,Area Sales Manager,Crystal Garcia,SVG,Active,Full-Time,Zone A,Part-Time,Resignation,Simply class career vote.,IT/IS,Field Operations,2/11/1959,MA,Technician,Male,59192,Hispanic,Widowed,Fully Meets,3
1676,2023-05-08,,Area Sales Manager,Jeremy Ewing,TNS,Active,Part-Time,Zone B,Full-Time,Unk,,IT/IS,Catv,12/8/1963,MA,Foreman,Male,82767,Other,Widowed,Fully Meets,3
1677,2022-07-29,,Area Sales Manager,Dillon Guerrero,WBL,Active,Part-Time,Zone B,Part-Time,Unk,,IT/IS,General - Con,22-11-1965,OR,Foreman,Female,44156,Other,Widowed,Fully Meets,3
1678,2020-11-18,2021-05-22,Senior BI Developer,Barbara Boyd,PL,Active,Part-Time,Zone A,Part-Time,Resignation,Republican threat song to rock.,Admin Offices,Field Operations,28-03-1946,MA,Technician,Female,59433,Black,Widowed,Fully Meets,3
1679,2021-05-16,2022-04-14,Senior BI Developer,Susan Barrett,BPC,Active,Part-Time,Zone C,Part-Time,Voluntary,Hope notice white husband turn manage.,Admin Offices,Engineers,14-12-1944,MA,Project Manager,Male,42691,Black,Widowed,Fully Meets,3
1680,2019-10-25,2020-10-16,Senior BI Developer,Anthony Foster,CCDR,Active,Full-Time,Zone C,Temporary,Involuntary,Soon prove offer couple word science.,IT/IS,General - Con,1/9/1976,MA,Laborer,Male,33673,Other,Divorced,Fully Meets,3
1681,2023-03-05,2023-05-04,Sales Manager,Jennifer Cook,SVG,Active,Contract,Zone B,Temporary,Retirement,I western water easy practice dinner none.,IT/IS,Engineers,10/10/1974,MA,Engineer,Female,34659,White,Divorced,Fully Meets,3
1682,2021-06-01,,Sales Manager,Elizabeth Romero,EW,Active,Part-Time,Zone B,Part-Time,Unk,,IT/IS,Aerial,29-12-1970,MA,Foreman,Female,65125,Black,Married,Fully Meets,3
1683,2022-01-22,2022-07-25,Sales Manager,Rebecca Davis,MSC,Voluntarily Terminated,Full-Time,Zone B,Part-Time,Voluntary,Heart lose care sort deal.,Sales,Aerial,14-02-1988,MA,Lineman,Female,97969,Other,Married,Fully Meets,3
1684,2023-07-09,2023-07-31,CIO,Christopher Ayala,WBL,Terminated for Cause,Contract,Zone A,Part-Time,Involuntary,Not budget never social yourself agreement.,IT/IS,Engineers,7/3/1963,MA,Engineer,Male,18894,Hispanic,Widowed,Fully Meets,3
1685,2018-11-11,2019-05-27,BI Director,Jeremy Wright,NEL,Terminated for Cause,Full-Time,Zone A,Full-Time,Retirement,Action whatever school machine fear.,IT/IS,Aerial,26-06-1968,MA,Foreman,Female,16287,Black,Divorced,Fully Meets,3
1686,2021-01-05,2021-06-18,BI Developer,Jennifer Adams,SVG,Active,Contract,Zone C,Full-Time,Retirement,Scientist become a become value cell policy.,IT/IS,Finance & Accounting,6/3/1954,MA,Intern,Male,63472,Black,Widowed,Fully Meets,3
1687,2022-11-25,,Area Sales Manager,Charles Williamson,EW,Active,Part-Time,Zone C,Full-Time,Unk,,IT/IS,Engineers,25-04-1967,MA,Drafter,Male,19801,White,Widowed,Fully Meets,3
1688,2020-03-30,2023-07-21,Area Sales Manager,James Black,MSC,Active,Full-Time,Zone A,Full-Time,Voluntary,Together among marriage center evidence sure.,IT/IS,Shop (Fleet),23-07-1956,OR,Mechanic,Male,34107,Other,Divorced,Fully Meets,3
1689,2021-01-02,2022-09-22,Senior BI Developer,Wendy Palmer,MSC,Active,Part-Time,Zone C,Temporary,Retirement,Benefit available decade.,Admin Offices,Field Operations,4/12/1985,MA,Technician,Male,35372,Other,Married,Fully Meets,3
1690,2019-02-26,2019-07-26,Senior BI Developer,Tracy Price,NEL,Active,Contract,Zone A,Temporary,Voluntary,Alone education career how difficult worry.,Admin Offices,Yard (Material Handling),20-01-1942,MA,Administrative,Male,56249,Black,Widowed,Fully Meets,3
1691,2019-10-06,,Senior BI Developer,Ruth Cruz,PL,Active,Contract,Zone A,Part-Time,Unk,,IT/IS,Project Management - Con,21-01-1946,MA,Technician,Male,77562,Black,Widowed,Fully Meets,3
1692,2020-04-19,2022-07-30,Sales Manager,William Hutchinson,PYZ,Active,Part-Time,Zone C,Part-Time,Voluntary,Hundred nor last.,IT/IS,Engineers,23-09-1943,MA,Engineer,Female,23764,Other,Widowed,Fully Meets,3
1693,2022-12-24,,Sales Manager,Sharon Kim,SVG,Active,Contract,Zone C,Part-Time,Unk,,IT/IS,Field Operations,13-08-1985,MA,Tower Hand,Female,2558,Other,Single,Fully Meets,3
1694,2021-04-09,2021-05-29,CIO,Dennis Gardner,TNS,Terminated for Cause,Part-Time,Zone A,Temporary,Resignation,Make company education fish.,IT/IS,Aerial,4/10/1961,MA,Foreman,Male,82773,Asian,Married,Fully Meets,3
1695,2018-09-04,2022-12-16,BI Director,Jennifer Hernandez,SVG,Terminated for Cause,Contract,Zone C,Full-Time,Voluntary,Product key its something. Yourself pay anyone.,IT/IS,Isp,13-11-1981,MA,Specialist,Female,20654,Other,Widowed,Fully Meets,3
1696,2021-11-07,,BI Developer,Margaret Martinez,NEL,Active,Full-Time,Zone C,Temporary,Unk,,IT/IS,General - Eng,16-09-1962,MA,Coordinator,Male,74846,Hispanic,Married,Fully Meets,3
1697,2023-05-24,2023-07-21,BI Developer,Melanie Campbell,MSC,Active,Full-Time,Zone B,Part-Time,Retirement,Soon color sit call certainly.,IT/IS,General - Con,15-06-1987,MA,Foreman,Male,3758,Asian,Widowed,Fully Meets,3
1698,2021-02-15,2021-06-05,Area Sales Manager,Deborah Beltran,EW,Active,Full-Time,Zone A,Part-Time,Resignation,This cost difficult. Time meet should.,IT/IS,Billable Consultants,14-11-1994,MA,Engineer,Male,5156,White,Married,Fully Meets,3
1699,2021-11-03,2022-08-19,Senior BI Developer,Justin Jordan,PL,Active,Contract,Zone C,Part-Time,Voluntary,Picture recently military describe.,Admin Offices,Executive,17-06-1993,MA,Manager,Male,64233,Hispanic,Married,Fully Meets,3
1700,2018-09-20,,Senior BI Developer,Katherine Mccarthy,BPC,Active,Contract,Zone C,Temporary,Unk,,IT/IS,Engineers,8/4/1958,MA,Engineer,Male,61270,Asian,Widowed,Fully Meets,3
1701,2019-07-23,2023-01-07,Senior BI Developer,Jacob Brown,CCDR,Active,Contract,Zone A,Full-Time,Involuntary,Former huge figure enjoy all detail.,IT/IS,Project Management - Con,6/11/1954,MA,Flagger,Male,36731,Other,Single,Fully Meets,3
1702,2022-05-12,,Sales Manager,Bradley Sandoval,SVG,Active,Contract,Zone A,Part-Time,Unk,,IT/IS,Project Management - Con,8/9/1989,MA,Contracts,Female,49479,Other,Single,Fully Meets,3
1703,2018-10-03,,Sales Manager,Mary Waters,EW,Active,Full-Time,Zone B,Part-Time,Unk,,Sales,Aerial,23-02-1978,MA,Lineman,Female,26140,Other,Single,Fully Meets,3
1704,2020-11-26,,CIO,Rachel Thomas,CCDR,Active,Part-Time,Zone C,Part-Time,Unk,,IT/IS,Project Management - Con,21-06-1994,MA,Project Manager,Female,59091,Hispanic,Widowed,Fully Meets,3
1705,2018-10-04,,BI Director,David Kirk,EW,Active,Part-Time,Zone B,Full-Time,Unk,,IT/IS,Project Management - Con,16-05-1958,MA,Intern,Female,50425,Hispanic,Single,Fully Meets,3
1706,2020-12-02,2023-02-25,BI Developer,Christopher Fisher,NEL,Active,Contract,Zone A,Full-Time,Involuntary,Happen ability as term fish.,IT/IS,Aerial,3/4/1990,MA,Supervisor,Female,81407,Hispanic,Married,Fully Meets,3
1707,2021-09-24,2023-07-20,BI Developer,Charles Mcdonald,PL,Active,Part-Time,Zone C,Full-Time,Voluntary,Fly see experience age Republican.,IT/IS,Wireline Construction,20-03-1994,MA,Clerk,Male,93935,Asian,Married,Fully Meets,3
1708,2020-09-10,2021-05-22,BI Developer,Bonnie Smith,PYZ,Active,Full-Time,Zone A,Temporary,Involuntary,With turn maybe herself trouble.,IT/IS,Splicing,12/5/1990,MA,Associate,Male,65055,Asian,Widowed,Fully Meets,3
1709,2022-05-25,2022-11-17,Area Sales Manager,Whitney Roberts,SVG,Active,Full-Time,Zone C,Temporary,Involuntary,Plant opportunity thank style.,IT/IS,General - Sga,22-03-1962,OR,Manager,Male,55354,Black,Married,Fully Meets,3
1710,2019-02-15,2019-12-09,Senior BI Developer,Paige Eaton DDS,PL,Active,Part-Time,Zone A,Part-Time,Resignation,Threat day deep final personal alone picture.,Admin Offices,Field Operations,24-05-1971,MA,Technician,Male,46239,Black,Divorced,Fully Meets,3
1711,2018-09-28,2023-02-01,Senior BI Developer,Johnny Stevens,BPC,Active,Full-Time,Zone A,Temporary,Voluntary,Wrong how fund front foreign.,IT/IS,General - Con,21-04-1985,MA,Laborer,Male,43594,Other,Widowed,Fully Meets,3
1712,2018-12-12,,Senior BI Developer,Joanna Lewis,CCDR,Active,Full-Time,Zone A,Temporary,Unk,,IT/IS,Engineers,29-02-1972,MA,Engineer,Female,72035,Black,Single,Fully Meets,3
1713,2021-12-01,,Sales Manager,Isabella Cox,SVG,Active,Contract,Zone B,Full-Time,Unk,,IT/IS,General - Con,29-08-1990,MA,Flagger,Female,1218,Asian,Married,Fully Meets,3
1714,2022-01-12,,Sales Manager,Nicholas Gomez,EW,Active,Full-Time,Zone B,Temporary,Unk,,Sales,Field Operations,20-04-2000,MA,Laborer,Female,5062,White,Married,Fully Meets,3
1715,2020-10-27,2022-09-28,CIO,Monique Barnes,WBL,Active,Full-Time,Zone B,Part-Time,Involuntary,Learn will marriage interesting note the success.,IT/IS,Aerial,10/1/1966,MA,Foreman,Female,86362,White,Divorced,Fully Meets,3
1716,2020-11-02,2022-06-21,BI Director,Steven Oliver,NEL,Active,Contract,Zone C,Part-Time,Involuntary,Can conference couple similar anything.,IT/IS,General - Con,19-03-1961,MA,Flagger,Female,21457,Asian,Widowed,Fully Meets,3
1717,2021-04-24,2023-02-28,BI Developer,Vicki Delgado,BPC,Active,Part-Time,Zone B,Part-Time,Retirement,Customer front detail bed say suddenly here.,IT/IS,General - Con,26-11-1959,MA,Model Assistant,Male,49370,Asian,Widowed,Fully Meets,3
1718,2020-06-29,2023-08-03,BI Developer,Daryl Swanson,CCDR,Active,Full-Time,Zone B,Temporary,Involuntary,Someone situation else. Big statement else gas.,IT/IS,Field Operations,4/1/2001,MA,Driller,Male,17318,Other,Divorced,Fully Meets,3
1719,2021-07-15,,BI Developer,James Johnson,SVG,Active,Contract,Zone B,Temporary,Unk,,IT/IS,Field Operations,10/5/1993,MA,Laborer,Male,93155,Hispanic,Widowed,Fully Meets,3
1720,2023-06-20,,Senior BI Developer,Juan Jackson,MSC,Active,Part-Time,Zone C,Part-Time,Unk,,IT/IS,Field Operations,8/3/1965,MA,Laborer,Male,32840,Other,Single,Fully Meets,3
1721,2019-09-22,2022-11-10,Senior BI Developer,Wendy Daniels,NEL,Active,Full-Time,Zone B,Full-Time,Retirement,Story get campaign affect at rule start.,IT/IS,Finance & Accounting,25-11-1998,MA,Assistant,Male,46552,White,Divorced,Fully Meets,3
1722,2022-02-22,,Senior BI Developer,John Smith,PL,Active,Full-Time,Zone B,Full-Time,Unk,,IT/IS,Wireless,30-01-1968,MA,Groundman,Female,26893,Hispanic,Divorced,Fully Meets,3
1723,2020-07-01,2022-06-26,Sales Manager,Nicole Taylor,PYZ,Active,Full-Time,Zone B,Full-Time,Retirement,Say operation national race.,Sales,General - Eng,7/4/1969,MA,Coordinator,Female,34649,Black,Widowed,Fully Meets,3
1724,2021-05-13,2021-12-11,CIO,Amanda Shaw MD,TNS,Active,Part-Time,Zone C,Part-Time,Retirement,Their because nice party.,IT/IS,Yard (Material Handling),20-10-1957,MA,Coordinator,Female,46050,Other,Divorced,Fully Meets,3
1725,2021-05-30,,BI Developer,Nancy Cruz,PL,Active,Contract,Zone A,Part-Time,Unk,,IT/IS,Field Operations,29-09-1947,MA,Technician,Male,55738,Black,Divorced,Fully Meets,3
1726,2019-07-04,,BI Developer,Elizabeth Walker,NEL,Active,Contract,Zone B,Full-Time,Unk,,IT/IS,Wireline Construction,21-01-1981,MA,Clerk,Male,71994,Asian,Single,Fully Meets,3
1727,2019-05-31,2022-05-31,BI Developer,Leslie Tran,MSC,Active,Full-Time,Zone B,Full-Time,Involuntary,Candidate fact event level several onto store.,IT/IS,General - Con,16-02-1996,MA,Foreman,Male,50024,Hispanic,Widowed,Fully Meets,3
1728,2020-03-13,,Production Technician I,Yesenia Woodard,WBL,Active,Full-Time,Zone C,Temporary,Unk,,Production       ,General - Con,11/1/1972,MA,Foreman,Male,2452,White,Divorced,Fully Meets,3
1729,2020-01-06,2020-12-24,Production Technician I,Michelle Henson,EW,Voluntarily Terminated,Contract,Zone A,Part-Time,Voluntary,Question kitchen gun find four wall heavy.,Production       ,General - Con,30-12-1946,MA,Foreman,Female,1701,Other,Divorced,Fully Meets,3
1730,2023-04-30,,Production Technician I,Natasha Sullivan,EW,Active,Full-Time,Zone B,Part-Time,Unk,,Production       ,General - Eng,10/6/1976,MA,Technician,Female,2359,White,Divorced,Fully Meets,3
1731,2021-07-11,2022-02-08,Production Technician II,Mark Smith,WBL,Active,Contract,Zone B,Temporary,Retirement,Artist organization great heart.,Production       ,Engineers,22-03-1947,MA,Engineer,Male,1450,Black,Divorced,Fully Meets,3
1732,2021-07-02,2021-12-13,Production Technician II,Samantha Hancock,WBL,Voluntarily Terminated,Contract,Zone B,Temporary,Voluntary,North position film eight. Movement dark turn.,Production       ,Fielders,13-04-1961,MA,Engineer,Female,1902,Hispanic,Widowed,Fully Meets,3
1733,2019-10-23,2020-12-03,Production Technician I,Joshua Ward,EW,Active,Full-Time,Zone A,Temporary,Resignation,Head where have ground scene.,Production       ,Field Operations,15-02-1950,MA,Laborer,Female,2330,Black,Married,Fully Meets,3
1734,2019-01-19,,Production Technician I,Anthony Martinez,NEL,Active,Contract,Zone C,Full-Time,Unk,,Production       ,Field Operations,22-06-1942,MA,Driver,Male,1905,White,Widowed,Fully Meets,3
1735,2021-01-08,2023-01-14,Production Technician I,Cody Scott,NEL,Voluntarily Terminated,Full-Time,Zone A,Full-Time,Resignation,Along senior personal nature help crime.,Production       ,Shop (Fleet),8/4/1942,MA,Mechanic,Female,1902,White,Divorced,Fully Meets,3
1736,2019-01-29,2022-07-08,Production Technician I,Jeffrey Thompson,TNS,Active,Contract,Zone A,Part-Time,Involuntary,Law difference five away.,Production       ,Field Operations,25-08-1955,MA,Technician,Male,2048,Other,Married,Fully Meets,3
1737,2018-10-27,,Production Technician I,Jacqueline Jones,TNS,Active,Contract,Zone C,Full-Time,Unk,,Production       ,General - Eng,26-02-1983,MA,Engineer,Female,1730,Hispanic,Widowed,Fully Meets,3
1738,2023-05-30,2023-07-05,Production Technician II,Tami Fuentes,CCDR,Voluntarily Terminated,Contract,Zone A,Part-Time,Involuntary,Rich together bad his agent blue.,Production       ,General - Eng,17-11-1983,MA,Coordinator,Male,2169,White,Single,Fully Meets,3
1739,2019-07-15,2023-05-01,Production Technician II,Michael Farmer,CCDR,Active,Contract,Zone B,Full-Time,Involuntary,Large relate work treatment Mrs.,Production       ,Aerial,11/1/1982,MA,Laborer,Female,2302,Hispanic,Married,Fully Meets,3
1740,2020-03-17,2021-08-02,Production Technician I,Madeline Baker,NEL,Active,Contract,Zone B,Part-Time,Voluntary,This win treat they kid simple.,Production       ,General - Con,3/4/1963,MA,Laborer,Female,2132,Other,Married,Fully Meets,3
1741,2022-09-16,,Production Technician I,Katherine Costa,MSC,Active,Contract,Zone A,Temporary,Unk,,Production       ,General - Eng,11/1/1981,MA,Drafter,Female,2125,Asian,Single,Fully Meets,3
1742,2021-01-04,,Production Technician I,Rebecca Bird,TNS,Active,Part-Time,Zone B,Part-Time,Unk,,Production       ,Wireline Construction,2/3/1971,MA,Laborer,Female,2081,Asian,Divorced,Fully Meets,3
1743,2018-11-30,,Production Technician I,Sarah Mcdonald,SVG,Active,Full-Time,Zone C,Temporary,Unk,,Production       ,Splicing,3/6/2001,MA,Supervisor,Male,2169,Black,Single,Fully Meets,3
1744,2022-07-24,,Production Technician I,Teresa Murray,PL,Active,Full-Time,Zone C,Full-Time,Unk,,Production       ,Field Operations,5/5/1947,MA,Driller,Female,2021,Hispanic,Married,Fully Meets,3
1745,2022-02-05,,Production Technician II,Erin Castro,EW,Active,Contract,Zone C,Part-Time,Unk,,Production       ,Aerial,26-09-1989,MA,Foreman,Female,2090,Other,Widowed,Fully Meets,3
1746,2020-04-23,2022-01-07,Production Technician I,Joshua Gonzalez,WBL,Active,Full-Time,Zone A,Full-Time,Voluntary,Them security hit decide.,Production       ,General - Sga,6/4/1962,MA,Vp,Male,2451,Hispanic,Widowed,Fully Meets,3
1747,2023-06-23,2023-07-10,Production Technician II,Mary Blackwell,PL,Leave of Absence,Full-Time,Zone A,Temporary,Resignation,Too former relationship risk.,Production       ,Field Operations,2/8/1992,MA,Splicer,Female,1886,White,Divorced,Fully Meets,3
1748,2022-01-13,2022-07-05,Production Technician I,Benjamin Hamilton,PYZ,Active,Part-Time,Zone A,Temporary,Retirement,Listen cover book.,Production       ,Underground,9/1/1973,MA,Laborer,Female,1886,White,Widowed,Fully Meets,3
1749,2020-11-26,,Production Technician I,Kimberly Wilcox,PYZ,Active,Contract,Zone B,Temporary,Unk,,Production       ,Field Operations,3/2/1964,MA,Project Manager,Female,70227,Hispanic,Divorced,Fully Meets,3
1750,2018-12-07,,Production Technician I,Chase Swanson,WBL,Active,Full-Time,Zone C,Full-Time,Unk,,Production       ,Field Operations,11/4/1977,MA,Tower Hand,Female,3204,Other,Widowed,Fully Meets,3
1751,2023-04-19,,Production Technician I,Evan Durham,NEL,Active,Contract,Zone C,Temporary,Unk,,Production       ,General - Con,29-05-2001,MA,Lineman,Female,81228,Hispanic,Widowed,Fully Meets,3
1752,2022-03-05,2022-04-08,Production Technician I,Mario Johnson MD,PL,Active,Part-Time,Zone B,Temporary,Resignation,Person identify music conference.,Production       ,General - Con,4/11/1982,MA,Mechanic,Male,56894,White,Single,Fully Meets,3
1753,2019-06-20,2019-10-14,Production Technician I,Kimberly Williams,BPC,Active,Contract,Zone C,Full-Time,Resignation,Available no skill newspaper herself.,Production       ,Field Operations,7/3/1943,MA,Assistant,Male,42759,Black,Divorced,Fully Meets,3
1754,2022-09-13,,Production Technician I,Alejandro Davies,CCDR,Active,Part-Time,Zone C,Temporary,Unk,,Production       ,Project Management - Con,18-11-1991,MA,Manager,Male,61961,Asian,Single,Fully Meets,3
1755,2019-01-02,,Production Technician I,Duane Anderson,SVG,Active,Part-Time,Zone B,Full-Time,Unk,,Production       ,General - Con,5/10/1994,MA,Foreman,Male,45449,Other,Widowed,Fully Meets,3
1756,2022-06-06,,Production Technician I,David Cooper,EW,Active,Part-Time,Zone A,Part-Time,Unk,,Production       ,Splicing,25-03-1961,MA,Operator,Male,32636,Black,Widowed,Fully Meets,3
1757,2020-01-09,,Production Technician I,Rebecca Conway,MSC,Active,Full-Time,Zone A,Temporary,Unk,,Production       ,Finance & Accounting,1/2/1985,MA,Director,Female,74346,White,Widowed,Fully Meets,3
1758,2019-01-03,,Production Technician I,Melissa Chavez,TNS,Active,Part-Time,Zone B,Part-Time,Unk,,Production       ,Splicing,22-05-1958,MA,Administrator,Male,61791,White,Single,Fully Meets,3
1759,2021-01-23,2022-10-23,Production Technician I,Patricia Newman,PYZ,Active,Contract,Zone B,Part-Time,Retirement,Benefit turn that with well may former if.,Production       ,General - Con,11/12/1947,MA,Coordinator,Male,40003,White,Married,Fully Meets,3
1760,2020-02-08,2020-05-04,Production Technician I,Sally Meadows,WBL,Active,Part-Time,Zone C,Part-Time,Voluntary,Simply game everyone despite line.,Production       ,General - Con,20-08-1993,MA,Foreman,Male,93320,Hispanic,Single,Fully Meets,3
1761,2021-10-29,2022-08-02,Production Technician I,Sara Golden,NEL,Voluntarily Terminated,Contract,Zone C,Temporary,Voluntary,Ahead onto current situation speech while.,Production       ,Field Operations,16-05-1961,MA,Technician,Female,97689,Other,Married,Fully Meets,3
1762,2023-07-04,2023-07-12,Production Technician I,Roger Reed,PL,Voluntarily Terminated,Contract,Zone B,Part-Time,Voluntary,Myself produce sit outside after.,Production       ,Wireless,19-02-2001,MA,Foreman,Female,37569,White,Divorced,Fully Meets,3
1763,2023-04-06,,Production Technician I,Debra Boyer,BPC,Active,Part-Time,Zone B,Full-Time,Unk,,Production       ,Engineers,13-01-1950,MA,Model Assistant,Female,11574,Asian,Widowed,Fully Meets,3
1764,2023-01-17,,Production Technician I,Robert Rios,CCDR,Active,Full-Time,Zone A,Temporary,Unk,,Production       ,Engineers,2/1/1949,MA,Engineer,Female,18917,Black,Married,Fully Meets,3
1765,2019-10-17,,Production Technician II,Kyle Bell,BPC,Active,Contract,Zone C,Part-Time,Unk,,Production       ,Project Management - Con,7/9/1991,MA,Field Project Manager,Female,5819,Asian,Divorced,Fully Meets,3
1766,2019-06-22,2021-05-01,Production Technician I,Michelle Herrera,PYZ,Active,Contract,Zone B,Temporary,Resignation,Reflect important account keep eye accept.,Production       ,Field Operations,15-07-1957,MA,Laborer,Female,75004,Asian,Married,Fully Meets,3
1767,2023-02-10,2023-05-01,Production Technician I,Renee Beasley,WBL,Active,Contract,Zone A,Full-Time,Retirement,Maintain material discover discover.,Production       ,General - Con,31-12-1995,MA,Supervisor,Female,39000,White,Divorced,Fully Meets,3
1768,2022-10-13,2023-05-02,Production Technician I,Scott Graves,NEL,Active,Contract,Zone C,Temporary,Voluntary,Ask station everything race feeling by although.,Production       ,Aerial,26-02-1977,MA,Lineman,Female,73245,Black,Married,Fully Meets,3
1769,2023-03-07,2023-04-27,Production Technician I,Bryan Harvey,PL,Active,Contract,Zone B,Temporary,Resignation,State voice performance crime.,Production       ,Engineers,29-04-1974,MA,Technician,Male,83360,Hispanic,Widowed,Fully Meets,3
1770,2018-09-12,,Production Technician I,John Ramirez,BPC,Active,Part-Time,Zone A,Full-Time,Unk,,Production       ,General - Sga,5/3/1971,MA,Director,Male,2072,Hispanic,Single,Fully Meets,3
1771,2020-06-27,,Production Technician I,David Reid,CCDR,Active,Part-Time,Zone C,Part-Time,Unk,,Production       ,Shop (Fleet),27-08-1950,MA,Mechanic,Male,16902,Hispanic,Widowed,Fully Meets,3
1772,2018-12-28,2022-01-28,Production Technician I,Jamie Holloway,SVG,Active,Contract,Zone A,Part-Time,Resignation,Each bring star week kitchen without nature.,Production       ,General - Con,28-06-1954,MA,Laborer,Male,70792,Asian,Widowed,Fully Meets,3
1773,2021-01-20,2023-03-08,Production Technician I,Mitchell Woods,EW,Active,Part-Time,Zone B,Temporary,Retirement,Though resource simple health bring.,Production       ,General - Eng,22-03-1942,MA,Administrative,Male,25699,Black,Married,Fully Meets,3
1774,2019-09-14,2023-02-06,Production Technician I,Aaron Cochran,MSC,Active,Full-Time,Zone B,Part-Time,Involuntary,Wear television particular.,Production       ,Field Operations,24-09-1989,MA,Technician,Female,96290,Asian,Widowed,Fully Meets,3
1775,2018-10-06,2019-12-12,Production Technician I,Scott Smith,TNS,Active,Contract,Zone A,Full-Time,Involuntary,Sing participant involve themselves plan.,Production       ,Engineers,11/5/1997,MA,Engineer,Male,23434,Black,Single,Fully Meets,3
1776,2021-08-03,2022-11-01,Production Technician I,Lucas Rodriguez,PYZ,Active,Full-Time,Zone C,Temporary,Retirement,Only alone imagine. Loss minute girl.,Production       ,Project Management - Con,11/3/1955,MA,Engineer,Male,49243,Asian,Divorced,Fully Meets,3
1777,2019-07-05,2021-05-26,Production Technician I,Brian Rogers,WBL,Active,Full-Time,Zone B,Temporary,Involuntary,Professor late television spend foreign.,Production       ,Splicing,25-04-1962,MA,Splicer,Female,64893,Hispanic,Single,Fully Meets,3
1778,2019-04-25,,Production Technician I,Brandon Mcdonald,NEL,Active,Full-Time,Zone B,Full-Time,Unk,,Production       ,General - Con,18-05-1949,MA,Foreman,Female,91836,Other,Widowed,Fully Meets,3
1779,2023-07-15,,Production Technician I,Christina Cohen,PL,Active,Full-Time,Zone A,Temporary,Unk,,Production       ,Project Management - Con,4/5/1961,MA,Director,Female,85791,Other,Married,Fully Meets,3
1780,2022-12-10,2023-02-11,Production Technician I,Jason Taylor,BPC,Active,Contract,Zone C,Temporary,Retirement,Half nice continue serious move lay itself.,Production       ,Field Operations,11/7/1993,MA,Engineer,Female,17208,Hispanic,Widowed,Fully Meets,3
1781,2019-05-02,,Production Technician I,Angela Maxwell,CCDR,Active,Contract,Zone A,Part-Time,Unk,,Production       ,General - Sga,11/12/1983,MA,Supervisor,Female,88454,White,Divorced,Fully Meets,3
1782,2019-01-13,2023-07-02,Production Technician II,Kenneth Dean,NEL,Voluntarily Terminated,Contract,Zone A,Temporary,Retirement,Material as already course. See our realize.,Production       ,Field Operations,8/10/1950,MA,Groundman,Female,69805,Other,Married,Fully Meets,3
1783,2021-06-09,,Production Technician I,Julie Smith,PYZ,Active,Part-Time,Zone C,Part-Time,Unk,,Production       ,General - Con,7/12/1981,MA,Laborer,Female,27170,White,Widowed,Fully Meets,3
1784,2023-08-02,2023-08-02,Production Technician I,Mr. John Thomas,WBL,Active,Part-Time,Zone A,Temporary,Retirement,Need challenge education bank upon reach fall.,Production       ,General - Con,30-03-1971,MA,Technician,Female,14325,Other,Divorced,Fully Meets,3
1785,2023-06-17,,Production Technician I,Michael Mcgee PhD,NEL,Active,Full-Time,Zone C,Full-Time,Unk,,Production       ,Technology / It,17-01-1950,MA,Director,Female,39152,White,Widowed,Fully Meets,3
1786,2022-03-31,2022-06-14,Production Technician I,Daniel Banks,PL,Active,Full-Time,Zone A,Temporary,Resignation,Treatment itself various campaign.,Production       ,Field Operations,10/11/1979,MA,Laborer,Male,67173,Hispanic,Widowed,Fully Meets,3
1787,2019-04-06,2020-08-15,Production Technician I,Edward Peterson,BPC,Active,Contract,Zone B,Temporary,Voluntary,Perform question beyond article.,Production       ,Engineers,10/7/1956,MA,Engineer,Male,76007,Hispanic,Divorced,Fully Meets,3
1788,2020-07-11,,Production Technician I,Reginald Hernandez,CCDR,Active,Contract,Zone C,Full-Time,Unk,,Production       ,Field Operations,8/2/1976,MA,Engineer,Male,50833,Other,Divorced,Fully Meets,3
1789,2023-04-22,,Production Technician I,Danielle Smith,SVG,Active,Contract,Zone C,Part-Time,Unk,,Production       ,Engineers,17-02-1963,MA,Engineer,Male,54218,Other,Widowed,Fully Meets,3
1790,2022-12-02,2023-04-08,Production Technician I,Sara Smith,EW,Active,Part-Time,Zone B,Part-Time,Resignation,Marriage almost cold sort public major cut.,Production       ,Aerial,9/3/1956,MA,Lineman,Female,54589,Asian,Divorced,Fully Meets,3
1791,2021-03-06,2023-04-26,Production Technician I,Becky Cardenas,MSC,Active,Contract,Zone A,Temporary,Resignation,Year prove but moment house defense.,Production       ,Wireline Construction,2/8/1981,MA,Clerk,Female,9310,Hispanic,Divorced,Fully Meets,3
1792,2019-05-21,,Production Technician I,Brittany Olson,TNS,Active,Full-Time,Zone C,Temporary,Unk,,Production       ,Project Management - Eng,2/4/1950,MA,Planner,Male,6449,Black,Divorced,Fully Meets,3
1793,2018-10-23,2022-12-02,Production Technician I,Victor Blair,BPC,Active,Full-Time,Zone B,Temporary,Resignation,Fight cup mean money easy stock stock strategy.,Production       ,Executive,22-05-1945,MA,Director,Female,77756,Hispanic,Single,Fully Meets,3
1794,2021-05-26,,Production Technician I,James Ashley,CCDR,Active,Contract,Zone A,Temporary,Unk,,Production       ,General - Sga,13-08-1963,MA,Administrator,Female,95802,White,Widowed,Fully Meets,3
1795,2019-12-01,2020-06-08,Production Technician I,Shawn Howard,EW,Voluntarily Terminated,Full-Time,Zone B,Part-Time,Involuntary,Soon voice play will Mr card physical.,Production       ,Yard (Material Handling),4/4/1960,MA,Manager,Female,71561,Asian,Widowed,Fully Meets,3
1796,2021-06-07,2022-12-13,Production Technician I,Pamela Cruz,MSC,Voluntarily Terminated,Contract,Zone A,Full-Time,Involuntary,Eight age article law stop quickly.,Production       ,Wireless,26-06-1976,MA,Driver,Female,9967,Hispanic,Divorced,Fully Meets,3
1797,2020-10-13,2022-11-09,Production Technician I,Jennifer Harrington,NEL,Active,Full-Time,Zone A,Full-Time,Voluntary,Us do by over. Source today then between.,Production       ,General - Con,18-09-1987,MA,Laborer,Female,63255,Hispanic,Widowed,Fully Meets,3
1798,2022-10-30,,Production Technician II,Kathryn Avila,PL,Active,Part-Time,Zone A,Full-Time,Unk,,Production       ,Splicing,7/12/1985,MA,Splicer,Female,34441,Black,Widowed,Fully Meets,3
1799,2022-09-04,2023-05-30,Production Technician II,Alexandra Clark,BPC,Voluntarily Terminated,Part-Time,Zone C,Temporary,Involuntary,Better one ball computer.,Production       ,Field Operations,19-02-1989,MA,Technician,Male,12152,Black,Married,Fully Meets,3
1800,2019-10-18,2021-04-19,Production Technician I,Bethany Wilkerson,TNS,Active,Part-Time,Zone C,Full-Time,Resignation,Own while top huge.,Production       ,Wireline Construction,5/4/1976,MA,Lineman,Female,57065,Black,Divorced,Fully Meets,3
1801,2021-07-25,2023-01-23,Production Technician I,Brian Archer,PYZ,Active,Full-Time,Zone C,Temporary,Involuntary,Figure third where boy.,Production       ,General - Con,6/8/1989,MA,Technician,Female,17441,Hispanic,Married,Fully Meets,3
1802,2020-03-31,,Production Technician I,Kathleen Moon,WBL,Active,Part-Time,Zone B,Temporary,Unk,,Production       ,Field Operations,13-08-1982,MA,Driller,Female,1741,Other,Divorced,Fully Meets,3
1803,2019-11-11,2023-08-02,Production Technician I,William Cooper,NEL,Active,Full-Time,Zone C,Full-Time,Resignation,While win have company will identify certainly.,Production       ,General - Eng,11/5/1982,MA,Billing,Female,69859,Other,Divorced,Fully Meets,3
1804,2021-12-05,2022-03-02,Production Technician I,Rebecca Pearson,PL,Active,Part-Time,Zone A,Temporary,Voluntary,Whom book science field follow treatment kind.,Production       ,Field Operations,20-07-1957,MA,Laborer,Male,94462,Hispanic,Widowed,Fully Meets,3
1805,2018-12-17,2022-09-03,Production Technician I,Patricia Perry,BPC,Active,Contract,Zone A,Temporary,Voluntary,Air for charge until want drug seek.,Production       ,Aerial,3/2/1969,MA,Laborer,Male,50864,Black,Divorced,Fully Meets,3
1806,2022-03-06,,Production Technician I,Angela Reese,CCDR,Active,Part-Time,Zone A,Full-Time,Unk,,Production       ,General - Con,25-06-1951,MA,Laborer,Male,8972,Asian,Single,Fully Meets,3
1807,2019-09-04,,Production Technician I,Christina Hayden,SVG,Active,Contract,Zone C,Full-Time,Unk,,Production       ,Yard (Material Handling),13-11-1979,MA,Lineman,Female,94163,White,Widowed,Fully Meets,3
1808,2023-07-26,,Production Technician I,Victoria Jacobs,EW,Active,Part-Time,Zone A,Part-Time,Unk,,Production       ,Splicing,25-09-1983,MA,Coordinator,Female,37289,Black,Married,Fully Meets,3
1809,2022-12-19,2023-05-19,Production Technician I,John Jordan,MSC,Active,Contract,Zone C,Part-Time,Involuntary,Simply national production language.,Production       ,Yard (Material Handling),24-11-1966,MA,Supervisor,Female,21417,Other,Divorced,Fully Meets,3
1810,2021-08-17,,Production Technician I,Stephen Richardson,TNS,Active,Full-Time,Zone A,Part-Time,Unk,,Production       ,General - Con,30-11-1994,MA,Engineer,Male,22860,Black,Divorced,Fully Meets,3
1811,2022-06-11,,Production Technician I,Catherine Baker,PYZ,Active,Contract,Zone A,Full-Time,Unk,,Production       ,Technology / It,11/12/1977,MA,Project Manager,Female,50910,Black,Divorced,Fully Meets,3
1812,2021-10-01,2023-06-18,Production Technician I,William Hall III,WBL,Voluntarily Terminated,Contract,Zone A,Full-Time,Involuntary,Build very significant imagine cell doctor.,Production       ,General - Con,29-04-1978,MA,Manager,Female,78363,Black,Widowed,Fully Meets,3
1813,2020-08-04,,Production Technician I,James Meyer,NEL,Active,Contract,Zone C,Temporary,Unk,,Production       ,Aerial,12/1/1980,MA,Lineman,Female,61521,Other,Divorced,Fully Meets,3
1814,2022-02-11,,Production Technician I,Daniel Thomas,PL,Active,Full-Time,Zone A,Part-Time,Unk,,Production       ,Wireline Construction,8/3/1980,MA,Laborer,Female,43420,Black,Widowed,Fully Meets,3
1815,2020-06-22,,Production Technician I,Christopher Davis,BPC,Active,Contract,Zone A,Part-Time,Unk,,Production       ,Project Management - Con,13-05-1961,MA,Manager,Female,44224,Asian,Married,Fully Meets,3
1816,2020-08-28,,Production Technician II,Ronald Castro,NEL,Active,Contract,Zone A,Temporary,Unk,,Production       ,General - Con,10/5/1951,MA,Supervisor,Female,83618,Other,Single,Fully Meets,3
1817,2019-05-06,2022-04-09,Production Technician II,William Newman,PL,Active,Contract,Zone A,Temporary,Resignation,Condition ability least usually.,Production       ,Aerial,7/1/1987,MA,Lineman,Female,41874,Other,Divorced,Fully Meets,3
1818,2021-07-08,,Production Technician II,Kenneth Miller,BPC,Active,Contract,Zone C,Part-Time,Unk,,Production       ,Yard (Material Handling),7/1/1956,MA,Laborer,Male,32718,Hispanic,Widowed,Fully Meets,3
1819,2022-07-02,,Production Technician I,Deborah Blackwell,WBL,Active,Full-Time,Zone B,Temporary,Unk,,Production       ,General - Con,24-10-1948,MA,Technician,Female,24932,Black,Single,Fully Meets,3
1820,2023-05-04,,Production Technician I,Kenneth Elliott,PYZ,Active,Full-Time,Zone C,Part-Time,Unk,,Production       ,Shop (Fleet),1/2/1980,MA,Shop,Female,74525,Black,Divorced,Fully Meets,3
1821,2022-12-19,,Production Technician I,Tricia Davies,WBL,Active,Full-Time,Zone B,Full-Time,Unk,,Production       ,General - Sga,19-07-1980,MA,Accountant,Female,43930,Hispanic,Widowed,Fully Meets,3
1822,2022-03-26,,Production Technician I,Lisa Hernandez,NEL,Active,Contract,Zone C,Part-Time,Unk,,Production       ,Wireline Construction,24-12-1950,MA,Groundman,Female,5184,Black,Widowed,Fully Meets,3
1823,2021-05-09,2022-11-12,Production Technician I,Karen Pugh,PL,Active,Contract,Zone A,Full-Time,Voluntary,Term few fear whom without.,Production       ,Finance & Accounting,25-11-1960,MA,Assistant,Male,68971,Black,Widowed,Fully Meets,3
1824,2020-01-09,2022-03-10,Production Technician I,Lori Mason,BPC,Active,Contract,Zone B,Temporary,Voluntary,Small prove sea foot property father.,Production       ,Yard (Material Handling),2/3/1960,MA,Vp,Male,69340,Other,Married,Fully Meets,3
1825,2021-05-16,2023-05-14,Production Technician I,Stephen Neal,CCDR,Active,Contract,Zone A,Part-Time,Voluntary,Plan view month maybe always state.,Production       ,Splicing,5/12/1996,MA,Laborer,Male,45326,White,Married,Fully Meets,3
1826,2021-01-31,2022-06-03,Production Technician I,Robert Sanchez,SVG,Active,Part-Time,Zone B,Temporary,Resignation,Western unit case late investment.,Production       ,Aerial,17-11-1941,MA,Foreman,Female,57901,Other,Widowed,Exceeds,3
1827,2021-09-19,2022-09-14,Production Technician I,Glenda Williams,EW,Active,Contract,Zone C,Full-Time,Involuntary,Good technology same cut arrive anything remain.,Production       ,Field Operations,21-05-1982,MA,Operator,Female,18674,Other,Widowed,Needs Improvement,3
1828,2020-03-01,2022-03-26,Production Technician I,Patrick Hall,MSC,Active,Part-Time,Zone B,Temporary,Resignation,Break field attorney.,Production       ,Wireline Construction,9/4/1983,MA,Foreman,Male,64947,Black,Divorced,Exceeds,3
1829,2020-02-29,,Production Technician I,Joel Flynn,TNS,Active,Part-Time,Zone B,Temporary,Unk,,Production       ,Engineers,13-08-1987,MA,Project Manager,Male,37531,White,Married,Exceeds,3
1830,2018-12-08,,Production Technician I,Patrick Carpenter,PYZ,Active,Full-Time,Zone A,Temporary,Unk,,Production       ,Finance & Accounting,26-11-1960,MA,Administrative,Female,78846,Black,Married,Needs Improvement,3
1831,2022-06-26,2023-06-15,Production Technician I,Daniel Mathis,WBL,Voluntarily Terminated,Part-Time,Zone B,Temporary,Retirement,End lay return last compare.,Production       ,Isp,14-10-1970,MA,Technician,Female,40762,Asian,Widowed,Needs Improvement,3
1832,2019-11-03,,Production Technician I,Bradley Randall,NEL,Active,Contract,Zone A,Part-Time,Unk,,Production       ,Engineers,1/6/1956,MA,Engineer,Female,70743,White,Married,Needs Improvement,3
1833,2023-01-01,,Production Technician I,Anita Chapman,PL,Active,Part-Time,Zone B,Full-Time,Unk,,Production       ,Field Operations,31-12-1983,MA,Technician,Female,3284,White,Married,Needs Improvement,3
1834,2020-07-31,2021-04-05,Production Technician II,Joseph Diaz,CCDR,Active,Contract,Zone C,Full-Time,Resignation,Child lose recently.,Production       ,Project Management - Con,13-09-1978,MA,Coordinator,Female,80929,White,Divorced,Needs Improvement,3
1835,2021-09-10,2022-07-19,Production Technician II,Danielle Reyes,EW,Active,Part-Time,Zone B,Temporary,Resignation,Strategy word southern.,Production       ,Field Operations,25-11-1982,MA,Laborer,Female,5480,Asian,Single,Needs Improvement,3
1836,2019-06-19,,Production Technician II,Daniel Hardy,MSC,Active,Part-Time,Zone B,Temporary,Unk,,Production       ,Field Operations,14-01-1971,MA,Laborer,Male,35394,Hispanic,Divorced,Needs Improvement,3
1837,2021-08-16,,Production Technician II,Michael Graves,NEL,Active,Part-Time,Zone B,Full-Time,Unk,,Production       ,Project Management - Con,17-06-1975,MA,Technician,Female,5981,Asian,Divorced,Needs Improvement,3
1838,2019-07-08,,Production Technician I,Elizabeth Kaufman,TNS,Active,Part-Time,Zone A,Temporary,Unk,,Production       ,Aerial,16-09-1958,MA,Laborer,Female,4188,White,Widowed,Exceeds,3
1839,2021-08-17,2022-08-31,Production Technician I,Joshua Glenn,PYZ,Active,Full-Time,Zone A,Part-Time,Voluntary,First sing others lot film anyone.,Production       ,People Services,29-03-1968,MA,Assistant,Female,74361,Other,Single,Exceeds,3
1840,2021-01-08,,Production Technician I,Misty Brown,WBL,Active,Full-Time,Zone B,Part-Time,Unk,,Production       ,General - Eng,7/8/1969,MA,Drafter,Female,56925,Hispanic,Single,Exceeds,3
1841,2018-08-14,,Production Technician I,Brian Paul,NEL,Active,Contract,Zone B,Part-Time,Unk,,Production       ,Field Operations,19-10-1958,MA,Operator,Female,62148,Hispanic,Widowed,Exceeds,3
1842,2021-07-30,,Production Technician I,Ricardo Harris,PL,Active,Part-Time,Zone B,Temporary,Unk,,Production       ,General - Con,10/5/1998,MA,Coordinator,Male,20467,Asian,Divorced,Exceeds,3
1843,2023-04-08,,Production Technician I,Samantha French,BPC,Active,Full-Time,Zone C,Temporary,Unk,,Production       ,Engineers,12/1/1963,MA,Engineer,Male,43130,Hispanic,Married,Needs Improvement,3
1844,2019-09-11,,Production Technician I,Nicole Vasquez,CCDR,Active,Part-Time,Zone A,Part-Time,Unk,,Production       ,General - Con,23-11-1964,MA,Model Assistant,Female,52114,Other,Single,Exceeds,3
1845,2020-03-05,2021-08-22,Production Technician I,Matthew Ramirez,SVG,Active,Part-Time,Zone A,Temporary,Voluntary,Force leader remain machine place.,Production       ,Aerial,23-12-1941,MA,Laborer,Female,78947,Black,Single,Needs Improvement,3
1846,2019-12-02,,Production Technician I,Sarah Delacruz,EW,Active,Full-Time,Zone C,Temporary,Unk,,Production       ,Aerial,24-11-1946,MA,Foreman,Male,85558,Black,Single,Needs Improvement,3
1847,2022-12-03,2022-12-24,Production Technician I,Lee Lucas,MSC,Active,Full-Time,Zone C,Part-Time,Resignation,Beat scene dream because by who ok.,Production       ,Project Management - Con,16-10-2000,MA,Project Manager,Male,16653,Other,Divorced,Needs Improvement,3
1848,2021-12-23,,Production Technician I,Lisa Reed,TNS,Active,Contract,Zone C,Part-Time,Unk,,Production       ,Engineers,17-10-2000,MA,Engineer,Male,40621,Black,Divorced,PIP,3
1849,2022-01-28,,Production Technician I,Mary Conley,PYZ,Active,Part-Time,Zone B,Full-Time,Unk,,Production       ,Project Management - Con,28-05-1960,MA,Project Manager,Female,31815,Hispanic,Divorced,PIP,3
1850,2019-12-15,2021-06-25,Production Technician I,Ashley Orozco,WBL,Voluntarily Terminated,Contract,Zone A,Full-Time,Voluntary,Food few generation seek outside.,Production       ,Aerial,23-10-1996,MA,Lineman,Female,78073,White,Married,PIP,3
1851,2021-11-11,2022-08-01,Production Technician I,Angelica Vazquez,NEL,Voluntarily Terminated,Full-Time,Zone B,Temporary,Retirement,Left how maintain structure these enter kitchen.,Production       ,General - Con,29-10-1967,MA,Laborer,Female,57276,Hispanic,Single,PIP,3
1852,2019-02-15,2023-07-28,Production Technician I,Christopher Ponce,PL,Voluntarily Terminated,Full-Time,Zone A,Part-Time,Voluntary,Fall share energy myself.,Production       ,General - Con,18-10-1981,MA,Technician,Female,47682,Black,Single,PIP,3
1853,2022-03-31,,Production Technician II,Tara Fields,PYZ,Active,Contract,Zone B,Temporary,Unk,,Production       ,Wireline Construction,24-12-1957,MA,Lineman,Female,26452,Other,Divorced,PIP,3
1854,2020-10-25,2022-04-18,Production Technician II,Joshua Evans,WBL,Active,Contract,Zone A,Full-Time,Involuntary,Fight ahead group.,Production       ,Shop (Fleet),29-08-1962,MA,Mechanic,Female,68252,Asian,Married,PIP,3
1855,2022-07-25,2023-04-26,Production Technician II,Lisa Hernandez,NEL,Voluntarily Terminated,Part-Time,Zone B,Part-Time,Retirement,Pretty line two she accept be.,Production       ,General - Con,19-05-1947,MA,Locator,Male,42024,Other,Married,Exceeds,3
1856,2021-08-02,,Production Technician II,Nancy Valdez,PL,Active,Full-Time,Zone A,Full-Time,Unk,,Production       ,Field Operations,19-09-1972,MA,Technician,Female,45723,Black,Widowed,Exceeds,3
1857,2021-11-13,2023-03-17,Production Technician II,David Garcia,BPC,Voluntarily Terminated,Contract,Zone C,Temporary,Involuntary,Have appear along within western city drug tough.,Production       ,Billable Consultants,4/6/1956,MA,Engineer,Male,93336,Other,Divorced,Exceeds,3
1858,2019-05-07,2019-11-27,Production Technician I,Ryan Baker,TNS,Active,Contract,Zone A,Full-Time,Resignation,Reality line toward follow well able.,Production       ,Wireline Construction,20-02-1988,MA,Lineman,Female,16981,Asian,Widowed,Exceeds,3
1859,2020-12-31,2021-03-04,Production Technician I,Tammy Poole,PYZ,Active,Contract,Zone A,Part-Time,Voluntary,Article hope tree happy affect check people.,Production       ,Field Operations,14-12-1982,MA,Field Technician,Female,66623,Hispanic,Married,Exceeds,3
1860,2019-12-10,2020-03-07,Production Technician I,Jenna Perry,WBL,Voluntarily Terminated,Part-Time,Zone B,Full-Time,Involuntary,Entire list exactly control enough.,Production       ,Project Management - Con,9/6/2000,MA,Coordinator,Female,34484,Asian,Divorced,Exceeds,3
1861,2020-06-11,,Production Technician I,Ana Harding,NEL,Active,Contract,Zone A,Full-Time,Unk,,Production       ,Wireline Construction,11/11/1951,MA,Apprentice,Male,97856,Black,Widowed,Exceeds,3
1862,2021-08-30,,Production Technician I,Thomas Davis,PL,Active,Full-Time,Zone C,Temporary,Unk,,Production       ,Aerial,25-03-1985,MA,Laborer,Male,25103,Other,Single,Exceeds,3
1863,2019-11-04,2021-12-29,Production Technician I,Jennifer Boone,BPC,Active,Part-Time,Zone C,Full-Time,Involuntary,Nor director yard within car into final.,Production       ,Engineers,18-09-1987,MA,Engineer,Female,87036,Other,Single,Exceeds,3
1864,2023-06-03,2023-07-18,Production Technician I,Karen Smith,CCDR,Active,Full-Time,Zone A,Temporary,Resignation,Take health either southern religious today.,Production       ,Field Operations,26-05-1972,MA,Splicer,Female,51953,Hispanic,Married,Exceeds,3
1865,2021-02-14,,Production Technician I,Jamie Anderson,SVG,Active,Part-Time,Zone C,Part-Time,Unk,,Production       ,Field Operations,24-05-1969,MA,Lineman,Female,67354,Asian,Single,Exceeds,3
1866,2023-02-28,,Production Technician I,Kathleen Boyle,EW,Active,Contract,Zone A,Temporary,Unk,,Production       ,Field Operations,22-05-1980,MA,Operator,Male,81653,Asian,Divorced,Exceeds,3
1867,2021-01-09,2021-08-17,Production Technician I,Natalie Roman,MSC,Active,Full-Time,Zone B,Temporary,Involuntary,Apply must visit street.,Production       ,Engineers,1/11/1942,MA,Technician,Male,25698,Asian,Divorced,Needs Improvement,3
1868,2022-03-22,2023-05-15,Production Technician I,Anthony Diaz,TNS,Active,Part-Time,Zone A,Full-Time,Resignation,Always agree room animal drug.,Production       ,Field Operations,28-11-2000,MA,Laborer,Male,6756,Black,Single,Needs Improvement,3
1869,2019-11-11,,Production Technician I,Robert Adams,PYZ,Active,Part-Time,Zone C,Temporary,Unk,,Production       ,Catv,25-01-1982,MA,Foreman,Female,70511,Asian,Married,Exceeds,3
1870,2022-10-04,,Production Technician I,Steven Reid,WBL,Active,Contract,Zone B,Full-Time,Unk,,Production       ,Engineers,31-03-1992,MA,Engineer,Female,73361,Hispanic,Married,Fully Meets,3
1871,2021-08-23,,Production Technician I,Andrew Calderon,NEL,Active,Contract,Zone C,Full-Time,Unk,,Production       ,Wireline Construction,9/8/1996,MA,Laborer,Female,51310,White,Widowed,Fully Meets,3
1872,2022-12-05,2023-06-18,Production Technician I,Andrew Ball,PL,Active,Full-Time,Zone B,Temporary,Retirement,General nature open.,Production       ,Field Operations,21-12-1972,MA,Laborer,Female,64371,Hispanic,Married,Fully Meets,3
1873,2019-07-20,2019-08-28,Production Technician II,Christine Larson,BPC,Active,Contract,Zone C,Temporary,Involuntary,Art professional rather move explain.,Production       ,Engineers,23-01-1960,MA,Technician,Female,76588,Black,Married,Fully Meets,3
1874,2021-11-05,,Production Technician II,Brenda Thompson,CCDR,Active,Full-Time,Zone B,Part-Time,Unk,,Production       ,Technology / It,8/12/1960,MA,Technician,Male,35018,Asian,Widowed,Fully Meets,3
1875,2021-01-04,2023-03-04,Production Technician II,Patricia Robbins,EW,Voluntarily Terminated,Full-Time,Zone C,Full-Time,Involuntary,Young finally can fact.,Production       ,General - Con,1/8/1953,MA,Foreman,Male,24806,Other,Single,Fully Meets,3
1876,2022-10-14,2023-03-02,Production Technician II,Terry Stevens,MSC,Leave of Absence,Full-Time,Zone A,Part-Time,Resignation,Sound modern feel special me fish produce.,Production       ,Field Operations,21-10-1943,MA,Operator,Female,40691,Hispanic,Single,Fully Meets,3
1877,2021-10-30,,Production Technician II,Rachel Paul,NEL,Active,Part-Time,Zone A,Full-Time,Unk,,Production       ,General - Con,17-05-1961,MA,Foreman,Male,5750,Asian,Married,Fully Meets,3
1878,2022-10-02,2023-06-28,Production Technician I,Elizabeth Miller,WBL,Active,Part-Time,Zone B,Part-Time,Voluntary,Toward situation politics.,Production       ,Splicing,17-06-2001,MA,Manager,Female,78562,White,Single,Fully Meets,3
1879,2018-11-25,2020-06-14,Production Technician I,David Vasquez,BPC,Voluntarily Terminated,Part-Time,Zone B,Temporary,Involuntary,Key real fill never sing feeling.,Production       ,Engineers,30-10-1965,MA,Engineer,Female,56517,Black,Single,Fully Meets,3
1880,2021-07-09,2023-01-28,Production Technician I,Alexandra Rice,CCDR,Voluntarily Terminated,Full-Time,Zone A,Full-Time,Voluntary,Within direction court hope security stuff early.,Production       ,Project Management - Con,7/1/1966,MA,Foreman,Female,10781,Black,Widowed,Fully Meets,3
1881,2019-05-01,,Production Technician I,Thomas Lee,EW,Active,Full-Time,Zone B,Part-Time,Unk,,Production       ,Field Operations,14-10-2000,MA,Technician,Male,54917,Asian,Single,Fully Meets,3
1882,2021-11-09,2023-01-13,Production Technician I,Christina Burgess,MSC,Active,Full-Time,Zone A,Part-Time,Retirement,List try partner four tax.,Production       ,Fielders,6/2/1945,MA,Engineer,Female,91039,Asian,Divorced,Fully Meets,3
1883,2018-08-27,2019-03-23,Production Technician I,Regina Goodwin,NEL,Active,Full-Time,Zone B,Temporary,Voluntary,Unit computer what age career.,Production       ,Project Management - Con,3/7/1967,MA,Project Manager,Female,26876,Black,Single,Fully Meets,3
1884,2019-03-16,,Production Technician I,Alicia Gonzalez,PL,Active,Part-Time,Zone C,Part-Time,Unk,,Production       ,General - Eng,24-07-2000,MA,Engineer,Female,57831,Other,Married,Fully Meets,3
1885,2022-01-07,,Production Technician I,Peter Giles,PYZ,Active,Contract,Zone B,Full-Time,Unk,,Production       ,General - Con,23-05-1984,MA,Technician,Male,67723,Other,Married,Fully Meets,3
1886,2022-10-04,2023-03-05,Production Technician I,Daniel Guerra,SVG,Active,Contract,Zone A,Temporary,Involuntary,Amount establish away part.,Production       ,Executive,6/12/1984,MA,Administrator,Male,79888,White,Single,Fully Meets,3
1887,2022-03-23,,Production Technician I,Ashley Clark,TNS,Active,Full-Time,Zone C,Full-Time,Unk,,Production       ,Field Operations,13-09-1997,MA,Tower Hand,Male,78957,White,Divorced,Fully Meets,3
1888,2020-05-05,2023-07-25,Production Technician I,Veronica Murphy,WBL,Active,Full-Time,Zone B,Temporary,Voluntary,History follow budget forget instead mind.,Production       ,Engineers,26-12-1947,MA,Engineer,Female,36015,White,Married,Fully Meets,3
1889,2020-11-23,,Production Technician I,Kelsey Thompson,PYZ,Active,Contract,Zone B,Temporary,Unk,,Production       ,General - Con,14-02-1957,MA,Laborer,Female,19032,Other,Divorced,Fully Meets,3
1890,2022-03-28,,Production Technician I,Cole Johns,WBL,Active,Contract,Zone B,Full-Time,Unk,,Production       ,Splicing,24-05-1968,MA,Laborer,Female,55466,White,Widowed,Fully Meets,3
1891,2020-03-25,,Production Technician I,Wendy Elliott,NEL,Active,Full-Time,Zone C,Full-Time,Unk,,Production       ,Aerial,24-06-1946,MA,Labor,Female,6790,Hispanic,Married,Fully Meets,3
1892,2018-08-07,,Production Technician II,Nicholas Anderson,TNS,Active,Contract,Zone A,Temporary,Unk,,Production       ,Aerial,30-05-1986,MA,Technician,Female,91219,Asian,Single,Fully Meets,3
1893,2020-02-11,,Production Technician II,Darryl Scott,BPC,Active,Contract,Zone A,Full-Time,Unk,,Production       ,General - Con,28-01-1976,MA,Clerk,Male,84422,White,Divorced,Fully Meets,3
1894,2023-01-01,,Production Technician II,Clayton Wilson,CCDR,Active,Full-Time,Zone A,Full-Time,Unk,,Production       ,Field Operations,23-05-1959,MA,Laborer,Male,12371,Other,Single,Fully Meets,3
1895,2022-12-07,,Production Technician II,Phillip Fernandez,EW,Active,Part-Time,Zone A,Part-Time,Unk,,Production       ,Wireline Construction,25-01-1989,MA,Lineman,Female,23076,White,Married,Fully Meets,3
1896,2023-03-13,,Production Technician II,Joshua Tapia,MSC,Active,Full-Time,Zone A,Part-Time,Unk,,Production       ,Engineers,18-11-1951,MA,Engineer,Female,80925,Hispanic,Married,Fully Meets,3
1897,2021-11-14,,Production Technician II,Lauren Wilson,NEL,Active,Full-Time,Zone C,Temporary,Unk,,Production       ,Field Operations,20-07-1948,MA,Laborer,Male,38371,Asian,Divorced,Fully Meets,3
1898,2019-06-05,2020-10-20,Production Technician I,Benjamin Lang,MSC,Active,Full-Time,Zone C,Temporary,Voluntary,Benefit avoid fill begin any individual thousand.,Production       ,Field Operations,14-01-1997,MA,Laborer,Female,5154,White,Single,Fully Meets,3
1899,2020-12-12,2023-05-28,Production Technician I,Ashley Cannon,TNS,Active,Contract,Zone C,Full-Time,Retirement,Occur tough thousand on recent.,Production       ,Field Operations,6/9/1982,MA,Laborer,Female,57914,Asian,Married,Fully Meets,3
1900,2020-04-06,,Production Technician I,Lauren Thompson,PYZ,Active,Full-Time,Zone B,Full-Time,Unk,,Production       ,General - Con,22-03-1960,MA,Clerk,Female,46828,Hispanic,Widowed,Fully Meets,3
1901,2023-01-30,,Production Technician I,Diana Cox,WBL,Active,Full-Time,Zone B,Full-Time,Unk,,Production       ,Engineers,9/8/1959,MA,Engineer,Female,51699,White,Divorced,Fully Meets,3
1902,2020-09-08,2022-09-19,Production Technician I,Samantha Hester,NEL,Active,Full-Time,Zone A,Temporary,Retirement,Brother a billion wife watch south.,Production       ,Engineers,11/2/1952,MA,Project Manager,Male,86441,Other,Divorced,Fully Meets,3
1903,2020-12-14,2021-12-07,Production Technician I,Roger Lynch,PL,Active,Part-Time,Zone C,Part-Time,Resignation,Can ahead cell in most generation reduce.,Production       ,Field Operations,11/4/1960,MA,Foreman,Female,39875,Black,Divorced,Fully Meets,3
1904,2022-11-07,,Production Technician I,Brenda Rodriguez,BPC,Active,Contract,Zone C,Part-Time,Unk,,Production       ,General - Con,11/10/1982,MA,Laborer,Female,73332,Asian,Widowed,Fully Meets,3
1905,2022-04-06,,Production Technician I,Sean Moon,CCDR,Active,Part-Time,Zone B,Temporary,Unk,,Production       ,Wireline Construction,10/3/1972,MA,Vp,Female,85085,Asian,Married,Fully Meets,3
1906,2021-02-22,,Production Technician I,Holly Hudson,SVG,Active,Part-Time,Zone B,Full-Time,Unk,,Production       ,Field Operations,3/8/1947,MA,Laborer,Male,11009,Hispanic,Widowed,Fully Meets,3
1907,2022-05-16,,Production Technician I,Charles Allen,EW,Active,Full-Time,Zone C,Part-Time,Unk,,Production       ,Field Operations,4/11/1988,MA,Operator,Male,89719,Asian,Widowed,Fully Meets,3
1908,2020-01-18,,Production Technician I,Bonnie Hardin,MSC,Active,Contract,Zone B,Part-Time,Unk,,Production       ,Field Operations,19-05-1942,MA,Technician,Female,71466,White,Widowed,Fully Meets,3
1909,2021-10-21,,Production Technician I,Heather Michael,TNS,Active,Full-Time,Zone A,Part-Time,Unk,,Production       ,General - Con,15-10-1961,MA,Groundman,Female,68175,White,Widowed,Fully Meets,3
1910,2019-01-05,,Production Technician I,Jose Gomez,PYZ,Active,Full-Time,Zone C,Full-Time,Unk,,Production       ,General - Eng,7/11/1942,MA,Drafter,Female,48973,Hispanic,Divorced,Fully Meets,3
1911,2021-01-24,2022-01-27,Production Technician I,Angela Bailey,WBL,Voluntarily Terminated,Part-Time,Zone B,Temporary,Resignation,Human box wish natural student staff.,Production       ,Wireline Construction,12/6/1991,MA,Laborer,Female,36064,White,Divorced,Fully Meets,3
1912,2020-03-06,2021-03-06,Production Technician II,Brett Sims,TNS,Active,Part-Time,Zone B,Temporary,Retirement,Here relationship possible purpose instead.,Production       ,Engineers,16-10-1987,MA,Engineer,Female,7544,Asian,Married,Fully Meets,3
1913,2022-11-19,2023-02-15,Production Technician II,Natalie Johnson,PYZ,Voluntarily Terminated,Full-Time,Zone B,Full-Time,Involuntary,Fine many herself field method draw learn.,Production       ,General - Con,26-07-1972,MA,Lineman,Male,70057,White,Married,Fully Meets,3
1914,2019-03-15,2019-10-02,Production Technician II,Deanna Freeman,WBL,Voluntarily Terminated,Part-Time,Zone B,Full-Time,Resignation,Scene receive customer way medical way itself.,Production       ,Engineers,4/4/1981,MA,Project Manager,Female,34085,Other,Married,Fully Meets,3
1915,2023-05-11,2023-07-05,Production Technician II,Mary Todd,NEL,Leave of Absence,Part-Time,Zone B,Temporary,Voluntary,Rate pick despite too happy.,Production       ,General - Con,23-07-1946,MA,Laborer,Female,25099,Asian,Divorced,Fully Meets,3
1916,2022-02-05,2023-02-07,Production Technician II,Kevin Perkins,PL,Leave of Absence,Full-Time,Zone A,Full-Time,Involuntary,Shake hold standard team seat word.,Production       ,General - Con,25-09-1963,MA,Technician,Male,86671,Other,Divorced,Fully Meets,3
1917,2019-05-29,,Production Technician I,Joseph Bryant,EW,Active,Contract,Zone B,Full-Time,Unk,,Production       ,General - Eng,3/11/1960,MA,Engineer,Female,39874,Black,Single,Fully Meets,3
1918,2023-01-09,2023-03-14,Production Technician I,Kayla Shelton,MSC,Active,Contract,Zone B,Temporary,Involuntary,Talk beyond year seven.,Production       ,Field Operations,12/9/1990,MA,Supervisor,Female,36065,Black,Single,Fully Meets,3
1919,2022-05-01,2022-11-21,Production Technician I,Dylan Foster,TNS,Voluntarily Terminated,Contract,Zone A,Full-Time,Involuntary,Man mean daughter best quite guess.,Production       ,Shop (Fleet),15-08-1990,MA,Shop,Female,7972,Other,Widowed,Fully Meets,3
1920,2021-01-26,2021-08-06,Production Technician I,Mary Morgan,PYZ,Voluntarily Terminated,Full-Time,Zone B,Full-Time,Retirement,Avoid song interview them class.,Production       ,Field Operations,3/8/1948,MA,Tower Hand,Female,81226,Hispanic,Widowed,Fully Meets,3
1921,2021-09-06,2023-07-02,Production Technician I,Danny Howard,WBL,Active,Contract,Zone C,Full-Time,Voluntary,Member space player.,Production       ,Engineers,27-07-1994,MA,Engineer,Male,10345,Other,Married,Fully Meets,3
1922,2020-07-29,,Production Technician I,Lisa Morrison,NEL,Active,Full-Time,Zone A,Part-Time,Unk,,Production       ,General - Con,11/2/1958,MA,Technician,Male,89245,Asian,Divorced,Fully Meets,3
1923,2023-03-31,2023-04-30,Production Technician I,John Adams,PL,Active,Full-Time,Zone B,Full-Time,Involuntary,Officer thus service.,Production       ,People Services,5/11/1966,MA,Director,Female,46757,Other,Widowed,Fully Meets,3
1924,2023-05-16,2023-05-29,Production Technician I,Derek Thompson,BPC,Active,Part-Time,Zone B,Full-Time,Voluntary,More sure call best.,Production       ,Field Operations,29-11-1994,MA,Foreman,Female,53602,Hispanic,Married,Fully Meets,3
1925,2023-04-29,2023-07-07,Production Technician I,Jason Kelly,CCDR,Active,Contract,Zone B,Full-Time,Voluntary,Gun better when. Ok suddenly certain seat.,Production       ,Splicing,13-02-1980,MA,Laborer,Male,91520,Other,Divorced,Fully Meets,3
1926,2019-11-27,,Production Technician I,Cheryl Anderson,SVG,Active,Contract,Zone A,Temporary,Unk,,Production       ,Field Operations,2/1/2000,MA,Director,Male,95240,Black,Single,Fully Meets,3
1927,2022-11-03,2023-04-02,Production Technician I,Jeffrey Peters,EW,Active,Full-Time,Zone C,Full-Time,Involuntary,Explain put must.,Production       ,Field Operations,6/4/1976,MA,Technician,Male,4497,Hispanic,Married,Fully Meets,3
1928,2022-08-08,,Production Technician I,Cindy Phillips,MSC,Active,Full-Time,Zone A,Part-Time,Unk,,Production       ,General - Con,17-03-1983,MA,Laborer,Female,89914,Hispanic,Widowed,Fully Meets,3
1929,2023-07-27,,Production Technician I,James Lee,TNS,Active,Contract,Zone A,Full-Time,Unk,,Production       ,Field Operations,3/3/1988,MA,Coordinator,Female,97011,Asian,Widowed,Fully Meets,3
1930,2023-07-15,,Production Technician I,Kelly Vaughn,PYZ,Active,Full-Time,Zone C,Temporary,Unk,,Production       ,General - Con,26-08-1986,MA,Technician,Female,70906,Asian,Single,Fully Meets,3
1931,2022-11-09,,Production Technician I,Donna Jones,WBL,Active,Full-Time,Zone B,Temporary,Unk,,Production       ,Fielders,22-12-1999,MA,Engineer,Female,17678,White,Single,Fully Meets,3
1932,2019-12-24,2022-06-12,Sales Manager,Emily Gaines,BPC,Active,Full-Time,Zone A,Temporary,Voluntary,Ok glass media learn grow.,Sales,General - Sga,16-08-1977,MA,Project Manager,Male,1886,Other,Widowed,Fully Meets,3
1933,2019-03-08,,Sales Manager,Laura Smith,NEL,Active,Contract,Zone C,Part-Time,Unk,,Sales,Aerial,1/11/1989,VT,Lineman,Female,5473,Black,Widowed,Fully Meets,3
1934,2019-06-25,2020-10-04,Sales Manager,Steve Grant,WBL,Voluntarily Terminated,Contract,Zone B,Full-Time,Voluntary,Baby still now positive traditional head while.,Sales,General - Eng,29-09-1991,PA,Supervisor,Female,19444,Other,Widowed,Fully Meets,3
1935,2019-01-03,,Production Technician II,Brent Hickman,TNS,Active,Part-Time,Zone A,Temporary,Unk,,Sales,Yard (Material Handling),1/12/1974,MA,Coordinator,Male,60994,Hispanic,Divorced,Fully Meets,3
1936,2023-02-02,,Production Technician II,Mary Weber,BPC,Active,Full-Time,Zone B,Part-Time,Unk,,Sales,Field Operations,26-05-1991,PA,Technician,Female,78866,Hispanic,Widowed,Fully Meets,3
1937,2022-03-30,2023-01-30,Production Technician II,Kayla Peterson,CCDR,Voluntarily Terminated,Full-Time,Zone A,Temporary,Involuntary,Decide prevent town important front.,Sales,Engineers,25-03-1957,PA,Technician,Female,34825,Asian,Single,Fully Meets,3
1938,2020-03-23,,Production Technician II,Donna Gonzalez,TNS,Active,Part-Time,Zone A,Full-Time,Unk,,Sales,Splicing,18-03-1957,MA,Technician,Female,52524,Other,Single,Fully Meets,3
1939,2019-06-06,,Production Technician II,Michele Riddle,PYZ,Active,Contract,Zone C,Temporary,Unk,,Sales,Field Operations,5/3/1942,PA,Engineer,Female,19068,Asian,Married,Fully Meets,3
1940,2023-05-28,,Production Technician II,Stephanie Kerr,TNS,Active,Contract,Zone A,Temporary,Unk,,Sales,Engineers,7/8/1942,MA,Project Manager,Female,18285,Asian,Widowed,Fully Meets,3
1941,2021-02-03,,Production Technician II,Mackenzie Johnston,PYZ,Active,Contract,Zone A,Part-Time,Unk,,Sales,Engineers,6/10/1941,PA,Engineer,Female,13977,Hispanic,Widowed,Fully Meets,3
1942,2019-07-30,2022-11-09,Production Technician II,William Thompson,TNS,Voluntarily Terminated,Part-Time,Zone A,Part-Time,Retirement,Sense station management factor.,Sales,Wireline Construction,11/2/1964,MA,Laborer,Female,37830,Other,Widowed,Fully Meets,3
1943,2022-05-08,2022-11-17,Production Technician II,Timothy Wheeler,PYZ,Voluntarily Terminated,Contract,Zone A,Part-Time,Retirement,Table try place week.,Sales,Shop (Fleet),23-03-1956,PA,Mechanic,Female,34057,White,Widowed,Fully Meets,3
1944,2020-05-12,,Production Technician II,Steve Macdonald,TNS,Active,Part-Time,Zone A,Full-Time,Unk,,Sales,Field Operations,20-08-1963,PA,Technician,Female,80132,Asian,Married,Fully Meets,3
1945,2019-03-28,2022-12-10,Sales Manager,Christopher Murray DDS,TNS,Voluntarily Terminated,Full-Time,Zone A,Temporary,Resignation,Team brother social realize town.,Sales,Engineers,17-02-1977,MA,Engineer,Female,36863,White,Married,Fully Meets,3
1946,2019-07-22,,Production Technician II,James Mitchell,WBL,Active,Full-Time,Zone A,Full-Time,Unk,,Sales,Aerial,22-07-1956,PA,Lineman,Female,76522,Other,Widowed,Fully Meets,3
1947,2020-09-17,,Sales Manager,John Chavez,MSC,Active,Part-Time,Zone C,Temporary,Unk,,Sales,General - Sga,21-07-1982,PA,Manager,Female,42775,White,Single,Fully Meets,3
1948,2022-07-02,2022-08-09,Production Technician II,Teresa Williamson,TNS,Voluntarily Terminated,Part-Time,Zone B,Temporary,Retirement,Step loss place continue inside.,Sales,Splicing,8/12/1963,PA,Splicer,Female,46619,Black,Married,Fully Meets,3
1949,2019-11-30,,Sales Manager,Kimberly Washington,MSC,Active,Contract,Zone A,Part-Time,Unk,,Sales,Field Operations,4/4/1950,PA,Technician,Female,63764,Hispanic,Divorced,Fully Meets,3
1950,2023-07-21,2023-07-21,Production Technician II,Stephanie Anderson,TNS,Voluntarily Terminated,Contract,Zone C,Temporary,Involuntary,Long before return human peace century team.,Production       ,Splicing,24-03-1958,PA,Splicer,Female,30495,Asian,Married,Fully Meets,3
1951,2020-08-26,2021-05-30,Sales Manager,Jeffery Snyder,SVG,Voluntarily Terminated,Full-Time,Zone A,Temporary,Voluntary,Final send three.,Sales,Aerial,9/10/1960,MA,Foreman,Female,32929,Asian,Married,Fully Meets,3
1952,2020-05-16,,Sales Manager,Abigail Marks,TNS,Active,Full-Time,Zone A,Full-Time,Unk,,Sales,Underground,31-07-1989,PA,Laborer,Female,57392,Other,Divorced,Fully Meets,3
1953,2023-04-06,2023-05-24,Production Technician I,Jeffrey Murphy,PL,Active,Full-Time,Zone B,Full-Time,Retirement,Any adult enter these less.,Production       ,Finance & Accounting,20-02-1976,MA,Cfo,Female,2718,Asian,Divorced,Fully Meets,3
1954,2019-02-18,2022-10-31,Production Technician II,Heather Riley,SVG,Voluntarily Terminated,Part-Time,Zone C,Temporary,Voluntary,Learn yes material management Mr vote.,Production       ,Finance & Accounting,22-07-1968,MA,Administration,Female,2129,Other,Divorced,Fully Meets,3
1955,2020-10-10,,Production Technician I,Jonathan Huber,MSC,Active,Full-Time,Zone A,Temporary,Unk,,Production       ,Field Operations,4/4/1998,MA,Engineer,Male,1776,White,Married,Fully Meets,3
1956,2021-05-15,,Production Technician I,Patrick Liu,PL,Active,Part-Time,Zone A,Full-Time,Unk,,Production       ,Billable Consultants,18-12-1958,MA,Engineer,Female,1915,Black,Married,Fully Meets,3
1957,2019-05-13,2022-05-30,Production Technician I,Jimmy Cox,TNS,Voluntarily Terminated,Part-Time,Zone C,Full-Time,Retirement,Prove do voice ten likely do.,Production       ,Field Operations,15-02-1975,MA,Manager,Female,2330,Asian,Widowed,Fully Meets,3
1958,2019-07-04,,Production Technician I,Neil Aguilar,PYZ,Active,Contract,Zone B,Full-Time,Unk,,Production       ,Sales & Marketing,18-10-1990,MA,Assistant,Female,2170,Other,Married,Fully Meets,3
1959,2022-04-01,2022-04-28,Production Technician I,Kirsten Patel,CCDR,Active,Part-Time,Zone B,Temporary,Voluntary,Nation fight role according team candidate.,Production       ,Project Management - Con,2/8/1989,MA,Coordinator,Female,2154,Asian,Married,Fully Meets,3
1960,2018-11-03,,Production Technician I,Sean Scott,PYZ,Active,Full-Time,Zone A,Part-Time,Unk,,Production       ,Aerial,26-05-1948,MA,Administrator,Male,2176,White,Divorced,Fully Meets,3
1961,2018-10-11,2022-05-04,Production Technician I,Matthew Hawkins,TNS,Voluntarily Terminated,Part-Time,Zone A,Full-Time,Voluntary,Trip letter possible institution nothing.,Production       ,General - Eng,17-07-1945,MA,Drafter,Female,2351,Black,Married,Fully Meets,3
1962,2023-06-25,2023-07-25,Production Technician II,Susan Gilbert,CCDR,Active,Contract,Zone C,Part-Time,Involuntary,It likely program stay product.,Production       ,General - Con,18-02-1951,MA,Clerk,Female,1824,Other,Divorced,Fully Meets,3
1963,2020-09-14,2021-08-31,Production Technician I,Tiffany Baker,CCDR,Voluntarily Terminated,Contract,Zone B,Full-Time,Resignation,Expert wrong space Mrs popular kitchen small.,Production       ,General - Con,8/5/1972,MA,Technician,Female,2446,Other,Married,Fully Meets,3
1964,2022-12-20,2023-03-11,Production Technician I,Ashley Wagner,EW,Terminated for Cause,Part-Time,Zone B,Part-Time,Voluntary,War good your trial second black sit.,Production       ,Executive,27-03-1969,MA,Manager,Female,2458,Other,Married,Fully Meets,3
1965,2022-02-23,,Production Technician II,Pamela Smith,CCDR,Active,Full-Time,Zone A,Temporary,Unk,,Production       ,General - Con,31-07-1949,MA,Specialist,Female,2021,White,Widowed,Fully Meets,3
1966,2019-05-31,,Production Technician II,Jessica Klein,TNS,Active,Full-Time,Zone C,Part-Time,Unk,,Production       ,General - Con,4/3/1971,MA,Technician,Female,1040,Other,Widowed,Fully Meets,3
1967,2019-01-29,,Production Technician I,Molly Freeman,PL,Active,Part-Time,Zone A,Part-Time,Unk,,Production       ,General - Con,11/12/1994,MA,Flagger,Female,2453,Other,Single,Fully Meets,3
1968,2019-09-01,,Production Technician I,Cynthia Watkins,NEL,Active,Full-Time,Zone B,Temporary,Unk,,Production       ,General - Con,29-06-1955,MA,Laborer,Female,1887,Asian,Widowed,Fully Meets,3
1969,2021-01-17,2021-06-08,Production Technician I,Derek Vargas,MSC,Leave of Absence,Full-Time,Zone A,Part-Time,Retirement,Indicate mother account loss really past.,Production       ,General - Con,10/2/1975,MA,Foreman,Female,2122,White,Single,Fully Meets,3
1970,2022-04-21,2022-04-21,Production Technician I,Mark Bradley,PYZ,Active,Part-Time,Zone C,Temporary,Retirement,Push must right.,Production       ,Field Operations,17-04-1952,MA,Foreman,Female,1886,Other,Single,Fully Meets,3
1971,2018-09-15,2023-07-14,Production Technician II,Christopher Rodriguez,MSC,Voluntarily Terminated,Part-Time,Zone C,Full-Time,Voluntary,Glass minute shake food determine deep.,Production       ,General - Con,10/2/1994,MA,Lineman,Female,2210,Other,Divorced,Fully Meets,3
1972,2021-12-04,2022-01-07,Production Technician II,Caroline Little,EW,Active,Contract,Zone A,Temporary,Involuntary,Its card benefit dream bring.,Production       ,Field Operations,23-01-1996,MA,Laborer,Male,2045,Asian,Single,Fully Meets,3
1973,2019-11-14,,Production Technician II,Angela Watson,BPC,Active,Full-Time,Zone B,Full-Time,Unk,,Production       ,General - Con,10/10/1991,MA,Laborer,Female,2324,Black,Married,Fully Meets,3
1974,2021-04-14,,Production Technician I,Robert Joseph,NEL,Active,Part-Time,Zone A,Temporary,Unk,,Production       ,Aerial,29-12-1968,MA,Supervisor,Female,2110,White,Widowed,Fully Meets,3
1975,2019-04-14,,Production Technician I,Logan Ball,SVG,Active,Contract,Zone A,Temporary,Unk,,Production       ,Project Management - Con,31-10-1941,MA,Manager,Female,10062,Other,Divorced,Fully Meets,3
1976,2021-01-09,,Production Technician I,Steven Ramos,EW,Active,Full-Time,Zone C,Full-Time,Unk,,Production       ,Finance & Accounting,16-02-1945,MA,Administration,Female,82592,White,Single,Fully Meets,3
1977,2022-12-26,2023-07-04,Production Technician I,Ashley Williams,MSC,Voluntarily Terminated,Contract,Zone B,Full-Time,Voluntary,Before room than city she.,Production       ,Field Operations,22-09-1952,MA,Technician,Female,4549,White,Single,Fully Meets,3
1978,2021-10-05,2023-07-02,Production Technician I,James Foster,TNS,Voluntarily Terminated,Full-Time,Zone B,Part-Time,Voluntary,Economy choice authority responsibility.,Production       ,Finance & Accounting,22-12-1976,MA,Administration,Female,61287,Other,Divorced,Fully Meets,3
1979,2022-09-25,2023-03-27,Production Technician I,Christopher Sanford,PYZ,Active,Part-Time,Zone B,Temporary,Voluntary,Let create wind fast gun heavy cold.,Production       ,Engineers,25-03-1972,MA,Engineer,Female,61958,Asian,Single,Fully Meets,3
1980,2021-11-10,,Production Technician I,Heather Ramirez,WBL,Active,Part-Time,Zone C,Full-Time,Unk,,Production       ,General - Con,16-06-1990,MA,Manager,Female,37701,Hispanic,Married,Fully Meets,3
1981,2021-04-08,2023-07-16,Production Technician I,Amanda Mills,NEL,Active,Contract,Zone A,Temporary,Involuntary,Prevent involve hundred price.,Production       ,General - Con,14-11-1993,MA,Foreman,Male,19755,Black,Divorced,Fully Meets,3
1982,2018-11-14,,Production Technician I,Jordan Cox,PL,Active,Full-Time,Zone C,Temporary,Unk,,Production       ,General - Sga,24-05-1980,MA,Manager,Female,48632,Hispanic,Married,Fully Meets,3
1983,2020-03-14,2022-10-22,Production Technician I,Daniel Huff,BPC,Active,Part-Time,Zone C,Full-Time,Resignation,Hold left direction. Ahead investment she.,Production       ,General - Con,26-11-1956,MA,Laborer,Female,31391,Asian,Widowed,Fully Meets,3
1984,2020-06-24,,Production Technician I,Samantha Bryant,CCDR,Active,Full-Time,Zone B,Temporary,Unk,,Production       ,Catv,11/2/1948,MA,Splicer,Female,8522,Black,Single,Fully Meets,3
1985,2023-03-19,2023-04-04,Production Technician I,Hunter Cervantes,SVG,Active,Contract,Zone B,Temporary,Resignation,Race least white while real huge.,Production       ,General - Con,9/11/1963,MA,Lineman,Female,88359,White,Widowed,Fully Meets,3
1986,2022-08-15,,Production Technician I,Samantha Wyatt,EW,Active,Contract,Zone C,Full-Time,Unk,,Production       ,Executive,18-02-1949,MA,Director,Female,21326,Black,Divorced,Fully Meets,3
1987,2018-11-09,,Production Technician I,Richard Davis II,MSC,Active,Full-Time,Zone C,Part-Time,Unk,,Production       ,General - Sga,27-05-1967,MA,Administrator,Female,75570,White,Single,Fully Meets,3
1988,2018-11-23,2019-08-19,Production Technician I,Lisa Jones,TNS,Active,Contract,Zone A,Temporary,Retirement,Seven president one. Wind education reveal old.,Production       ,Field Operations,26-10-1989,MA,Laborer,Female,97548,Black,Single,Fully Meets,3
1989,2020-02-25,,Production Technician II,Jessica Garcia,PL,Active,Full-Time,Zone A,Temporary,Unk,,Production       ,Field Operations,14-06-2000,MA,Groundman,Female,51952,Other,Married,Fully Meets,3
1990,2020-05-16,2022-05-18,Production Technician II,Jacqueline Jackson,BPC,Active,Full-Time,Zone C,Temporary,Resignation,To prevent method stand decision.,Production       ,Field Operations,18-09-1947,MA,Laborer,Female,46806,Black,Divorced,Fully Meets,3
1991,2019-06-18,2023-07-05,Production Technician II,Kimberly Fox,CCDR,Active,Contract,Zone B,Temporary,Involuntary,Best candidate this seem soldier summer.,Production       ,General - Con,1/1/1949,MA,Technician,Female,67662,Other,Married,Fully Meets,3
1992,2019-05-20,2021-03-30,Production Technician II,Melissa Welch,SVG,Active,Contract,Zone A,Part-Time,Involuntary,Create who sound worry ground.,Production       ,General - Con,25-02-1950,MA,Laborer,Female,74114,White,Divorced,Fully Meets,3
1993,2020-10-16,2021-02-12,Production Technician II,James Ferguson,EW,Active,Full-Time,Zone A,Full-Time,Voluntary,Stuff oil customer fact billion there.,Production       ,Field Operations,21-07-1972,MA,Technician,Female,54589,Hispanic,Divorced,Fully Meets,3
1994,2022-07-01,2022-11-03,Production Technician II,Michael Pope,MSC,Active,Full-Time,Zone A,Full-Time,Voluntary,Party course morning also blue.,Production       ,General - Con,29-12-1988,MA,Lineman,Female,43526,Other,Single,Fully Meets,3
1995,2022-12-17,,Production Technician II,Brandon Jones,TNS,Active,Contract,Zone A,Full-Time,Unk,,Production       ,Field Operations,6/8/1978,MA,Driller,Female,22396,Other,Married,Fully Meets,3
1996,2021-10-24,2021-11-21,Production Technician II,Carrie Davidson,PYZ,Active,Part-Time,Zone A,Temporary,Resignation,Win join best machine feel.,Production       ,Aerial,10/7/1992,MA,Lineman,Female,92216,White,Single,Fully Meets,3
1997,2019-02-28,2019-10-11,Production Technician II,Ricky Stephens,WBL,Active,Part-Time,Zone B,Full-Time,Retirement,Tv she everybody picture budget.,Production       ,Wireline Construction,9/6/1990,MA,Project Manager,Female,64180,Asian,Divorced,Fully Meets,3
1998,2022-03-24,,Production Technician II,Kathleen Gonzalez,NEL,Active,Full-Time,Zone C,Part-Time,Unk,,Production       ,General - Con,21-02-1999,MA,Laborer,Female,34377,Black,Widowed,Fully Meets,3
1999,2021-10-17,2022-11-12,Production Technician II,Leslie Hernandez,PL,Active,Contract,Zone A,Temporary,Involuntary,Agreement cell total play relate.,Production       ,Field Operations,22-06-1943,MA,Locator,Female,65306,Other,Widowed,Fully Meets,3
2000,2022-05-13,2022-09-12,Production Technician I,Judith Ryan,PYZ,Active,Full-Time,Zone A,Part-Time,Involuntary,Staff summer fire my game kitchen.,Production       ,General - Con,7/7/1963,MA,Flagger,Female,29557,Black,Widowed,Fully Meets,3
2001,2019-10-09,2023-01-06,Production Technician I,Kimberly Meyer,SVG,Voluntarily Terminated,Contract,Zone B,Full-Time,Resignation,Use eight hot bar board realize without.,Production       ,Yard (Material Handling),17-08-1977,MA,Coordinator,Female,18299,White,Widowed,Fully Meets,3
2002,2018-10-12,2023-07-21,Production Technician I,Amanda Garcia,TNS,Voluntarily Terminated,Contract,Zone B,Temporary,Involuntary,Onto work name back goal claim reduce.,Production       ,General - Con,25-05-1990,MA,Laborer,Female,81634,White,Married,Fully Meets,3
2003,2020-04-13,2022-11-28,Production Technician I,Kathleen Hayes,WBL,Voluntarily Terminated,Contract,Zone B,Part-Time,Voluntary,Number environmental next shoulder kid move away.,Production       ,Shop (Fleet),1/7/1985,MA,Welder,Female,48650,Other,Married,Fully Meets,3
2004,2021-04-25,,Production Technician I,Michael Austin,PYZ,Active,Contract,Zone B,Full-Time,Unk,,Production       ,Engineers,5/4/2001,MA,Engineer,Female,72181,Other,Divorced,Fully Meets,3
2005,2018-12-21,2022-11-16,Production Technician I,Glenn Rollins,WBL,Active,Part-Time,Zone B,Part-Time,Retirement,Point himself deep audience upon door too.,Production       ,Splicing,9/3/1947,MA,Laborer,Female,53844,Asian,Widowed,Fully Meets,3
2006,2021-09-19,,Production Technician I,Renee Valentine,NEL,Active,Contract,Zone C,Temporary,Unk,,Production       ,Executive,23-10-1973,MA,Chief Operating Officer,Male,72825,Other,Married,Fully Meets,3
2007,2020-12-15,,Production Technician I,Elizabeth Stewart,PL,Active,Full-Time,Zone C,Temporary,Unk,,Production       ,Splicing,5/5/1979,MA,Splicer,Female,10308,Black,Widowed,Fully Meets,3
2008,2019-07-15,2020-01-13,Production Technician I,Michelle Taylor,BPC,Active,Part-Time,Zone A,Temporary,Voluntary,Follow yourself child to foot.,Production       ,Field Operations,3/9/1941,MA,Lineman,Female,67443,Asian,Widowed,Fully Meets,3
2009,2021-11-17,,Production Technician I,Alexander Parker,CCDR,Active,Contract,Zone C,Temporary,Unk,,Production       ,Project Management - Con,1/10/1997,MA,Engineer,Female,9141,White,Widowed,Fully Meets,3
2010,2023-02-04,2023-06-24,Production Technician I,Eric Vincent,SVG,Active,Part-Time,Zone B,Part-Time,Resignation,Food shake indicate cost happen up president.,Production       ,Catv,7/3/1949,MA,Laborer,Female,71663,Hispanic,Married,Fully Meets,3
2011,2022-07-03,2022-07-12,Production Technician I,Nichole Jordan,EW,Active,Contract,Zone B,Temporary,Retirement,Institution window ability miss recently around.,Production       ,Finance & Accounting,6/8/1994,MA,Clerk,Female,91439,Asian,Married,Fully Meets,3
2012,2020-01-24,2022-09-14,Production Technician I,Jason Kennedy,MSC,Active,Contract,Zone B,Full-Time,Voluntary,Billion turn account cut spring.,Production       ,General - Sga,6/6/1984,MA,Vp,Female,44651,White,Single,Fully Meets,3
2013,2019-07-07,2021-03-27,Production Technician I,Crystal Johnson,TNS,Active,Contract,Zone A,Temporary,Voluntary,Maintain score scene attack face try wish.,Production       ,General - Con,8/4/1952,MA,Foreman,Female,61363,Black,Widowed,Fully Meets,3
2014,2022-03-13,,Production Technician II,Corey Roberts,EW,Active,Part-Time,Zone B,Temporary,Unk,,Production       ,Splicing,11/11/1984,MA,Technician,Female,6175,Asian,Divorced,Fully Meets,3
2015,2023-06-02,,Production Technician II,Nicholas Torres,MSC,Active,Part-Time,Zone B,Part-Time,Unk,,Production       ,Engineers,5/3/1992,MA,Engineer,Female,23634,White,Widowed,Fully Meets,3
2016,2021-04-08,,Production Technician II,Amy Durham,NEL,Active,Contract,Zone C,Full-Time,Unk,,Production       ,Field Operations,1/10/1958,MA,Lineman,Female,66919,White,Widowed,Fully Meets,3
2017,2019-12-02,,Production Technician II,Miguel Brown,PL,Active,Full-Time,Zone B,Part-Time,Unk,,Production       ,Aerial,17-04-1971,MA,Laborer,Female,10719,Black,Single,Fully Meets,3
2018,2022-03-09,2023-05-18,Production Technician II,Kimberly Roth,PYZ,Active,Contract,Zone C,Temporary,Retirement,Various various decide per clear miss.,Production       ,Yard (Material Handling),27-01-1986,MA,Runner,Female,86107,Asian,Divorced,Fully Meets,3
2019,2022-03-26,,Production Technician II,Danielle Little,SVG,Active,Full-Time,Zone C,Temporary,Unk,,Production       ,Field Operations,8/1/1977,MA,Laborer,Female,65810,White,Widowed,Fully Meets,3
2020,2021-05-08,2022-08-05,Production Technician II,Allison Fox,TNS,Active,Part-Time,Zone A,Full-Time,Involuntary,Law safe yard market likely wife case action.,Production       ,Wireline Construction,14-02-1946,MA,Billing,Female,47869,Black,Widowed,Fully Meets,3
2021,2022-11-29,,Production Technician II,Christine Salas,WBL,Active,Part-Time,Zone A,Temporary,Unk,,Production       ,Field Operations,11/12/1955,MA,Foreman,Female,54120,Asian,Widowed,Fully Meets,3
2022,2019-05-24,,Production Technician II,Stephanie Bridges,BPC,Active,Contract,Zone B,Part-Time,Unk,,Production       ,Wireless,30-08-1941,MA,Operator,Female,21322,White,Divorced,Fully Meets,3
2023,2022-01-29,2022-04-23,Production Technician II,Sara Chapman,CCDR,Active,Part-Time,Zone C,Part-Time,Retirement,Leave probably series even avoid.,Production       ,General - Con,4/8/1962,MA,Foreman,Female,31287,Hispanic,Divorced,Fully Meets,3
2024,2021-07-06,2022-03-14,Production Technician II,Troy Price,EW,Active,Full-Time,Zone C,Full-Time,Retirement,Range create to drive.,Production       ,Field Operations,25-03-1991,MA,Coordinator,Female,5063,Asian,Single,Fully Meets,3
2025,2021-01-29,2023-02-12,Production Technician II,Jason Johnson,MSC,Active,Part-Time,Zone C,Temporary,Resignation,Form prepare beat focus direction marriage.,Production       ,Field Operations,11/4/1975,MA,Laborer,Female,90678,Asian,Single,Fully Meets,3
2026,2023-05-13,2023-06-10,Production Technician I,James White,SVG,Active,Contract,Zone A,Full-Time,Resignation,Deep new manage big picture.,Production       ,Field Operations,26-02-1970,MA,Locator,Female,5306,Hispanic,Married,Fully Meets,3
2027,2019-05-22,,Production Technician I,Michael Ortiz,EW,Active,Part-Time,Zone A,Full-Time,Unk,,Production       ,Fielders,4/8/1974,MA,Engineer,Female,42458,Black,Single,Fully Meets,3
2028,2021-09-30,2021-11-14,Production Technician I,Paul Wilcox,MSC,Voluntarily Terminated,Full-Time,Zone C,Temporary,Retirement,Half audience option safe.,Production       ,Field Operations,2/5/1981,MA,Tower Hand,Female,77958,Hispanic,Widowed,Fully Meets,3
2029,2019-09-09,,Production Technician I,Alyssa Garrett,TNS,Active,Contract,Zone C,Full-Time,Unk,,Production       ,General - Eng,23-10-1943,MA,Billing,Female,84191,Black,Single,Fully Meets,3
2030,2019-04-26,2019-05-13,Production Technician I,Nicole Rodriguez,PYZ,Active,Full-Time,Zone B,Full-Time,Resignation,Station opportunity already agency blood answer.,Production       ,Wireline Construction,13-08-1982,MA,Operator,Female,34988,Asian,Married,Fully Meets,3
2031,2022-02-19,2023-04-05,Production Technician I,Mary Clark,WBL,Active,Full-Time,Zone C,Full-Time,Involuntary,Smile friend too now move end institution.,Production       ,Project Management - Con,16-06-1977,MA,Manager,Male,8786,Asian,Married,Fully Meets,3
2032,2022-04-16,2022-12-25,Production Technician I,Daniel Stafford,NEL,Active,Contract,Zone C,Part-Time,Retirement,Participant under home.,Production       ,Field Operations,5/11/1996,MA,Technician,Male,19087,Asian,Divorced,Fully Meets,3
2033,2022-05-12,,Production Technician I,Christopher White,PL,Active,Full-Time,Zone A,Full-Time,Unk,,Production       ,General - Con,28-01-1991,MA,Laborer,Female,47570,White,Divorced,Fully Meets,3
2034,2021-08-26,2023-08-03,Production Technician I,Randall Hill,BPC,Active,Full-Time,Zone C,Part-Time,Voluntary,Manage expert such rate stand.,Production       ,Field Operations,19-01-1947,MA,Driver,Female,95951,Asian,Married,Fully Meets,3
2035,2020-06-06,2021-11-23,Production Technician I,Alicia Horton,CCDR,Active,Full-Time,Zone C,Full-Time,Retirement,Race a way theory analysis.,Production       ,Aerial,14-03-2001,MA,Lineman,Female,44292,Asian,Married,Fully Meets,3
2036,2022-06-26,,Production Technician I,Melinda Brown,SVG,Active,Contract,Zone A,Part-Time,Unk,,Production       ,Aerial,18-02-1942,MA,Laborer,Female,1372,Asian,Single,Fully Meets,3
2037,2021-01-09,2022-05-14,Production Technician I,Keith Morrison,EW,Active,Contract,Zone C,Full-Time,Involuntary,Present trip year.,Production       ,General - Con,27-08-1945,MA,Clerk,Female,14973,White,Married,Fully Meets,3
2038,2018-09-02,,Production Technician I,Pamela Calderon,MSC,Active,Part-Time,Zone A,Temporary,Unk,,Production       ,Splicing,4/5/2001,MA,Foreman,Female,81445,Black,Married,Fully Meets,3
2039,2022-04-22,,Production Technician I,Andrea Riley,TNS,Active,Full-Time,Zone B,Full-Time,Unk,,Production       ,Field Operations,4/10/1957,MA,Operator,Female,29345,White,Single,Fully Meets,3
2040,2021-12-05,2023-06-26,Production Technician II,Eric Walton,NEL,Future Start,Contract,Zone B,Temporary,Involuntary,Impact central buy top section.,Production       ,General - Con,4/12/1949,MA,Lineman,Female,33621,Other,Divorced,Fully Meets,3
2041,2022-09-13,,Production Technician II,Tina Jenkins,PL,Active,Part-Time,Zone C,Part-Time,Unk,,Production       ,General - Con,18-04-1997,MA,Laborer,Female,91981,Black,Single,Fully Meets,3
2042,2019-11-24,,Production Technician II,Logan Middleton,BPC,Active,Part-Time,Zone C,Part-Time,Unk,,Production       ,General - Con,29-02-1992,MA,Technician,Female,79529,White,Married,Fully Meets,3
2043,2020-03-19,,Production Technician II,Michelle Coleman,CCDR,Active,Contract,Zone C,Part-Time,Unk,,Production       ,Isp,21-09-1967,MA,Technician,Female,7492,White,Married,Fully Meets,3
2044,2022-09-14,,Production Technician II,Christina Baldwin,SVG,Active,Contract,Zone C,Full-Time,Unk,,Production       ,Wireline Construction,20-02-1992,MA,Operator,Female,16589,Black,Married,Fully Meets,3
2045,2021-09-21,,Production Technician II,Ricky Reyes,EW,Active,Part-Time,Zone A,Part-Time,Unk,,Production       ,Fielders,19-11-1976,MA,Engineer,Female,39813,Other,Divorced,Fully Meets,3
2046,2020-05-22,,Production Technician II,Rachel Nicholson,MSC,Active,Part-Time,Zone C,Part-Time,Unk,,Production       ,Project Management - Con,26-10-1948,MA,Manager,Female,31663,Asian,Widowed,Fully Meets,3
2047,2022-12-13,,Production Technician II,Jacob Smith,TNS,Active,Contract,Zone A,Part-Time,Unk,,Production       ,Aerial,23-08-1966,MA,Laborer,Female,26502,White,Single,Fully Meets,3
2048,2022-02-07,,Production Technician II,Adam Bates,PYZ,Active,Contract,Zone B,Part-Time,Unk,,Production       ,Aerial,6/4/1995,MA,Laborer,Female,4321,Asian,Married,Fully Meets,3
2049,2020-10-06,,Production Technician II,Thomas Richard,WBL,Active,Contract,Zone A,Full-Time,Unk,,Production       ,Field Operations,7/5/1942,MA,Laborer,Female,93573,Asian,Widowed,Fully Meets,3
2050,2022-01-11,2022-12-16,Production Technician II,Lisa Smith,NEL,Active,Full-Time,Zone C,Full-Time,Retirement,Top whether good.,Production       ,Wireless,3/2/1953,MA,Safety,Female,17084,White,Widowed,Fully Meets,3
2051,2022-02-26,,Production Technician I,Desiree Jennings,CCDR,Active,Part-Time,Zone C,Temporary,Unk,,Production       ,Field Operations,13-04-1999,MA,Laborer,Female,18433,Black,Single,Fully Meets,3
2052,2020-06-10,2022-11-13,Production Technician I,Dr. Donald Henry,SVG,Active,Part-Time,Zone B,Part-Time,Involuntary,Mean car law read friend growth.,Production       ,Field Operations,12/5/1956,MA,Laborer,Female,61020,Hispanic,Married,Fully Meets,3
2053,2021-09-27,,Production Technician I,Curtis Gonzales,EW,Active,Part-Time,Zone B,Temporary,Unk,,Production       ,Engineers,9/2/1989,MA,Engineer,Female,34501,White,Divorced,Fully Meets,3
2054,2018-10-25,2021-10-15,Production Technician I,Shawn Acosta,MSC,Active,Contract,Zone C,Temporary,Voluntary,Anyone include world claim up.,Production       ,Project Management - Con,30-12-1993,MA,Coordinator,Female,41617,Black,Married,Fully Meets,3
2055,2020-11-25,,Production Technician I,Jamie Hernandez,TNS,Active,Contract,Zone A,Full-Time,Unk,,Production       ,Engineers,19-07-1989,MA,Executive,Female,70318,White,Divorced,Fully Meets,3
2056,2020-04-17,2022-02-26,Production Technician I,Abigail Cooper,PYZ,Active,Contract,Zone A,Full-Time,Voluntary,Stock about front themselves list value.,Production       ,Field Operations,25-07-1957,MA,Laborer,Female,69455,White,Divorced,Fully Meets,3
2057,2021-04-15,,Production Technician I,Amanda Jones,WBL,Active,Contract,Zone C,Part-Time,Unk,,Production       ,Field Operations,14-12-1964,MA,Laborer,Male,28907,Hispanic,Married,Fully Meets,3
2058,2022-04-17,2022-06-03,Production Technician I,Stephanie Morales,NEL,Active,Full-Time,Zone A,Temporary,Resignation,Provide pick upon green event himself.,Production       ,Field Operations,13-01-1984,MA,Laborer,Male,9125,White,Divorced,Fully Meets,3
2059,2023-07-29,2023-08-06,Production Technician I,Sally Owens,PL,Voluntarily Terminated,Full-Time,Zone C,Temporary,Retirement,Issue administration collection.,Production       ,General - Con,27-07-1987,MA,Laborer,Female,7499,White,Married,Fully Meets,3
2060,2023-01-26,,Production Technician I,David Perkins,BPC,Active,Part-Time,Zone C,Part-Time,Unk,,Production       ,Field Operations,18-09-1942,MA,Tower Hand,Female,96077,Asian,Divorced,Fully Meets,3
2061,2018-12-12,,Production Technician I,Natasha Dennis,CCDR,Active,Full-Time,Zone A,Full-Time,Unk,,Production       ,Engineers,6/8/1946,MA,Field Project Manager,Female,55355,Other,Married,Fully Meets,3
2062,2018-10-25,,Production Technician I,Regina Roberts,SVG,Active,Contract,Zone C,Temporary,Unk,,Production       ,Project Management - Con,18-07-1950,MA,Laborer,Female,35346,Hispanic,Single,Fully Meets,3
2063,2021-05-20,,Production Technician I,Raymond Johnson,EW,Active,Contract,Zone B,Full-Time,Unk,,Production       ,Aerial,26-03-1944,MA,Groundman,Female,72585,Hispanic,Married,Fully Meets,3
2064,2020-08-28,2020-12-26,Production Technician I,Nicholas Freeman,MSC,Active,Part-Time,Zone C,Full-Time,Resignation,Maintain catch look. Wide local natural.,Production       ,Finance & Accounting,10/5/1964,MA,Executive,Female,32823,White,Single,Fully Meets,3
2065,2020-05-10,,Production Technician II,Yesenia Sandoval,EW,Active,Contract,Zone C,Full-Time,Unk,,Production       ,Field Operations,29-02-1972,MA,Laborer,Female,18169,Other,Single,Fully Meets,3
2066,2023-08-04,2023-08-04,Production Technician II,Lisa Bryant,MSC,Active,Contract,Zone A,Full-Time,Voluntary,Yeah deal great thousand church least fact.,Production       ,Project Management - Con,25-05-1989,MA,Manager,Female,71853,Asian,Single,Fully Meets,3
2067,2022-04-22,,Production Technician II,Ariana Campbell MD,NEL,Active,Full-Time,Zone C,Part-Time,Unk,,Production       ,Engineers,20-10-1949,MA,Project Manager,Female,97487,White,Divorced,Fully Meets,3
2068,2021-06-05,,Production Technician II,William Mccall DDS,PL,Active,Contract,Zone C,Part-Time,Unk,,Production       ,Field Operations,7/9/1962,MA,Laborer,Female,53645,White,Divorced,Fully Meets,3
2069,2022-06-29,,Production Technician II,William Wagner,PYZ,Active,Full-Time,Zone C,Temporary,Unk,,Production       ,Wireline Construction,25-12-1991,MA,Manager,Female,43569,Other,Widowed,Fully Meets,3
2070,2022-07-02,,Production Technician II,David Collins,SVG,Active,Contract,Zone A,Full-Time,Unk,,Production       ,Field Operations,20-02-1969,MA,Operator,Female,38800,White,Divorced,Fully Meets,3
2071,2023-01-04,,Production Technician II,Jessica Matthews,TNS,Active,Contract,Zone A,Full-Time,Unk,,Production       ,Wireline Construction,14-05-1977,MA,Laborer,Female,72287,White,Widowed,Fully Meets,3
2072,2023-07-08,,Production Technician II,William Walters,WBL,Active,Contract,Zone A,Temporary,Unk,,Production       ,Project Management - Con,7/9/1980,MA,Engineer,Female,37599,White,Single,Fully Meets,3
2073,2023-03-03,2023-08-06,Production Technician II,Daniel Lee,PYZ,Active,Part-Time,Zone B,Full-Time,Involuntary,Drug remain total marriage ago raise.,Production       ,Field Operations,18-07-1956,MA,Manager,Female,52861,Hispanic,Single,Fully Meets,3
2074,2019-08-19,,Production Technician II,Michelle Williams,WBL,Active,Part-Time,Zone B,Full-Time,Unk,,Production       ,Field Operations,25-11-1967,MA,Supervisor,Female,11079,Hispanic,Widowed,Fully Meets,3
2075,2018-10-30,,Production Technician I,Vicki Ortega,NEL,Active,Contract,Zone A,Full-Time,Unk,,Production       ,Project Management - Con,13-10-1976,MA,Manager,Female,88221,Other,Married,Fully Meets,3
2076,2021-12-07,2023-01-02,Production Technician I,David Simpson,PL,Active,Full-Time,Zone A,Full-Time,Voluntary,Yeah quickly speech hold. Hard image wall large.,Production       ,Field Operations,27-07-1943,MA,Project Manager,Female,83667,Black,Divorced,Fully Meets,3
2077,2020-11-18,2021-02-13,Production Technician I,Christina Serrano,PYZ,Active,Full-Time,Zone A,Temporary,Resignation,Decide material save personal media.,Production       ,General - Con,25-12-1943,MA,Foreman,Female,50403,Asian,Married,Fully Meets,3
2078,2018-09-26,2019-10-15,Production Technician I,Yolanda Sanders,SVG,Voluntarily Terminated,Full-Time,Zone B,Temporary,Voluntary,Until factor claim chance.,Production       ,Field Operations,26-10-1986,MA,Laborer,Female,50499,White,Single,Fully Meets,3
2079,2022-06-19,,Production Technician I,Michael Potts,TNS,Active,Part-Time,Zone B,Part-Time,Unk,,Production       ,General - Con,12/6/1956,MA,Flagger,Female,60487,White,Married,Fully Meets,3
2080,2022-09-15,2023-02-14,Production Technician I,Alexander Martin,WBL,Active,Contract,Zone B,Temporary,Involuntary,Serve bill write instead pressure life anyone.,Production       ,Catv,3/11/1960,MA,Supervisor,Female,34104,Other,Married,Fully Meets,3
2081,2020-05-09,,Production Technician I,Kaylee Gross,BPC,Active,Part-Time,Zone A,Temporary,Unk,,Production       ,Engineers,8/6/1988,MA,Supervisor,Female,84354,Asian,Married,Fully Meets,3
2082,2021-02-17,,Production Technician I,Antonio Hayes,CCDR,Active,Contract,Zone C,Temporary,Unk,,Production       ,Field Operations,8/1/1961,MA,Laborer,Male,53786,Black,Single,Fully Meets,3
2083,2020-04-12,,Production Technician I,Barbara Mendez,EW,Active,Contract,Zone C,Temporary,Unk,,Production       ,Engineers,16-05-1981,MA,Technician,Female,92893,Hispanic,Divorced,Fully Meets,3
2084,2021-03-30,,Production Technician I,Steven Phelps,MSC,Active,Contract,Zone B,Full-Time,Unk,,Production       ,Sales & Marketing,6/2/1971,MA,Assistant,Female,77142,Hispanic,Divorced,Fully Meets,3
2085,2019-05-05,2022-01-11,Production Technician I,Dana Parker,NEL,Active,Contract,Zone C,Full-Time,Voluntary,Customer make camera truth.,Production       ,Engineers,12/7/1999,MA,Engineer,Female,8666,Asian,Married,Fully Meets,3
2086,2021-05-31,2021-11-12,Production Technician I,Steven Short,PL,Active,Contract,Zone A,Part-Time,Retirement,Capital course trade.,Production       ,General - Con,14-11-1978,MA,Laborer,Female,26272,Asian,Divorced,Fully Meets,3
2087,2019-11-21,2020-06-24,Production Technician I,Drew Hawkins,PYZ,Active,Part-Time,Zone A,Full-Time,Involuntary,Per record feeling bed tax education.,Production       ,Field Operations,19-12-1959,MA,Laborer,Female,11105,Black,Widowed,Fully Meets,3
2088,2019-07-19,,Production Technician I,Wendy Adams,SVG,Active,Contract,Zone B,Full-Time,Unk,,Production       ,Yard (Material Handling),27-05-1960,MA,Coordinator,Female,37040,White,Divorced,Fully Meets,3
2089,2018-12-29,2020-07-04,Production Technician I,Zachary Hanson,TNS,Active,Contract,Zone C,Part-Time,Voluntary,Upon situation late.,Production       ,Technology / It,4/6/1966,MA,Director,Female,93414,White,Married,Fully Meets,3
2090,2023-01-12,,Production Technician II,Michelle Dickerson,EW,Active,Part-Time,Zone B,Full-Time,Unk,,Production       ,General - Sga,30-10-1942,MA,Assistant,Female,33206,Asian,Divorced,Fully Meets,3
2091,2022-11-25,,Production Technician II,Christopher Wallace,MSC,Active,Contract,Zone C,Part-Time,Unk,,Production       ,Field Operations,14-03-1999,MA,Locator,Female,72118,Black,Single,Fully Meets,3
2092,2019-11-13,,Production Technician II,Sean Jones,NEL,Active,Part-Time,Zone C,Full-Time,Unk,,Production       ,Field Operations,9/9/1987,MA,Laborer,Female,36134,Asian,Widowed,Fully Meets,3
2093,2020-09-08,2022-08-24,Production Technician II,Harold Mccullough,PL,Active,Contract,Zone A,Temporary,Resignation,Opportunity place deal.,Production       ,General - Con,6/5/1948,MA,Technician,Female,18116,Hispanic,Married,Fully Meets,3
2094,2019-06-16,2021-09-07,Production Technician II,Andrew Norton,PYZ,Active,Part-Time,Zone C,Part-Time,Involuntary,Same manage return husband try general.,Production       ,Field Operations,12/1/1964,MA,Groundman,Female,67210,Black,Married,Fully Meets,3
2095,2023-07-14,2023-07-16,Production Technician II,Allen Mckinney,SVG,Active,Full-Time,Zone A,Full-Time,Retirement,Night official cut director seven.,Production       ,Project Management - Con,19-10-1997,MA,Manager,Female,60616,Other,Divorced,Fully Meets,3
2096,2023-07-18,,Production Technician II,Stephen Knight,TNS,Active,Contract,Zone C,Full-Time,Unk,,Production       ,Field Operations,17-07-1985,MA,Construction Manager,Female,17358,Black,Single,Fully Meets,3
2097,2018-12-06,2019-04-09,Production Technician II,Kenneth Mathews,WBL,Active,Part-Time,Zone C,Full-Time,Retirement,Laugh effort pressure fund.,Production       ,Aerial,25-02-1964,MA,Lineman,Female,29605,Black,Widowed,PIP,2
2098,2020-07-15,,Production Technician II,Robert Mercado,BPC,Active,Part-Time,Zone B,Temporary,Unk,,Production       ,Catv,19-05-1950,MA,Laborer,Female,51886,Other,Divorced,PIP,5
2099,2018-10-30,,Production Technician I,Victor Graves DVM,BPC,Active,Full-Time,Zone B,Part-Time,Unk,,Production       ,General - Sga,29-03-1969,MA,Vp,Female,66261,Hispanic,Widowed,PIP,4
2100,2022-09-13,,Production Technician I,Tracey Jackson,CCDR,Active,Contract,Zone A,Temporary,Unk,,Production       ,Aerial,24-11-1944,MA,Coordinator,Female,26880,Other,Divorced,Exceeds,4
2101,2022-12-28,2023-05-13,Production Technician I,Sarah Carter,SVG,Voluntarily Terminated,Full-Time,Zone B,Temporary,Involuntary,Even third look high.,Production       ,Fielders,13-12-1964,MA,Engineer,Female,35098,Hispanic,Married,PIP,5
2102,2023-03-24,,Production Technician I,Jose Harris,EW,Active,Part-Time,Zone B,Part-Time,Unk,,Production       ,Field Operations,23-01-1966,MA,Driller,Female,90728,Asian,Single,Exceeds,2
2103,2020-10-02,,Production Technician I,Stephen Lester,MSC,Active,Contract,Zone A,Full-Time,Unk,,Production       ,Field Operations,25-12-1986,MA,Construction Manager,Female,49149,Asian,Widowed,Exceeds,5
2104,2020-09-14,,Production Technician I,Ana Trujillo,TNS,Active,Contract,Zone A,Temporary,Unk,,Production       ,Field Operations,19-08-1949,MA,Laborer,Female,73771,Hispanic,Widowed,Exceeds,2
2105,2020-01-19,,Production Technician I,Jennifer Campbell,PYZ,Active,Part-Time,Zone C,Part-Time,Unk,,Production       ,General - Sga,27-01-1960,MA,Supervisor,Female,92541,Hispanic,Single,Needs Improvement,4
2106,2019-04-14,2023-01-20,Production Technician I,Timothy Walters,WBL,Active,Contract,Zone C,Temporary,Resignation,No even actually meet though three.,Production       ,Wireline Construction,14-11-1962,MA,Foreman,Male,47601,White,Widowed,Exceeds,2
2107,2023-06-02,2023-07-24,Production Technician I,Jesse Gilmore,NEL,Active,Contract,Zone B,Temporary,Retirement,Cell push simply. Career situation record entire.,Production       ,Field Operations,27-12-1943,MA,Project Manager,Female,68361,Hispanic,Widowed,Exceeds,1
2108,2022-05-09,2023-01-03,Production Technician I,Austin Brown,PL,Voluntarily Terminated,Part-Time,Zone A,Temporary,Retirement,Herself Mr office bed.,Production       ,Field Operations,19-09-1978,MA,Driller,Female,71922,White,Widowed,Needs Improvement,2
2109,2021-02-23,,Production Technician I,Jeremiah Harper,BPC,Active,Part-Time,Zone C,Part-Time,Unk,,Production       ,Field Operations,22-11-1988,MA,Tower Hand,Female,51689,Other,Divorced,Exceeds,5
2110,2021-06-04,,Production Technician I,Jessica Shaffer,CCDR,Active,Contract,Zone C,Temporary,Unk,,Production       ,General - Sga,13-05-1948,MA,Vp,Female,97553,Black,Single,Exceeds,4
2111,2022-03-29,2022-07-30,Production Technician I,Sharon Salas,SVG,Active,Full-Time,Zone A,Temporary,Involuntary,Arrive allow reveal move.,Production       ,General - Con,17-05-1957,MA,Lineman,Female,92067,Asian,Single,Needs Improvement,5
2112,2019-07-30,2020-01-21,Production Technician I,Cristina Davis,EW,Active,Part-Time,Zone B,Temporary,Voluntary,Guy present clear.,Production       ,Engineers,24-09-1943,MA,Technician,Female,65114,Other,Widowed,Exceeds,4
2113,2020-07-09,2022-12-10,Production Technician I,Lisa Manning,MSC,Active,Part-Time,Zone B,Full-Time,Involuntary,Out phone market. Time parent economy each.,Production       ,General - Con,20-10-1944,MA,Clerk,Female,9677,White,Widowed,Exceeds,2
2114,2019-08-24,,Production Technician II,Caitlin Stokes,NEL,Active,Contract,Zone C,Part-Time,Unk,,Production       ,Engineers,24-04-1992,MA,Project Manager,Female,38475,White,Single,Exceeds,4
2115,2019-04-15,2023-05-10,Production Technician II,Kristin White,PL,Active,Contract,Zone A,Part-Time,Voluntary,Although center movement stock. While you local.,Production       ,Billable Consultants,30-03-1978,MA,Engineer,Female,25166,Asian,Married,Exceeds,2
2116,2021-08-21,,Production Technician II,David Cook,BPC,Active,Part-Time,Zone C,Full-Time,Unk,,Production       ,Engineers,3/9/1946,MA,Engineer,Female,81288,Black,Divorced,Needs Improvement,4
2117,2020-06-22,,Production Technician II,Blake Proctor,CCDR,Active,Full-Time,Zone B,Full-Time,Unk,,Production       ,Field Operations,17-05-1993,MA,Laborer,Female,45637,Hispanic,Divorced,Exceeds,2
2118,2020-01-28,,Production Technician II,Sherry Le,SVG,Active,Part-Time,Zone C,Temporary,Unk,,Production       ,Project Management - Eng,6/11/2000,MA,Coordinator,Female,41529,White,Widowed,Exceeds,5
2119,2019-03-29,,Production Technician II,Susan Smith,EW,Active,Part-Time,Zone A,Temporary,Unk,,Production       ,General - Con,10/9/1941,MA,Foreman,Female,72491,White,Married,Exceeds,5
2120,2018-10-05,,Production Technician II,William Waters,MSC,Active,Contract,Zone C,Full-Time,Unk,,Production       ,Wireline Construction,17-01-1967,MA,Lineman,Female,66867,Asian,Divorced,Needs Improvement,2
2121,2020-08-20,,Production Technician II,Angel Rhodes,TNS,Active,Part-Time,Zone A,Full-Time,Unk,,Production       ,Splicing,11/9/1998,MA,Splicer,Female,12265,Asian,Married,Exceeds,5
2122,2021-06-11,2022-11-14,Production Technician I,William Thomas,BPC,Active,Full-Time,Zone C,Temporary,Resignation,Company event positive along avoid.,Production       ,General - Con,21-10-1975,MA,Locator,Female,65636,Asian,Married,Needs Improvement,5
2123,2021-09-10,,Production Technician I,Jackie Tran,CCDR,Active,Contract,Zone B,Temporary,Unk,,Production       ,Catv,12/2/1979,MA,Project Manager,Female,96364,White,Widowed,Exceeds,2
2124,2023-02-21,2023-07-09,Production Technician I,Kristin Lee,SVG,Voluntarily Terminated,Contract,Zone B,Temporary,Voluntary,New serve test what conference management.,Production       ,Wireline Construction,9/8/1950,MA,Laborer,Female,42707,White,Single,Exceeds,2
2125,2019-08-09,,Production Technician I,Sean Ayers,EW,Active,Full-Time,Zone B,Part-Time,Unk,,Production       ,Engineers,30-05-2001,MA,Project Manager,Female,1514,White,Divorced,Exceeds,4
2126,2021-03-08,2022-10-07,Production Technician I,Steven Logan,MSC,Active,Part-Time,Zone C,Temporary,Involuntary,Will cut garden exist ability its human.,Production       ,Technology / It,20-06-1969,MA,Helpdesk,Female,35121,Black,Married,PIP,1
2127,2019-07-20,,Production Technician I,Pamela Davis,TNS,Active,Contract,Zone A,Part-Time,Unk,,Production       ,Field Operations,26-11-1953,MA,Foreman,Female,36490,Black,Single,Needs Improvement,4
2128,2023-03-27,,Production Technician I,Catherine Lane,PYZ,Active,Full-Time,Zone A,Temporary,Unk,,Production       ,Field Operations,2/10/1955,MA,Foreman,Female,85293,Black,Widowed,Needs Improvement,2
2129,2019-10-07,,Production Technician I,Samantha Alexander,WBL,Active,Part-Time,Zone B,Temporary,Unk,,Production       ,Field Operations,2/2/1988,MA,Technician,Male,40632,Other,Divorced,Needs Improvement,2
2130,2022-12-13,,Production Technician I,Jade Quinn,NEL,Active,Contract,Zone C,Part-Time,Unk,,Production       ,Field Operations,24-02-1973,MA,Tower Hand,Female,54337,Other,Married,Needs Improvement,1
2131,2020-06-06,2022-03-12,Production Technician I,John Harvey,PL,Voluntarily Terminated,Part-Time,Zone C,Part-Time,Resignation,Dream enough treatment knowledge area.,Production       ,Field Operations,12/3/1951,MA,Laborer,Female,88590,Black,Widowed,Needs Improvement,4
2132,2022-04-25,,Production Technician I,Christine Campbell,BPC,Active,Full-Time,Zone A,Full-Time,Unk,,Production       ,Fielders,18-06-1964,MA,Technician,Female,70052,Other,Widowed,Needs Improvement,2
2133,2020-07-28,,Production Technician I,Adriana Wood,CCDR,Active,Contract,Zone A,Full-Time,Unk,,Production       ,Field Operations,20-08-1974,MA,Tower Hand,Female,88134,Black,Single,PIP,1
2134,2022-02-28,2023-05-31,Production Technician I,Vanessa Garcia,SVG,Active,Part-Time,Zone B,Temporary,Resignation,Out always about must with ago here.,Production       ,Aerial,9/7/2001,MA,Foreman,Female,36904,Hispanic,Widowed,Exceeds,2
2135,2021-10-25,2023-02-18,Production Technician I,Shaun Barr,EW,Active,Contract,Zone A,Part-Time,Voluntary,Board from heart ago allow list.,Production       ,Engineers,25-04-1955,MA,Technician,Female,65653,Asian,Married,Exceeds,2
2136,2018-09-12,2020-07-11,Production Technician I,Elizabeth Ray,MSC,Active,Part-Time,Zone A,Part-Time,Involuntary,Despite expect democratic then affect toward.,Production       ,Underground,8/10/1991,MA,Labor,Female,19006,Other,Divorced,Exceeds,1
2137,2022-12-31,2023-01-15,Production Technician II,Joseph Guerra,CCDR,Future Start,Contract,Zone B,Full-Time,Involuntary,Fight perhaps along western.,Production       ,General - Con,21-02-1962,MA,Laborer,Female,53948,Black,Married,Exceeds,5
2138,2021-11-04,2023-06-10,Production Technician II,Charles Castillo,EW,Active,Contract,Zone C,Temporary,Involuntary,Direction garden particularly trial.,Production       ,Project Management - Con,11/8/1966,MA,Evp,Female,69346,Hispanic,Divorced,Exceeds,2
2139,2020-05-05,,Production Technician II,Laura Fernandez,MSC,Active,Part-Time,Zone B,Full-Time,Unk,,Production       ,Aerial,30-03-1968,MA,Laborer,Female,3763,White,Widowed,Exceeds,2
2140,2020-12-08,,Production Technician II,Christine Bryant,NEL,Active,Contract,Zone A,Part-Time,Unk,,Production       ,Engineers,22-08-1969,MA,Supervisor,Female,74489,Black,Widowed,Exceeds,2
2141,2018-09-29,2023-05-20,Production Technician II,Andrea Simmons,PL,Active,Contract,Zone C,Full-Time,Resignation,Many with summer.,Production       ,Aerial,25-07-1946,MA,Foreman,Female,73814,Hispanic,Married,Exceeds,2
2142,2020-01-09,2020-11-02,Production Technician II,Jill Hubbard,PYZ,Active,Contract,Zone A,Temporary,Involuntary,Often his world its threat last.,Production       ,Engineers,25-01-1965,MA,Engineer,Female,40697,Other,Widowed,Exceeds,2
2143,2020-07-01,2022-10-31,Production Technician II,Jessica Morales,SVG,Future Start,Contract,Zone A,Temporary,Involuntary,Gas group whose within step clear choose.,Production       ,Yard (Material Handling),25-01-1994,MA,Coordinator,Female,46121,Asian,Divorced,Exceeds,1
2144,2022-08-25,,Production Technician II,Matthew Valdez,TNS,Active,Full-Time,Zone B,Temporary,Unk,,Production       ,Field Operations,28-01-1998,MA,Laborer,Female,80572,Hispanic,Divorced,Exceeds,2
2145,2019-02-27,,Production Technician II,Alex Price,WBL,Active,Full-Time,Zone A,Full-Time,Unk,,Production       ,General - Sga,4/10/1989,MA,Coordinator,Female,58886,Other,Divorced,Exceeds,1
2146,2019-12-25,2023-06-04,Production Technician I,Jerry Peters,MSC,Voluntarily Terminated,Full-Time,Zone A,Temporary,Resignation,Line close that rich.,Production       ,Splicing,3/11/1943,MA,Model Assistant,Female,73772,Other,Divorced,Exceeds,2
2147,2020-08-14,2021-10-27,Production Technician I,Jessica Myers,NEL,Active,Contract,Zone B,Temporary,Involuntary,Gas also suffer air support size make.,Production       ,Aerial,6/11/1981,MA,Lineman,Female,80599,Hispanic,Divorced,Exceeds,4
2148,2021-07-30,,Production Technician I,Andrea Morales,PL,Active,Full-Time,Zone A,Full-Time,Unk,,Production       ,Splicing,21-04-1949,MA,Splicer,Female,75427,Black,Widowed,Exceeds,5
2149,2021-05-02,2023-06-27,Production Technician I,Charles Williams,PYZ,Voluntarily Terminated,Full-Time,Zone A,Temporary,Involuntary,Development produce health drop should.,Production       ,Project Management - Con,26-03-1997,MA,Coordinator,Female,90636,White,Single,Exceeds,5
2150,2023-01-21,2023-03-29,Production Technician I,Eric Rivera,SVG,Active,Full-Time,Zone B,Full-Time,Voluntary,Onto brother heavy this job.,Production       ,Splicing,6/10/1971,MA,Splicer,Female,73850,Asian,Widowed,Exceeds,5
2151,2021-01-20,2023-06-27,Production Technician I,Jimmy Watkins,TNS,Active,Contract,Zone B,Temporary,Involuntary,Cut mind yard third.,Production       ,Fielders,5/12/1950,MA,Engineer,Female,47622,Hispanic,Married,Exceeds,1
2152,2020-10-07,,Production Technician I,Keith Odonnell,WBL,Active,Part-Time,Zone C,Temporary,Unk,,Production       ,Engineers,7/1/1956,MA,Project Manager,Female,70069,White,Widowed,Exceeds,2
2153,2019-06-15,,Production Technician I,Isaiah Giles,BPC,Active,Contract,Zone C,Part-Time,Unk,,Production       ,Project Management - Con,10/9/1944,MA,Model Assistant,Female,58613,Other,Married,Exceeds,4
2154,2022-04-28,,Production Technician I,Steven Mccarthy,CCDR,Active,Part-Time,Zone A,Temporary,Unk,,Production       ,Field Operations,8/9/1975,MA,Driller,Male,3793,Other,Married,Exceeds,4
2155,2019-06-29,2023-02-19,Production Technician I,Jesse Montoya,EW,Voluntarily Terminated,Part-Time,Zone B,Full-Time,Resignation,See take music any idea same military.,Production       ,Finance & Accounting,24-02-1942,MA,Coordinator,Female,72455,Other,Single,Exceeds,4
2156,2018-09-11,2020-03-14,Production Technician I,Melissa Glass,MSC,Active,Part-Time,Zone B,Temporary,Voluntary,Over still care thought to.,Production       ,Executive,29-01-1989,MA,Manager,Female,94916,Black,Widowed,Exceeds,3
2157,2020-05-15,2021-12-22,Production Technician I,Heather Swanson,NEL,Active,Contract,Zone A,Full-Time,Retirement,West run alone address week wear.,Production       ,General - Sga,2/2/1950,MA,Assistant,Female,1687,Asian,Married,Exceeds,4
2158,2023-02-23,,Production Technician I,Scott Baker,PL,Active,Full-Time,Zone B,Full-Time,Unk,,Production       ,Field Operations,7/7/1962,MA,Foreman,Female,54978,White,Married,Exceeds,3
2159,2021-03-23,2022-03-22,Production Technician I,James Medina,PYZ,Active,Full-Time,Zone C,Temporary,Resignation,Major actually hot cell.,Production       ,Aerial,31-05-1983,MA,Lineman,Female,73141,White,Widowed,Exceeds,5
2160,2022-11-07,2023-04-06,Production Technician I,Tyler Sexton,SVG,Active,Full-Time,Zone A,Part-Time,Involuntary,Glass agree upon picture that production.,Production       ,General - Con,22-05-1988,MA,Laborer,Female,5804,Other,Married,Exceeds,3
2161,2021-05-19,,Production Technician I,Karen Frank,TNS,Active,Contract,Zone C,Full-Time,Unk,,Production       ,Project Management - Con,26-05-1951,MA,Engineer,Female,61393,Asian,Single,Exceeds,3
2162,2021-01-02,,Production Technician II,Emily Mills,WBL,Active,Full-Time,Zone B,Temporary,Unk,,Production       ,Project Management - Con,5/4/1970,MA,Project Manager,Female,53999,Asian,Married,Exceeds,3
2163,2019-03-26,,Production Technician II,Anna Garcia,NEL,Active,Contract,Zone B,Full-Time,Unk,,Production       ,General - Sga,19-11-1966,MA,Lineman,Female,32240,White,Married,Exceeds,1
2164,2020-09-28,,Production Technician II,Jennifer Moore,PL,Active,Part-Time,Zone C,Full-Time,Unk,,Production       ,General - Eng,27-07-1950,MA,Technician,Female,95333,Black,Divorced,Exceeds,3
2165,2019-03-16,2020-04-26,Production Technician II,Tracey Cox,BPC,Active,Contract,Zone C,Full-Time,Involuntary,Line know television.,Production       ,Field Operations,6/2/1948,MA,Laborer,Female,26451,Asian,Divorced,Exceeds,3
2166,2019-03-20,,Production Technician II,Michelle Kennedy,CCDR,Active,Contract,Zone B,Part-Time,Unk,,Production       ,Field Operations,9/9/1997,MA,Operator,Female,7438,Asian,Widowed,Exceeds,3
2167,2018-12-30,2020-08-10,Production Technician II,Theresa Olson,SVG,Future Start,Part-Time,Zone B,Temporary,Voluntary,Maintain race expert cost continue store.,Production       ,Technology / It,27-11-1991,MA,Administrator,Female,5348,Hispanic,Divorced,Exceeds,3
2168,2018-08-08,,Production Technician II,Denise Roach,EW,Active,Part-Time,Zone B,Full-Time,Unk,,Production       ,Field Operations,16-01-1995,MA,Technician,Female,26000,Black,Divorced,Exceeds,3
2169,2020-07-04,2022-05-11,Production Technician II,Sarah Harrison,MSC,Active,Full-Time,Zone A,Full-Time,Retirement,Method suggest leave process deep tough seek.,Production       ,General - Con,26-12-1995,MA,Flagger,Female,81396,Black,Widowed,Exceeds,3
2170,2023-01-29,,Production Technician I,Shawn Prince,PL,Active,Full-Time,Zone C,Part-Time,Unk,,Production       ,Wireline Construction,17-06-1950,MA,Billing,Female,65842,Black,Widowed,Exceeds,3
2171,2021-08-09,2022-05-27,Production Technician I,Nicholas Ho,BPC,Active,Full-Time,Zone A,Part-Time,Resignation,Change lose be mention blue rise society.,Production       ,Executive,11/2/1992,MA,Executive Assistant,Female,34460,Hispanic,Married,Exceeds,3
2172,2021-05-16,2023-06-30,Production Technician I,Jennifer Collins,CCDR,Voluntarily Terminated,Part-Time,Zone C,Temporary,Retirement,Cost he international center head.,Production       ,Field Operations,1/6/1994,MA,Laborer,Female,84884,Other,Single,Exceeds,3
2173,2021-08-14,2021-10-08,Production Technician I,Ryan Armstrong,SVG,Voluntarily Terminated,Contract,Zone A,Part-Time,Retirement,Others pull establish maintain dark at.,Production       ,Engineers,4/10/1987,MA,Engineer,Female,6115,Asian,Divorced,Exceeds,3
2174,2022-02-08,,Production Technician I,Mark Moore,EW,Active,Full-Time,Zone B,Temporary,Unk,,Production       ,General - Eng,29-12-1970,MA,Coordinator,Female,6918,Black,Married,Exceeds,3
2175,2019-12-16,2020-06-21,Production Technician I,Julia Mitchell,MSC,Active,Contract,Zone C,Temporary,Voluntary,Somebody include mention staff determine.,Production       ,Field Operations,2/10/1987,MA,Technician,Female,71740,Hispanic,Widowed,Exceeds,2
2176,2021-10-07,,Production Technician I,Theresa Welch,TNS,Active,Full-Time,Zone B,Full-Time,Unk,,Production       ,Field Operations,22-12-1988,MA,Foreman,Female,4056,Asian,Married,Exceeds,2
2177,2020-12-23,,Production Technician I,Nicholas Robertson,PYZ,Active,Full-Time,Zone A,Full-Time,Unk,,Production       ,Catv,2/9/1951,MA,Supervisor,Male,35807,Asian,Single,PIP,4
2178,2022-11-01,,Production Technician I,Amy Hinton,WBL,Active,Contract,Zone B,Part-Time,Unk,,Production       ,Fielders,30-08-1990,MA,Engineer,Female,86281,Hispanic,Married,PIP,4
2179,2022-10-28,2023-05-27,Production Technician I,Christopher Gardner,NEL,Voluntarily Terminated,Contract,Zone B,Full-Time,Retirement,Tree read security individual.,Production       ,Project Management - Con,4/1/1996,MA,Supervisor,Female,28181,Black,Widowed,PIP,4
2180,2018-11-03,2023-05-03,Production Technician I,Elizabeth Koch,PL,Active,Full-Time,Zone A,Full-Time,Resignation,Cultural later per thank.,Production       ,Field Operations,10/8/1980,MA,Technician,Female,74027,Hispanic,Widowed,PIP,5
2181,2019-03-05,2020-03-16,Production Technician I,Nathaniel Harvey,BPC,Active,Contract,Zone A,Temporary,Resignation,Every maybe feel court.,Production       ,Field Operations,13-08-1991,MA,Foreman,Female,94011,Black,Single,PIP,5
2182,2021-03-14,,Production Technician I,Sharon Thompson,CCDR,Active,Full-Time,Zone A,Part-Time,Unk,,Production       ,General - Eng,20-01-1992,MA,Engineer,Female,96129,Black,Widowed,Exceeds,4
2183,2018-12-13,,Production Technician I,Vickie Garrett,SVG,Active,Contract,Zone C,Full-Time,Unk,,Production       ,Finance & Accounting,12/9/1949,MA,Manager,Female,81415,White,Divorced,Exceeds,5
2184,2021-09-05,2023-03-31,Production Technician I,Jeremy Ritter,EW,Active,Full-Time,Zone C,Part-Time,Retirement,Line operation form notice.,Production       ,Aerial,20-02-1984,MA,Laborer,Female,22258,Other,Divorced,Exceeds,2
2185,2020-05-17,2022-02-18,Production Technician II,Todd Henson,WBL,Voluntarily Terminated,Contract,Zone A,Full-Time,Involuntary,Lawyer her author poor. Person determine before.,Production       ,Aerial,21-04-1959,MA,Groundman,Female,13138,Asian,Single,Exceeds,5
2186,2023-03-03,2023-03-23,Production Technician II,Nathan Bush,NEL,Active,Part-Time,Zone A,Temporary,Voluntary,Speech street suggest call edge.,Production       ,Field Operations,17-05-1997,MA,Technician,Male,74447,Hispanic,Married,Exceeds,1
2187,2020-02-28,,Production Technician II,Erica Wilson,PL,Active,Part-Time,Zone B,Full-Time,Unk,,Production       ,Engineers,26-01-1998,MA,Program Manager,Female,31571,Hispanic,Married,Exceeds,5
2188,2021-02-11,2023-06-28,Production Technician II,Patrick Garner,BPC,Active,Part-Time,Zone A,Part-Time,Involuntary,Minute accept the must.,Production       ,Field Operations,21-02-1965,MA,Laborer,Female,1509,Black,Married,Exceeds,2
2189,2019-01-25,,Production Technician II,Daniel Mullins,CCDR,Active,Part-Time,Zone B,Temporary,Unk,,Production       ,Shop (Fleet),4/7/1944,MA,Shop,Female,15861,White,Divorced,Needs Improvement,5
2190,2023-04-25,2023-06-15,Production Technician II,Steven Kennedy,SVG,Active,Part-Time,Zone C,Full-Time,Voluntary,Ago determine fact itself. Act employee but.,Production       ,General - Con,20-01-1985,MA,Laborer,Female,46637,Asian,Single,Needs Improvement,5
2191,2021-02-14,2023-04-19,Production Technician II,Joshua Nguyen,EW,Active,Contract,Zone C,Part-Time,Retirement,Kid oil news part.,Production       ,Engineers,19-11-1971,MA,Engineer,Female,47342,Asian,Married,Needs Improvement,5
2192,2020-10-07,2023-01-18,Production Technician II,Robert Wallace,MSC,Active,Part-Time,Zone C,Part-Time,Voluntary,Economy instead sense.,Production       ,General - Con,29-06-1945,MA,Administration,Female,41219,Black,Divorced,Needs Improvement,1
2193,2019-02-28,2023-06-01,Production Technician I,Carol Ingram,NEL,Voluntarily Terminated,Part-Time,Zone A,Part-Time,Involuntary,Design and respond dog true knowledge.,Production       ,Field Operations,1/8/1963,MA,Laborer,Male,67704,White,Married,Needs Improvement,4
2194,2019-07-27,,Production Technician I,Deanna Diaz,PL,Active,Full-Time,Zone B,Temporary,Unk,,Production       ,Field Operations,18-02-1992,MA,Laborer,Female,57434,Other,Widowed,Needs Improvement,2
2195,2023-06-02,2023-07-07,Production Technician I,Traci Dillon,BPC,Active,Contract,Zone C,Part-Time,Voluntary,Popular but sort training region everybody.,Production       ,Underground,31-10-1954,MA,Laborer,Female,46366,Black,Single,Needs Improvement,2
2196,2022-11-14,2023-01-04,Production Technician I,Steven Valdez,CCDR,Voluntarily Terminated,Full-Time,Zone A,Full-Time,Resignation,Part not culture news. Here enter must.,Production       ,Underground,25-06-1983,MA,Operator,Male,15989,White,Single,Needs Improvement,5
2197,2018-08-22,2021-11-10,Production Technician I,Tamara Humphrey,SVG,Voluntarily Terminated,Contract,Zone C,Full-Time,Involuntary,Two job continue often public often.,Production       ,Wireline Construction,12/4/1983,MA,Operator,Female,77437,Asian,Divorced,Needs Improvement,4
2198,2022-12-15,2022-12-29,Production Technician I,Joseph Bell,EW,Active,Contract,Zone B,Temporary,Retirement,Friend country free.,Production       ,Field Operations,1/7/1963,MA,Driver,Female,63184,White,Single,Exceeds,1
2199,2020-05-31,,Production Technician I,Catherine Spencer,MSC,Active,Full-Time,Zone C,Full-Time,Unk,,Production       ,General - Con,10/7/1977,MA,Manager,Female,15120,White,Divorced,Exceeds,4
2200,2022-07-19,,Production Technician I,Raven Jackson,TNS,Active,Contract,Zone A,Full-Time,Unk,,Production       ,Field Operations,15-03-1954,MA,Laborer,Female,4751,Asian,Single,Exceeds,4
2201,2020-07-01,,Production Technician I,Linda Mills,PYZ,Active,Contract,Zone C,Part-Time,Unk,,Production       ,Project Management - Con,27-06-1990,MA,Technician,Male,37225,Other,Married,Exceeds,2
2202,2020-11-18,,Production Technician I,Sandra Hawkins,WBL,Active,Contract,Zone A,Part-Time,Unk,,Production       ,Project Management - Con,1/1/1969,MA,Project Manager,Female,92017,Asian,Married,Exceeds,4
2203,2020-02-29,2021-05-20,Production Technician I,Richard Jones,NEL,Voluntarily Terminated,Contract,Zone A,Part-Time,Involuntary,Together three executive compare.,Production       ,General - Con,5/4/1986,MA,Technician,Female,42742,Asian,Married,Exceeds,1
2204,2021-09-24,2022-01-28,Production Technician I,Lee Crawford,PL,Active,Part-Time,Zone B,Part-Time,Retirement,Natural event religious during article total.,Production       ,Shop (Fleet),23-10-1984,MA,Supervisor,Female,58905,Other,Divorced,Needs Improvement,2
2205,2022-04-13,2023-07-30,Production Technician I,Jason Boyd,BPC,Active,Full-Time,Zone B,Full-Time,Involuntary,Article machine reflect land lose simply medical.,Production       ,General - Sga,13-01-1944,MA,Administrator,Female,32235,Black,Divorced,Needs Improvement,4
2206,2022-10-25,,Production Technician I,Tracey Scott,CCDR,Active,Contract,Zone A,Temporary,Unk,,Production       ,Field Operations,9/1/1942,MA,Tower Hand,Female,40461,Other,Widowed,Needs Improvement,5
2207,2021-01-27,,Production Technician I,Juan Owens,SVG,Active,Full-Time,Zone C,Full-Time,Unk,,Production       ,Field Operations,6/6/1953,MA,Welder,Female,97669,Black,Divorced,Needs Improvement,5
2208,2018-09-21,,IT Support,Keith Fisher,WBL,Active,Full-Time,Zone B,Full-Time,Unk,,IT/IS,Fielders,20-10-1948,CT,Technician,Female,6040,Other,Married,Needs Improvement,5
2209,2020-04-14,,IT Support,Aaron Ramos,PYZ,Active,Part-Time,Zone C,Part-Time,Unk,,IT/IS,Wireline Construction,30-08-2000,MA,Groundman,Male,2170,Black,Widowed,Needs Improvement,5
2210,2021-05-31,2022-10-31,IT Support,Kimberly Frazier,PL,Active,Part-Time,Zone C,Temporary,Resignation,Quite able race more friend voice choice.,IT/IS,Wireline Construction,12/2/1965,MA,Vp,Female,2360,Black,Single,Exceeds,4
2211,2020-04-10,,IT Support,Matthew Wood,WBL,Active,Contract,Zone C,Temporary,Unk,,IT/IS,Field Operations,24-08-1971,CT,Administrator,Female,6070,White,Married,Exceeds,5
2212,2022-07-03,2023-03-22,IT Support,Amber Hoffman,MSC,Active,Full-Time,Zone C,Part-Time,Involuntary,Possible shake fall type discover expert.,IT/IS,Field Operations,11/5/1991,MA,Cfo,Female,74179,White,Widowed,Exceeds,1
2213,2023-03-15,2023-05-10,IT Support,David Kennedy,EW,Active,Part-Time,Zone A,Full-Time,Retirement,You suggest area.,IT/IS,Shop (Fleet),3/9/1965,MA,Shop,Female,8415,Asian,Married,Exceeds,5
2214,2021-07-29,2022-08-12,IT Support,Amber Johnson,CCDR,Active,Contract,Zone C,Full-Time,Resignation,Religious far child break thought watch.,IT/IS,Field Operations,22-10-1951,MA,Tower Hand,Female,8196,Black,Married,Exceeds,4
2215,2022-02-05,2023-01-13,IT Support,Susan Kelly,BPC,Active,Contract,Zone B,Temporary,Resignation,Ten when myself hit off.,IT/IS,Engineers,17-12-1962,MA,Engineer,Female,95814,Asian,Divorced,Exceeds,1
2216,2022-11-09,,IT Manager - Support,Lynn Fry,WBL,Active,Part-Time,Zone B,Temporary,Unk,,IT/IS,General - Con,10/2/1972,MA,Technician,Female,21899,Hispanic,Single,Exceeds,1
2217,2020-11-23,2020-12-14,IT Manager - Infra,Donna Brown,TNS,Active,Part-Time,Zone A,Temporary,Voluntary,Knowledge thank speak clearly.,IT/IS,People Services,21-07-1995,CT,Director,Female,52244,Hispanic,Divorced,Exceeds,4
2218,2019-02-21,2022-10-21,IT Manager - DB,Jacob Christian,SVG,Active,Part-Time,Zone B,Part-Time,Resignation,Quality heavy security nature amount take room.,IT/IS,Field Operations,8/11/1967,MA,Foreman,Female,29237,Asian,Widowed,Exceeds,4
2219,2022-09-25,2023-05-06,IT Support,Lance Torres,SVG,Active,Part-Time,Zone C,Part-Time,Retirement,Past really million address again forget.,IT/IS,Wireline Construction,25-10-1966,MA,Laborer,Female,8635,Hispanic,Widowed,Exceeds,5
2220,2022-09-17,,IT Support,Charles Johnson,EW,Active,Contract,Zone B,Temporary,Unk,,IT/IS,General - Eng,3/9/1961,MA,Engineer,Female,30879,Asian,Married,Exceeds,4
2221,2019-05-31,,IT Support,Megan Walker,MSC,Active,Contract,Zone C,Part-Time,Unk,,IT/IS,Field Operations,14-11-1993,MA,Laborer,Female,49637,Hispanic,Single,Exceeds,4
2222,2020-07-21,2021-08-18,IT Support,Scott Thomas,TNS,Active,Part-Time,Zone A,Temporary,Resignation,End trouble tonight amount page reach debate.,IT/IS,Wireline Construction,17-07-1998,MA,Laborer,Female,77955,Hispanic,Widowed,Exceeds,4
2223,2020-07-04,,IT Manager - Support,Jason Smith,BPC,Active,Full-Time,Zone C,Temporary,Unk,,IT/IS,Executive,18-02-1942,MA,Vp,Female,43748,Asian,Widowed,Exceeds,2
2224,2020-10-13,,IT Manager - Infra,Eric Clay,CCDR,Active,Full-Time,Zone A,Temporary,Unk,,IT/IS,Wireline Construction,14-01-1999,CT,Groundman,Female,8958,Asian,Divorced,Exceeds,4
2225,2023-05-01,,IT Manager - DB,Kimberly Rosales,EW,Active,Part-Time,Zone A,Full-Time,Unk,,IT/IS,Engineers,3/12/1971,MA,Project Manager,Male,84923,Black,Divorced,Exceeds,2
2226,2019-03-22,2021-06-17,IT Support,Daniel Blake,SVG,Active,Contract,Zone A,Full-Time,Resignation,Clearly rule suddenly.,IT/IS,General - Eng,7/9/1960,MA,Administrative,Female,73392,White,Married,Exceeds,1
2227,2021-12-27,,IT Support,Timothy Young,EW,Active,Contract,Zone B,Full-Time,Unk,,IT/IS,Aerial,5/6/1995,MA,Lineman,Female,13915,Black,Widowed,Needs Improvement,5
2228,2018-08-12,2022-06-13,IT Support,Michael Webb,MSC,Active,Part-Time,Zone B,Part-Time,Resignation,Partner performance newspaper sense all where.,IT/IS,Wireless,16-09-1942,MA,Laborer,Female,58630,White,Divorced,PIP,4
2229,2022-12-28,,IT Support,Mitchell Wilson,TNS,Active,Part-Time,Zone A,Temporary,Unk,,IT/IS,Underground,1/10/1977,MA,Laborer,Female,11746,Asian,Divorced,PIP,4
2230,2018-11-25,,IT Manager - Support,Jose Rivera,PYZ,Active,Part-Time,Zone A,Full-Time,Unk,,IT/IS,General - Con,20-08-1972,CT,Supervisor,Female,51949,Hispanic,Married,Fully Meets,2
2231,2020-12-26,,IT Manager - Infra,Joshua Maxwell,WBL,Active,Full-Time,Zone A,Part-Time,Unk,,IT/IS,General - Con,24-04-1990,CT,Laborer,Female,54795,Other,Single,Fully Meets,2
2232,2022-12-16,,IT Manager - DB,Whitney Small,NEL,Active,Part-Time,Zone A,Full-Time,Unk,,IT/IS,Field Operations,5/10/1942,MA,Engineer,Male,79191,Hispanic,Single,Fully Meets,5
2233,2019-09-27,,IT Support,Wendy Khan,MSC,Active,Contract,Zone B,Full-Time,Unk,,IT/IS,Splicing,22-04-1977,MA,Lineman,Female,93777,Asian,Single,Fully Meets,1
2234,2021-02-20,2022-01-09,IT Support,William Phillips,EW,Active,Part-Time,Zone C,Full-Time,Resignation,Particularly put occur. Approach often be.,IT/IS,Wireline Construction,26-02-1975,MA,Laborer,Female,87474,Black,Married,Fully Meets,2
2235,2022-02-26,,IT Support,Elizabeth Peterson,CCDR,Active,Full-Time,Zone B,Full-Time,Unk,,IT/IS,Shop (Fleet),31-08-1954,MA,Model Assistant,Female,37994,Other,Single,Fully Meets,1
2236,2018-12-23,2021-10-11,IT Support,Amber Rocha,BPC,Active,Full-Time,Zone A,Temporary,Involuntary,Choice learn town themselves cup experience.,IT/IS,Engineers,28-10-1948,CT,Project Manager,Female,44145,Hispanic,Widowed,Fully Meets,1
2237,2022-01-10,2023-01-04,IT Manager - Support,John Thomas,WBL,Active,Full-Time,Zone B,Temporary,Resignation,Run vote behind factor father.,IT/IS,Underground,22-04-1975,CT,Laborer,Female,25760,Other,Single,Fully Meets,2
2238,2021-03-04,2021-12-06,IT Manager - Infra,April Burns,TNS,Active,Part-Time,Zone B,Temporary,Resignation,Office little different tax down top.,IT/IS,Project Management - Con,17-01-1972,CT,Purchasing,Male,55252,Hispanic,Widowed,Fully Meets,2
2239,2023-03-10,2023-04-04,IT Manager - DB,Sean Hill,SVG,Active,Full-Time,Zone C,Part-Time,Retirement,Future where and.,IT/IS,Catv,11/12/1962,MA,Manager,Male,62468,Asian,Divorced,Fully Meets,5
2240,2018-12-05,,IT Support,Erika Green,SVG,Active,Part-Time,Zone B,Part-Time,Unk,,IT/IS,Finance & Accounting,28-11-1997,MA,Accounting,Female,91567,Hispanic,Married,Fully Meets,2
2241,2021-06-24,,IT Support,David Velasquez,EW,Active,Part-Time,Zone C,Part-Time,Unk,,IT/IS,Technology / It,1/6/1981,MA,Engineer,Female,5139,Hispanic,Married,Fully Meets,2
2242,2022-05-10,2022-07-16,IT Support,Alicia Farrell,MSC,Active,Full-Time,Zone C,Temporary,Resignation,Performance paper teacher tree student.,IT/IS,Field Operations,29-03-1994,MA,Runner,Female,48114,Hispanic,Married,Fully Meets,4
2243,2023-04-13,2023-05-03,IT Support,Desiree Martinez,TNS,Active,Full-Time,Zone A,Part-Time,Involuntary,This bank out.,IT/IS,Finance & Accounting,20-07-1954,CT,Accounting,Female,90316,Other,Married,Fully Meets,4
2244,2022-08-04,,IT Manager - Support,Jesse Archer,PYZ,Active,Contract,Zone C,Temporary,Unk,,IT/IS,Field Operations,8/12/1949,CT,Driller,Female,47299,Other,Married,Fully Meets,4
2245,2021-02-28,2022-07-13,IT Manager - Infra,Mrs. Lori Petty MD,WBL,Active,Part-Time,Zone C,Part-Time,Resignation,Later star one than within live.,IT/IS,Engineers,15-09-1946,MA,Supervisor,Male,54056,Black,Divorced,Fully Meets,5
2246,2020-10-14,2022-04-10,IT Manager - DB,Paul Robertson,NEL,Active,Contract,Zone B,Part-Time,Resignation,Expect kitchen even anyone. Without agent she.,IT/IS,Field Operations,22-11-1973,MA,Technician,Male,7728,White,Divorced,Fully Meets,4
2247,2018-09-10,2023-06-08,IT Support,William Murray,SVG,Active,Part-Time,Zone B,Temporary,Resignation,Three sell often star.,IT/IS,Fielders,10/4/1983,MA,Engineer,Female,70092,Hispanic,Widowed,Fully Meets,2
2248,2022-12-16,2023-05-28,IT Support,Corey Fletcher,EW,Active,Part-Time,Zone B,Temporary,Retirement,Adult wind join time memory customer.,IT/IS,Field Operations,17-12-1999,MA,Laborer,Female,71142,Hispanic,Widowed,Fully Meets,2
2249,2018-09-28,2019-01-26,IT Support,James Rhodes,MSC,Active,Contract,Zone C,Part-Time,Voluntary,Only movie ability wait according.,IT/IS,Field Operations,7/11/1994,MA,Laborer,Female,2760,Black,Divorced,Fully Meets,4
2250,2022-03-08,2022-04-26,IT Support,Peter Williams,TNS,Active,Contract,Zone C,Temporary,Involuntary,Money read truth determine remain Mrs.,IT/IS,Aerial,2/9/1962,CT,Groundman,Female,13557,Asian,Married,Fully Meets,5
2251,2022-01-12,,IT Manager - Support,Bradley Gray,PYZ,Active,Part-Time,Zone B,Temporary,Unk,,IT/IS,Project Management - Con,3/10/1978,MA,Program Manager,Female,81938,Hispanic,Divorced,Fully Meets,2
2252,2020-12-08,,IT Manager - Infra,Sarah Robinson,WBL,Active,Contract,Zone B,Part-Time,Unk,,IT/IS,Field Operations,12/11/1973,MA,Coordinator,Male,73648,White,Widowed,Fully Meets,4
2253,2020-11-17,,IT Support,Mark Parker,PYZ,Active,Full-Time,Zone A,Full-Time,Unk,,IT/IS,Field Operations,5/2/1982,MA,Technician,Female,73024,Other,Single,Fully Meets,1
2254,2021-01-18,,IT Support,Mrs. Jessica Whitehead,SVG,Active,Full-Time,Zone A,Part-Time,Unk,,IT/IS,General - Sga,27-10-1957,MA,Administrator,Female,44031,Hispanic,Single,Fully Meets,2
2255,2020-09-15,2021-10-01,IT Support,Jose Jordan,TNS,Active,Full-Time,Zone C,Part-Time,Involuntary,This focus strategy behind among this.,IT/IS,Wireline Construction,16-07-1990,MA,Lineman,Female,67812,Hispanic,Single,Fully Meets,2
2256,2019-12-11,,IT Support,Dawn Smith DDS,WBL,Active,Part-Time,Zone C,Full-Time,Unk,,IT/IS,Field Operations,29-12-1981,CT,Driller,Female,67840,Asian,Widowed,Fully Meets,5
2257,2021-04-29,2022-06-10,IT Manager - Support,Meredith Martin,WBL,Active,Contract,Zone B,Full-Time,Voluntary,Teach yard style bed relate seat.,IT/IS,General - Eng,22-10-1988,MA,Administrative,Male,77019,White,Married,Fully Meets,2
2258,2021-04-03,,IT Manager - Infra,Jodi Wheeler,TNS,Active,Full-Time,Zone C,Part-Time,Unk,,IT/IS,Engineers,20-02-1999,MA,Engineer,Male,88137,White,Widowed,Fully Meets,2
2259,2022-02-01,,IT Support,Robert Morrow,SVG,Active,Part-Time,Zone A,Temporary,Unk,,IT/IS,General - Eng,24-03-1961,MA,Drafter,Female,76781,Hispanic,Divorced,Fully Meets,1
2260,2020-01-17,2021-09-30,IT Support,Victor Armstrong,EW,Active,Part-Time,Zone B,Temporary,Voluntary,Stay moment go try. Trouble morning skin join.,IT/IS,Engineers,21-10-1992,MA,Billing,Female,17501,Hispanic,Widowed,Fully Meets,1
2261,2022-06-01,,IT Support,Gregory Brown,MSC,Active,Full-Time,Zone B,Part-Time,Unk,,IT/IS,Wireline Construction,1/6/1958,CT,Foreman,Female,24054,Black,Divorced,Fully Meets,2
2262,2019-03-17,,IT Support,Andrea Clark,TNS,Active,Contract,Zone A,Temporary,Unk,,IT/IS,Engineers,3/10/1950,CT,Engineer,Female,84506,Other,Divorced,Fully Meets,2
2263,2020-01-07,,IT Manager - Support,Casey Galvan,PYZ,Active,Contract,Zone B,Temporary,Unk,,IT/IS,General - Sga,9/10/1965,MA,Assistant,Male,10273,Hispanic,Single,Fully Meets,2
2264,2021-02-24,2021-12-29,IT Manager - Infra,Joseph Underwood,WBL,Active,Part-Time,Zone A,Part-Time,Involuntary,Cultural responsibility whose wear.,IT/IS,Executive,5/3/1979,MA,Manager,Male,4377,White,Single,Fully Meets,5
2265,2019-12-30,,IT Support,Chelsea Smith,SVG,Active,Contract,Zone C,Part-Time,Unk,,IT/IS,Field Operations,30-12-1944,MA,Construction Manager,Female,87370,Hispanic,Single,Fully Meets,1
2266,2020-05-12,2021-03-17,IT Support,Timothy Owens,EW,Active,Full-Time,Zone B,Temporary,Resignation,Chair out man man.,IT/IS,Field Operations,10/2/1975,MA,Construction Manager,Female,84988,Other,Single,Fully Meets,5
2267,2023-04-04,,IT Support,Jennifer Watts,MSC,Active,Full-Time,Zone A,Part-Time,Unk,,IT/IS,General - Con,18-06-1971,CT,Technician,Female,43148,Hispanic,Divorced,Fully Meets,4
2268,2021-01-04,2022-04-28,IT Support,Kelly Waters,TNS,Active,Contract,Zone C,Full-Time,Resignation,Real build something family save.,IT/IS,General - Con,6/8/1963,CT,Technician,Male,58818,White,Single,Fully Meets,2
2269,2020-04-28,2022-12-01,IT Manager - Support,Beverly Ramirez,PYZ,Active,Full-Time,Zone C,Full-Time,Resignation,Type three hear court street sport key.,IT/IS,Executive,15-01-1974,MA,Ceo,Male,42997,Hispanic,Divorced,Fully Meets,1
2270,2019-04-16,2021-07-31,IT Support,David Rose PhD,PYZ,Active,Contract,Zone C,Part-Time,Resignation,Significant issue rich air race.,IT/IS,Project Management - Con,19-09-1952,MA,Manager,Female,93829,Asian,Single,Fully Meets,4
2271,2022-07-09,,IT Support,Jared Conley,SVG,Active,Full-Time,Zone A,Temporary,Unk,,IT/IS,Field Operations,20-07-1996,MA,Tower Hand,Female,48655,Hispanic,Single,Fully Meets,2
2272,2022-08-29,2023-01-15,IT Support,Daniel Simpson,TNS,Active,Part-Time,Zone C,Full-Time,Retirement,Turn left degree audience fly present.,IT/IS,Field Operations,4/4/1987,CT,Laborer,Female,62715,Black,Divorced,Fully Meets,2
2273,2020-01-26,2020-12-11,IT Support,Kenneth Chavez,WBL,Active,Full-Time,Zone A,Part-Time,Resignation,Field have cup because military.,IT/IS,Project Management - Eng,16-05-1956,CT,Planner,Male,75785,Other,Divorced,Fully Meets,4
2274,2020-02-18,,IT Manager - Support,Carlos Clarke,BPC,Active,Full-Time,Zone A,Temporary,Unk,,IT/IS,Aerial,23-01-2000,MA,Lineman,Male,52491,Other,Widowed,Fully Meets,4
2275,2022-01-25,,Production Manager,Daniel Garcia,EW,Active,Part-Time,Zone B,Full-Time,Unk,,Production       ,Yard (Material Handling),9/12/1950,MA,Runner,Male,2169,Asian,Married,Fully Meets,2
2276,2023-07-10,,Production Manager,Danielle Graham,TNS,Active,Full-Time,Zone B,Temporary,Unk,,Production       ,Project Management - Con,21-11-1982,MA,Project Manager,Female,2478,White,Divorced,Fully Meets,1
2277,2022-04-14,,Production Manager,Thomas Boyle,CCDR,Active,Contract,Zone B,Temporary,Unk,,Production       ,Field Operations,29-09-1963,MA,Technician,Female,1731,Hispanic,Widowed,Fully Meets,5
2278,2022-07-10,,Production Manager,Mark Moody DVM,CCDR,Active,Part-Time,Zone B,Temporary,Unk,,Production       ,Wireless,27-05-1963,MA,Operator,Female,1776,White,Widowed,Fully Meets,4
2279,2022-06-27,,Production Manager,Lance Green,EW,Active,Contract,Zone C,Full-Time,Unk,,Production       ,Safety,12/2/1977,MA,Safety,Male,2128,Other,Divorced,Fully Meets,1
2280,2018-12-04,2023-07-07,Production Manager,Brittany Thompson,PYZ,Voluntarily Terminated,Contract,Zone A,Temporary,Retirement,Maybe establish real still.,Production       ,Catv,6/3/1985,MA,Foreman,Female,2030,White,Married,Fully Meets,4
2281,2019-09-10,,Production Manager,Shannon Klein,PL,Active,Full-Time,Zone C,Full-Time,Unk,,Production       ,Field Operations,12/9/1998,MA,Laborer,Male,1752,Hispanic,Single,Fully Meets,4
2282,2019-04-25,,Production Manager,Richard Jackson,PL,Active,Part-Time,Zone A,Full-Time,Unk,,Production       ,Fielders,28-07-1967,MA,Engineer,Male,1901,Asian,Single,Fully Meets,4
2283,2018-10-03,2019-06-27,Shared Services Manager,Michael Stevenson,WBL,Voluntarily Terminated,Part-Time,Zone B,Temporary,Retirement,Available area dog Republican big town left.,Admin Offices,Field Operations,17-12-1961,MA,Technician,Male,2045,White,Single,Fully Meets,4
2284,2022-06-14,,CIO,Jim Lee,EW,Active,Part-Time,Zone C,Part-Time,Unk,,IT/IS,Wireline Construction,23-09-1960,MA,Foreman,Female,2067,Other,Widowed,Fully Meets,2
2285,2022-02-15,,Production Manager,Thomas Green,BPC,Active,Full-Time,Zone C,Temporary,Unk,,Production       ,Project Management - Con,28-05-1971,MA,Coordinator,Male,2169,Other,Single,Fully Meets,5
2286,2018-09-24,2021-01-18,Production Manager,Jonathan Nguyen,NEL,Active,Contract,Zone B,Temporary,Voluntary,Place doctor be water message activity.,Production       ,General - Eng,10/10/1981,MA,Specialist,Male,2045,Black,Divorced,Fully Meets,2
2287,2022-03-09,2023-04-08,Production Manager,James Hunt,PYZ,Active,Contract,Zone B,Part-Time,Involuntary,Rise she since boy.,Production       ,General - Con,20-03-1961,MA,Technician,Female,2110,White,Single,Fully Meets,2
2288,2018-11-07,2020-05-25,Production Manager,Laura Mccarty,NEL,Active,Full-Time,Zone A,Temporary,Involuntary,Foreign thank people.,Production       ,Fielders,9/9/1984,MA,Engineer,Female,2451,Black,Divorced,Fully Meets,5
2289,2019-08-31,,Shared Services Manager,James Reynolds,BPC,Active,Full-Time,Zone A,Part-Time,Unk,,Admin Offices,Field Operations,5/3/1962,MA,Laborer,Male,1460,White,Single,Fully Meets,4
2290,2020-11-27,2023-07-05,Director of Sales,Joseph Chavez,EW,Active,Full-Time,Zone B,Temporary,Retirement,Such physical more himself movie.,Sales,Wireline Construction,16-04-1942,RI,Groundman,Female,2908,Hispanic,Widowed,Fully Meets,2
2291,2020-07-07,,Director of Operations,Mr. Nicholas Greene,NEL,Active,Contract,Zone B,Part-Time,Unk,,Production       ,General - Con,17-02-1985,MA,Technician,Female,2030,Black,Married,Fully Meets,4
2292,2020-01-11,,Production Manager,Ann Watson,TNS,Active,Contract,Zone C,Temporary,Unk,,Production       ,Aerial,7/4/1963,MA,Foreman,Male,1890,White,Widowed,Fully Meets,2
2293,2020-06-15,2021-09-05,Production Manager,Richard Collins,CCDR,Active,Contract,Zone B,Full-Time,Involuntary,Health more majority think sister.,Production       ,Field Operations,1/4/1998,MA,Laborer,Male,1803,Other,Single,Fully Meets,2
2294,2020-10-10,,Production Manager,Amanda Harris,PYZ,Active,Contract,Zone A,Part-Time,Unk,,Production       ,Field Operations,3/12/1975,MA,Engineer,Male,6930,Black,Single,Fully Meets,4
2295,2022-05-19,2023-04-10,Production Manager,Michael Davis,SVG,Active,Full-Time,Zone B,Temporary,Involuntary,Two describe leg executive that ok.,Production       ,Field Operations,25-01-1999,MA,Driller,Female,53295,Asian,Divorced,Fully Meets,5
2296,2021-08-25,,Production Manager,Caroline Reynolds,TNS,Active,Full-Time,Zone B,Temporary,Unk,,Production       ,Field Operations,18-04-1973,MA,Driller,Female,85028,Hispanic,Divorced,Fully Meets,1
2297,2018-12-18,2019-09-25,Production Manager,Christine Adams,WBL,Voluntarily Terminated,Part-Time,Zone C,Full-Time,Resignation,Gas place rich dog process movement along.,Production       ,Aerial,23-09-1958,MA,Laborer,Female,92649,Black,Single,Fully Meets,2
2298,2023-08-05,,Production Manager,Kelsey Morales,WBL,Active,Full-Time,Zone B,Full-Time,Unk,,Production       ,Field Operations,27-04-1958,MA,Laborer,Female,9493,Other,Married,Fully Meets,4
2299,2022-04-13,2023-04-17,Production Manager,Ashley Cummings,TNS,Active,Part-Time,Zone A,Temporary,Resignation,Learn staff above address.,Production       ,Field Operations,24-02-1942,MA,Laborer,Female,12684,Asian,Married,Fully Meets,2
2300,2020-09-26,,Production Manager,Donna Pope,SVG,Active,Full-Time,Zone A,Full-Time,Unk,,Production       ,Underground,4/9/1947,MA,Laborer,Female,37470,Black,Single,Fully Meets,5
2301,2021-02-12,2022-08-03,Production Manager,Peter Williams,PYZ,Active,Part-Time,Zone C,Temporary,Voluntary,Join executive spend speak many sometimes.,Production       ,Underground,12/8/1946,MA,Operator,Female,1425,Asian,Single,Fully Meets,1
2302,2019-01-02,2020-10-09,Production Manager,Katie Carroll,PL,Terminated for Cause,Contract,Zone C,Temporary,Resignation,Per spend challenge key ever say.,Production       ,Wireline Construction,28-11-1988,MA,Operator,Female,23761,Hispanic,Married,Fully Meets,4
2303,2019-10-26,2023-07-22,Production Manager,Christopher Owen,NEL,Terminated for Cause,Contract,Zone C,Temporary,Resignation,Plant white design action.,Production       ,Field Operations,27-12-1957,MA,Driver,Female,73691,Black,Divorced,Fully Meets,5
2304,2021-04-11,,President & CEO,Michael Richardson,MSC,Active,Full-Time,Zone B,Part-Time,Unk,,Production       ,General - Con,21-04-1957,MA,Manager,Female,66973,White,Divorced,Fully Meets,2
2305,2019-12-11,2021-05-12,Network Engineer,Tracy Logan,EW,Active,Part-Time,Zone A,Full-Time,Resignation,Want agency relationship house nice mother.,Production       ,Field Operations,3/10/1970,MA,Laborer,Female,18379,White,Divorced,Fully Meets,2
2306,2020-10-21,2023-05-14,Network Engineer,Thomas Whitaker,CCDR,Active,Part-Time,Zone B,Full-Time,Resignation,Think network make manager.,Production       ,Project Management - Con,6/11/1999,MA,Technician,Male,91517,Hispanic,Married,Fully Meets,1
2307,2020-05-08,,Network Engineer,James Hernandez,BPC,Active,Part-Time,Zone C,Part-Time,Unk,,Executive Office,Project Management - Con,5/5/1988,MA,Project Manager,Male,1057,Asian,Single,Fully Meets,2
2308,2022-05-24,2022-10-13,Data Analyst,Matthew Tucker,EW,Active,Full-Time,Zone A,Full-Time,Retirement,Where vote relate expect executive game seem.,Production       ,Field Operations,9/5/1999,MA,Coordinator,Male,20854,Other,Divorced,Fully Meets,5
2309,2019-06-05,,Data Analyst,Kelly Mathis,CCDR,Active,Part-Time,Zone A,Part-Time,Unk,,Production       ,General - Con,7/4/1991,MA,Technician,Male,39014,Hispanic,Widowed,Fully Meets,2
2310,2022-04-21,,Data Analyst ,Kimberly Garcia,BPC,Active,Part-Time,Zone B,Part-Time,Unk,,Production       ,Fielders,21-11-1983,MA,Engineer,Male,10223,Hispanic,Single,Fully Meets,5
2311,2019-12-10,2023-02-21,Data Analyst,Craig White,PYZ,Active,Part-Time,Zone A,Full-Time,Voluntary,Ago usually quickly Mrs television guess.,Production       ,Field Operations,25-03-1971,MA,Laborer,Female,85441,Black,Divorced,Fully Meets,2
2312,2019-11-26,,Data Analyst,Samantha Barnett,WBL,Active,Full-Time,Zone C,Part-Time,Unk,,IT/IS,Field Operations,11/12/1951,MA,Laborer,Male,96303,Asian,Widowed,Fully Meets,4
2313,2021-09-13,,Data Analyst,Sara Clayton,NEL,Active,Part-Time,Zone C,Full-Time,Unk,,IT/IS,Shop (Fleet),30-10-2000,MA,Shop,Male,40706,Asian,Divorced,Fully Meets,2
2314,2019-08-19,,Data Analyst,Vanessa Bell,PL,Active,Part-Time,Zone C,Part-Time,Unk,,IT/IS,Field Operations,18-10-1961,MA,Technician,Female,48955,Asian,Married,Fully Meets,1
2315,2022-06-12,2023-07-09,Production Manager,Kyle Strong,CCDR,Active,Full-Time,Zone A,Full-Time,Voluntary,Probably must design.,Production       ,Project Management - Con,19-02-1986,MA,Project Manager,Female,83033,Other,Married,Fully Meets,4
2316,2021-07-21,,Production Manager,Michelle Walker,SVG,Active,Full-Time,Zone B,Full-Time,Unk,,Production       ,Field Operations,29-09-1973,MA,Technician,Male,14556,Asian,Divorced,Fully Meets,2
2317,2020-11-13,,Production Manager,Debbie Smith,EW,Active,Full-Time,Zone A,Temporary,Unk,,Production       ,Yard (Material Handling),16-06-1944,MA,Manager,Female,76366,Black,Single,Fully Meets,1
2318,2022-02-20,,Production Manager,Samuel Brown,MSC,Active,Part-Time,Zone A,Temporary,Unk,,Production       ,Field Operations,25-03-1957,MA,Laborer,Female,57512,White,Widowed,Fully Meets,2
2319,2019-03-28,2022-04-14,Production Manager,Steven Miller,TNS,Voluntarily Terminated,Contract,Zone A,Part-Time,Voluntary,Continue move everything.,Production       ,General - Sga,18-02-1983,MA,Administrator,Female,31008,White,Widowed,Fully Meets,5
2320,2022-10-26,2023-06-17,Production Manager,David Powers,PYZ,Voluntarily Terminated,Part-Time,Zone A,Full-Time,Voluntary,Else enjoy include expect.,Production       ,Fielders,9/9/1964,MA,Engineer,Female,64961,White,Single,Fully Meets,4
2321,2023-05-10,2023-05-14,Production Manager,Kimberly Owen,WBL,Active,Full-Time,Zone C,Full-Time,Voluntary,Camera four star growth design then.,Production       ,Field Operations,21-08-1951,MA,Technician,Female,1269,Black,Divorced,Fully Meets,2
2322,2022-09-01,,Production Manager,Angela Sims,NEL,Active,Contract,Zone C,Part-Time,Unk,,Production       ,Field Operations,27-04-1963,MA,Driller,Female,73596,Asian,Divorced,Fully Meets,5
2323,2021-04-21,2021-08-17,Production Manager,Sheila Roberts MD,PL,Active,Part-Time,Zone C,Temporary,Retirement,Fill outside then discuss table.,Production       ,Project Management - Con,5/7/1959,MA,Manager,Female,35263,Asian,Divorced,Fully Meets,5
2324,2021-07-23,2023-02-15,Production Manager,Justin Perez,BPC,Terminated for Cause,Part-Time,Zone A,Temporary,Involuntary,International time want art own sit.,Production       ,General - Con,17-07-1996,MA,Splicer,Female,94592,Black,Widowed,Fully Meets,4
2325,2020-12-29,,Production Manager,Megan Rich,CCDR,Active,Part-Time,Zone A,Temporary,Unk,,Production       ,Field Operations,20-10-1999,MA,Laborer,Female,60295,Asian,Divorced,Fully Meets,1
2326,2022-08-08,,President & CEO,James Dorsey,SVG,Active,Contract,Zone A,Temporary,Unk,,Production       ,Project Management - Con,19-11-1947,MA,Safety,Female,25257,Black,Single,Fully Meets,2
2327,2020-07-30,,Network Engineer,Erik Gray MD,EW,Active,Full-Time,Zone A,Part-Time,Unk,,Production       ,Field Operations,27-11-1971,MA,Laborer,Male,43033,Black,Married,Fully Meets,4
2328,2019-03-18,,Network Engineer,Steven Ayala,MSC,Active,Full-Time,Zone B,Part-Time,Unk,,Production       ,General - Con,26-05-1980,MA,Splicer,Male,48068,Asian,Divorced,Fully Meets,4
2329,2019-07-25,2022-09-03,Network Engineer,Larry Gonzales,TNS,Active,Full-Time,Zone A,Full-Time,Retirement,War way happy safe consumer probably.,Executive Office,Aerial,26-10-1962,MA,Lineman,Male,82740,Asian,Single,Fully Meets,2
2330,2021-10-16,,Data Analyst,Crystal Mahoney,SVG,Active,Full-Time,Zone C,Part-Time,Unk,,Production       ,Executive,13-12-1957,MA,Vp,Male,57688,Other,Married,Fully Meets,2
2331,2019-12-06,2021-10-29,Data Analyst,Sara Edwards,TNS,Active,Contract,Zone C,Part-Time,Retirement,Energy general place investment notice.,Production       ,Wireline Construction,14-02-1952,MA,Supervisor,Male,34849,Black,Divorced,Fully Meets,1
2332,2019-06-29,2020-07-21,Data Analyst ,Lisa Barrera,WBL,Active,Contract,Zone C,Full-Time,Involuntary,Choice while growth future.,Production       ,Fielders,21-08-1971,MA,Engineer,Male,31351,White,Widowed,Fully Meets,4
2333,2019-04-03,,Data Analyst,Melissa Hodges,BPC,Active,Full-Time,Zone C,Temporary,Unk,,IT/IS,Yard (Material Handling),19-07-1951,MA,Associate,Female,17611,Asian,Divorced,Fully Meets,1
2334,2021-07-21,2022-09-03,Data Analyst,Alexandria Hahn,CCDR,Active,Contract,Zone A,Temporary,Retirement,According term along ago leave.,IT/IS,Engineers,19-02-1983,MA,Engineer,Male,93589,Asian,Single,Fully Meets,4
2335,2022-07-27,,Data Analyst,Charles Willis,EW,Active,Full-Time,Zone C,Temporary,Unk,,IT/IS,General - Con,19-11-1944,MA,Foreman,Male,58353,White,Divorced,Fully Meets,4
2336,2019-10-06,,Production Manager,Tim Wilcox,CCDR,Active,Contract,Zone A,Full-Time,Unk,,Production       ,General - Con,6/5/1984,MA,Foreman,Female,61633,Other,Single,Fully Meets,4
2337,2021-04-16,,Production Manager,Amber White,SVG,Active,Full-Time,Zone C,Part-Time,Unk,,Production       ,Engineers,25-01-1989,MA,Engineer,Male,29639,Other,Single,Fully Meets,4
2338,2018-10-10,2022-05-02,Production Manager,Robert Sullivan,EW,Active,Part-Time,Zone C,Temporary,Involuntary,Body move possible play. Relate husband Mrs.,Production       ,Project Management - Con,6/8/1971,MA,Supervisor,Female,6536,Other,Married,Fully Meets,4
2339,2022-07-25,2022-11-08,Production Manager,Brett Aguilar,MSC,Voluntarily Terminated,Full-Time,Zone B,Part-Time,Retirement,Pretty he matter south treat benefit.,Production       ,General - Sga,6/8/1972,MA,Administrator,Female,19049,Black,Married,Fully Meets,1
2340,2021-03-17,2023-05-13,Production Manager,Derrick Cannon,TNS,Voluntarily Terminated,Contract,Zone A,Temporary,Resignation,Professor phone billion none very evidence.,Production       ,General - Con,27-02-2001,MA,Laborer,Female,29529,White,Single,Fully Meets,5
2341,2018-10-13,,Production Manager,Brandon Walsh,PYZ,Active,Full-Time,Zone A,Full-Time,Unk,,Production       ,General - Sga,2/11/1984,MA,Mechanic,Female,36574,Hispanic,Divorced,Fully Meets,2
2342,2020-01-09,,Production Manager,Richard Higgins,WBL,Active,Part-Time,Zone C,Temporary,Unk,,Production       ,Field Operations,14-05-1967,MA,Laborer,Female,5298,Other,Single,Fully Meets,5
2343,2019-09-18,,Production Manager,Robert Warren,NEL,Active,Full-Time,Zone B,Temporary,Unk,,Production       ,Wireless,17-10-1998,MA,Technician,Female,38735,Hispanic,Single,Fully Meets,4
2344,2019-10-26,2020-03-10,Production Manager,Regina Smith,PL,Active,Contract,Zone C,Temporary,Retirement,Money start prove.,Production       ,Yard (Material Handling),23-08-1991,MA,Engineer,Female,42542,Other,Divorced,Fully Meets,1
2345,2020-09-14,2023-05-30,Production Manager,Cindy Schneider,BPC,Terminated for Cause,Full-Time,Zone B,Temporary,Involuntary,Upon around example dream style technology term.,Production       ,Field Operations,10/1/1971,MA,Specialist,Female,7521,Hispanic,Married,Fully Meets,2
2346,2023-04-09,,Production Manager,Elizabeth Dillon,CCDR,Active,Part-Time,Zone A,Full-Time,Unk,,Production       ,Field Operations,28-02-1984,MA,Technician,Female,9394,Hispanic,Widowed,Fully Meets,4
2347,2019-10-25,,President & CEO,Jesus Smith,SVG,Active,Full-Time,Zone A,Part-Time,Unk,,Production       ,Field Operations,7/11/1977,MA,Laborer,Female,14720,White,Single,Fully Meets,1
2348,2022-06-25,,Network Engineer,Timothy Waters,EW,Active,Part-Time,Zone C,Full-Time,Unk,,Production       ,Field Operations,21-02-1976,MA,Technician,Male,85605,Asian,Single,Fully Meets,1
2349,2023-01-26,2023-02-27,Network Engineer,Joshua Johnson,MSC,Active,Part-Time,Zone C,Full-Time,Voluntary,Address machine break person force interview.,Production       ,General - Con,3/6/1956,MA,Laborer,Male,38286,Black,Widowed,Fully Meets,4
2350,2020-02-19,,Network Engineer,Joanna Foster,TNS,Active,Part-Time,Zone A,Temporary,Unk,,Executive Office,Wireline Construction,24-04-1973,MA,Laborer,Male,59836,Black,Divorced,Fully Meets,2
2351,2019-12-24,2020-06-21,Data Analyst,Rita Abbott,EW,Active,Contract,Zone B,Temporary,Retirement,Market as per stop kid score detail.,Production       ,Engineers,27-02-1943,MA,Technician,Male,25767,Hispanic,Widowed,Fully Meets,4
2352,2020-10-16,2020-11-15,Data Analyst,Renee Ritter,MSC,Active,Full-Time,Zone B,Temporary,Retirement,Practice miss lead message measure.,Production       ,General - Con,31-12-1993,MA,Lineman,Male,19689,White,Widowed,Fully Meets,2
2353,2018-09-07,,Data Analyst ,Michelle Nguyen,TNS,Active,Part-Time,Zone B,Full-Time,Unk,,IT/IS,Field Operations,26-07-1997,MA,Foreman,Female,19035,Hispanic,Married,Fully Meets,2
2354,2022-01-07,2022-06-29,Data Analyst,Elizabeth Houston,PYZ,Active,Part-Time,Zone C,Full-Time,Retirement,Especially usually citizen do.,IT/IS,Wireline Construction,2/9/1971,MA,Clerk,Female,61793,White,Divorced,Fully Meets,2
2355,2019-03-25,2019-04-23,Data Analyst,Elizabeth Gray,WBL,Active,Contract,Zone C,Temporary,Retirement,Teacher often knowledge free best.,IT/IS,Field Operations,17-01-1943,MA,Civil Hand,Male,91193,Asian,Single,Fully Meets,1
2356,2021-11-18,2022-12-17,Data Analyst,Courtney Webb,NEL,Active,Part-Time,Zone C,Temporary,Retirement,Audience deal cost figure student might let.,IT/IS,Catv,14-07-1955,MA,Laborer,Male,11058,Black,Single,Fully Meets,4
2357,2022-12-31,2023-07-21,Production Manager,Erin Richard,PL,Active,Contract,Zone B,Temporary,Involuntary,Where author federal Democrat in institution.,Production       ,General - Con,15-09-1943,MA,Foreman,Female,48133,Black,Married,Fully Meets,1
2358,2020-05-14,2022-11-29,Production Manager,Christy Wagner,PYZ,Active,Part-Time,Zone B,Temporary,Involuntary,A especially friend.,Production       ,Executive,20-03-1993,MA,Executive Assistant,Male,14776,Black,Married,Fully Meets,4
2359,2020-12-13,2023-02-12,Production Manager,Andrew Wright,SVG,Active,Full-Time,Zone B,Part-Time,Retirement,Suddenly part eye bag.,Production       ,Engineers,1/7/1996,MA,Project Manager,Female,87985,Other,Married,Fully Meets,2
2360,2021-11-16,2022-11-23,Production Manager,Deborah Wood,TNS,Voluntarily Terminated,Part-Time,Zone B,Part-Time,Voluntary,Decide rich traditional house task road.,Production       ,Fielders,6/10/1990,MA,Engineer,Female,26846,Asian,Widowed,Fully Meets,1
2361,2022-12-01,2023-07-06,Production Manager,Christine Randall,WBL,Voluntarily Terminated,Full-Time,Zone C,Full-Time,Involuntary,Report provide home follow price.,Production       ,Project Management - Con,5/12/1996,MA,Supervisor,Female,66281,Asian,Divorced,Fully Meets,2
2362,2020-10-30,2022-07-28,Production Manager,Debra Green,BPC,Active,Full-Time,Zone C,Part-Time,Involuntary,Building source bill true education form include.,Production       ,Field Operations,6/5/1974,MA,Construction Manager,Female,97050,Asian,Married,Fully Meets,2
2363,2021-02-08,2022-09-25,Production Manager,Frances Olsen,CCDR,Active,Full-Time,Zone C,Temporary,Retirement,Least if civil partner court number song.,Production       ,Wireline Construction,17-02-1983,MA,Foreman,Female,14808,Hispanic,Widowed,Fully Meets,2
2364,2019-08-05,,Production Manager,Benjamin Johnson,EW,Active,Full-Time,Zone A,Temporary,Unk,,Production       ,Field Operations,24-08-1960,MA,Technician,Male,53839,Black,Widowed,Fully Meets,5
2365,2018-11-29,2023-03-09,Production Manager,Tyler Galvan,MSC,Terminated for Cause,Contract,Zone A,Temporary,Involuntary,Station today affect many know.,Production       ,Engineers,25-08-1953,MA,Technician,Female,43609,Black,Married,Fully Meets,1
2366,2018-11-16,2021-05-25,Production Manager,Terri Morris,NEL,Terminated for Cause,Full-Time,Zone B,Part-Time,Retirement,Factor strategy defense citizen.,Production       ,Fielders,22-07-1944,MA,Engineer,Female,83442,Asian,Divorced,Fully Meets,2
2367,2020-08-23,2022-06-11,Production Manager,John Hurst,PL,Active,Contract,Zone C,Part-Time,Resignation,Soon walk early star.,Production       ,Wireline Construction,29-07-1959,MA,Foreman,Female,6820,Hispanic,Widowed,Fully Meets,5
2368,2020-08-22,2023-03-09,President & CEO,Kristi Lee,PYZ,Active,Full-Time,Zone B,Temporary,Resignation,Like save Mr instead doctor traditional one.,Production       ,Wireline Construction,31-03-1950,MA,Splicer,Female,50782,White,Single,Fully Meets,1
2369,2021-10-19,2022-09-10,Network Engineer,Nicole Sosa,SVG,Active,Part-Time,Zone B,Full-Time,Retirement,Window paper dark power knowledge must current.,Production       ,Field Operations,16-09-1987,MA,Engineer,Male,59893,Other,Divorced,Fully Meets,5
2370,2020-02-21,2021-11-29,Network Engineer,Cynthia Nguyen,TNS,Active,Contract,Zone B,Full-Time,Retirement,Most sport property respond.,Production       ,Field Operations,31-01-1952,MA,Locator,Male,84707,Other,Widowed,Fully Meets,5
2371,2022-11-21,,Data Analyst,Brian Ortiz MD,EW,Active,Contract,Zone B,Temporary,Unk,,Production       ,Field Operations,30-05-2000,MA,Supervisor,Male,59104,White,Married,Fully Meets,1
2372,2019-08-05,2021-12-06,Data Analyst,Lisa Davis,CCDR,Active,Full-Time,Zone A,Part-Time,Involuntary,Skin none party discover fact low buy ok.,Production       ,Field Operations,10/3/1992,MA,Driller,Female,61932,Hispanic,Single,Fully Meets,2
2373,2020-11-05,2022-06-04,Data Analyst ,Erica Allen,BPC,Active,Full-Time,Zone A,Full-Time,Resignation,Thought official else loss admit threat treat.,IT/IS,Catv,22-10-1982,MA,Foreman,Female,62911,Other,Divorced,Fully Meets,2
2374,2021-06-12,2022-02-25,Data Analyst,Michael Lucas,WBL,Active,Part-Time,Zone A,Part-Time,Retirement,Industry majority population final. Bit go deal.,IT/IS,Field Operations,9/8/1962,MA,Laborer,Female,51977,Asian,Divorced,Fully Meets,2
2375,2018-09-13,,Data Analyst,Eric Campbell,TNS,Active,Contract,Zone B,Full-Time,Unk,,IT/IS,General - Con,2/11/1958,MA,Foreman,Male,90110,Black,Single,Fully Meets,1
2376,2023-04-09,2023-06-03,Production Manager,Jamie Simon,CCDR,Active,Full-Time,Zone A,Temporary,Involuntary,Move story heavy list image arrive today.,Production       ,Field Operations,10/10/1983,MA,Technician,Female,2573,Asian,Divorced,Fully Meets,4
2377,2021-01-09,,Production Manager,Jeremy Lee,SVG,Active,Contract,Zone B,Part-Time,Unk,,Production       ,Executive,14-06-1960,MA,Vp,Male,2433,White,Single,Fully Meets,4
2378,2020-03-23,,Production Manager,Zachary Parker,EW,Active,Part-Time,Zone A,Full-Time,Unk,,Production       ,Project Management - Eng,23-11-1944,MA,Administrative,Female,16691,Other,Married,Fully Meets,2
2379,2019-10-19,2020-12-23,Production Manager,Jennifer Krause,MSC,Voluntarily Terminated,Full-Time,Zone C,Part-Time,Resignation,Only subject throw conference official.,Production       ,Fielders,22-12-1991,MA,Technician,Female,28545,Asian,Divorced,Fully Meets,2
2380,2023-07-02,2023-07-11,Production Manager,Heidi Martin,TNS,Active,Full-Time,Zone A,Temporary,Retirement,Attack result fly Republican.,Production       ,General - Con,19-12-1956,MA,Laborer,Female,87440,Other,Married,Fully Meets,2
2381,2019-08-29,,Production Manager,Eric Strickland,PYZ,Active,Part-Time,Zone B,Part-Time,Unk,,Production       ,Catv,8/4/1988,MA,Foreman,Female,10486,Other,Divorced,Fully Meets,2
2382,2023-07-17,2023-07-28,Production Manager,Mark Wood,WBL,Active,Part-Time,Zone C,Temporary,Involuntary,Light free he rest thought.,Production       ,Catv,10/12/1943,MA,Laborer,Male,59652,Asian,Single,Fully Meets,1
2383,2020-02-02,,Production Manager,Robert Wolfe,NEL,Active,Full-Time,Zone A,Full-Time,Unk,,Production       ,Field Operations,8/4/1973,MA,Laborer,Male,87927,Asian,Widowed,Fully Meets,4
2384,2021-10-14,2022-10-21,Production Manager,Kimberly Moore,PL,Terminated for Cause,Full-Time,Zone A,Temporary,Resignation,East crime wind subject because.,Production       ,Field Operations,11/9/1979,MA,Foreman,Female,47596,Hispanic,Married,Fully Meets,5
2385,2020-04-10,,Production Manager,Eric Richardson,BPC,Active,Contract,Zone A,Part-Time,Unk,,Production       ,Yard (Material Handling),19-11-1953,MA,Associate,Female,46287,Asian,Single,Fully Meets,2
2386,2018-12-14,,Production Manager,Tyler Christian,CCDR,Active,Part-Time,Zone B,Part-Time,Unk,,Production       ,Finance & Accounting,25-12-1975,MA,Administrative,Female,87401,Black,Widowed,Fully Meets,1
2387,2022-06-27,2023-01-05,President & CEO,Brandi Lambert,SVG,Active,Contract,Zone C,Temporary,Resignation,Somebody air turn. Dark civil any serious.,Production       ,Safety,28-05-1994,MA,Safety,Male,40201,Hispanic,Widowed,Fully Meets,1
2388,2020-09-07,,Network Engineer,Taylor Shaw,EW,Active,Contract,Zone C,Temporary,Unk,,Production       ,Fielders,15-05-1953,MA,Engineer,Male,94290,Other,Single,Fully Meets,2
2389,2019-11-03,2021-06-22,Data Analyst,Michelle Scott,EW,Active,Contract,Zone C,Part-Time,Resignation,Be there wide. Treatment blue learn choice.,Production       ,General - Eng,22-05-1976,MA,Administrative,Male,35338,White,Widowed,Fully Meets,2
2390,2020-05-15,2021-12-27,Data Analyst,Lawrence Walsh,MSC,Active,Part-Time,Zone C,Part-Time,Involuntary,Hair force rate state own lose administration.,Production       ,Engineers,13-02-1943,MA,Coordinator,Female,94090,Asian,Divorced,Fully Meets,1
2391,2023-04-28,2023-05-13,Data Analyst ,Cassandra Snyder,TNS,Active,Part-Time,Zone B,Full-Time,Resignation,Tough respond possible example.,IT/IS,Splicing,11/2/1964,MA,Splicer,Female,44623,Asian,Widowed,Fully Meets,1
2392,2019-08-05,,Data Analyst,Timothy Mason,BPC,Active,Full-Time,Zone A,Full-Time,Unk,,IT/IS,People Services,27-09-1944,MA,Services,Male,91306,Black,Single,Fully Meets,1
2393,2018-12-05,2021-09-15,Production Manager,Michael Morse,NEL,Active,Full-Time,Zone C,Part-Time,Involuntary,Line believe write might anything yet.,Production       ,Engineers,4/9/1993,MA,Engineer,Female,79531,Other,Widowed,Fully Meets,5
2394,2022-04-25,2023-06-23,Production Manager,Patty Boyd,PL,Active,Full-Time,Zone C,Full-Time,Involuntary,Else condition director woman unit.,Production       ,Field Operations,17-09-1980,MA,Laborer,Male,57850,White,Single,Fully Meets,2
2395,2019-12-10,,Production Manager,Linda Simmons,PYZ,Active,Part-Time,Zone C,Part-Time,Unk,,Production       ,General - Eng,24-06-1983,MA,Engineer,Male,8880,Black,Divorced,Fully Meets,1
2396,2022-06-30,2022-07-13,Production Manager,Gerald Carpenter,SVG,Voluntarily Terminated,Contract,Zone C,Part-Time,Resignation,Above difference event coach.,Production       ,General - Eng,18-07-1960,MA,Engineer,Female,11959,Other,Single,Fully Meets,1
2397,2018-09-19,2019-04-29,Production Manager,Barry Powell,TNS,Active,Part-Time,Zone B,Full-Time,Retirement,Husband should TV sport message friend history.,Production       ,Field Operations,22-08-1990,MA,Laborer,Female,90692,Other,Widowed,Fully Meets,2
2398,2019-07-08,2022-08-16,Production Manager,Angela Bailey,WBL,Active,Contract,Zone C,Temporary,Resignation,Laugh step east degree. Visit get late along.,Production       ,General - Con,11/6/1959,MA,Foreman,Female,75907,White,Widowed,Fully Meets,5
2399,2023-05-25,2023-07-31,Production Manager,Brian Peters,PYZ,Active,Full-Time,Zone B,Part-Time,Retirement,Else big job administration.,Production       ,Wireline Construction,13-06-1958,MA,Driver,Male,2777,White,Married,Fully Meets,4
2400,2018-11-03,,Production Manager,Michael Anderson,WBL,Active,Contract,Zone A,Part-Time,Unk,,Production       ,General - Sga,12/6/1961,MA,Supervisor,Male,28115,Black,Married,Fully Meets,2
2401,2022-11-09,2023-01-10,Production Manager,Christopher Reid,NEL,Terminated for Cause,Full-Time,Zone C,Part-Time,Resignation,Sit energy consider voice director.,Production       ,Field Operations,23-09-1945,MA,Technician,Female,96954,Asian,Divorced,Fully Meets,5
2402,2022-04-14,2022-09-22,Production Manager,Dawn Smith,PL,Terminated for Cause,Full-Time,Zone C,Full-Time,Resignation,Rather event ground scientist change.,Production       ,Shop (Fleet),19-09-1985,MA,Supervisor,Female,36118,Black,Widowed,Fully Meets,2
2403,2020-08-06,2022-07-29,Production Manager,Michael Hayes,BPC,Active,Full-Time,Zone C,Temporary,Retirement,Each himself anything you.,Production       ,Finance & Accounting,22-03-1958,MA,Administrative,Female,48453,Hispanic,Married,Fully Meets,4
2404,2019-06-26,2020-01-27,Production Manager,Brandy Coleman,CCDR,Active,Contract,Zone C,Temporary,Voluntary,Into go between. Before number education fast.,Production       ,General - Con,19-05-1949,MA,Manager,Female,25247,White,Divorced,Fully Meets,2
2405,2020-09-13,2022-03-15,President & CEO,Jackie Walsh,SVG,Voluntarily Terminated,Full-Time,Zone B,Part-Time,Involuntary,Your never oil finally public major shake they.,Production       ,Field Operations,6/4/1950,MA,Lineman,Male,3445,White,Divorced,Fully Meets,4
2406,2018-11-13,,Network Engineer,Taylor Cohen,EW,Active,Part-Time,Zone B,Part-Time,Unk,,Production       ,Engineers,25-03-1971,MA,Technician,Male,73530,Black,Widowed,Fully Meets,1
2407,2019-10-06,2023-04-14,Data Analyst,Gary Gray,EW,Active,Full-Time,Zone C,Temporary,Involuntary,Throughout thank respond direction.,Production       ,Finance & Accounting,17-04-1953,MA,Clerk,Male,47723,Other,Widowed,Fully Meets,4
2408,2021-09-15,,Data Analyst,Jeffrey Barnes,MSC,Active,Full-Time,Zone B,Part-Time,Unk,,IT/IS,Field Operations,10/1/1962,MA,Foreman,Female,46328,Black,Divorced,Fully Meets,5
2409,2020-02-06,,Data Analyst ,Robert Wilson,TNS,Active,Full-Time,Zone B,Full-Time,Unk,,IT/IS,Engineers,30-10-1996,MA,Program Manager,Female,91289,White,Single,Fully Meets,4
2410,2022-10-21,,Data Analyst,Thomas Ryan,PYZ,Active,Full-Time,Zone B,Part-Time,Unk,,IT/IS,Engineers,19-11-1957,MA,Project Manager,Male,39919,White,Divorced,Fully Meets,2
2411,2022-10-11,,Production Manager,Paul Johnson,NEL,Active,Part-Time,Zone B,Temporary,Unk,,Production       ,General - Con,16-07-1994,MA,Lineman,Female,43601,Black,Widowed,Fully Meets,2
2412,2022-01-30,2023-03-22,Production Manager,James Spears,PL,Active,Full-Time,Zone B,Part-Time,Voluntary,Current voice question house.,Production       ,Engineers,13-10-1994,MA,Engineer,Male,63971,White,Widowed,Fully Meets,2
2413,2022-07-27,2022-10-09,Production Manager,Clayton Phillips,PYZ,Active,Full-Time,Zone B,Temporary,Resignation,Tree choose manager ask prove three.,Production       ,General - Con,10/4/1942,MA,Driver,Female,18899,White,Single,Fully Meets,4
2414,2022-05-26,,Production Manager,Carmen Fuentes,SVG,Active,Part-Time,Zone B,Part-Time,Unk,,Production       ,General - Con,16-07-1952,MA,Laborer,Female,82519,Asian,Single,Fully Meets,2
2415,2021-02-08,2022-08-23,Production Manager,Steven Drake,TNS,Active,Full-Time,Zone B,Full-Time,Involuntary,Strategy kind particular unit need.,Production       ,Field Operations,10/9/1952,MA,Technician,Female,25010,White,Married,Fully Meets,4
2416,2022-06-06,,Production Manager,Tiffany Taylor,WBL,Active,Contract,Zone C,Full-Time,Unk,,Production       ,General - Con,8/6/1994,MA,Laborer,Male,91822,Asian,Single,Fully Meets,2
2417,2021-02-27,2023-07-30,Production Manager,Anna Love,BPC,Active,Contract,Zone C,Full-Time,Retirement,Me local somebody method away choose hit truth.,Production       ,Engineers,10/11/1986,MA,Program Manager,Male,37752,White,Single,Fully Meets,4
2418,2022-01-26,2023-05-04,Production Manager,Sean Garcia,CCDR,Terminated for Cause,Contract,Zone B,Temporary,Involuntary,Speak high idea reach both. Many policy rock six.,Production       ,Project Management - Con,20-06-1942,MA,Manager,Male,16793,Black,Married,Fully Meets,1
2419,2020-04-01,,Production Manager,Joshua Benton,EW,Active,Part-Time,Zone A,Temporary,Unk,,Production       ,Wireline Construction,16-08-2000,MA,Driver,Female,94808,White,Married,Fully Meets,2
2420,2020-06-03,,Production Manager,Emily Fritz,MSC,Active,Contract,Zone B,Full-Time,Unk,,Production       ,Project Management - Con,1/4/1949,MA,Coordinator,Female,22631,White,Single,Fully Meets,5
2421,2021-11-20,,Production Manager,Kayla Allen,NEL,Active,Full-Time,Zone C,Part-Time,Unk,,Production       ,Engineers,3/9/1986,MA,Engineer,Female,70680,Asian,Married,Fully Meets,2
2422,2021-12-21,2022-04-07,Production Manager,Joseph Parker,PL,Voluntarily Terminated,Part-Time,Zone A,Temporary,Involuntary,Last conference eat store citizen.,Production       ,General - Con,16-03-1949,MA,Laborer,Male,86374,Hispanic,Widowed,Fully Meets,2
2423,2018-10-10,,President & CEO,Tina Lopez,PYZ,Active,Contract,Zone A,Full-Time,Unk,,Production       ,General - Con,10/11/1977,MA,Laborer,Male,93897,Asian,Divorced,Fully Meets,1
2424,2019-02-26,2021-03-24,Network Engineer,Joseph Krause,SVG,Active,Full-Time,Zone C,Full-Time,Resignation,Author sure care fish.,Executive Office,Engineers,18-08-1974,MA,Technician,Male,47083,Hispanic,Divorced,Fully Meets,2
2425,2022-06-19,2023-05-20,Director of Operations,David Patel,MSC,Active,Contract,Zone C,Full-Time,Resignation,And even room after establish. Me single stage.,Production       ,Wireline Construction,15-06-1982,MA,Driver,Male,61895,Asian,Divorced,Fully Meets,2
2426,2020-07-20,2023-07-10,Data Analyst,Johnny Hall,EW,Active,Full-Time,Zone C,Part-Time,Retirement,Scientist open would defense receive old.,Production       ,General - Con,3/3/1959,MA,Foreman,Female,43373,White,Widowed,Fully Meets,2
2427,2020-01-17,2020-04-20,Data Analyst,Mary Contreras,CCDR,Active,Part-Time,Zone C,Full-Time,Voluntary,Next explain account stay.,IT/IS,Field Operations,22-11-1956,MA,Top Hand,Female,87868,Asian,Divorced,Fully Meets,5
2428,2021-06-04,2022-02-11,Data Analyst ,Pamela Shelton,BPC,Active,Part-Time,Zone B,Temporary,Voluntary,Price apply father morning population.,IT/IS,Yard (Material Handling),22-01-1963,MA,Shop,Female,7404,White,Divorced,Fully Meets,4
2429,2019-04-19,2020-07-02,Production Manager,Kristy Taylor,BPC,Active,Part-Time,Zone C,Temporary,Involuntary,Condition control raise.,Production       ,Field Operations,1/5/1999,MA,Laborer,Male,68494,Black,Widowed,Fully Meets,4
2430,2018-11-17,2020-12-20,Production Manager,Gregory Myers,CCDR,Active,Full-Time,Zone B,Part-Time,Voluntary,Production major type value live movie.,Production       ,General - Con,25-04-1948,MA,Technician,Male,69480,White,Single,Fully Meets,2
2431,2022-08-18,2023-06-20,Production Manager,Gregg Thomas,SVG,Active,Contract,Zone A,Full-Time,Resignation,At ago debate special can economy.,Production       ,General - Con,12/3/1942,MA,Laborer,Female,16520,Asian,Widowed,Fully Meets,4
2432,2023-02-10,2023-04-24,Production Manager,William Castillo,EW,Voluntarily Terminated,Contract,Zone C,Full-Time,Retirement,Leader specific wife appear art they.,Production       ,Yard (Material Handling),18-04-1963,MA,Shop,Female,44133,Asian,Married,Fully Meets,2
2433,2020-04-22,2022-08-03,Production Manager,Edwin Freeman,MSC,Active,Contract,Zone C,Temporary,Retirement,Game play arm argue blood try here.,Production       ,Engineers,30-08-1976,MA,Project Manager,Male,28492,White,Widowed,Fully Meets,1
2434,2023-01-14,2023-05-07,Production Manager,Melissa Rice,TNS,Active,Part-Time,Zone A,Full-Time,Involuntary,Dog dark piece where ask low away.,Production       ,General - Con,22-09-1991,MA,Foreman,Male,34702,Asian,Single,Fully Meets,5
2435,2023-03-13,2023-03-21,Production Manager,Gina Dillon,PYZ,Terminated for Cause,Full-Time,Zone C,Part-Time,Involuntary,Unit begin commercial wish financial care.,Production       ,Engineers,5/6/1982,MA,Planner,Male,97893,Other,Widowed,Fully Meets,2
2436,2022-12-30,2023-04-16,Production Manager,Anna Garcia,WBL,Terminated for Cause,Full-Time,Zone B,Part-Time,Voluntary,Result so show improve. Leg message cup else.,Production       ,Field Operations,23-04-1958,MA,Driller,Male,94765,Asian,Widowed,Fully Meets,4
2437,2020-06-04,2022-10-30,Production Manager,Christopher Mccann,NEL,Terminated for Cause,Full-Time,Zone A,Full-Time,Voluntary,Nation you bad daughter only huge them.,Production       ,Shop (Fleet),30-05-1977,MA,Mechanic,Female,83290,Other,Single,Fully Meets,2
2438,2022-03-13,,Production Manager,Melanie Mullins,PL,Active,Contract,Zone A,Full-Time,Unk,,Production       ,Wireless,22-09-1964,MA,Operator,Female,47253,Black,Divorced,Fully Meets,5
2439,2021-08-21,,Production Manager,Paula Henderson,BPC,Active,Contract,Zone B,Part-Time,Unk,,Production       ,Engineers,10/5/1944,MA,Engineer,Female,52238,White,Single,Fully Meets,5
2440,2021-05-15,,Production Manager,Beverly Dennis,CCDR,Active,Contract,Zone B,Temporary,Unk,,Production       ,General - Con,23-07-1962,MA,Laborer,Male,72975,Other,Divorced,Fully Meets,1
2441,2021-07-14,,President & CEO,Barry Mcfarland,SVG,Active,Contract,Zone B,Part-Time,Unk,,Production       ,General - Sga,19-12-1973,MA,Recruiter,Male,94258,Hispanic,Married,Fully Meets,2
2442,2023-01-31,2023-06-22,Director of Operations,Sandra Manning,SVG,Active,Contract,Zone C,Full-Time,Resignation,Would assume boy show newspaper.,Production       ,Executive,16-04-1973,MA,Vp,Female,53145,Black,Divorced,Fully Meets,1
2443,2020-07-27,,Data Analyst,Jennifer Lamb,EW,Active,Part-Time,Zone B,Full-Time,Unk,,Production       ,Wireline Construction,28-03-1976,MA,Foreman,Female,8971,White,Widowed,Fully Meets,1
2444,2023-04-16,,Data Analyst,Jacob Berry,MSC,Active,Part-Time,Zone C,Part-Time,Unk,,IT/IS,Wireline Construction,7/9/1957,MA,Traffic,Female,53240,Black,Single,Fully Meets,4
2445,2019-12-30,,Production Manager,Kelly Mercer,MSC,Active,Contract,Zone B,Temporary,Unk,,Production       ,General - Con,31-12-1969,MA,Technician,Female,55950,Asian,Widowed,Fully Meets,2
2446,2021-12-06,2023-01-11,Production Manager,Wendy James,NEL,Active,Contract,Zone C,Full-Time,Involuntary,Every year particular mouth.,Production       ,Executive,20-10-1948,MA,Manager,Male,59946,Black,Divorced,Fully Meets,5
2447,2020-02-02,2022-03-06,Production Manager,Eric Miller,PL,Active,Full-Time,Zone A,Full-Time,Voluntary,Interest again main describe end charge.,Production       ,Engineers,13-04-1992,MA,Administrative,Female,7019,White,Widowed,Fully Meets,4
2448,2020-10-23,2021-03-14,Production Manager,Doris Boyd,PYZ,Voluntarily Terminated,Full-Time,Zone C,Part-Time,Voluntary,Hard thousand fund follow take want full.,Production       ,General - Eng,17-01-1989,MA,Specialist,Female,43686,Asian,Single,Fully Meets,4
2449,2020-04-29,2021-07-10,Production Manager,Desiree Blair,SVG,Voluntarily Terminated,Part-Time,Zone B,Temporary,Retirement,Authority be bank.,Production       ,Aerial,10/2/1986,MA,Lineman,Female,63427,Hispanic,Single,Fully Meets,4
2450,2022-08-18,2022-09-24,Production Manager,Angela Chapman,TNS,Active,Full-Time,Zone A,Part-Time,Resignation,Prove group type several wife those question.,Production       ,Aerial,15-10-1996,MA,Lineman,Male,73413,Asian,Single,Fully Meets,1
2451,2020-09-08,,Production Manager,Carol Allen,WBL,Active,Contract,Zone A,Temporary,Unk,,Production       ,Splicing,14-11-1943,MA,Supervisor,Male,78058,Black,Married,Fully Meets,5
2452,2022-10-14,,Production Manager,Michael Cortez,BPC,Active,Full-Time,Zone C,Part-Time,Unk,,Production       ,Project Management - Con,23-10-1972,MA,Vp,Male,15079,Asian,Married,Fully Meets,2
2453,2023-05-13,,Production Manager,Erin Abbott,CCDR,Active,Full-Time,Zone C,Full-Time,Unk,,Production       ,Underground,22-09-1988,MA,Laborer,Male,70878,Other,Widowed,Fully Meets,1
2454,2021-02-28,,Production Manager,David Russell,EW,Active,Full-Time,Zone A,Part-Time,Unk,,Production       ,Fielders,12/3/1989,MA,Engineer,Female,5526,Asian,Married,Fully Meets,5
2455,2020-03-03,,Production Manager,Raymond Robinson,MSC,Active,Full-Time,Zone B,Full-Time,Unk,,Production       ,General - Con,6/12/1991,MA,Specialist,Female,50307,Hispanic,Single,Fully Meets,2
2456,2021-11-29,,Production Manager,Anthony Luna,NEL,Active,Full-Time,Zone A,Full-Time,Unk,,Production       ,Wireline Construction,27-08-1970,MA,Laborer,Male,70237,Asian,Single,Fully Meets,5
2457,2018-08-24,,Production Manager,David Fox,PL,Active,Part-Time,Zone A,Part-Time,Unk,,Production       ,Field Operations,14-04-1961,MA,Groundman,Male,82947,Hispanic,Single,Fully Meets,2
2458,2020-10-21,2022-03-24,President & CEO,Robert Conway,PYZ,Active,Part-Time,Zone B,Temporary,Voluntary,Fund season forward just.,Production       ,Shop (Fleet),10/3/1979,MA,Technician,Male,59127,Other,Widowed,Fully Meets,2
2459,2020-12-15,2021-06-24,Director of Operations,Sarah Kennedy,SVG,Active,Full-Time,Zone A,Temporary,Retirement,Type by way so firm high building.,Production       ,Field Operations,10/7/1995,RI,Laborer,Female,89047,Asian,Married,Fully Meets,4
2460,2018-09-05,2023-01-27,Data Analyst,Kathryn Chen,EW,Active,Contract,Zone C,Full-Time,Retirement,Recently five outside class term.,IT/IS,Finance & Accounting,21-10-1959,MA,Controller,Female,15258,White,Widowed,Fully Meets,2
2461,2021-09-27,,Shared Services Manager,Billy Waters,EW,Active,Part-Time,Zone A,Full-Time,Unk,,Admin Offices,Splicing,5/6/1979,MA,Splicer,Male,23555,Black,Divorced,Fully Meets,5
2462,2020-01-09,2021-01-27,Production Manager,Miranda Webb,NEL,Active,Part-Time,Zone C,Full-Time,Voluntary,Claim serve PM camera else.,Production       ,General - Con,3/11/1948,MA,Foreman,Female,83298,White,Married,Fully Meets,2
2463,2018-12-06,,Production Manager,Elizabeth Cook,PL,Active,Part-Time,Zone A,Part-Time,Unk,,Production       ,Fielders,3/4/1986,MA,Engineer,Female,27705,Hispanic,Widowed,Fully Meets,4
2464,2022-08-11,,Production Manager,Lindsay Nguyen,BPC,Active,Full-Time,Zone B,Temporary,Unk,,Production       ,Field Operations,24-05-1955,MA,Technician,Male,78500,White,Widowed,Fully Meets,2
2465,2020-04-13,2021-06-26,Production Manager,Heidi Mann,CCDR,Active,Contract,Zone A,Full-Time,Retirement,Site least knowledge right every.,Production       ,Field Operations,9/11/1961,MA,Laborer,Female,42463,White,Single,Fully Meets,2
2466,2021-11-14,2023-01-22,Production Manager,Matthew Hull,SVG,Voluntarily Terminated,Contract,Zone A,Full-Time,Voluntary,Sense activity son. One radio Mr method shoulder.,Production       ,Fielders,13-09-1967,MA,Engineer,Female,17484,White,Widowed,Fully Meets,2
2467,2022-03-17,2023-06-23,Production Manager,Ryan Wise,EW,Voluntarily Terminated,Full-Time,Zone B,Full-Time,Involuntary,Change hundred despite get sit agent discuss.,Production       ,Engineers,2/1/1979,MA,Engineer,Female,86392,Other,Married,Fully Meets,5
2468,2019-05-06,,Production Manager,Justin Cook,MSC,Active,Part-Time,Zone A,Part-Time,Unk,,Production       ,General - Con,15-11-1957,MA,Laborer,Male,53359,Hispanic,Married,Fully Meets,5
2469,2021-11-27,2023-06-22,Production Manager,Heather Liu,TNS,Active,Part-Time,Zone C,Part-Time,Involuntary,Clearly really poor story health air particular.,Production       ,Field Operations,4/2/2001,MA,Supervisor,Male,74482,Hispanic,Divorced,Fully Meets,4
2470,2021-02-09,,Production Manager,Dustin Carroll,BPC,Active,Full-Time,Zone C,Temporary,Unk,,Production       ,General - Con,24-10-1988,MA,Laborer,Male,71766,Asian,Single,Fully Meets,5
2471,2022-01-06,,Production Manager,Cindy Riley,CCDR,Active,Part-Time,Zone C,Part-Time,Unk,,Production       ,Fielders,25-07-1959,MA,Engineer,Male,84366,Other,Divorced,Fully Meets,2
2472,2023-07-28,,Production Manager,Gary Davis,EW,Active,Full-Time,Zone B,Temporary,Unk,,Production       ,Aerial,26-10-1975,MA,Foreman,Female,71843,Asian,Married,Fully Meets,2
2473,2021-03-27,2022-06-23,Production Manager,Alexa Powell,MSC,Active,Contract,Zone B,Full-Time,Involuntary,Ability project political animal.,Production       ,Corp Operations,15-07-1982,MA,Administrative,Male,55005,Hispanic,Single,Fully Meets,4
2474,2023-03-12,2023-06-02,Production Manager,Amber Ross,NEL,Active,Contract,Zone A,Temporary,Involuntary,Technology eight stage hold chance after police.,Production       ,Field Operations,13-01-1959,MA,Technician,Male,38407,Black,Married,Fully Meets,4
2475,2022-10-05,2022-12-17,Production Manager,Gabriel Fitzgerald,PL,Voluntarily Terminated,Part-Time,Zone C,Temporary,Retirement,Finish sense money public debate field professor.,Production       ,General - Con,26-02-1942,MA,Splicer,Male,14857,White,Single,Fully Meets,4
2476,2021-10-01,2023-06-21,President & CEO,Ryan Thompson,PYZ,Active,Part-Time,Zone B,Full-Time,Voluntary,Yard charge week wait address.,Executive Office,Yard (Material Handling),11/7/1967,MA,Runner,Male,6637,Other,Single,Fully Meets,2
2477,2022-01-31,,Director of Sales,Timothy Spencer,PL,Active,Contract,Zone A,Full-Time,Unk,,Sales,Field Operations,14-09-1982,RI,Laborer,Female,92396,Asian,Divorced,Fully Meets,2
2478,2020-06-01,,Director of Operations,Andrew Fleming,PYZ,Active,Full-Time,Zone A,Temporary,Unk,,Production       ,General - Con,26-07-1994,RI,Flagger,Female,6085,White,Single,Fully Meets,5
2479,2023-04-18,2023-05-17,Data Analyst,Edward Ross,SVG,Active,Contract,Zone C,Part-Time,Involuntary,Material role once lawyer phone turn company.,IT/IS,General - Con,17-12-1946,MA,Laborer,Female,67089,Hispanic,Divorced,Fully Meets,4
2480,2020-07-25,,IT Director,Renee Johnson,CCDR,Active,Part-Time,Zone C,Part-Time,Unk,,IT/IS,Splicing,26-03-1977,MA,Technician,Male,1460,White,Widowed,Fully Meets,2
2481,2018-12-12,,IT Manager - DB,Thomas Kim,PL,Active,Full-Time,Zone A,Part-Time,Unk,,IT/IS,Aerial,3/7/1997,MA,Lineman,Male,2481,Black,Divorced,Fully Meets,1
2482,2018-09-01,2022-06-20,IT Manager - Support,Erin Jones,PYZ,Active,Contract,Zone C,Full-Time,Voluntary,Particularly box maybe.,IT/IS,Isp,17-04-1950,MA,Manager,Male,1886,Black,Married,Fully Meets,4
2483,2019-11-24,,IT Manager - Infra,Amy Palmer,WBL,Active,Part-Time,Zone A,Temporary,Unk,,IT/IS,Fielders,22-05-1944,MA,Engineer,Male,2134,Black,Divorced,Fully Meets,2
2484,2021-12-26,,BI Director,Natalie Liu,SVG,Active,Part-Time,Zone A,Part-Time,Unk,,IT/IS,Field Operations,27-11-1947,MA,Laborer,Male,2045,Black,Single,Fully Meets,4
2485,2020-03-04,2021-09-08,Software Engineering Manager,Regina Becker,NEL,Active,Part-Time,Zone B,Part-Time,Retirement,Price card crime. Beautiful travel world treat.,Software Engineering,Wireless,25-10-1945,MA,Supervisor,Male,2184,White,Widowed,Fully Meets,4
2486,2020-05-03,,IT Manager - DB,Timothy Jackson,TNS,Active,Part-Time,Zone A,Temporary,Unk,,IT/IS,General - Con,24-08-1985,MA,Coordinator,Male,1915,Black,Married,Fully Meets,5
2487,2019-07-20,,IT Manager - DB,Laura Avila,PYZ,Active,Part-Time,Zone A,Temporary,Unk,,IT/IS,Splicing,9/12/1978,MA,Laborer,Male,86917,White,Single,Fully Meets,4
2488,2022-05-26,2022-10-05,IT Director,Angela Mcdonald,PL,Active,Contract,Zone A,Full-Time,Resignation,Follow fact investment.,IT/IS,Field Operations,31-01-1989,MA,Tower Hand,Male,10930,Other,Married,Fully Meets,1
2489,2021-07-24,,Director of Sales,Michael Johnson,NEL,Active,Contract,Zone A,Part-Time,Unk,,IT/IS,Field Operations,23-07-1954,MA,Technician,Male,38550,Hispanic,Single,Fully Meets,5
2490,2021-09-27,,Director of Operations,Carmen Patterson,MSC,Active,Contract,Zone A,Part-Time,Unk,,IT/IS,General - Con,21-07-1954,MA,Laborer,Male,5891,Other,Widowed,Fully Meets,4
2491,2019-04-07,,Software Engineer,Thomas Smith,BPC,Active,Contract,Zone A,Full-Time,Unk,,Software Engineering,General - Con,28-05-1944,MA,Flagger,Male,16917,Black,Single,Fully Meets,1
2492,2019-07-20,,Software Engineer,Catherine Peterson,CCDR,Active,Full-Time,Zone C,Temporary,Unk,,Software Engineering,General - Con,4/12/1957,MA,Laborer,Male,34504,White,Married,Fully Meets,2
2493,2022-12-03,2023-06-29,Software Engineer,Thomas Green,SVG,Active,Contract,Zone C,Full-Time,Retirement,Small phone project life realize.,Software Engineering,Field Operations,16-05-1981,MA,Driller,Male,13337,Black,Divorced,Fully Meets,4
2494,2020-04-04,2022-11-10,IT Manager - DB,Dawn Foley,MSC,Active,Contract,Zone A,Temporary,Retirement,Away manage guess gun old.,IT/IS,Field Operations,4/8/1978,MA,Laborer,Male,67346,Asian,Married,Fully Meets,4
2495,2020-03-08,2023-02-26,IT Director,John Jones,NEL,Active,Contract,Zone B,Part-Time,Resignation,Method hundred lawyer feel interesting.,IT/IS,Fielders,26-01-1970,MA,Engineer,Male,71472,Black,Married,Fully Meets,1
2496,2020-09-28,2023-03-27,Director of Sales,Brian Thompson,PL,Active,Part-Time,Zone B,Temporary,Retirement,Reduce evidence policy clear nothing at.,IT/IS,Underground,18-03-1961,MA,Operator,Male,55912,Other,Single,Fully Meets,2
2497,2021-07-14,2022-08-09,Director of Operations,Angel Howard,PYZ,Active,Full-Time,Zone C,Temporary,Voluntary,Kind produce join effect.,IT/IS,Field Operations,5/9/1955,MA,Technician,Male,24639,White,Single,Fully Meets,4
2498,2019-10-17,2020-03-21,BI Developer,Joseph Bowen,PYZ,Terminated for Cause,Full-Time,Zone A,Temporary,Involuntary,Brother election movie born enough.,IT/IS,Field Operations,8/9/1999,MA,Foreman,Female,44117,Asian,Divorced,Fully Meets,4
2499,2023-04-08,2023-06-09,Software Engineer,Micheal Moreno,PL,Active,Contract,Zone B,Full-Time,Resignation,Girl foreign would simple believe.,Software Engineering,Project Management - Con,4/9/1989,MA,Manager,Male,32650,Asian,Married,Fully Meets,4
2500,2019-07-25,,Software Engineer,John Vaughn,BPC,Active,Full-Time,Zone C,Part-Time,Unk,,Software Engineering,Field Operations,17-06-1948,MA,Laborer,Male,27273,Hispanic,Married,Fully Meets,2
2501,2022-12-25,,Software Engineer,Jennifer Graves,CCDR,Active,Full-Time,Zone A,Temporary,Unk,,Software Engineering,Finance & Accounting,12/10/1952,MA,Manager,Male,89368,Black,Divorced,Fully Meets,2
2502,2019-01-27,,Software Engineer,Sandra Rodriguez,SVG,Active,Part-Time,Zone C,Temporary,Unk,,Software Engineering,Wireline Construction,6/6/1999,MA,Supervisor,Male,25819,White,Divorced,Fully Meets,2
2503,2021-12-26,2022-01-29,IT Manager - DB,Sean Wong,PL,Active,Contract,Zone C,Temporary,Voluntary,Determine yes action college.,IT/IS,General - Con,23-12-1949,MA,Clerk,Male,6113,White,Married,Fully Meets,5
2504,2023-01-12,,IT Director,Nathan Espinoza,BPC,Active,Full-Time,Zone A,Part-Time,Unk,,IT/IS,Engineers,16-02-1976,MA,Engineer,Male,60048,Black,Single,Fully Meets,4
2505,2019-07-02,,Director of Sales,Kyle Day,CCDR,Active,Contract,Zone B,Temporary,Unk,,IT/IS,Splicing,1/5/1988,MA,Tester,Male,23929,Asian,Single,Fully Meets,1
2506,2022-06-30,,Director of Operations,Jacob Robinson,SVG,Active,Full-Time,Zone C,Full-Time,Unk,,IT/IS,Field Operations,12/7/1947,MA,Groundman,Male,76072,White,Single,Fully Meets,5
2507,2023-01-05,2023-01-14,BI Developer,Kimberly Moore,CCDR,Terminated for Cause,Part-Time,Zone B,Temporary,Resignation,Space west energy week our federal operation.,IT/IS,Aerial,6/9/1985,MA,Foreman,Female,93702,White,Single,Fully Meets,5
2508,2018-11-18,,BI Developer,Kelsey Cochran,SVG,Active,Full-Time,Zone A,Part-Time,Unk,,IT/IS,Field Operations,20-06-1972,MA,Technician,Male,96865,Other,Single,Fully Meets,5
2509,2020-09-21,2021-10-16,Software Engineer,Abigail Reynolds,EW,Active,Part-Time,Zone C,Full-Time,Involuntary,Resource concern production level good happy.,Software Engineering,Billable Consultants,19-03-1998,MA,Engineer,Female,68690,Hispanic,Married,Fully Meets,2
2510,2019-11-25,2023-02-24,Software Engineer,Mitchell Oliver,MSC,Active,Contract,Zone C,Temporary,Retirement,Radio fight consumer senior traditional himself.,Software Engineering,Aerial,24-03-1988,MA,Lineman,Male,87866,Asian,Single,Fully Meets,1
2511,2021-02-05,2023-02-12,Software Engineer,Edwin Sparks,NEL,Active,Full-Time,Zone C,Part-Time,Involuntary,Show step student add. Name deal take last.,Software Engineering,Engineers,27-12-1946,MA,Technician,Male,9299,Asian,Single,Fully Meets,4
2512,2023-04-16,2023-05-25,Software Engineer,Pamela Robbins,PL,Active,Part-Time,Zone B,Temporary,Retirement,May dream may apply involve natural.,Software Engineering,Field Operations,6/3/1967,MA,Laborer,Male,25059,Hispanic,Widowed,Fully Meets,4
2513,2021-08-19,2022-02-16,IT Manager - DB,Laura Goodman,PYZ,Active,Full-Time,Zone A,Full-Time,Involuntary,Fine father forget two pay sort before dinner.,IT/IS,General - Eng,18-10-1941,MA,Engineer,Male,6272,Asian,Divorced,Fully Meets,2
2514,2022-01-14,,IT Director,Jeffrey Frazier,PL,Active,Part-Time,Zone A,Full-Time,Unk,,IT/IS,Engineers,9/9/1957,MA,Engineer,Male,28525,White,Single,Fully Meets,1
2515,2018-09-11,,Director of Sales,Michael Perez,NEL,Active,Contract,Zone A,Full-Time,Unk,,IT/IS,General - Sga,10/6/1996,MA,Administrator,Male,88143,Hispanic,Single,Fully Meets,4
2516,2022-02-18,,Director of Operations,Robert Cannon,MSC,Active,Full-Time,Zone C,Temporary,Unk,,IT/IS,Field Operations,25-07-1989,MA,Laborer,Male,41482,Hispanic,Widowed,Fully Meets,5
2517,2019-12-01,2023-01-25,BI Developer,Mario Ellis,CCDR,Active,Full-Time,Zone A,Full-Time,Retirement,Carry threat by whose ok grow information.,IT/IS,Aerial,10/2/1963,MA,Laborer,Male,20916,Asian,Single,Fully Meets,2
2518,2021-02-28,2022-07-31,BI Developer,Christina Barnes,SVG,Active,Full-Time,Zone A,Full-Time,Voluntary,Behind person those information road.,IT/IS,Wireline Construction,26-12-1963,MA,Laborer,Male,53499,White,Widowed,Fully Meets,4
2519,2021-11-13,,Software Engineer,Julia Johnson,NEL,Active,Part-Time,Zone A,Part-Time,Unk,,Software Engineering,Splicing,14-05-1963,MA,Splicer,Female,32395,White,Married,Fully Meets,4
2520,2020-09-27,,Software Engineer,Kristin Andrews,PL,Active,Part-Time,Zone C,Part-Time,Unk,,Software Engineering,Project Management - Con,17-06-1948,MA,Coordinator,Male,47987,Asian,Divorced,Fully Meets,1
2521,2022-09-03,,Software Engineer,Kim Murphy,BPC,Active,Contract,Zone C,Temporary,Unk,,Software Engineering,Engineers,24-08-1954,MA,Engineer,Male,74262,White,Divorced,Fully Meets,1
2522,2020-10-09,2021-11-09,IT Manager - DB,Jeffrey Santana,PL,Active,Full-Time,Zone C,Temporary,Voluntary,Difference wide news north we.,IT/IS,Field Operations,21-01-1949,MA,Driller,Male,54386,Other,Married,Fully Meets,4
2523,2021-11-06,,IT Director,Elizabeth Pope,BPC,Active,Full-Time,Zone A,Temporary,Unk,,IT/IS,General - Con,8/9/1970,MA,Lineman,Male,25953,Hispanic,Single,Fully Meets,5
2524,2023-06-24,,Director of Sales,Sheila Estrada,CCDR,Active,Contract,Zone A,Part-Time,Unk,,IT/IS,Finance & Accounting,17-03-1969,MA,Manager,Male,88225,Black,Married,Fully Meets,1
2525,2021-09-15,2023-07-02,Director of Operations,Zachary Higgins,SVG,Active,Full-Time,Zone B,Full-Time,Retirement,Executive might picture speech light.,Sales,General - Con,7/2/1952,MA,Lineman,Male,11241,Other,Married,Fully Meets,2
2526,2022-10-14,,BI Developer,Anthony Harris,NEL,Active,Contract,Zone C,Part-Time,Unk,,IT/IS,Engineers,28-03-1964,MA,Engineer,Female,88079,Other,Single,Fully Meets,1
2527,2019-07-22,,BI Developer,Brenda Salas,PL,Active,Full-Time,Zone A,Temporary,Unk,,IT/IS,Engineers,14-06-1991,MA,Project Manager,Male,61715,Asian,Married,Fully Meets,2
2528,2023-03-20,2023-05-06,BI Developer,Melvin Mitchell,PYZ,Active,Part-Time,Zone C,Part-Time,Retirement,Southern alone father state.,IT/IS,Project Management - Con,9/6/1985,MA,Coordinator,Male,78254,White,Married,Fully Meets,1
2529,2022-05-02,,Software Engineer,Angela Boyle,NEL,Active,Full-Time,Zone B,Part-Time,Unk,,Software Engineering,Underground,17-05-1953,MA,Operator,Female,53709,Other,Single,Fully Meets,2
2530,2022-10-20,2023-07-07,Software Engineer,Mr. John Long,PL,Active,Part-Time,Zone C,Temporary,Retirement,Scientist strong team civil quality.,Software Engineering,Yard (Material Handling),11/4/1980,MA,Attendant,Male,75065,White,Divorced,Fully Meets,2
2531,2023-07-24,2023-07-29,Software Engineer,Mary Thomas,BPC,Active,Part-Time,Zone B,Full-Time,Voluntary,Open several spring mouth.,Software Engineering,Executive,21-05-1951,MA,Manager,Male,10274,Black,Widowed,Fully Meets,2
2532,2020-07-18,,IT Manager - DB,Lisa Holloway DDS,NEL,Active,Contract,Zone A,Part-Time,Unk,,IT/IS,General - Con,4/9/1972,MA,Technician,Male,85461,Other,Widowed,Fully Meets,4
2533,2021-05-05,,IT Manager - DB,Lauren Baker,PL,Active,Full-Time,Zone A,Temporary,Unk,,IT/IS,Field Operations,13-06-1966,MA,Technician,Male,53235,White,Divorced,Fully Meets,1
2534,2019-04-15,2021-05-23,IT Director,Scott Moore,BPC,Active,Part-Time,Zone B,Temporary,Retirement,Manager since future contain play.,IT/IS,Project Management - Con,5/7/1960,MA,Coordinator,Male,96561,Other,Divorced,Fully Meets,1
2535,2020-08-24,2023-05-02,Director of Sales,David Roberts,CCDR,Active,Contract,Zone B,Part-Time,Resignation,Well energy step may.,Sales,Field Operations,22-09-1978,MA,Engineer,Male,6563,Other,Single,Fully Meets,2
2536,2022-12-31,,Director of Operations,Randy Thomas,SVG,Active,Contract,Zone C,Temporary,Unk,,Sales,Field Operations,3/2/1951,MA,Driller,Male,67353,Hispanic,Married,Fully Meets,2
2537,2022-09-18,2023-06-07,BI Developer,James Bradley,PL,Active,Full-Time,Zone A,Full-Time,Involuntary,Positive might religious mouth else.,IT/IS,Field Operations,24-07-1951,MA,Tower Hand,Female,73238,White,Single,Fully Meets,2
2538,2019-09-14,,BI Developer,Ebony Shepard,BPC,Active,Full-Time,Zone C,Part-Time,Unk,,IT/IS,Wireline Construction,19-02-1986,MA,Groundman,Female,95322,Hispanic,Single,Fully Meets,5
2539,2019-03-19,,BI Developer,Michael Johnson,CCDR,Active,Part-Time,Zone B,Temporary,Unk,,IT/IS,Wireline Construction,4/10/1953,MA,Foreman,Male,17448,Black,Married,Fully Meets,2
2540,2022-10-18,2023-01-10,Software Engineering Manager,Caroline Brooks,CCDR,Active,Contract,Zone B,Part-Time,Resignation,Actually not sell one.,Software Engineering,Finance & Accounting,26-08-1994,MA,Svp,Female,61856,Black,Divorced,Fully Meets,4
2541,2022-07-31,,Software Engineer,Pamela Stone,EW,Active,Full-Time,Zone B,Temporary,Unk,,Software Engineering,Engineers,9/1/1973,MA,Engineer,Female,60675,Other,Married,Fully Meets,1
2542,2023-03-06,,Software Engineer,Amanda Nguyen,MSC,Active,Part-Time,Zone A,Part-Time,Unk,,Software Engineering,Engineers,1/9/1959,MA,Engineer,Male,55449,Black,Single,Fully Meets,4
2543,2019-01-30,2021-03-22,Software Engineer,Kenneth Berry,NEL,Voluntarily Terminated,Full-Time,Zone A,Full-Time,Resignation,First peace oil more last us. Front product many.,Software Engineering,General - Con,25-12-1991,MA,Operator,Male,59271,White,Divorced,Fully Meets,2
2544,2023-05-22,2023-07-12,IT Manager - DB,Julie Howard,SVG,Active,Full-Time,Zone C,Temporary,Voluntary,Black civil room chance. This mind find adult.,IT/IS,Splicing,14-04-1946,MA,Laborer,Male,59420,White,Married,Fully Meets,1
2545,2018-12-22,,IT Manager - DB,Michael Whitehead,PYZ,Active,Contract,Zone B,Full-Time,Unk,,IT/IS,Project Management - Con,8/10/1951,MA,Coordinator,Male,57785,Hispanic,Widowed,Fully Meets,4
2546,2022-11-08,,IT Director,Martin Obrien,PL,Active,Part-Time,Zone A,Part-Time,Unk,,IT/IS,Finance & Accounting,14-02-1990,MA,Clerk,Male,26419,Other,Married,Fully Meets,4
2547,2021-07-03,,Director of Sales,Katherine Morgan,NEL,Active,Full-Time,Zone A,Temporary,Unk,,Sales,General - Con,15-07-1970,MA,Laborer,Male,31784,Hispanic,Widowed,Fully Meets,4
2548,2018-11-14,2021-07-08,BI Developer,Brittany Johnson,PYZ,Active,Contract,Zone A,Temporary,Resignation,Win onto effect security instead.,IT/IS,General - Sga,16-02-1954,MA,Manager,Female,70770,Other,Divorced,Fully Meets,1
2549,2021-09-18,,BI Developer,Robert Wilkerson,PL,Active,Contract,Zone A,Part-Time,Unk,,IT/IS,Field Operations,4/7/1963,MA,Project Manager,Female,51516,White,Divorced,Fully Meets,5
2550,2020-11-19,2021-11-03,Software Engineering Manager,Mark Cole,WBL,Active,Contract,Zone A,Part-Time,Involuntary,Market remember too less bring simple sort.,Software Engineering,General - Con,25-04-1952,MA,Flagger,Female,69865,White,Widowed,Fully Meets,5
2551,2023-05-04,2023-07-02,Software Engineer,Edwin Chen,NEL,Active,Full-Time,Zone B,Temporary,Voluntary,Will low work decade site.,Software Engineering,General - Con,12/5/1988,MA,Manager,Female,49964,Other,Widowed,Fully Meets,1
2552,2023-01-21,,Software Engineer,Nathan Vazquez,PL,Active,Full-Time,Zone B,Temporary,Unk,,Software Engineering,Project Management - Con,3/11/1954,MA,Foreman,Male,72168,White,Single,Fully Meets,5
2553,2022-08-19,2023-01-18,IT Manager - DB,William Brown,NEL,Active,Contract,Zone B,Part-Time,Resignation,Wife send office ball yourself it lot.,IT/IS,Aerial,9/10/1973,MA,Laborer,Male,87974,Other,Divorced,Fully Meets,2
2554,2022-07-18,2023-05-09,IT Manager - DB,Dylan Brown,PL,Active,Part-Time,Zone A,Full-Time,Voluntary,Do month risk college detail.,IT/IS,General - Eng,3/10/1991,MA,Engineer,Male,2505,Hispanic,Widowed,Fully Meets,1
2555,2019-08-14,2021-05-13,IT Director,Victoria Munoz,BPC,Active,Full-Time,Zone A,Temporary,Resignation,Mr opportunity dinner chance common.,IT/IS,Wireless,26-10-1956,MA,Foreman,Male,6633,Other,Widowed,Fully Meets,2
2556,2020-12-10,2022-05-30,Director of Sales,John Smith,CCDR,Active,Part-Time,Zone A,Full-Time,Voluntary,Develop together popular be.,Sales,Project Management - Eng,25-04-1996,MA,Manager,Male,73638,White,Married,Fully Meets,2
2557,2019-09-20,,BI Developer,Jo Ruiz,MSC,Active,Full-Time,Zone B,Temporary,Unk,,IT/IS,Engineers,17-06-1964,MA,Engineer,Female,96051,Black,Married,Fully Meets,2
2558,2021-11-19,2021-12-27,Software Engineering Manager,Ernest Jones,WBL,Active,Full-Time,Zone B,Full-Time,Involuntary,Kid actually Congress computer season behind.,Software Engineering,Field Operations,25-11-1965,MA,Operator,Female,87152,Asian,Widowed,Fully Meets,4
2559,2022-04-29,,Software Engineer,James Gibson,NEL,Active,Part-Time,Zone B,Full-Time,Unk,,Software Engineering,Field Operations,23-11-1957,MA,Technician,Male,79836,White,Widowed,Fully Meets,1
2560,2021-06-30,2021-07-28,IT Manager - Infra,Sarah Campbell,WBL,Active,Part-Time,Zone A,Part-Time,Voluntary,According maintain president start upon evening.,IT/IS,Field Operations,5/1/1977,MA,Vp,Male,43352,Black,Widowed,Fully Meets,4
2561,2021-07-15,,IT Manager - DB,Melody Walker,NEL,Active,Contract,Zone B,Temporary,Unk,,IT/IS,General - Con,11/6/1956,MA,Laborer,Male,33873,Hispanic,Married,Fully Meets,2
2562,2021-04-12,2023-03-06,IT Manager - DB,Benjamin Mcdonald,PL,Active,Contract,Zone B,Full-Time,Retirement,Suffer arm security about control with.,IT/IS,Field Operations,18-11-1967,MA,Technician,Male,83544,Other,Married,Fully Meets,4
2563,2020-12-08,,IT Director,Sean Gonzalez,BPC,Active,Contract,Zone B,Temporary,Unk,,IT/IS,Fielders,17-11-1953,MA,Engineer,Male,73171,Other,Widowed,Fully Meets,2
2564,2019-10-31,2020-03-01,Director of Sales,Brian Mueller,CCDR,Active,Contract,Zone B,Full-Time,Voluntary,Finish law price under.,Sales,General - Con,11/7/1995,MA,Flagger,Male,36351,Hispanic,Married,Fully Meets,1
2565,2020-01-22,,BI Developer,Jeffrey Duran,PL,Active,Contract,Zone C,Temporary,Unk,,IT/IS,Field Operations,14-11-1985,MA,Technician,Female,93447,White,Married,Fully Meets,2
2566,2022-09-20,,Software Engineering Manager,Erica Lawrence,CCDR,Active,Full-Time,Zone B,Full-Time,Unk,,Software Engineering,General - Con,30-09-1966,MA,Coordinator,Male,69590,Other,Married,Fully Meets,2
2567,2022-12-22,2023-07-26,IT Manager - Infra,Christy Cunningham,CCDR,Active,Full-Time,Zone B,Part-Time,Voluntary,Dream quickly relationship involve enough name.,IT/IS,Field Operations,15-10-1959,MA,Foreman,Male,51819,Black,Widowed,Fully Meets,5
2568,2019-03-12,,IT Manager - DB,Mr. David Booth,EW,Active,Full-Time,Zone C,Full-Time,Unk,,IT/IS,Aerial,27-04-1990,MA,Lineman,Male,40294,Asian,Widowed,Fully Meets,4
2569,2021-10-07,2021-12-31,IT Manager - DB,Mrs. Debra Flynn,MSC,Active,Full-Time,Zone C,Temporary,Retirement,Anything human medical offer dinner hard by.,IT/IS,General - Con,28-03-1995,MA,Laborer,Male,53854,Black,Single,Fully Meets,2
2570,2019-06-16,2023-05-21,IT Director,Tamara Adkins,NEL,Active,Contract,Zone A,Full-Time,Voluntary,War model build important determine.,IT/IS,Field Operations,18-11-1991,MA,Laborer,Male,60717,Black,Single,Fully Meets,4
2571,2021-03-17,2022-09-08,BI Director,Megan Hart,SVG,Active,Part-Time,Zone A,Full-Time,Retirement,Maintain which memory born.,IT/IS,Field Operations,11/2/1989,MA,Technician,Female,30960,Asian,Divorced,Fully Meets,2
2572,2022-08-07,2023-04-26,BI Developer,Stacy Lopez,PYZ,Active,Contract,Zone A,Temporary,Resignation,Lawyer suggest cultural blue yes camera daughter.,IT/IS,Engineers,20-05-1994,MA,Technician,Male,81338,Asian,Widowed,Fully Meets,4
2573,2020-01-17,2023-02-28,Area Sales Manager,Keith Adams,NEL,Voluntarily Terminated,Contract,Zone A,Temporary,Voluntary,Decide cut camera conference last size will.,Sales,Field Operations,2/1/1987,VA,Laborer,Female,21851,Black,Divorced,Fully Meets,4
2574,2022-06-11,2023-02-20,Area Sales Manager,Travis Davenport,EW,Active,Full-Time,Zone C,Full-Time,Involuntary,House seven human available.,Sales,Billable Consultants,18-11-1971,UT,Engineer,Male,84111,Hispanic,Widowed,Fully Meets,2
2575,2021-03-03,2023-01-30,Area Sales Manager,Patricia Norris,PYZ,Active,Contract,Zone C,Temporary,Retirement,Establish fear recently owner.,Sales,Splicing,21-06-1951,ID,Splicer,Male,83706,Other,Widowed,Fully Meets,4
2576,2020-04-16,2021-03-15,Area Sales Manager,Patrick Patterson,CCDR,Active,Contract,Zone B,Part-Time,Resignation,Doctor statement she rule order wind.,Sales,General - Sga,27-12-1969,MT,Supervisor,Female,59102,Asian,Widowed,Fully Meets,1
2577,2022-09-22,2023-01-28,Area Sales Manager,Mrs. Stephanie Forbes,PYZ,Active,Full-Time,Zone A,Temporary,Voluntary,Less air right in southern it material.,Sales,Wireline Construction,28-07-1963,WA,Lineman,Female,98052,Other,Married,Fully Meets,2
2578,2023-05-30,,Area Sales Manager,Jon Estes,MSC,Active,Part-Time,Zone A,Full-Time,Unk,,Sales,Shop (Fleet),28-01-1996,VT,Assistant,Female,5664,Black,Single,Fully Meets,5
2579,2021-01-14,,Area Sales Manager,Julia Moss,MSC,Active,Full-Time,Zone C,Full-Time,Unk,,Sales,General - Eng,29-06-1977,AZ,Administrative,Female,85006,White,Married,Fully Meets,2
2580,2020-04-29,2021-10-20,Area Sales Manager,Nathan Kelly,BPC,Active,Full-Time,Zone A,Part-Time,Resignation,Key whose anyone religious mother movie.,Sales,Finance & Accounting,7/4/1954,NH,Administration,Male,3062,White,Single,Fully Meets,2
2581,2021-07-07,,Area Sales Manager,Nina Scott,MSC,Active,Full-Time,Zone A,Full-Time,Unk,,Sales,Field Operations,12/11/1970,AL,Laborer,Male,36006,Other,Divorced,Fully Meets,1
2582,2020-07-28,,Area Sales Manager,John Hunter,MSC,Active,Part-Time,Zone C,Temporary,Unk,,Sales,Wireline Construction,31-08-1992,OH,Laborer,Female,43050,Hispanic,Single,Fully Meets,1
2583,2020-09-16,,Area Sales Manager,Raymond Fields,PYZ,Active,Contract,Zone B,Temporary,Unk,,Sales,Engineers,29-02-1996,NY,Project Manager,Male,10171,Black,Married,Fully Meets,5
2584,2023-04-23,,Area Sales Manager,Samuel Reyes,TNS,Active,Part-Time,Zone C,Part-Time,Unk,,Sales,Engineers,27-09-1956,ME,Engineer,Male,4063,White,Single,Fully Meets,4
2585,2021-06-04,,Area Sales Manager,Martha Stone,PYZ,Active,Contract,Zone A,Temporary,Unk,,Sales,General - Con,21-05-2001,TN,Laborer,Male,37129,Asian,Divorced,Fully Meets,2
2586,2020-04-15,,Area Sales Manager,Joshua Campbell,CCDR,Active,Full-Time,Zone B,Temporary,Unk,,Sales,Field Operations,25-04-1980,NC,Laborer,Male,27229,Asian,Divorced,Fully Meets,4
2587,2019-09-04,2020-04-13,Area Sales Manager,Ashley Phillips,NEL,Active,Full-Time,Zone A,Part-Time,Involuntary,Rest society tell into ahead.,Sales,Field Operations,31-07-2000,MA,Technician,Male,69470,Other,Widowed,Fully Meets,5
2588,2020-08-18,,Area Sales Manager,Joshua Mccoy,PL,Active,Full-Time,Zone C,Full-Time,Unk,,Sales,Field Operations,24-07-1988,MA,Laborer,Male,90985,Other,Single,Fully Meets,5
2589,2020-12-05,,Area Sales Manager,Timothy Brown,BPC,Active,Contract,Zone A,Temporary,Unk,,Sales,Fielders,26-12-1950,AZ,Engineer,Male,62646,Asian,Single,Fully Meets,5
2590,2023-01-13,2023-02-12,Area Sales Manager,Nancy Mccarthy,CCDR,Active,Part-Time,Zone A,Full-Time,Retirement,Media move management if my.,Sales,Engineers,7/2/1998,AZ,Engineer,Male,47626,Asian,Married,Fully Meets,5
2591,2019-09-17,,Area Sales Manager,Patricia Martinez,SVG,Active,Full-Time,Zone B,Full-Time,Unk,,Sales,General - Con,8/8/1993,AZ,Laborer,Male,19215,Asian,Single,Fully Meets,4
2592,2020-10-15,,Area Sales Manager,Martin Shelton,EW,Active,Contract,Zone B,Part-Time,Unk,,Sales,Field Operations,12/6/1949,TN,Splicer,Male,80307,Asian,Single,Fully Meets,2
2593,2018-12-01,2021-06-23,Area Sales Manager,Kimberly Lee,MSC,Active,Contract,Zone A,Temporary,Voluntary,Weight join evidence oil father.,Sales,General - Con,8/2/1972,TN,Laborer,Male,64576,Other,Widowed,Fully Meets,1
2594,2023-07-24,,Area Sales Manager,Nathan Silva,TNS,Active,Part-Time,Zone C,Temporary,Unk,,Sales,Fielders,27-03-1956,TN,Engineer,Male,1126,Other,Divorced,Fully Meets,1
2595,2019-10-08,,Area Sales Manager,Julie Young,PYZ,Active,Part-Time,Zone A,Full-Time,Unk,,Sales,Aerial,25-03-1998,TN,Administrator,Male,68371,Asian,Divorced,Fully Meets,4
2596,2021-10-16,2022-05-04,Area Sales Manager,Katelyn Kramer,WBL,Active,Contract,Zone A,Full-Time,Voluntary,Also protect scientist. Fear result major the.,Sales,Corp Operations,20-05-1977,ID,Administrative,Male,68985,Black,Divorced,Fully Meets,2
2597,2020-04-03,,Area Sales Manager,Mrs. Deanna Cooper,NEL,Active,Contract,Zone A,Full-Time,Unk,,Sales,Field Operations,25-09-1944,ID,Technician,Male,92704,Asian,Divorced,Fully Meets,2
2598,2020-01-08,,Area Sales Manager,Brian Scott,PL,Active,Part-Time,Zone A,Temporary,Unk,,Sales,General - Con,5/9/1964,ID,Splicer,Male,8573,Asian,Divorced,Fully Meets,4
2599,2022-03-27,2023-06-14,Administrative Assistant,Michaela Jones,BPC,Active,Contract,Zone A,Temporary,Voluntary,Very research level send picture pressure our.,Sales,Yard (Material Handling),11/7/1942,ID,Runner,Female,40513,Black,Widowed,Fully Meets,2
2600,2018-09-18,,Administrative Assistant,Kelsey Dunn,CCDR,Active,Full-Time,Zone C,Temporary,Unk,,Sales,Aerial,16-01-1965,WA,Lineman,Female,46029,Asian,Widowed,Fully Meets,2
2601,2019-11-29,2020-04-21,Administrative Assistant,Lonnie Sanders,SVG,Active,Full-Time,Zone C,Part-Time,Involuntary,Glass effort however relate partner lay what.,Sales,General - Con,2/3/2001,WA,Laborer,Female,44158,Hispanic,Widowed,Fully Meets,1
2602,2019-04-16,2022-08-05,Accountant I,Ariana Brady,EW,Active,Full-Time,Zone C,Full-Time,Involuntary,Rather middle organization officer.,Admin Offices,Wireline Construction,7/8/1982,MA,Clerk,Female,27947,Other,Widowed,Fully Meets,2
2603,2019-03-05,2019-10-12,Area Sales Manager,Jessica Rose,NEL,Active,Part-Time,Zone A,Full-Time,Involuntary,Front tend couple a budget strategy.,Sales,Splicing,8/6/1999,MA,Splicer,Male,18574,Other,Divorced,Fully Meets,2
2604,2018-12-20,2020-05-29,Area Sales Manager,Barbara Neal,PL,Active,Contract,Zone C,Full-Time,Voluntary,Compare factor only together.,Sales,Aerial,10/3/1987,MA,Engineer,Male,68833,Other,Divorced,Fully Meets,5
2605,2021-03-08,2023-05-29,Area Sales Manager,Julie Mcclain,BPC,Active,Full-Time,Zone C,Part-Time,Retirement,Situation affect medical friend audience fight.,Sales,Wireline Construction,11/8/1968,AZ,Supervisor,Male,29838,Black,Married,Fully Meets,4
2606,2020-10-23,,Area Sales Manager,Mary Mitchell,CCDR,Active,Full-Time,Zone C,Part-Time,Unk,,Sales,Project Management - Con,2/8/1951,AZ,Project Manager,Male,24803,White,Single,Fully Meets,2
2607,2019-03-29,,Area Sales Manager,Jason Reeves,SVG,Active,Contract,Zone B,Part-Time,Unk,,Sales,Fielders,14-10-1976,AL,Engineer,Male,89972,White,Married,Fully Meets,2
2608,2020-10-25,,Area Sales Manager,Cynthia Hurley,EW,Active,Contract,Zone A,Full-Time,Unk,,Sales,Field Operations,1/12/1977,TN,Lineman,Male,47864,Asian,Married,Fully Meets,4
2609,2019-12-06,2021-07-18,Area Sales Manager,Robert Thompson,MSC,Active,Part-Time,Zone B,Temporary,Retirement,Upon budget class college now this trade.,Sales,General - Sga,13-08-1971,TN,Administrative,Male,55114,Asian,Widowed,Fully Meets,2
2610,2022-09-23,2023-01-25,Area Sales Manager,Kelly James,TNS,Active,Full-Time,Zone B,Full-Time,Retirement,Join difference order size occur entire sell.,Sales,General - Con,30-12-1947,TN,Foreman,Male,90224,White,Widowed,Fully Meets,2
2611,2019-12-26,2022-06-04,Area Sales Manager,Juan Henson,PYZ,Active,Part-Time,Zone A,Temporary,Voluntary,Ground bad official number stuff stop leader.,Sales,Wireline Construction,22-09-1956,TN,Manager,Male,22260,Black,Widowed,Fully Meets,2
2612,2018-08-27,2019-12-19,Area Sales Manager,Jacob Nelson,WBL,Active,Part-Time,Zone B,Part-Time,Retirement,Site cut debate own born six.,Sales,Field Operations,1/7/1963,ID,Driller,Male,95112,White,Married,Fully Meets,4
2613,2022-12-12,2023-03-07,Area Sales Manager,Lisa Green,NEL,Active,Part-Time,Zone B,Full-Time,Resignation,Something service already fish create firm job.,Sales,Project Management - Eng,16-07-1944,ID,Project Manager,Male,13814,Black,Single,Fully Meets,5
2614,2021-05-13,,Area Sales Manager,Jose Copeland,PL,Active,Part-Time,Zone A,Full-Time,Unk,,Sales,Field Operations,14-03-1987,ID,Foreman,Male,29887,Black,Divorced,Fully Meets,5
2615,2021-03-31,,Administrative Assistant,Richard Price,BPC,Active,Contract,Zone B,Part-Time,Unk,,Sales,Finance & Accounting,25-05-1962,WA,Controller,Female,69576,Black,Single,Fully Meets,4
2616,2019-08-14,2022-09-04,Administrative Assistant,Gary Ortiz,CCDR,Active,Full-Time,Zone A,Part-Time,Involuntary,Still box ten network apply.,Sales,Engineers,18-12-1972,WA,Engineer,Female,62733,Black,Married,Fully Meets,1
2617,2020-08-02,2022-12-30,Administrative Assistant,Tanya Wilson,SVG,Active,Full-Time,Zone C,Full-Time,Retirement,Piece manage well onto.,Sales,Catv,26-04-1995,WA,Foreman,Female,78047,Hispanic,Single,Fully Meets,4
2618,2019-06-04,,Accountant I,Linda Lewis,EW,Active,Part-Time,Zone A,Full-Time,Unk,,Admin Offices,Wireline Construction,20-11-1994,MA,Laborer,Female,22491,White,Married,Fully Meets,4
2619,2020-06-17,2022-02-08,Area Sales Manager,Alexandria Brown,WBL,Active,Contract,Zone A,Temporary,Involuntary,Use stay among place dinner.,Sales,Field Operations,6/4/1946,MA,Laborer,Male,36412,Hispanic,Divorced,Fully Meets,5
2620,2021-03-04,,Area Sales Manager,Sarah Bates,NEL,Active,Full-Time,Zone B,Full-Time,Unk,,Sales,General - Con,2/10/1973,MA,Laborer,Male,14776,Asian,Married,Fully Meets,1
2621,2018-09-14,,Area Sales Manager,Mr. Benjamin Lucas,PL,Active,Part-Time,Zone B,Temporary,Unk,,Sales,Technology / It,6/8/1942,AZ,Manager,Male,57305,White,Single,Fully Meets,2
2622,2020-07-20,,Area Sales Manager,Sheila Taylor,BPC,Active,Contract,Zone B,Full-Time,Unk,,Sales,Executive,30-09-1991,AZ,Vp,Male,95143,Asian,Widowed,Fully Meets,4
2623,2020-05-21,2021-06-13,Area Sales Manager,Benjamin Cooper,CCDR,Active,Contract,Zone C,Full-Time,Involuntary,Game success stock hold sometimes will approach.,Sales,Field Operations,13-07-1953,AZ,Tower Hand,Male,55592,Asian,Divorced,Fully Meets,2
2624,2023-06-11,2023-07-28,Area Sales Manager,Janet Andrews,SVG,Active,Part-Time,Zone C,Temporary,Retirement,Simple them do consider grow.,Sales,Wireline Construction,22-07-1984,AL,Supervisor,Male,12964,Other,Single,Fully Meets,2
2625,2022-11-27,2023-05-19,Area Sales Manager,William Ellis,EW,Active,Full-Time,Zone B,Full-Time,Retirement,Situation anything economy time relationship.,Sales,Splicing,9/11/1943,TN,Driller,Male,88783,Asian,Divorced,Fully Meets,2
2626,2020-03-02,2022-05-27,Area Sales Manager,Kenneth Perry,MSC,Active,Full-Time,Zone C,Temporary,Resignation,Never whatever loss economic off without cause.,Sales,Project Management - Con,4/9/1976,TN,Manager,Male,11087,Asian,Widowed,Fully Meets,4
2627,2023-01-29,2023-05-24,Area Sales Manager,Michael Taylor,TNS,Active,Full-Time,Zone C,Part-Time,Retirement,Key as eye past. Three would affect about.,Sales,Wireline Construction,26-05-1990,TN,Foreman,Male,43552,Other,Divorced,Fully Meets,4
2628,2021-12-07,,Area Sales Manager,Thomas Roberts,BPC,Active,Part-Time,Zone A,Temporary,Unk,,Sales,Sales & Marketing,19-11-1991,TN,Vp,Male,33113,Hispanic,Divorced,Fully Meets,2
2629,2023-03-19,2023-07-11,Area Sales Manager,Stephen Green,CCDR,Active,Contract,Zone B,Temporary,Retirement,Hot key speak song thus her member.,Sales,Underground,4/2/1975,ID,Laborer,Male,12650,White,Single,Fully Meets,1
2630,2022-06-10,2023-02-14,Area Sales Manager,Andrea Dean,EW,Active,Part-Time,Zone B,Full-Time,Involuntary,Force way bank trade.,Sales,Field Operations,4/11/1994,ID,Laborer,Male,34069,Asian,Widowed,Fully Meets,5
2631,2021-03-03,,Area Sales Manager,Maria Hale,MSC,Active,Full-Time,Zone C,Full-Time,Unk,,Sales,Catv,9/4/1998,ID,Foreman,Female,50389,Black,Widowed,Fully Meets,2
2632,2022-03-06,,Administrative Assistant,Joshua Carpenter,NEL,Active,Contract,Zone C,Part-Time,Unk,,Sales,Field Operations,20-10-1975,WA,Foreman,Female,92311,Hispanic,Divorced,Fully Meets,4
2633,2022-08-08,,Administrative Assistant,Steven Hall,PL,Active,Part-Time,Zone C,Full-Time,Unk,,Sales,Project Management - Con,9/9/1985,WA,Manager,Female,10525,White,Single,Fully Meets,5
2634,2023-03-12,,Administrative Assistant,David Clark,PYZ,Active,Part-Time,Zone B,Temporary,Unk,,Sales,Field Operations,16-02-1943,WA,Technician,Female,12008,Asian,Single,Fully Meets,4
2635,2019-05-01,2023-02-16,Accountant I,Lauren Shepard,SVG,Active,Full-Time,Zone B,Temporary,Voluntary,Audience board south. Per state model beat.,Admin Offices,General - Con,26-07-1957,MA,Locator,Female,86499,Asian,Divorced,Fully Meets,1
2636,2018-09-13,2020-11-04,Area Sales Manager,Jason Hayes,PYZ,Active,Full-Time,Zone B,Temporary,Resignation,Almost across fly recent go.,Sales,General - Eng,20-11-1970,MA,Technician,Male,12113,Asian,Married,Fully Meets,5
2637,2022-11-16,,Area Sales Manager,Troy Bennett,WBL,Active,Contract,Zone A,Temporary,Unk,,Sales,Project Management - Con,4/10/1967,MA,Supervisor,Male,39143,Asian,Divorced,Fully Meets,5
2638,2021-11-20,2023-03-17,Area Sales Manager,Michelle Guzman,NEL,Active,Contract,Zone B,Full-Time,Voluntary,Matter fight attention this strategy.,Sales,Catv,10/1/1957,AZ,Supervisor,Male,16470,Asian,Divorced,Fully Meets,2
2639,2020-09-29,,Area Sales Manager,Sandra Young,PL,Active,Part-Time,Zone C,Temporary,Unk,,Sales,Project Management - Con,22-09-1975,AZ,Manager,Male,56991,Asian,Married,Fully Meets,2
2640,2021-08-28,2022-09-06,Area Sales Manager,Jacob Perez,BPC,Active,Contract,Zone B,Full-Time,Voluntary,Company set policy drop become single.,Sales,Wireline Construction,6/11/1962,AZ,Foreman,Male,9642,Black,Single,Fully Meets,4
2641,2021-04-28,2022-03-22,Area Sales Manager,Lisa Dyer,CCDR,Active,Full-Time,Zone A,Full-Time,Voluntary,Politics suggest company trade treat region.,Sales,Aerial,20-07-1975,AZ,Groundman,Male,23897,Asian,Married,Fully Meets,2
2642,2022-06-15,2023-05-05,Area Sales Manager,Rebecca Taylor DVM,SVG,Active,Full-Time,Zone C,Full-Time,Voluntary,Significant color always require evening.,Sales,Field Operations,13-06-1951,AL,Laborer,Male,65470,Asian,Divorced,Fully Meets,4
2643,2022-04-15,2022-10-10,Area Sales Manager,Deborah Stephens,EW,Active,Full-Time,Zone A,Temporary,Voluntary,Likely debate ever college strategy way can.,Sales,Wireline Construction,24-12-1966,TN,Clerical,Male,60277,Black,Divorced,Fully Meets,5
2644,2020-07-19,2021-04-10,Area Sales Manager,Patrick Lopez,MSC,Active,Full-Time,Zone C,Part-Time,Involuntary,Within rise suggest war check happy whom.,Sales,Aerial,23-01-1999,TN,Lineman,Male,25859,Other,Single,Fully Meets,5
2645,2020-07-02,,Area Sales Manager,Nicholas Martinez,TNS,Active,Contract,Zone C,Temporary,Unk,,Sales,Wireline Construction,27-06-1947,TN,Manager,Male,22815,Asian,Married,Fully Meets,4
2646,2019-08-04,,Area Sales Manager,Cathy Whitehead,PYZ,Active,Contract,Zone A,Part-Time,Unk,,Sales,Project Management - Con,17-06-2001,ID,Manager,Male,87653,Black,Widowed,Fully Meets,1
2647,2019-01-09,,Area Sales Manager,Lisa Johnson,WBL,Active,Contract,Zone A,Temporary,Unk,,Sales,Project Management - Con,3/11/1950,ID,Coordinator,Male,33659,Hispanic,Single,Fully Meets,5
2648,2022-10-01,,Area Sales Manager,William Fernandez,NEL,Active,Part-Time,Zone A,Part-Time,Unk,,Sales,Fielders,5/7/1994,ID,Engineer,Male,92454,Other,Married,Fully Meets,2
2649,2020-09-28,2023-06-02,Area Sales Manager,Leslie Scott,PL,Active,Part-Time,Zone A,Full-Time,Retirement,Appear reality artist there understand.,Sales,Project Management - Con,21-03-1973,NY,Coordinator,Female,59871,White,Widowed,Fully Meets,4
2650,2018-11-15,,Administrative Assistant,Vanessa Donaldson DVM,BPC,Active,Part-Time,Zone B,Full-Time,Unk,,Sales,Project Management - Con,15-08-1964,WA,Project Manager,Female,28100,Black,Single,Fully Meets,1
2651,2020-11-24,,Administrative Assistant,Steven Saunders,CCDR,Active,Contract,Zone C,Full-Time,Unk,,Sales,Project Management - Con,2/3/1992,WA,Coordinator,Female,30181,Hispanic,Divorced,Fully Meets,2
2652,2023-07-09,2023-07-14,Administrative Assistant,Virginia Smith,SVG,Active,Contract,Zone C,Temporary,Voluntary,Continue personal federal another.,Sales,General - Sga,8/3/1954,MA,Manager,Female,15228,Other,Widowed,Fully Meets,4
2653,2023-04-20,2023-05-08,Area Sales Manager,Brett Vargas,PYZ,Active,Full-Time,Zone C,Part-Time,Retirement,Garden player quickly body science.,Sales,Wireline Construction,21-04-1944,MA,Operator,Male,25594,White,Widowed,Fully Meets,1
2654,2019-08-22,2020-01-07,Area Sales Manager,Mark Hernandez,WBL,Active,Full-Time,Zone C,Temporary,Resignation,Stay herself cultural pass large.,Sales,General - Con,9/7/1955,MA,Operator,Male,97492,Black,Divorced,Fully Meets,4
2655,2022-08-02,2023-04-07,Area Sales Manager,John Wright,NEL,Active,Contract,Zone A,Part-Time,Voluntary,Mother fine late simply close material yeah.,Sales,General - Con,8/11/1964,AZ,Manager,Male,48881,Black,Divorced,Fully Meets,2
2656,2018-10-31,2020-01-23,Area Sales Manager,Tony Moore,PL,Active,Part-Time,Zone B,Part-Time,Voluntary,Detail see down common great on especially.,Sales,Aerial,10/2/1957,AZ,Splicer,Male,71509,Hispanic,Single,Fully Meets,4
2657,2021-11-23,2022-07-20,Area Sales Manager,Jeffrey Hodge,BPC,Active,Contract,Zone B,Temporary,Voluntary,Decision decade approach.,Sales,Isp,6/6/1995,AZ,Manager,Male,27097,White,Widowed,Fully Meets,2
2658,2023-07-01,2023-07-21,Area Sales Manager,Emily Simmons,CCDR,Active,Full-Time,Zone A,Temporary,Involuntary,Heart certainly computer beat where pull.,Sales,Engineers,28-03-1960,AZ,Technician,Male,74016,Black,Married,Fully Meets,2
2659,2022-07-18,,Area Sales Manager,Jessica Gomez,SVG,Active,Part-Time,Zone B,Temporary,Unk,,Sales,General - Con,13-07-1990,AL,Administrative,Male,71519,Black,Single,Fully Meets,2
2660,2019-08-09,,Area Sales Manager,Cheryl Moody,EW,Active,Part-Time,Zone C,Part-Time,Unk,,Sales,Shop (Fleet),27-10-1959,TN,Mechanic,Male,33045,Asian,Divorced,Fully Meets,4
2661,2021-07-06,,Area Sales Manager,Patrick Coleman,MSC,Active,Part-Time,Zone A,Temporary,Unk,,Sales,Engineers,11/8/1970,TN,Administrative,Male,65089,Black,Married,Fully Meets,2
2662,2021-02-02,,Area Sales Manager,Brittney Young,TNS,Active,Contract,Zone A,Part-Time,Unk,,Sales,General - Con,12/9/1945,ID,Foreman,Male,94177,Asian,Single,Fully Meets,2
2663,2023-01-06,2023-04-25,Area Sales Manager,Ryan Ward,PYZ,Active,Part-Time,Zone B,Part-Time,Resignation,Party employee page half young budget.,Sales,Splicing,21-07-1971,ID,Technician,Male,51278,Hispanic,Divorced,Fully Meets,5
2664,2021-11-13,,Area Sales Manager,Rose Cunningham,WBL,Active,Full-Time,Zone C,Full-Time,Unk,,Sales,Project Management - Con,25-06-1961,ID,Manager,Male,14665,Hispanic,Divorced,Fully Meets,1
2665,2020-03-15,,Area Sales Manager,Jessica Harrison,NEL,Active,Contract,Zone A,Part-Time,Unk,,Sales,Splicing,14-07-1991,NY,Splicer,Male,33859,Hispanic,Married,Fully Meets,4
2666,2018-11-07,2022-01-08,Area Sales Manager,Taylor Lopez,PL,Active,Part-Time,Zone C,Full-Time,Retirement,Audience run degree that your beyond cell.,Sales,Yard (Material Handling),19-01-1946,WA,Runner,Female,91544,Other,Single,Fully Meets,4
2667,2019-10-03,2021-08-25,Administrative Assistant,Joshua Brown,BPC,Active,Full-Time,Zone B,Part-Time,Retirement,Environment state tax sound stop group doctor.,Sales,Billable Consultants,8/10/1965,WA,Engineer,Female,9760,Other,Widowed,Fully Meets,2
2668,2022-08-12,2023-04-16,Administrative Assistant,Roger Campbell,CCDR,Active,Contract,Zone C,Part-Time,Resignation,Lot as card response consumer.,Sales,General - Con,12/11/1978,MA,Technician,Female,94176,Asian,Married,Fully Meets,2
2669,2018-12-22,,Administrative Assistant,Jordan Alexander,SVG,Active,Part-Time,Zone C,Full-Time,Unk,,Sales,Field Operations,19-01-1952,MA,Foreman,Female,46445,Black,Single,Fully Meets,1
2670,2021-03-27,,Area Sales Manager,Alexander Holmes,PYZ,Active,Part-Time,Zone A,Full-Time,Unk,,Sales,Engineers,6/3/1994,MA,Engineer,Male,54346,Other,Widowed,Fully Meets,1
2671,2022-07-18,,Area Sales Manager,Andrea Whitaker,WBL,Active,Part-Time,Zone C,Temporary,Unk,,Sales,Field Operations,23-06-1944,MA,Coordinator,Male,10712,Asian,Widowed,Fully Meets,5
2672,2020-04-09,2023-05-06,Area Sales Manager,Carrie Wells,NEL,Active,Contract,Zone A,Full-Time,Involuntary,Medical message face development moment because.,Sales,Fielders,23-07-1999,AZ,Engineer,Male,3413,Asian,Married,Fully Meets,1
2673,2022-01-07,,Area Sales Manager,David Figueroa,PL,Active,Full-Time,Zone B,Full-Time,Unk,,Sales,Splicing,19-07-1999,AZ,Splicer,Male,80938,Other,Single,Fully Meets,4
2674,2022-07-15,,Area Sales Manager,Kevin Parrish,BPC,Active,Part-Time,Zone A,Part-Time,Unk,,Sales,Fielders,16-12-1968,AZ,Engineer,Male,31528,White,Widowed,Fully Meets,1
2675,2020-11-29,2022-07-16,Area Sales Manager,Monica Miller,CCDR,Active,Part-Time,Zone C,Part-Time,Resignation,Board up meet away firm yet human find.,Sales,Engineers,7/6/1946,AL,Engineer,Male,11366,Hispanic,Divorced,Fully Meets,5
2676,2019-03-20,2020-09-23,Area Sales Manager,Brandi Collins,SVG,Active,Part-Time,Zone C,Part-Time,Resignation,Memory theory thank past could.,Sales,Engineers,1/8/1972,AL,Engineer,Male,19248,Asian,Single,Fully Meets,2
2677,2019-03-16,2022-01-08,Area Sales Manager,Jimmy Jones,EW,Active,Contract,Zone B,Full-Time,Resignation,Who few sport business various.,Sales,Splicing,13-10-1990,TN,Director,Male,8371,Hispanic,Divorced,Fully Meets,1
2678,2021-05-30,,Area Sales Manager,Bruce Roy,MSC,Active,Full-Time,Zone C,Part-Time,Unk,,Sales,Field Operations,1/5/1966,ID,Laborer,Male,90990,White,Single,Fully Meets,5
2679,2022-11-17,,Area Sales Manager,Heather Wright,TNS,Active,Contract,Zone A,Part-Time,Unk,,Sales,General - Con,20-10-1951,ID,Foreman,Male,80607,Hispanic,Divorced,Fully Meets,5
2680,2020-12-25,2021-10-04,Area Sales Manager,Joseph Rivas,PYZ,Active,Contract,Zone A,Full-Time,Involuntary,Smile most around.,Sales,Billable Consultants,24-01-1948,ID,Engineer,Male,30228,Black,Single,Fully Meets,2
2681,2020-06-16,2021-08-13,Area Sales Manager,Hannah Rose,WBL,Active,Part-Time,Zone C,Full-Time,Involuntary,Region hit sense national about.,Sales,Field Operations,4/2/1984,ID,Technician,Male,47652,Black,Married,Fully Meets,1
2682,2020-07-28,,Area Sales Manager,Zachary Ortiz,NEL,Active,Contract,Zone A,Temporary,Unk,,Sales,Field Operations,5/6/1976,NY,Supervisor,Male,73798,Asian,Widowed,Fully Meets,2
2683,2021-12-31,,Area Sales Manager,Kimberly Soto,PL,Active,Contract,Zone A,Temporary,Unk,,Sales,General - Con,14-10-1952,WA,Laborer,Female,86439,Other,Divorced,Fully Meets,4
2684,2022-02-07,2023-03-02,Administrative Assistant,Nicholas Huang,BPC,Active,Full-Time,Zone C,Part-Time,Retirement,Activity pay wall start cause.,Sales,General - Sga,7/10/1983,MA,Manager,Female,60915,White,Widowed,Fully Meets,5
2685,2021-11-23,2022-03-29,Administrative Assistant,Joshua Rosales,CCDR,Active,Full-Time,Zone B,Temporary,Resignation,Statement would join music great dark.,Sales,General - Sga,8/8/1964,MA,Supervisor,Female,9417,Black,Divorced,Fully Meets,2
2686,2021-08-15,,Area Sales Manager,Nicholas Graham,PYZ,Active,Contract,Zone C,Part-Time,Unk,,Sales,Project Management - Con,9/5/1955,MA,Technician,Male,56247,Other,Single,Fully Meets,4
2687,2021-06-21,,Area Sales Manager,Christopher Black,WBL,Active,Part-Time,Zone A,Full-Time,Unk,,Sales,Engineers,16-03-1945,AZ,Engineer,Male,88522,White,Single,Fully Meets,2
2688,2021-02-13,,Area Sales Manager,Edward Lane,NEL,Active,Contract,Zone B,Full-Time,Unk,,Sales,Engineers,9/2/1967,AZ,Engineer,Male,97840,Black,Married,Fully Meets,1
2689,2020-12-28,,Area Sales Manager,David Craig,PL,Active,Part-Time,Zone C,Part-Time,Unk,,Sales,Wireline Construction,9/5/1954,AZ,Foreman,Male,72339,Other,Single,Fully Meets,1
2690,2022-04-12,2022-09-02,Area Sales Manager,Elizabeth Garrison,BPC,Active,Part-Time,Zone B,Part-Time,Involuntary,Author hotel car care special organization.,Sales,Project Management - Con,14-04-1997,AZ,Field Project Manager,Male,28406,Black,Married,Fully Meets,4
2691,2019-01-02,,Area Sales Manager,Taylor Huerta,CCDR,Active,Part-Time,Zone C,Full-Time,Unk,,Sales,General - Sga,29-11-1972,AL,Supervisor,Male,85311,Black,Widowed,Fully Meets,1
2692,2020-08-01,2022-10-01,Area Sales Manager,Denise Adams,SVG,Active,Full-Time,Zone A,Full-Time,Voluntary,Hard way effort wear physical. Want between grow.,Sales,Underground,22-11-1997,TN,Foreman,Male,97985,White,Widowed,Fully Meets,4
2693,2020-10-14,,Area Sales Manager,Ryan Flores,EW,Active,Part-Time,Zone C,Temporary,Unk,,Sales,General - Sga,26-09-1987,TN,Assistant,Male,52988,White,Married,Fully Meets,4
2694,2023-05-26,2023-07-14,Area Sales Manager,Mackenzie Cole,MSC,Active,Full-Time,Zone C,Full-Time,Involuntary,Movie before ability. Seem watch deal center.,Sales,Engineers,15-12-1980,ID,Director,Male,16500,Black,Widowed,Fully Meets,4
2695,2021-08-26,2022-11-25,Area Sales Manager,Emily Jones,TNS,Active,Full-Time,Zone A,Temporary,Retirement,Offer performance arrive travel.,Sales,Underground,24-10-1960,ID,Laborer,Male,70237,Other,Married,Fully Meets,2
2696,2022-11-20,2023-02-08,Area Sales Manager,Chelsea Garcia,PYZ,Active,Contract,Zone A,Temporary,Retirement,Top seem police tree against.,Sales,Project Management - Con,9/3/1953,ID,Manager,Male,18726,Other,Married,Fully Meets,4
2697,2020-02-22,,Area Sales Manager,Jacob Simmons,WBL,Active,Full-Time,Zone A,Full-Time,Unk,,Sales,Splicing,8/2/1964,NY,Laborer,Male,21341,White,Married,Fully Meets,1
2698,2021-04-04,,Area Sales Manager,Samuel Phillips,NEL,Active,Contract,Zone B,Full-Time,Unk,,Sales,Field Operations,1/2/1969,NY,Operator,Male,46549,Hispanic,Single,Fully Meets,4
2699,2023-08-05,,Area Sales Manager,Stephen Burns,PL,Active,Contract,Zone C,Temporary,Unk,,Sales,Engineers,24-08-1985,WA,Engineer,Female,8797,Other,Married,Fully Meets,5
2700,2023-01-10,2023-08-06,Administrative Assistant,Nicholas White,BPC,Active,Full-Time,Zone B,Temporary,Resignation,Visit you let sort amount visit.,Sales,Project Management - Con,1/9/1992,MA,Manager,Female,20560,Other,Single,Fully Meets,4
2701,2019-04-19,,Administrative Assistant,Gregory Hill,CCDR,Active,Contract,Zone A,Full-Time,Unk,,Sales,Field Operations,6/9/1959,MA,Controller,Female,11623,Black,Married,Fully Meets,5
2702,2019-10-02,,Area Sales Manager,Anna Henry,BPC,Active,Contract,Zone B,Full-Time,Unk,,Sales,Aerial,18-09-1962,MA,Foreman,Male,80318,Asian,Married,Fully Meets,2
2703,2018-11-14,,Area Sales Manager,Jennifer Alvarez,CCDR,Active,Full-Time,Zone A,Part-Time,Unk,,Sales,General - Con,7/4/1986,AZ,Laborer,Male,37397,Other,Single,Fully Meets,5
2704,2020-01-27,2022-06-19,Area Sales Manager,Ashley Larson,EW,Active,Part-Time,Zone A,Full-Time,Voluntary,Mention adult treatment old play.,Sales,Field Operations,30-07-1998,AZ,Technician,Male,39020,Black,Widowed,Fully Meets,4
2705,2018-11-04,,Area Sales Manager,Donna Hurst,MSC,Active,Full-Time,Zone B,Temporary,Unk,,Sales,General - Con,24-10-2000,AZ,Supervisor,Female,57908,Hispanic,Divorced,Fully Meets,2
2706,2018-12-13,2019-01-13,Area Sales Manager,Eric Byrd,NEL,Active,Part-Time,Zone A,Part-Time,Involuntary,Can last meet shake imagine he.,Sales,Field Operations,24-09-1975,NC,Electrician,Male,39922,Asian,Widowed,Fully Meets,2
2707,2022-11-28,,Area Sales Manager,Brianna Johnson,PL,Active,Full-Time,Zone B,Part-Time,Unk,,Sales,General - Con,20-08-1992,AL,Foreman,Male,95876,White,Married,Fully Meets,4
2708,2022-06-08,2022-08-07,Area Sales Manager,Savannah Oconnell,PYZ,Active,Full-Time,Zone C,Part-Time,Involuntary,After draw carry north federal region recently.,Sales,General - Con,31-07-1965,TN,Foreman,Male,47846,Asian,Married,Fully Meets,2
2709,2022-04-03,,Area Sales Manager,Madison Kemp,SVG,Active,Full-Time,Zone A,Full-Time,Unk,,Sales,Field Operations,28-01-1985,ID,Locator,Male,62350,Asian,Married,Fully Meets,2
2710,2022-02-28,,Area Sales Manager,Julian Bowen,TNS,Active,Part-Time,Zone C,Full-Time,Unk,,Sales,Field Operations,14-04-1994,ID,Manager,Male,45874,Black,Single,Fully Meets,5
2711,2021-08-19,,Area Sales Manager,Brittany Dickerson,WBL,Active,Contract,Zone C,Temporary,Unk,,Sales,Field Operations,9/6/1973,ID,Technician,Male,54605,Black,Divorced,Fully Meets,2
2712,2018-08-19,,Area Sales Manager,Richard Henry,PYZ,Active,Full-Time,Zone A,Full-Time,Unk,,Sales,General - Con,8/7/1992,NY,Foreman,Male,42080,Other,Married,Fully Meets,1
2713,2019-10-15,,Area Sales Manager,Whitney Ross,WBL,Active,Full-Time,Zone A,Full-Time,Unk,,Sales,Aerial,9/2/1997,NY,Foreman,Male,92148,Black,Married,Fully Meets,5
2714,2023-02-23,2023-04-20,Area Sales Manager,Keith Martinez,NEL,Active,Part-Time,Zone C,Temporary,Resignation,Break price parent seat natural whatever.,Sales,Field Operations,11/7/1972,WA,Tower Hand,Male,3780,Asian,Widowed,Fully Meets,1
2715,2023-02-01,,Area Sales Manager,Robert Avery,PL,Active,Full-Time,Zone B,Temporary,Unk,,Sales,Field Operations,18-08-1995,WA,Manager,Female,44669,Asian,Divorced,Fully Meets,4
2716,2023-05-07,,Administrative Assistant,Jesse Torres,BPC,Active,Contract,Zone A,Temporary,Unk,,Sales,Executive,21-12-1969,MA,Ceo,Female,22894,Asian,Widowed,Fully Meets,2
2717,2020-05-26,,Area Sales Manager,William Garner,PYZ,Active,Full-Time,Zone A,Temporary,Unk,,Sales,Field Operations,5/11/1995,MA,Supervisor,Male,77267,Black,Divorced,Fully Meets,1
2718,2022-02-09,,Area Sales Manager,Matthew Willis,WBL,Active,Part-Time,Zone A,Part-Time,Unk,,Sales,Aerial,26-01-1999,AZ,Laborer,Male,91638,Other,Married,Fully Meets,5
2719,2022-06-20,2023-03-23,Area Sales Manager,Monica Sims,NEL,Active,Contract,Zone C,Temporary,Voluntary,Dinner teach cover later.,Sales,Finance & Accounting,11/2/1996,AZ,Intern,Male,35738,Hispanic,Divorced,Fully Meets,4
2720,2022-01-08,2022-09-03,Area Sales Manager,Kathleen Hickman,PL,Active,Contract,Zone A,Temporary,Retirement,Debate want series success above.,Sales,Field Operations,13-08-1994,NC,Top Hand,Female,26500,Asian,Widowed,Fully Meets,4
2721,2020-03-01,,Area Sales Manager,Brendan Melendez,BPC,Active,Full-Time,Zone A,Full-Time,Unk,,Sales,Shop (Fleet),15-11-1981,NC,Manager,Male,6085,Hispanic,Married,Fully Meets,4
2722,2020-10-05,,Area Sales Manager,Wendy Sullivan,CCDR,Active,Contract,Zone C,Temporary,Unk,,Sales,General - Con,2/12/1979,AL,Technician,Male,15704,White,Single,Fully Meets,2
2723,2021-05-12,2022-07-01,Area Sales Manager,Ariel Davis,SVG,Active,Part-Time,Zone C,Temporary,Voluntary,Another instead but house six make citizen.,Sales,Field Operations,17-03-1975,TN,Technician,Male,37293,White,Widowed,Fully Meets,2
2724,2023-01-01,2023-07-05,Area Sales Manager,Nicholas Robinson,EW,Active,Part-Time,Zone B,Temporary,Involuntary,Game reach not save individual.,Sales,Catv,15-01-1943,ID,Foreman,Male,96396,Other,Divorced,Fully Meets,1
2725,2019-11-18,,Area Sales Manager,Elaine Johnson,MSC,Active,Contract,Zone B,Full-Time,Unk,,Sales,Field Operations,21-07-1969,ID,Laborer,Male,25528,White,Single,Fully Meets,4
2726,2021-05-12,2021-11-07,Area Sales Manager,Rachel White,TNS,Active,Contract,Zone B,Full-Time,Retirement,Vote yard sign address lead knowledge front.,Sales,Wireline Construction,23-02-1971,NY,Groundman,Male,20036,Asian,Single,Fully Meets,2
2727,2020-02-14,2021-12-21,Area Sales Manager,Sheri Valenzuela,PYZ,Active,Contract,Zone C,Full-Time,Resignation,Risk hundred social.,Sales,General - Con,12/10/1984,NY,Lineman,Male,83448,White,Divorced,Fully Meets,5
2728,2020-05-08,2023-03-28,Area Sales Manager,Brandon Perez,WBL,Active,Full-Time,Zone B,Full-Time,Involuntary,World area thus attention start.,Sales,Splicing,7/9/1956,WA,Foreman,Male,16416,Hispanic,Single,Fully Meets,2
2729,2018-12-10,,Area Sales Manager,Kathryn Kidd DVM,NEL,Active,Part-Time,Zone B,Full-Time,Unk,,Sales,Engineers,10/3/1948,WA,Engineer,Female,83077,Hispanic,Divorced,Fully Meets,2
2730,2021-12-08,,Area Sales Manager,Mario Moran,PL,Active,Contract,Zone B,Part-Time,Unk,,Sales,Underground,28-07-1967,VT,Operator,Female,23617,Hispanic,Single,Fully Meets,2
2731,2019-01-31,,Administrative Assistant,Brian Allen,BPC,Active,Part-Time,Zone C,Full-Time,Unk,,Sales,General - Con,30-12-1949,MA,Technician,Female,24569,Other,Married,Fully Meets,1
2732,2022-08-31,2023-04-27,Area Sales Manager,Stephanie Jackson,PYZ,Active,Contract,Zone A,Full-Time,Retirement,Exactly fear as speech.,Sales,Shop (Fleet),7/4/1989,ME,Shop,Male,37938,Black,Single,Fully Meets,2
2733,2022-02-01,,Area Sales Manager,Rodney Robinson,WBL,Active,Contract,Zone A,Temporary,Unk,,Sales,General - Sga,5/1/1996,AZ,Administrator,Male,53746,Black,Single,Fully Meets,5
2734,2020-12-02,,Area Sales Manager,Alicia Mitchell,NEL,Active,Contract,Zone C,Part-Time,Unk,,Sales,General - Con,3/12/1948,AZ,Laborer,Female,51967,Black,Married,Fully Meets,4
2735,2020-10-16,,Area Sales Manager,Melissa Ray,PL,Active,Contract,Zone B,Part-Time,Unk,,Sales,Field Operations,10/4/2001,NC,Groundman,Female,26584,Asian,Single,Fully Meets,2
2736,2020-05-27,,Area Sales Manager,Michael Garza,BPC,Active,Contract,Zone A,Full-Time,Unk,,Sales,General - Con,13-02-1963,AL,Laborer,Male,2091,Other,Married,Fully Meets,5
2737,2021-08-20,2021-10-09,Area Sales Manager,Victoria Padilla,CCDR,Active,Full-Time,Zone C,Temporary,Retirement,Music society money product next.,Sales,General - Con,26-05-1972,UT,Technician,Male,84906,Black,Married,Fully Meets,4
2738,2019-02-07,2019-03-25,Area Sales Manager,Spencer Larson,SVG,Active,Full-Time,Zone C,Full-Time,Involuntary,Member success us future a song every.,Sales,Field Operations,23-09-1957,TN,Laborer,Male,86185,Hispanic,Married,Fully Meets,5
2739,2021-02-18,2021-11-26,Area Sales Manager,Cynthia Martin,EW,Active,Contract,Zone A,Part-Time,Resignation,Idea why card study body commercial.,Sales,General - Con,21-09-1944,ID,Technician,Male,82332,Black,Single,Fully Meets,4
2740,2022-12-02,,Area Sales Manager,Cody Hughes,MSC,Active,Full-Time,Zone B,Part-Time,Unk,,Sales,General - Sga,25-09-1983,ID,Construction Manager,Male,34011,Black,Single,Fully Meets,1
2741,2021-07-29,2022-05-05,Area Sales Manager,Ronald Mata,TNS,Active,Full-Time,Zone A,Part-Time,Resignation,Amount address then peace deep community own six.,Sales,Wireline Construction,27-10-1974,NY,Technician,Male,88627,Asian,Divorced,Fully Meets,4
2742,2022-04-23,2022-12-16,Area Sales Manager,Chad Boone,PYZ,Active,Full-Time,Zone B,Full-Time,Retirement,Thing stock near question mouth.,Sales,Field Operations,9/10/1991,NH,Foreman,Male,47497,Asian,Married,Fully Meets,2
2743,2021-07-31,2022-04-07,Area Sales Manager,Carmen Wilson,WBL,Active,Full-Time,Zone B,Temporary,Voluntary,Decade structure outside I world agent treat.,Sales,Field Operations,28-01-1982,WA,Top Hand,Male,16234,Black,Married,Fully Meets,4
2744,2020-06-12,,Area Sales Manager,Paul Hernandez,NEL,Active,Contract,Zone C,Full-Time,Unk,,Sales,Field Operations,21-07-1954,VT,Laborer,Female,25145,Asian,Married,Fully Meets,4
2745,2019-01-25,,Area Sales Manager,John Ferguson,PL,Active,Contract,Zone B,Part-Time,Unk,,Sales,Executive,29-04-2001,VA,Director,Female,71081,Hispanic,Divorced,Fully Meets,5
2746,2020-10-24,2023-04-08,Administrative Assistant,Bailey Case,BPC,Voluntarily Terminated,Full-Time,Zone A,Full-Time,Involuntary,Art decade agreement bank.,Sales,Project Management - Con,17-05-1977,MA,Supervisor,Female,39119,Hispanic,Widowed,Fully Meets,5
2747,2018-08-18,2019-02-28,Production Technician I,Todd Gonzales,SVG,Active,Part-Time,Zone B,Part-Time,Voluntary,Few attorney all campaign town reflect behavior.,Production       ,General - Con,23-11-1960,MA,Lineman,Female,2109,Hispanic,Married,Fully Meets,4
2748,2022-07-11,,Production Technician I,Deanna Kerr,PYZ,Active,Full-Time,Zone C,Full-Time,Unk,,Production       ,General - Sga,15-06-1964,MA,Laborer,Female,1801,Hispanic,Widowed,Fully Meets,1
2749,2018-11-15,2018-11-19,Production Technician I,Matthew Wilcox,BPC,Voluntarily Terminated,Full-Time,Zone B,Part-Time,Retirement,He PM simply interesting.,Production       ,Technology / It,8/4/1949,MA,Administrator,Female,1760,Black,Widowed,Fully Meets,5
2750,2022-06-04,,Production Technician II,Timothy Roman,TNS,Active,Full-Time,Zone B,Full-Time,Unk,,Production       ,Field Operations,3/4/1949,MA,Laborer,Male,2127,Asian,Divorced,Fully Meets,4
2751,2018-10-27,2019-07-10,Production Technician II,Steven White,NEL,Leave of Absence,Full-Time,Zone B,Part-Time,Retirement,Seek reason commercial method among back war.,Production       ,Field Operations,15-04-1967,MA,Laborer,Male,1770,Black,Single,Fully Meets,5
2752,2022-10-21,2023-05-09,Production Technician I,Laura Rodriguez,TNS,Active,Part-Time,Zone A,Temporary,Involuntary,Finish something start activity full professor.,Production       ,General - Con,28-05-1976,MA,Flagger,Male,2478,Hispanic,Divorced,Fully Meets,4
2753,2023-01-13,2023-05-24,Production Technician I,Joshua Smith,CCDR,Active,Contract,Zone B,Part-Time,Voluntary,Traditional stay important save box.,Production       ,Field Operations,11/6/1984,MA,Driver,Female,2189,Black,Widowed,Fully Meets,4
2754,2020-04-05,,Production Technician I,Gabriella Copeland,SVG,Active,Full-Time,Zone C,Full-Time,Unk,,Production       ,Engineers,5/5/1977,MA,Engineer,Male,2109,Other,Married,Fully Meets,2
2755,2022-05-26,,Production Technician I,Connor Macdonald,EW,Active,Contract,Zone B,Temporary,Unk,,Production       ,General - Con,20-11-1955,MA,Technician,Male,1701,Other,Single,Fully Meets,2
2756,2021-05-05,,Production Technician II,David Miller,TNS,Active,Part-Time,Zone A,Part-Time,Unk,,Production       ,Field Operations,21-07-1986,MA,Driller,Male,2155,White,Divorced,Fully Meets,2
2757,2023-07-01,2023-08-04,Production Technician II,Joanna Poole,BPC,Future Start,Part-Time,Zone C,Part-Time,Retirement,Class table south receive democratic.,Production       ,Project Management - Con,19-01-1948,MA,Coordinator,Female,2145,Hispanic,Divorced,Fully Meets,2
2758,2018-12-20,2023-06-13,Production Technician I,James Austin,TNS,Terminated for Cause,Part-Time,Zone A,Full-Time,Involuntary,Difference require discuss.,Production       ,Wireline Construction,12/2/1946,MA,Lineman,Male,2050,Other,Divorced,Fully Meets,2
2759,2018-08-26,,Production Technician I,Mrs. Megan Booker,PYZ,Active,Full-Time,Zone B,Full-Time,Unk,,Production       ,Aerial,4/5/1989,MA,Lineman,Male,2301,White,Divorced,Fully Meets,2
2760,2020-12-06,2022-08-26,Production Technician II,Alexis Shaw,BPC,Active,Part-Time,Zone B,Temporary,Voluntary,Keep position nature most anything eat blue.,Production       ,Fielders,20-07-1969,MA,Engineer,Male,2062,Other,Single,Fully Meets,2
2761,2021-12-13,2022-06-11,Production Technician I,Austin Klein,EW,Active,Contract,Zone C,Temporary,Resignation,Sport information for admit language mention.,Production       ,Wireline Construction,7/2/1997,MA,Laborer,Female,2121,Asian,Married,Fully Meets,4
2762,2021-06-27,2022-01-02,Production Technician II,Cheryl Cole,CCDR,Voluntarily Terminated,Part-Time,Zone A,Temporary,Resignation,Stock avoid company tend tell success.,Production       ,Field Operations,9/12/1944,MA,Laborer,Female,2343,Asian,Single,Fully Meets,4
2763,2019-10-19,,Production Technician I,Katelyn Coleman,NEL,Active,Part-Time,Zone C,Full-Time,Unk,,Production       ,Field Operations,18-05-1991,MA,Construction Manager,Female,2176,Hispanic,Single,Fully Meets,2
2764,2022-11-26,2023-01-13,Production Technician I,Ronald Sims,WBL,Active,Part-Time,Zone C,Full-Time,Involuntary,President clearly teach recently care.,Production       ,Engineers,24-03-1993,MA,Engineer,Male,1810,Black,Single,Fully Meets,2
2765,2019-08-19,,Production Technician I,Richard Long,PL,Active,Full-Time,Zone C,Full-Time,Unk,,Production       ,Wireline Construction,9/7/1967,MA,Administrative,Male,2045,Black,Widowed,Fully Meets,4
2766,2018-08-22,2022-04-14,Production Technician II,Kaitlyn Hale,EW,Voluntarily Terminated,Part-Time,Zone A,Full-Time,Involuntary,Look area spend. Deal animal main interesting.,Production       ,Engineers,28-06-1957,MA,Engineer,Female,2021,Hispanic,Married,Fully Meets,2
2767,2022-05-04,,Production Technician I,Joseph Carr,BPC,Active,Full-Time,Zone A,Full-Time,Unk,,Production       ,Field Operations,15-01-1949,MA,Technician,Female,2747,Asian,Divorced,Fully Meets,2
2768,2022-06-12,,Production Technician I,Deborah Schultz,WBL,Active,Part-Time,Zone B,Temporary,Unk,,Production       ,Underground,20-02-1981,MA,Operator,Male,2026,Asian,Married,Fully Meets,2
2769,2018-11-08,,Production Technician I,Robert Brooks,NEL,Active,Contract,Zone A,Part-Time,Unk,,Production       ,Aerial,31-08-1950,MA,Foreman,Male,95073,Other,Widowed,Fully Meets,4
2770,2021-07-05,,Production Technician I,Richard Davis,PL,Active,Part-Time,Zone A,Part-Time,Unk,,Production       ,Field Operations,19-11-1945,MA,Laborer,Male,65497,Black,Divorced,Fully Meets,5
2771,2020-07-08,2021-09-24,Production Technician I,Tonya Moreno,BPC,Terminated for Cause,Full-Time,Zone A,Temporary,Retirement,Talk into between trip final.,Production       ,Wireline Construction,10/3/1950,MA,Laborer,Male,37659,Other,Divorced,Fully Meets,5
2772,2020-03-13,,Production Technician I,Francis York,CCDR,Active,Full-Time,Zone A,Temporary,Unk,,Production       ,Wireline Construction,15-04-1973,MA,Laborer,Male,74626,Other,Married,Fully Meets,1
2773,2022-12-28,,Production Technician I,Misty Cole,SVG,Active,Full-Time,Zone B,Full-Time,Unk,,Production       ,Splicing,20-06-1964,MA,Laborer,Male,10950,White,Widowed,Fully Meets,2
2774,2020-03-17,,Production Technician I,Kenneth Perry,EW,Active,Full-Time,Zone B,Part-Time,Unk,,Production       ,Field Operations,5/6/1993,MA,Laborer,Male,85907,Other,Divorced,Fully Meets,5
2775,2023-01-07,,Production Technician I,Andrew Wilkinson,MSC,Active,Part-Time,Zone B,Temporary,Unk,,Production       ,Field Operations,19-02-1966,MA,Tower Hand,Female,50944,White,Single,Fully Meets,2
2776,2021-12-22,,Production Technician I,Debbie Pearson,TNS,Active,Full-Time,Zone B,Part-Time,Unk,,Production       ,General - Eng,6/2/1975,MA,Engineer,Male,67113,White,Single,Fully Meets,4
2777,2020-04-29,2022-11-22,Production Technician I,Frank Wilkinson,PYZ,Active,Part-Time,Zone B,Full-Time,Voluntary,Vote growth sound wide art.,Production       ,General - Con,31-07-1944,MA,Laborer,Male,37852,Hispanic,Single,Fully Meets,5
2778,2020-12-02,,Production Technician I,Raymond Burton,WBL,Active,Part-Time,Zone C,Temporary,Unk,,Production       ,Wireless,28-02-1955,MA,Foreman,Male,33896,Asian,Divorced,Fully Meets,5
2779,2021-12-08,2022-06-20,Production Technician I,Adam Murphy,NEL,Active,Contract,Zone A,Part-Time,Resignation,Exist how dog information accept around PM.,Production       ,Field Operations,16-07-1957,MA,Laborer,Male,88158,Hispanic,Married,Fully Meets,2
2780,2022-04-13,2023-08-04,Production Technician I,Kimberly Stout,PL,Active,Contract,Zone B,Part-Time,Retirement,Chance ever laugh sign indicate.,Production       ,General - Con,26-04-1951,MA,Foreman,Male,18034,White,Married,Fully Meets,4
2781,2020-12-23,2022-07-23,Production Technician I,Jonathan Hale,BPC,Voluntarily Terminated,Contract,Zone A,Part-Time,Retirement,Indicate less quality put listen nation.,Production       ,Field Operations,22-10-1969,MA,Operator,Male,47540,Asian,Divorced,Fully Meets,4
2782,2019-03-31,,Production Technician I,Robert Schmitt DDS,CCDR,Active,Full-Time,Zone C,Temporary,Unk,,Production       ,General - Con,18-06-1987,MA,Laborer,Female,14142,Black,Single,Fully Meets,2
2783,2023-06-11,2023-07-30,Production Technician II,Jamie Parker,SVG,Active,Part-Time,Zone A,Temporary,Resignation,Like open news car seem garden people.,Production       ,Wireline Construction,21-10-1977,MA,Technician,Male,68300,White,Married,Fully Meets,1
2784,2021-05-20,2023-01-31,Production Technician II,Lauren Thomas,TNS,Active,Contract,Zone B,Full-Time,Involuntary,Base item do role debate perform.,Production       ,Field Operations,8/3/1981,MA,Foreman,Male,85699,White,Divorced,Fully Meets,2
2785,2020-11-14,,Production Technician II,Pamela Taylor,WBL,Active,Full-Time,Zone C,Full-Time,Unk,,Production       ,Field Operations,6/7/1967,MA,Top Hand,Male,96368,Hispanic,Widowed,Fully Meets,4
2786,2018-12-29,,Production Technician II,Phyllis Cox,PYZ,Active,Contract,Zone A,Full-Time,Unk,,Production       ,Field Operations,13-07-2000,MA,Laborer,Female,33987,Asian,Widowed,Fully Meets,1
2787,2021-04-22,,Production Technician II,Jonathan Williams,WBL,Active,Contract,Zone A,Full-Time,Unk,,Production       ,Executive,10/12/1948,MA,Director,Female,93541,White,Divorced,Fully Meets,4
2788,2023-06-03,2023-07-14,Production Technician II,Edward Navarro,NEL,Voluntarily Terminated,Contract,Zone C,Full-Time,Involuntary,Program deal run.,Production       ,Project Management - Con,7/2/1949,MA,Supervisor,Female,87242,Black,Widowed,Fully Meets,1
2789,2021-04-26,2021-07-06,Production Technician I,Matthew Craig,CCDR,Active,Contract,Zone B,Temporary,Retirement,Great parent relate growth summer.,Production       ,Wireless,4/6/1942,MA,Manager,Male,31575,Asian,Divorced,Fully Meets,4
2790,2019-04-30,2019-10-09,Production Technician I,Warren Pollard,EW,Active,Contract,Zone B,Part-Time,Involuntary,Above fight animal support beautiful.,Production       ,Catv,8/8/1959,MA,Laborer,Male,64694,Hispanic,Widowed,Fully Meets,4
2791,2021-07-04,2023-06-25,Production Technician I,Felicia Smith,MSC,Active,Contract,Zone B,Temporary,Involuntary,Better design cause yet history decide.,Production       ,Field Operations,28-10-1946,MA,Driller,Male,43706,White,Widowed,Fully Meets,2
2792,2023-02-24,,Production Technician I,Robert Nguyen,NEL,Active,Part-Time,Zone A,Temporary,Unk,,Production       ,Engineers,10/5/1953,MA,Technician,Male,19908,Black,Single,Fully Meets,1
2793,2021-03-02,,Production Technician I,Jesse Hall,PL,Active,Full-Time,Zone A,Full-Time,Unk,,Production       ,Yard (Material Handling),19-08-1981,MA,Supervisor,Male,1901,Black,Divorced,Fully Meets,1
2794,2021-12-27,,Production Technician I,George Palmer Jr.,PYZ,Active,Contract,Zone B,Temporary,Unk,,Production       ,Field Operations,16-05-1976,MA,Laborer,Male,1877,Hispanic,Single,Fully Meets,5
2795,2022-07-10,2022-09-11,Production Technician I,Casey Garner,SVG,Active,Part-Time,Zone C,Temporary,Voluntary,Defense pressure according more mind bed number.,Production       ,General - Eng,26-01-1949,MA,Drafter,Female,74746,Asian,Single,Fully Meets,4
2796,2022-09-19,2023-06-17,Production Technician I,Megan Harrison,TNS,Active,Contract,Zone A,Full-Time,Voluntary,Risk management money field.,Production       ,Engineers,1/9/1991,MA,Program Manager,Female,96469,Asian,Married,Fully Meets,1
2797,2021-05-30,,Production Technician I,Sierra Thompson,WBL,Active,Contract,Zone A,Temporary,Unk,,Production       ,Aerial,13-11-1964,MA,Lineman,Male,24994,Other,Married,Exceeds,1
2798,2020-04-07,,Production Technician I,Donna Sullivan,BPC,Active,Contract,Zone A,Part-Time,Unk,,Production       ,Engineers,17-05-1969,MA,Planner,Male,89805,Asian,Divorced,Fully Meets,2
2799,2021-04-20,2022-09-17,Production Technician I,Timothy Pratt,CCDR,Active,Part-Time,Zone A,Part-Time,Resignation,Opportunity upon apply and world.,Production       ,Engineers,21-02-1988,MA,Engineer,Male,54859,White,Divorced,Fully Meets,2
2800,2019-08-02,,Production Technician I,Kathryn Wolf,EW,Active,Contract,Zone B,Temporary,Unk,,Production       ,General - Con,10/7/1948,MA,Foreman,Male,69497,Black,Married,Fully Meets,1
2801,2022-01-11,,Production Technician I,Kiara Herman,MSC,Active,Full-Time,Zone C,Temporary,Unk,,Production       ,Field Operations,28-09-1995,MA,Tower Hand,Male,97933,White,Divorced,Fully Meets,5
2802,2020-11-15,,Production Technician I,Meghan Morrison DDS,NEL,Active,Contract,Zone C,Part-Time,Unk,,Production       ,General - Con,11/8/1977,MA,Technician,Female,56662,White,Married,Fully Meets,4
2803,2020-05-08,,Production Technician I,Brittany Fisher,PL,Active,Part-Time,Zone B,Part-Time,Unk,,Production       ,General - Con,3/9/1965,MA,Foreman,Female,13566,Asian,Married,Fully Meets,5
2804,2019-03-10,,Production Technician II,Scott Brady,SVG,Active,Part-Time,Zone B,Full-Time,Unk,,Production       ,Project Management - Con,1/3/1953,MA,Coordinator,Male,4554,Hispanic,Married,Fully Meets,4
2805,2022-04-19,,Production Technician II,Charlotte Clark,TNS,Active,Full-Time,Zone C,Part-Time,Unk,,Production       ,Field Operations,30-07-1988,MA,Driver,Male,19835,White,Widowed,Fully Meets,1
2806,2019-11-30,,Production Technician II,Rebecca Stanley,WBL,Active,Full-Time,Zone A,Part-Time,Unk,,Production       ,Catv,22-06-1962,MA,Supervisor,Female,47920,Asian,Divorced,Fully Meets,2
2807,2021-07-06,2023-01-07,Production Technician II,Scott Brown,BPC,Voluntarily Terminated,Part-Time,Zone A,Part-Time,Involuntary,Standard stuff girl site.,Production       ,Wireline Construction,17-04-1977,MA,Driver,Female,55399,White,Married,Fully Meets,2
2808,2018-11-27,,Production Technician II,Sharon Fox,CCDR,Active,Part-Time,Zone B,Temporary,Unk,,Production       ,Billable Consultants,25-12-1993,MA,Engineer,Female,35224,Asian,Divorced,Fully Meets,4
2809,2023-01-30,,Production Technician I,Robert Powers,WBL,Active,Full-Time,Zone C,Part-Time,Unk,,Production       ,Splicing,24-02-1964,MA,Splicer,Male,39078,Hispanic,Single,Fully Meets,2
2810,2022-11-17,2023-02-08,Production Technician I,Debra Phillips,NEL,Active,Full-Time,Zone A,Part-Time,Resignation,Less boy reflect quickly health respond million.,Production       ,Field Operations,10/4/1959,MA,Laborer,Male,72285,Other,Married,Fully Meets,4
2811,2018-08-13,2020-05-28,Production Technician I,David Holt,PL,Active,Part-Time,Zone A,Full-Time,Voluntary,Material owner together travel so conference.,Production       ,Field Operations,4/1/1996,MA,Laborer,Male,82960,Hispanic,Widowed,Fully Meets,2
2812,2021-07-02,2023-07-09,Production Technician I,Lisa Ingram,BPC,Terminated for Cause,Part-Time,Zone B,Temporary,Resignation,Now should knowledge the turn toward natural.,Production       ,General - Eng,16-05-1946,MA,Manager,Male,44272,White,Divorced,Fully Meets,4
2813,2022-06-28,,Production Technician I,Mr. Ryan Griffin,CCDR,Active,Contract,Zone B,Full-Time,Unk,,Production       ,Wireline Construction,27-08-1973,MA,Vp,Male,56124,Other,Single,Fully Meets,1
2814,2019-01-25,,Production Technician I,Michelle Woodard,SVG,Active,Part-Time,Zone A,Temporary,Unk,,Production       ,Field Operations,28-09-1975,MA,Technician,Male,19550,Hispanic,Single,Fully Meets,2
2815,2023-07-23,,Production Technician I,David Smith,EW,Active,Contract,Zone C,Part-Time,Unk,,Production       ,Project Management - Con,29-07-1978,MA,Manager,Female,62651,Asian,Single,Fully Meets,4
2816,2022-07-25,,Production Technician I,Jennifer Hernandez,MSC,Active,Full-Time,Zone C,Temporary,Unk,,Production       ,General - Con,4/12/1992,MA,Splicer,Female,15802,Black,Married,Fully Meets,5
2817,2023-01-11,,Production Technician I,Theresa Davis,TNS,Active,Contract,Zone A,Part-Time,Unk,,Production       ,Field Operations,12/9/1998,MA,Laborer,Male,79678,White,Widowed,Fully Meets,4
2818,2023-07-28,2023-07-30,Production Technician I,Dr. Wendy Lopez,PYZ,Active,Part-Time,Zone B,Temporary,Involuntary,Traditional force look heart talk plan.,Production       ,Fielders,19-01-1964,MA,Engineer,Male,9992,Hispanic,Single,Exceeds,2
2819,2023-05-06,,Production Technician I,Heidi Williams,WBL,Active,Full-Time,Zone C,Part-Time,Unk,,Production       ,General - Con,3/2/2000,MA,Flagger,Male,74805,White,Widowed,Fully Meets,4
2820,2022-09-18,,Production Technician I,Eric Soto,NEL,Active,Full-Time,Zone C,Temporary,Unk,,Production       ,Wireline Construction,9/7/1979,MA,Laborer,Male,42750,Hispanic,Divorced,Fully Meets,2
2821,2019-09-08,2021-09-10,Production Technician I,Alfred Sanders,PL,Active,Full-Time,Zone B,Temporary,Retirement,Medical painting rich whole here.,Production       ,Field Operations,22-09-1998,MA,Technician,Male,36681,Hispanic,Single,Fully Meets,2
2822,2019-08-30,,Production Technician I,Jerome Adams,BPC,Active,Part-Time,Zone B,Part-Time,Unk,,Production       ,Aerial,15-03-1959,MA,Lineman,Female,87892,White,Divorced,Fully Meets,4
2823,2023-05-22,,Production Technician I,Ariel Graham,CCDR,Active,Contract,Zone B,Part-Time,Unk,,Production       ,General - Con,7/12/1985,MA,Operator,Female,59827,White,Divorced,Fully Meets,2
2824,2021-03-02,,Production Technician II,Melinda Shaw,EW,Active,Part-Time,Zone A,Full-Time,Unk,,Production       ,Wireline Construction,25-12-1962,MA,Laborer,Male,3624,Hispanic,Widowed,Fully Meets,5
2825,2023-02-13,,Production Technician II,Elizabeth Brown,MSC,Active,Full-Time,Zone C,Temporary,Unk,,Production       ,Project Management - Eng,29-12-1982,MA,Project Manager,Male,80760,Hispanic,Widowed,Fully Meets,4
2826,2022-08-11,2022-12-01,Production Technician II,Jennifer Farmer,TNS,Leave of Absence,Contract,Zone B,Full-Time,Involuntary,Prepare simply play edge.,Production       ,General - Con,13-04-1954,MA,Technician,Female,96266,Hispanic,Married,Fully Meets,5
2827,2020-02-19,2022-12-10,Production Technician II,Bruce Barber,PYZ,Voluntarily Terminated,Full-Time,Zone A,Full-Time,Involuntary,Decision fill total.,Production       ,Field Operations,9/8/1980,MA,Driver,Female,23357,Other,Married,Fully Meets,4
2828,2021-10-15,2023-03-26,Production Technician II,Dennis Foster,WBL,Voluntarily Terminated,Full-Time,Zone A,Temporary,Retirement,Camera parent choose add edge product keep.,Production       ,Field Operations,11/5/1944,MA,Technician,Female,95784,Black,Single,Fully Meets,2
2829,2022-11-16,,Production Technician I,Ryan Kelly,WBL,Active,Part-Time,Zone B,Part-Time,Unk,,Production       ,Engineers,14-04-1947,MA,Director,Male,11197,Other,Single,Fully Meets,2
2830,2022-06-30,2023-02-03,Production Technician I,Nathan Johnson,NEL,Active,Full-Time,Zone B,Part-Time,Resignation,Big author those five today.,Production       ,General - Eng,26-05-1994,MA,Administrative,Male,62490,White,Married,Fully Meets,1
2831,2021-07-28,,Production Technician I,Philip Morris,PL,Active,Full-Time,Zone C,Full-Time,Unk,,Production       ,Aerial,29-04-1952,MA,Lineman,Male,20276,White,Widowed,Fully Meets,2
2832,2021-11-21,,Production Technician I,Felicia Gomez,BPC,Active,Contract,Zone C,Full-Time,Unk,,Production       ,Field Operations,3/1/1975,MA,Laborer,Male,31155,White,Married,Fully Meets,5
2833,2020-10-12,,Production Technician I,Sandy Wilson,CCDR,Active,Contract,Zone A,Full-Time,Unk,,Production       ,General - Con,25-03-1989,MA,Laborer,Male,11072,Asian,Married,Fully Meets,2
2834,2018-10-02,2020-09-17,Production Technician I,Bonnie Bell,SVG,Active,Full-Time,Zone A,Full-Time,Involuntary,Be minute last meet former. Rich her account top.,Production       ,General - Con,16-11-1943,MA,Technician,Female,95191,Asian,Divorced,Fully Meets,5
2835,2021-07-17,2023-02-27,Production Technician I,Jonathan Stephens,EW,Active,Contract,Zone C,Part-Time,Resignation,Need either go.,Production       ,Engineers,11/4/1995,MA,Project Manager,Female,81501,White,Divorced,Fully Meets,5
2836,2022-04-13,,Production Technician I,Michael Horton,MSC,Active,Contract,Zone C,Part-Time,Unk,,Production       ,Catv,7/10/1988,MA,Lineman,Female,8731,Black,Divorced,Fully Meets,2
2837,2021-03-20,2023-02-18,Production Technician I,Eric Young,TNS,Active,Part-Time,Zone C,Temporary,Involuntary,Administration field require.,Production       ,Splicing,10/7/1944,MA,Intern,Male,32946,Asian,Single,Fully Meets,4
2838,2021-09-09,2021-11-05,Production Technician I,Michele Young,PYZ,Active,Part-Time,Zone A,Temporary,Voluntary,Bag physical goal will way against either.,Production       ,General - Sga,13-05-1945,MA,Director,Male,93005,Black,Single,Fully Meets,5
2839,2019-12-06,2022-03-28,Production Technician I,Karen Espinoza,WBL,Active,Part-Time,Zone C,Part-Time,Voluntary,Information step name three choose.,Production       ,General - Con,6/9/1969,MA,Foreman,Male,72072,Black,Married,Fully Meets,1
2840,2023-04-26,2023-05-19,Production Technician I,Yvonne Reilly,NEL,Active,Contract,Zone B,Part-Time,Voluntary,From continue left eye.,Production       ,Fielders,29-04-2000,MA,Engineer,Male,74671,Hispanic,Divorced,Fully Meets,2
2841,2019-04-06,,Production Technician I,David Ball,PL,Active,Contract,Zone B,Temporary,Unk,,Production       ,General - Con,14-10-1961,MA,Foreman,Male,6774,Hispanic,Married,Fully Meets,5
2842,2020-10-19,2023-02-28,Production Technician I,Dr. Terry Young,BPC,Voluntarily Terminated,Part-Time,Zone B,Temporary,Voluntary,Region easy at much couple week on.,Production       ,General - Con,16-07-1965,MA,Laborer,Female,90492,Black,Widowed,Fully Meets,1
2843,2021-11-22,,Production Technician II,Raymond Johnson,SVG,Active,Full-Time,Zone C,Temporary,Unk,,Production       ,General - Con,2/12/1942,MA,Technician,Male,31013,Black,Married,Fully Meets,1
2844,2020-12-30,2023-07-25,Production Technician II,Anthony Saunders,TNS,Leave of Absence,Contract,Zone A,Part-Time,Retirement,Process firm life from final medical.,Production       ,Engineers,7/9/1942,MA,Technician,Male,31828,Asian,Widowed,Fully Meets,5
2845,2020-09-03,,Production Technician II,Nancy Newman,WBL,Active,Full-Time,Zone B,Part-Time,Unk,,Production       ,General - Con,18-06-1979,MA,Foreman,Female,60312,White,Single,Fully Meets,4
2846,2019-10-14,2022-08-19,Production Technician II,Robin Jones,BPC,Voluntarily Terminated,Contract,Zone C,Full-Time,Resignation,Million the fire begin truth language.,Production       ,Wireless,2/9/1955,MA,Technician,Female,31642,White,Divorced,Fully Meets,5
2847,2021-02-19,2021-09-18,Production Technician II,Jessica Saunders,CCDR,Future Start,Part-Time,Zone C,Full-Time,Involuntary,Oil at Mr hotel. Same recently leg officer.,Production       ,Underground,26-06-1966,MA,Laborer,Female,81717,Black,Married,Fully Meets,2
2848,2022-03-13,2022-09-02,Production Technician I,Willie Compton,BPC,Terminated for Cause,Full-Time,Zone A,Temporary,Involuntary,Perhaps system its answer small.,Production       ,Project Management - Con,28-01-1946,MA,Project Manager,Male,59518,White,Single,Exceeds,1
2849,2018-10-02,,Production Technician I,Andrew Thomas,CCDR,Active,Part-Time,Zone C,Full-Time,Unk,,Production       ,General - Con,27-07-1949,MA,Technician,Male,4583,Hispanic,Single,Fully Meets,5
2850,2022-10-06,2022-10-16,Production Technician I,Victoria Williams,EW,Active,Full-Time,Zone C,Part-Time,Retirement,Stand until high true effort kid.,Production       ,General - Con,29-07-1972,MA,Technician,Male,6816,Hispanic,Divorced,Exceeds,1
2851,2020-09-21,,Production Technician I,Stephanie Gonzalez,MSC,Active,Full-Time,Zone B,Part-Time,Unk,,Production       ,Field Operations,5/3/1967,MA,Construction Manager,Male,26839,Black,Divorced,Fully Meets,4
2852,2021-12-06,,Production Technician I,Brianna Butler,NEL,Active,Part-Time,Zone C,Temporary,Unk,,Production       ,Field Operations,20-11-1946,MA,Laborer,Male,87984,Other,Widowed,Fully Meets,1
2853,2022-11-16,2023-03-21,Production Technician I,Donald Hamilton,PL,Terminated for Cause,Contract,Zone B,Part-Time,Voluntary,Population let responsibility.,Production       ,General - Con,6/4/1994,MA,Operator,Male,70147,Other,Widowed,Needs Improvement,5
2854,2022-08-02,2023-07-27,Production Technician I,Amber Adams,PYZ,Active,Part-Time,Zone A,Full-Time,Resignation,Serious ball together lot body tonight artist.,Production       ,Executive,18-12-1945,MA,Executive,Female,76409,Hispanic,Married,Needs Improvement,2
2855,2022-01-19,,Production Technician I,Michael Armstrong,SVG,Active,Part-Time,Zone C,Full-Time,Unk,,Production       ,Field Operations,18-02-1979,MA,Clerk,Female,75727,Black,Single,Needs Improvement,4
2856,2022-04-09,,Production Technician I,Thomas Lewis,TNS,Active,Full-Time,Zone A,Temporary,Unk,,Production       ,Sales & Marketing,16-08-1952,MA,Director,Female,14553,White,Married,Needs Improvement,5
2857,2019-07-19,2022-08-08,Production Technician I,Christina Young,WBL,Active,Full-Time,Zone A,Part-Time,Involuntary,Create research source close.,Production       ,General - Con,1/11/1974,MA,Laborer,Male,93847,White,Single,Fully Meets,2
2858,2021-09-02,2022-11-14,Production Technician I,Kayla Chavez,BPC,Active,Full-Time,Zone C,Temporary,Retirement,According foot decade argue poor hair.,Production       ,Engineers,14-01-1974,MA,Engineer,Male,22983,Other,Married,Fully Meets,5
2859,2019-02-01,,Production Technician I,Tracey Turner,CCDR,Active,Full-Time,Zone C,Part-Time,Unk,,Production       ,Field Operations,7/3/1945,MA,Engineer,Male,36227,Other,Divorced,Needs Improvement,2
2860,2023-04-13,2023-05-26,Production Technician I,Michelle Murphy,EW,Active,Part-Time,Zone C,Part-Time,Voluntary,Look dark travel herself election college what.,Production       ,General - Con,31-10-1961,MA,Laborer,Male,54190,Black,Married,Fully Meets,2
2861,2018-10-06,,Production Technician I,Sharon Jones,MSC,Active,Full-Time,Zone C,Full-Time,Unk,,Production       ,General - Con,13-07-1986,MA,Technician,Male,31403,White,Widowed,Fully Meets,2
2862,2020-03-24,2022-03-24,Production Technician II,Tony Spears,SVG,Active,Part-Time,Zone B,Part-Time,Voluntary,Explain threat effort exist send sort dog.,Production       ,Engineers,14-07-1943,MA,Engineer,Male,13985,Other,Single,Fully Meets,4
2863,2021-10-08,,Production Technician II,April Sutton,EW,Active,Full-Time,Zone B,Temporary,Unk,,Production       ,Yard (Material Handling),9/12/1943,MA,Coordinator,Male,14407,Other,Widowed,Needs Improvement,4
2864,2022-05-16,,Production Technician II,Jeffrey Robinson,MSC,Active,Part-Time,Zone B,Full-Time,Unk,,Production       ,Field Operations,26-12-1995,MA,Technician,Male,37065,Asian,Single,Fully Meets,2
2865,2022-05-10,2022-10-17,Production Technician II,Jeremy Frey,TNS,Voluntarily Terminated,Part-Time,Zone C,Part-Time,Voluntary,This fly moment arm realize weight partner.,Production       ,General - Con,27-08-1969,MA,Foreman,Female,26583,White,Divorced,Fully Meets,1
2866,2021-11-16,,Production Technician II,Danielle Rangel,BPC,Active,Part-Time,Zone C,Temporary,Unk,,Production       ,Field Operations,7/9/1951,MA,Driller,Female,49151,Hispanic,Single,Fully Meets,2
2867,2019-02-25,,Production Technician II,Matthew Payne,CCDR,Active,Part-Time,Zone A,Temporary,Unk,,Production       ,Technology / It,15-06-1994,MA,Manager,Female,75033,White,Single,Fully Meets,2
2868,2022-07-01,,Production Technician I,Christopher Clark,TNS,Active,Full-Time,Zone A,Temporary,Unk,,Production       ,Executive,25-05-1946,MA,Vp,Male,64530,Black,Married,Fully Meets,5
2869,2022-12-17,,Production Technician I,Emily Williamson,PYZ,Active,Contract,Zone A,Full-Time,Unk,,Production       ,Aerial,22-03-1943,MA,Lineman,Male,53404,Black,Widowed,Fully Meets,2
2870,2023-07-26,2023-07-31,Production Technician I,David Mccormick,WBL,Active,Part-Time,Zone B,Part-Time,Retirement,Professor anyone example never.,Production       ,Sales & Marketing,8/9/1950,MA,Vp,Male,32806,Black,Married,Fully Meets,4
2871,2022-03-11,2022-08-02,Production Technician I,Christina Smith,NEL,Active,Contract,Zone A,Part-Time,Resignation,Nothing it prepare imagine big.,Production       ,Catv,27-04-1953,MA,Project Manager,Male,46150,Hispanic,Divorced,Fully Meets,5
2872,2020-06-29,2021-05-20,Production Technician I,Steven Myers,PL,Active,Contract,Zone B,Full-Time,Voluntary,Certain nation hot sense enjoy.,Production       ,Wireline Construction,3/12/1967,MA,Operator,Male,97145,Hispanic,Married,Fully Meets,2
2873,2022-03-28,,Production Technician I,Scott Brown,BPC,Active,Part-Time,Zone A,Full-Time,Unk,,Production       ,Field Operations,12/9/1998,MA,Supervisor,Male,92640,Hispanic,Divorced,Fully Meets,4
2874,2022-02-14,,Production Technician I,Tracy Scott,CCDR,Active,Part-Time,Zone A,Full-Time,Unk,,Production       ,Fielders,12/12/1953,MA,Engineer,Male,26011,White,Divorced,Fully Meets,1
2875,2020-12-25,2021-09-13,Production Technician I,Wanda Murray,SVG,Active,Full-Time,Zone C,Temporary,Involuntary,Keep many else little argue full the.,Production       ,General - Con,3/6/1981,MA,Administrative,Female,60773,Black,Divorced,Fully Meets,4
2876,2023-04-27,,Production Technician I,Kim Berry,EW,Active,Part-Time,Zone A,Temporary,Unk,,Production       ,Field Operations,9/4/1957,MA,Warehouse Technician,Female,91201,Asian,Divorced,Fully Meets,4
2877,2022-11-11,2022-12-07,Production Technician I,Emily Jennings,MSC,Active,Contract,Zone B,Part-Time,Resignation,Food fire property exist southern audience.,Production       ,Project Management - Con,28-12-1944,MA,Manager,Female,51590,Asian,Widowed,Fully Meets,2
2878,2021-05-04,2021-10-12,Production Technician I,Michael Hopkins,TNS,Active,Part-Time,Zone A,Part-Time,Resignation,Back worker why young worry human.,Production       ,General - Sga,11/8/1957,MA,Contracts,Male,26501,Black,Married,Fully Meets,2
2879,2018-12-20,,Production Technician I,Cory Freeman,PYZ,Active,Full-Time,Zone A,Full-Time,Unk,,Production       ,Executive,15-11-1962,MA,Vp,Male,97759,Black,Married,Fully Meets,2
2880,2021-06-11,2022-12-03,Production Technician I,Rodney Grant,WBL,Active,Contract,Zone A,Temporary,Retirement,Produce seek result he political alone form.,Production       ,General - Con,21-08-2000,MA,Safety Manager,Female,89647,Black,Single,Fully Meets,4
2881,2023-06-07,,Production Technician I,Marcus Lloyd,NEL,Active,Contract,Zone B,Full-Time,Unk,,Production       ,Field Operations,22-04-1956,MA,Laborer,Male,19510,Asian,Divorced,Fully Meets,4
2882,2019-05-21,2020-01-05,Production Technician I,Peter Norton,PL,Voluntarily Terminated,Part-Time,Zone B,Full-Time,Retirement,Since step style stage sound it.,Production       ,Shop (Fleet),29-11-1978,MA,Welder,Male,85827,Asian,Widowed,Fully Meets,4
2883,2019-03-01,,Production Technician II,Ashley Pearson,CCDR,Active,Part-Time,Zone C,Full-Time,Unk,,Production       ,General - Con,2/7/1960,MA,Operator,Male,74091,Hispanic,Married,Fully Meets,4
2884,2022-02-26,,Production Technician II,Larry Lewis,SVG,Active,Part-Time,Zone A,Part-Time,Unk,,Production       ,Wireline Construction,14-09-1979,MA,Technician,Male,76359,Other,Married,Fully Meets,2
2885,2022-04-14,2022-10-10,Production Technician II,Kelli Blair,EW,Leave of Absence,Full-Time,Zone B,Part-Time,Voluntary,Partner fact hand bag management woman.,Production       ,Field Operations,27-01-1977,MA,Groundman,Male,61247,Asian,Single,Fully Meets,1
2886,2020-08-06,,Production Technician II,Terry Bautista,MSC,Active,Contract,Zone A,Temporary,Unk,,Production       ,Field Operations,30-10-1983,MA,Supervisor,Male,93231,Asian,Married,Fully Meets,2
2887,2020-01-28,2022-02-15,Production Technician II,Dylan Allen,TNS,Voluntarily Terminated,Full-Time,Zone A,Temporary,Voluntary,Kind thank nothing say cold stop bill science.,Production       ,Shop (Fleet),27-04-1987,MA,Shop,Female,22862,Black,Married,Fully Meets,5
2888,2021-04-17,2022-03-18,Production Technician II,Thomas Reed,PYZ,Future Start,Contract,Zone A,Temporary,Retirement,Stock usually public summer expert.,Production       ,Wireless,26-04-1983,MA,Foreman,Female,74469,White,Widowed,Fully Meets,5
2889,2019-09-29,2023-06-28,Production Technician II,Brian Castillo,WBL,Future Start,Part-Time,Zone A,Temporary,Resignation,Such minute might federal college.,Production       ,Fielders,25-10-1988,MA,Engineer,Female,53693,Hispanic,Single,Fully Meets,1
2890,2022-10-07,,Production Technician I,Christopher Ball,TNS,Active,Full-Time,Zone A,Full-Time,Unk,,Production       ,General - Sga,20-07-1988,MA,Director,Male,89622,Black,Single,Fully Meets,2
2891,2021-08-11,2021-11-07,Production Technician I,Andrew Bass,PYZ,Active,Contract,Zone A,Temporary,Resignation,House gun series live environmental.,Production       ,Wireline Construction,16-08-1995,MA,Laborer,Male,7700,Black,Widowed,Fully Meets,1
2892,2021-04-10,2022-11-01,Production Technician I,Gregory Lee,WBL,Active,Contract,Zone A,Full-Time,Resignation,Sure truth clear father experience can.,Production       ,Catv,6/12/1960,MA,Lineman,Male,26250,Hispanic,Divorced,Fully Meets,2
2893,2022-02-24,,Production Technician I,Tasha Porter,NEL,Active,Full-Time,Zone A,Temporary,Unk,,Production       ,Field Operations,25-01-1945,MA,Foreman,Male,73855,White,Divorced,Fully Meets,2
2894,2022-07-01,,Production Technician I,Michael Jenkins,PL,Active,Part-Time,Zone B,Full-Time,Unk,,Production       ,Field Operations,22-07-1949,MA,Foreman,Male,34327,White,Single,Fully Meets,4
2895,2023-04-04,2023-06-20,Production Technician I,Darlene Chambers,BPC,Terminated for Cause,Full-Time,Zone A,Temporary,Voluntary,Baby growth reality western director.,Production       ,Field Operations,11/4/1998,MA,Top Hand,Male,9647,Asian,Married,Fully Meets,2
2896,2021-10-25,,Production Technician I,Stephanie Hill,CCDR,Active,Full-Time,Zone B,Part-Time,Unk,,Production       ,Field Operations,28-11-1979,MA,Laborer,Male,68059,Other,Divorced,Fully Meets,4
2897,2022-03-04,2023-07-02,Production Technician I,Melissa Young,SVG,Active,Full-Time,Zone C,Part-Time,Voluntary,Theory war statement international anyone.,Production       ,Field Operations,10/6/1963,MA,Mechanic,Female,48860,Hispanic,Widowed,Fully Meets,4
2898,2019-12-20,,Production Technician I,Kenneth Vaughn,EW,Active,Contract,Zone A,Full-Time,Unk,,Production       ,Field Operations,9/1/1987,MA,Coordinator,Female,53945,Other,Single,Fully Meets,4
2899,2020-09-11,2022-03-31,Production Technician I,Mercedes Cervantes,MSC,Active,Part-Time,Zone B,Part-Time,Resignation,May evidence race million response need I.,Production       ,Project Management - Con,29-04-1992,MA,Coordinator,Male,26846,Other,Single,Fully Meets,5
2900,2021-10-31,2023-07-12,Production Technician I,Christine Owens,TNS,Active,Part-Time,Zone B,Temporary,Resignation,Bar poor finish culture movie despite.,Production       ,General - Con,1/10/1952,MA,Locator,Male,32806,White,Widowed,Exceeds,2
2901,2018-10-21,2019-04-24,Production Technician I,Yesenia Hawkins,PYZ,Active,Part-Time,Zone A,Part-Time,Involuntary,Although allow describe school meet argue office.,Production       ,Wireline Construction,21-12-1991,MA,Foreman,Female,52065,White,Single,Fully Meets,4
2902,2021-01-07,,Production Technician I,Rebekah Jordan,WBL,Active,Part-Time,Zone B,Part-Time,Unk,,Production       ,Field Operations,11/3/1961,MA,Laborer,Female,34499,Black,Widowed,Fully Meets,1
2903,2023-02-09,2023-05-07,Production Technician I,Christine Johnson,NEL,Active,Part-Time,Zone A,Full-Time,Resignation,Record your institution south stop play.,Production       ,Engineers,26-02-1998,MA,Engineer,Male,14416,Asian,Single,Needs Improvement,5
2904,2020-02-15,2020-10-20,Production Technician I,William Livingston,PL,Voluntarily Terminated,Full-Time,Zone A,Part-Time,Retirement,Feel individual dog in sort product.,Production       ,Project Management - Con,5/10/1946,MA,Technician,Female,84227,Other,Widowed,Exceeds,4
2905,2022-10-14,,Production Technician II,Stacy Schmidt,PL,Active,Full-Time,Zone C,Full-Time,Unk,,Production       ,Yard (Material Handling),5/12/1973,MA,Warehouse,Male,96294,Asian,Divorced,Fully Meets,1
2906,2018-10-02,,Production Technician II,Anthony Mcguire,PYZ,Active,Contract,Zone B,Part-Time,Unk,,Production       ,Field Operations,11/2/1979,MA,Technician,Male,87232,Asian,Divorced,Needs Improvement,5
2907,2020-06-22,,Production Technician II,Timothy Clark,SVG,Active,Full-Time,Zone C,Part-Time,Unk,,Production       ,Yard (Material Handling),4/3/1962,MA,Supervisor,Male,38430,White,Widowed,Needs Improvement,4
2908,2021-03-19,,Production Technician II,Katherine Banks,TNS,Active,Contract,Zone C,Temporary,Unk,,Production       ,Project Management - Con,6/4/1980,MA,Coordinator,Male,49657,Asian,Single,Exceeds,1
2909,2019-03-28,,Production Technician II,Michael Kim,WBL,Active,Full-Time,Zone C,Part-Time,Unk,,Production       ,Field Operations,2/10/1941,MA,Laborer,Female,45022,Hispanic,Single,Needs Improvement,1
2910,2022-05-01,,Production Technician II,Elizabeth Jones,BPC,Active,Part-Time,Zone A,Full-Time,Unk,,Production       ,Field Operations,10/1/1946,MA,Laborer,Female,89600,White,Divorced,Exceeds,1
2911,2018-08-07,,Production Technician I,Kenneth Moore,TNS,Active,Part-Time,Zone A,Full-Time,Unk,,Production       ,Finance & Accounting,17-12-1952,MA,Administrative,Male,3468,Asian,Divorced,Exceeds,2
2912,2022-05-01,,Production Technician I,William Nichols,PYZ,Active,Full-Time,Zone C,Temporary,Unk,,Production       ,Project Management - Con,30-05-1962,MA,Field Project Manager,Male,72466,Black,Widowed,Needs Improvement,4
2913,2019-12-03,,Production Technician I,Jessica Brown,WBL,Active,Full-Time,Zone B,Part-Time,Unk,,Production       ,Splicing,15-10-1950,MA,Splicer,Male,70198,Hispanic,Divorced,Needs Improvement,2
2914,2020-01-02,2023-08-03,Production Technician I,Thomas Frederick,NEL,Active,Full-Time,Zone C,Part-Time,Retirement,Become cell want page fight.,Production       ,Splicing,2/12/1972,MA,Laborer,Male,56864,Hispanic,Widowed,Exceeds,2
2915,2022-04-30,2023-08-02,Production Technician I,James Smith,PL,Terminated for Cause,Full-Time,Zone B,Part-Time,Involuntary,Or tax believe thank cell.,Production       ,Field Operations,3/9/1992,MA,Technician,Male,14468,Asian,Widowed,Exceeds,1
2916,2020-07-04,2021-03-07,Production Technician I,Crystal Jones,BPC,Terminated for Cause,Part-Time,Zone C,Temporary,Resignation,Ask audience become still building.,Production       ,General - Sga,27-01-1953,MA,Administrator,Male,92604,White,Single,Needs Improvement,2
2917,2020-02-05,,Production Technician I,Amy Pearson,CCDR,Active,Contract,Zone A,Part-Time,Unk,,Production       ,Field Operations,25-12-1991,MA,Technician,Male,79382,Other,Widowed,Exceeds,4
2918,2018-12-22,2022-07-21,Production Technician I,Emma Wilson,SVG,Active,Part-Time,Zone B,Full-Time,Retirement,Organization walk against question.,Production       ,Field Operations,8/5/1979,MA,Lineman,Female,2719,Black,Widowed,Exceeds,4
2919,2019-04-21,,Production Technician I,Mark Adkins,EW,Active,Full-Time,Zone A,Part-Time,Unk,,Production       ,Field Operations,7/11/1988,MA,Administrative,Female,29718,White,Single,Needs Improvement,5
2920,2020-04-03,,Production Technician I,Gregory Palmer,MSC,Active,Full-Time,Zone A,Part-Time,Unk,,Production       ,Field Operations,11/2/1959,MA,Technician,Male,80589,Hispanic,Single,Exceeds,5
2921,2018-09-22,2019-10-10,Production Technician I,Stephanie Perez,TNS,Active,Full-Time,Zone B,Part-Time,Retirement,Unit develop chance scene court.,Production       ,Aerial,8/8/1957,MA,Lineman,Female,66834,Asian,Divorced,Exceeds,2
2922,2022-10-14,2023-07-06,Production Technician I,Carolyn Campbell,BPC,Active,Part-Time,Zone B,Full-Time,Involuntary,Rest hard air. Left me ready nature test mission.,Production       ,General - Con,25-04-1993,MA,Laborer,Female,69281,Other,Married,Exceeds,5
2923,2022-02-12,2022-09-22,Production Technician I,Norma Parker,CCDR,Active,Part-Time,Zone A,Part-Time,Voluntary,Test you set carry human kind.,Production       ,Field Operations,1/7/1980,MA,Technician,Female,79321,White,Married,Needs Improvement,4
2924,2021-03-23,2023-07-20,Production Technician I,Anna Ashley,EW,Voluntarily Terminated,Contract,Zone B,Part-Time,Retirement,Wrong practice hold serve image.,Production       ,Field Operations,15-05-1979,MA,Foreman,Male,84575,Asian,Married,Exceeds,5
2925,2018-08-30,2021-07-11,Production Technician II,Monica Jackson,CCDR,Active,Part-Time,Zone B,Temporary,Involuntary,New arm manage.,Production       ,General - Sga,18-09-1972,MA,Administrator,Male,65881,Other,Divorced,Exceeds,4
2926,2022-12-10,2023-07-02,Production Technician II,Sandy Jones,SVG,Leave of Absence,Part-Time,Zone B,Temporary,Voluntary,Official minute everyone level thing economic.,Production       ,Field Operations,8/12/1999,MA,Driver,Male,27671,Black,Widowed,Needs Improvement,5
2927,2023-02-04,2023-07-25,Production Technician II,Thomas Williams,EW,Leave of Absence,Part-Time,Zone A,Part-Time,Voluntary,Create news use.,Production       ,General - Sga,18-02-1982,MA,Supervisor,Male,53549,Black,Divorced,Exceeds,1
2928,2021-01-10,,Production Technician II,Jeffrey Garcia,MSC,Active,Full-Time,Zone B,Part-Time,Unk,,Production       ,General - Con,12/4/1972,MA,Lineman,Female,49168,Hispanic,Divorced,Fully Meets,5
2929,2020-08-19,2021-11-14,Production Technician II,Richard Reynolds,TNS,Voluntarily Terminated,Full-Time,Zone B,Temporary,Voluntary,According if detail quality difficult.,Production       ,Field Operations,5/6/1986,MA,Laborer,Female,70404,White,Widowed,Needs Improvement,2
2930,2023-04-21,,Production Technician II,Victoria Andersen,PYZ,Active,Part-Time,Zone A,Full-Time,Unk,,Production       ,Wireless,20-03-1999,MA,Supervisor,Female,13746,Black,Widowed,Exceeds,2
2931,2020-01-29,2021-01-09,Production Technician I,Sarah Cortez,MSC,Terminated for Cause,Full-Time,Zone B,Temporary,Retirement,Sell first fill vote against.,Production       ,Field Operations,11/7/1969,MA,Technician,Male,12946,Hispanic,Single,Exceeds,2
2932,2021-08-19,2023-05-25,Production Technician I,Lynn Beasley DVM,TNS,Terminated for Cause,Part-Time,Zone A,Full-Time,Involuntary,Democrat stage daughter any own whom.,Production       ,Finance & Accounting,13-01-1948,MA,Intern,Male,6449,Hispanic,Widowed,Fully Meets,4
2933,2021-03-18,,Production Technician I,Brandon Walter,PYZ,Active,Full-Time,Zone A,Part-Time,Unk,,Production       ,Wireline Construction,13-03-1949,MA,Laborer,Male,52150,White,Single,Needs Improvement,1
2934,2021-10-24,2022-08-29,Production Technician I,Diana Stewart,WBL,Active,Contract,Zone B,Temporary,Resignation,Ball total direction school.,Production       ,Field Operations,14-11-1963,MA,Laborer,Male,63659,Asian,Widowed,Fully Meets,2
2935,2020-10-03,2023-05-06,Production Technician I,Christopher Martin,NEL,Active,Contract,Zone B,Part-Time,Involuntary,History record itself my customer mention tree.,Production       ,Wireline Construction,9/12/1995,MA,Groundman,Male,6131,White,Divorced,Fully Meets,5
2936,2023-02-21,,Production Technician I,James Cole,PL,Active,Contract,Zone C,Part-Time,Unk,,Production       ,General - Con,15-09-1984,MA,Lineman,Male,80724,Asian,Married,Needs Improvement,1
2937,2020-08-01,,Production Technician I,Amy Dominguez,BPC,Active,Contract,Zone A,Temporary,Unk,,Production       ,Yard (Material Handling),23-07-1952,MA,Supervisor,Male,53421,Black,Married,Needs Improvement,2
2938,2023-01-08,2023-05-10,Production Technician I,Kenneth Powell,CCDR,Active,Full-Time,Zone C,Full-Time,Involuntary,Enter fear pass wish.,Production       ,Aerial,11/12/1972,MA,Lineman,Male,43780,White,Married,Needs Improvement,1
2939,2022-07-26,2022-11-08,Production Technician I,Timothy Kidd,SVG,Active,Contract,Zone B,Full-Time,Resignation,Themselves huge Republican well feel land.,Production       ,General - Eng,23-07-1980,MA,Administrative,Female,40426,Hispanic,Single,Needs Improvement,2
2940,2020-08-31,2023-06-09,Production Technician I,Dawn Stark,EW,Active,Contract,Zone A,Part-Time,Resignation,Maintain all base produce.,Production       ,Yard (Material Handling),5/12/1972,MA,Supervisor,Female,2982,Black,Single,Needs Improvement,5
2941,2022-11-05,2023-02-22,Production Technician I,Lisa Griffin,MSC,Active,Part-Time,Zone B,Full-Time,Involuntary,Least future seem head identify crime stock.,Production       ,Engineers,26-04-1994,MA,Engineer,Male,16333,Hispanic,Divorced,Needs Improvement,2
2942,2019-05-30,2020-01-08,Production Technician I,Susan Herrera,TNS,Active,Full-Time,Zone C,Part-Time,Retirement,Answer today entire deep.,Production       ,General - Sga,1/3/1949,MA,Technician,Female,21328,Black,Widowed,Needs Improvement,2
2943,2019-12-09,,Production Technician I,Julie Larson,PYZ,Active,Full-Time,Zone B,Part-Time,Unk,,Production       ,General - Sga,14-02-1963,MA,Laborer,Female,26651,Other,Single,Needs Improvement,2
2944,2019-05-10,,Production Technician I,Ryan Johnson,WBL,Active,Part-Time,Zone C,Part-Time,Unk,,Production       ,General - Eng,8/4/1952,MA,Engineer,Female,62663,Other,Widowed,Needs Improvement,1
2945,2019-09-03,2022-03-18,Production Technician I,Emily King,NEL,Voluntarily Terminated,Full-Time,Zone B,Temporary,Voluntary,Hand ready detail same seek know toward.,Production       ,Aerial,21-08-1976,MA,Foreman,Male,26477,White,Widowed,Needs Improvement,4
2946,2018-09-13,,Production Technician II,Gloria Taylor,BPC,Active,Contract,Zone A,Full-Time,Unk,,Production       ,Splicing,29-06-1984,MA,Technician,Male,8439,Black,Divorced,Needs Improvement,2
2947,2021-06-10,,Production Technician II,Mr. David Dudley,CCDR,Active,Part-Time,Zone C,Temporary,Unk,,Production       ,Wireline Construction,18-08-1958,MA,Foreman,Male,11214,Asian,Divorced,Fully Meets,1
2948,2019-10-08,2023-06-16,Production Technician II,Aaron Erickson,SVG,Leave of Absence,Contract,Zone B,Temporary,Involuntary,Dog together state.,Production       ,Shop (Fleet),29-10-1999,MA,Manager,Male,10150,Other,Single,Needs Improvement,2
2949,2021-06-03,2023-04-14,Production Technician II,Roy Mora,EW,Leave of Absence,Contract,Zone A,Temporary,Voluntary,Single media enjoy test ask effect air.,Production       ,Splicing,4/11/1957,MA,Splicer,Female,92718,Hispanic,Single,Fully Meets,4
2950,2018-09-14,2019-01-04,Production Technician II,James Chapman,MSC,Voluntarily Terminated,Part-Time,Zone C,Temporary,Involuntary,Past value city attorney could onto bed.,Production       ,People Services,4/1/1943,MA,Manager,Female,75308,White,Married,Needs Improvement,4
2951,2019-05-26,,Production Technician II,Louis Griffith,TNS,Active,Full-Time,Zone C,Part-Time,Unk,,Production       ,General - Con,5/10/1943,MA,Foreman,Female,16532,Black,Widowed,Fully Meets,2
2952,2019-07-05,,Production Technician II,Michael Powell,PYZ,Active,Contract,Zone C,Full-Time,Unk,,Production       ,General - Eng,26-04-1952,MA,Technician,Female,16292,Black,Widowed,Fully Meets,4
2953,2019-11-05,,Production Technician I,Nicole Henderson,TNS,Active,Full-Time,Zone B,Full-Time,Unk,,Production       ,Field Operations,19-03-1957,MA,Technician,Male,95723,Other,Widowed,Fully Meets,5
2954,2019-07-22,2021-10-18,Production Technician I,Ryan Larson,WBL,Active,Part-Time,Zone B,Part-Time,Voluntary,While still tend.,Production       ,Field Operations,10/8/1955,MA,Coordinator,Female,10422,Black,Widowed,Fully Meets,2
2955,2020-09-21,2023-03-22,Production Technician I,Carly Rogers,PYZ,Active,Full-Time,Zone A,Part-Time,Retirement,Loss factor protect pressure fight thank prevent.,Production       ,General - Con,14-06-1959,MA,Technician,Male,17669,Other,Married,Fully Meets,1
2956,2019-11-11,,Production Technician I,David Ali,WBL,Active,Part-Time,Zone C,Full-Time,Unk,,Production       ,Engineers,15-12-1999,MA,Project Manager,Male,51029,Hispanic,Widowed,Fully Meets,2
2957,2021-02-08,,Production Technician I,Katherine Blanchard,NEL,Active,Part-Time,Zone B,Temporary,Unk,,Production       ,Field Operations,13-01-1960,MA,Foreman,Male,58080,Hispanic,Single,Fully Meets,1
2958,2020-06-01,,Production Technician I,Dennis Simpson,PL,Active,Contract,Zone C,Full-Time,Unk,,Production       ,People Services,9/4/1945,MA,Administration,Male,8328,Black,Divorced,Fully Meets,4
2959,2022-10-26,2022-11-01,Production Technician I,Mr. Justin Moore,BPC,Terminated for Cause,Part-Time,Zone A,Temporary,Resignation,Account between environmental section group.,Production       ,Aerial,30-08-1942,MA,Lineman,Male,1015,Hispanic,Widowed,Fully Meets,2
2960,2019-02-12,2023-04-17,Production Technician I,Brett Davies,CCDR,Active,Full-Time,Zone C,Part-Time,Resignation,Vote respond prove return left strategy do blue.,Production       ,General - Con,21-09-1976,MA,Technician,Female,30280,White,Divorced,Fully Meets,2
2961,2022-10-19,2023-07-22,Production Technician I,Susan Hahn,SVG,Active,Full-Time,Zone A,Full-Time,Voluntary,Production several care various seek.,Production       ,Field Operations,20-12-1977,MA,Laborer,Female,24889,Asian,Divorced,Fully Meets,2
2962,2019-12-12,,Production Technician I,Olivia Cooper,EW,Active,Full-Time,Zone A,Full-Time,Unk,,Production       ,Engineers,3/10/1982,MA,Technician,Female,2798,Hispanic,Single,Fully Meets,1
2963,2021-11-29,,Production Technician I,Dr. Victoria Perry,MSC,Active,Full-Time,Zone B,Full-Time,Unk,,Production       ,Field Operations,4/9/1975,MA,Driver,Male,1654,Other,Married,Fully Meets,2
2964,2021-05-15,,Production Technician I,Elizabeth Fields,TNS,Active,Part-Time,Zone B,Full-Time,Unk,,Production       ,Field Operations,2/6/1958,MA,Driller,Female,88998,Other,Divorced,Fully Meets,2
2965,2023-01-27,2023-05-06,Production Technician I,Gabriella Wilson,PYZ,Active,Contract,Zone B,Temporary,Involuntary,Why development even.,Production       ,Field Operations,4/1/1957,MA,Driller,Female,90813,Hispanic,Divorced,Fully Meets,1
2966,2020-07-03,2023-07-02,Production Technician I,Eric Houston,WBL,Active,Full-Time,Zone A,Temporary,Voluntary,Practice school PM her help open tough.,Production       ,Aerial,23-04-1961,MA,Laborer,Male,24429,White,Divorced,Fully Meets,4
2967,2022-12-26,2023-06-25,Production Technician I,Paul Gonzalez,NEL,Active,Full-Time,Zone A,Part-Time,Retirement,Defense Democrat threat professional month.,Production       ,Field Operations,6/12/1983,MA,Administrator,Female,2130,Other,Married,Fully Meets,4
2968,2018-12-23,,Production Technician I,Taylor Grant,CCDR,Active,Part-Time,Zone B,Temporary,Unk,,Production       ,General - Con,5/6/1981,MA,Technician,Female,2027,Black,Single,Fully Meets,4
2969,2020-09-28,2021-10-16,Production Technician II,Alexandra Riley,WBL,Voluntarily Terminated,Contract,Zone A,Part-Time,Voluntary,Because country common Republican perhaps garden.,Production       ,General - Con,28-12-1987,MA,Laborer,Female,1886,Hispanic,Married,Fully Meets,2
2970,2020-09-16,2021-09-10,Production Technician I,Jennifer Munoz,MSC,Active,Full-Time,Zone B,Temporary,Voluntary,Control head ground agreement check ever.,Production       ,General - Con,30-04-1982,MA,Clerk,Female,2451,Hispanic,Widowed,Fully Meets,5
2971,2020-02-09,2021-03-14,Production Technician II,Ian Jenkins,TNS,Active,Contract,Zone C,Temporary,Involuntary,Sea marriage improve.,Production       ,Aerial,7/10/1996,MA,Splicer,Female,2149,White,Divorced,Fully Meets,1
2972,2023-02-13,,Production Technician I,Summer Figueroa,TNS,Active,Full-Time,Zone B,Part-Time,Unk,,Production       ,General - Con,3/4/1948,MA,Laborer,Female,1460,Other,Widowed,Fully Meets,1
2973,2019-12-01,,Production Technician I,Julia Poole,SVG,Active,Part-Time,Zone C,Part-Time,Unk,,Production       ,General - Con,14-06-1951,MA,Flagger,Female,2109,Other,Married,Fully Meets,5
2974,2022-11-04,,Production Technician I,Dawn Soto,SVG,Active,Full-Time,Zone C,Part-Time,Unk,,Production       ,Field Operations,6/2/1945,MA,Laborer,Female,1749,Black,Single,Fully Meets,5
2975,2021-04-14,2022-06-22,Production Technician I,Kayla Reyes,WBL,Active,Full-Time,Zone A,Temporary,Voluntary,Work around personal cover reflect including.,Production       ,Billable Consultants,17-06-1948,MA,Engineer,Male,1721,Asian,Married,Fully Meets,4
2976,2021-08-13,2021-10-12,Production Technician I,Jesse Bell,TNS,Leave of Absence,Full-Time,Zone A,Temporary,Involuntary,Can end hear discuss.,Production       ,Field Operations,19-01-1992,MA,Laborer,Male,2136,Hispanic,Divorced,Fully Meets,1
2977,2020-08-28,,Production Technician II,Phillip Hoffman,NEL,Active,Part-Time,Zone A,Temporary,Unk,,Production       ,Yard (Material Handling),10/12/1987,MA,Supervisor,Male,1890,Black,Divorced,Fully Meets,2
2978,2022-08-16,,Production Technician I,Jeremy Taylor,CCDR,Active,Full-Time,Zone C,Part-Time,Unk,,Production       ,Yard (Material Handling),11/9/1981,MA,Supervisor,Male,2199,Hispanic,Divorced,Fully Meets,4
2979,2022-02-26,,Production Technician I,Jeremy Lucas,PL,Active,Full-Time,Zone A,Temporary,Unk,,Production       ,Field Operations,16-06-2001,MA,Laborer,Female,2189,Other,Widowed,Fully Meets,2
2980,2019-12-30,,Production Technician I,Donna Mills,SVG,Active,Part-Time,Zone A,Temporary,Unk,,Production       ,General - Con,9/9/1957,MA,Technician,Female,1876,Hispanic,Divorced,Fully Meets,2
2981,2022-07-23,2023-03-06,Production Technician I,Travis Andrade,TNS,Active,Part-Time,Zone B,Full-Time,Voluntary,Truth young just behind social.,Production       ,Aerial,25-12-1979,MA,Foreman,Female,2044,Black,Single,Fully Meets,1
2982,2018-10-14,,Production Technician II,Kathy Hart,WBL,Active,Full-Time,Zone B,Temporary,Unk,,Production       ,Field Operations,24-01-1952,MA,Technician,Female,2170,Other,Married,Fully Meets,2
2983,2021-02-20,,Production Technician II,Jeremy Alexander,PL,Active,Full-Time,Zone C,Temporary,Unk,,Production       ,Splicing,15-04-1962,MA,Lineman,Male,2459,Hispanic,Widowed,Fully Meets,2
2984,2020-03-28,2020-11-21,Production Technician II,Patricia Lowe,PYZ,Active,Contract,Zone B,Temporary,Voluntary,Skill door others out marriage cut.,Production       ,Engineers,3/4/1975,MA,Engineer,Female,1821,Black,Divorced,Fully Meets,5
2985,2019-02-05,2020-07-10,Production Technician I,Catherine Rodriguez,SVG,Active,Contract,Zone A,Part-Time,Retirement,During administration billion.,Production       ,General - Sga,17-09-1970,MA,Supervisor,Male,2149,Hispanic,Married,Fully Meets,1
2986,2023-04-19,,Production Technician I,Melinda Davidson,NEL,Active,Full-Time,Zone B,Temporary,Unk,,Production       ,General - Eng,11/1/1971,MA,Coordinator,Female,2176,Asian,Single,Fully Meets,1
2987,2020-09-24,,Production Technician I,Nicholas Smith,TNS,Active,Contract,Zone B,Full-Time,Unk,,Production       ,Shop (Fleet),20-02-1966,MA,Welder,Male,2180,Other,Single,Fully Meets,4
2988,2020-11-14,2023-01-15,Production Technician I,Monica Cochran,MSC,Active,Full-Time,Zone A,Part-Time,Resignation,Amount particular answer show.,Production       ,General - Con,18-01-1972,MA,Lineman,Male,85255,Hispanic,Married,Fully Meets,1
2989,2021-09-16,,Production Technician I,Brenda Duncan,TNS,Active,Contract,Zone B,Temporary,Unk,,Production       ,Engineers,26-05-1942,MA,Project Manager,Female,75699,Hispanic,Widowed,Fully Meets,4
2990,2019-04-21,,Production Technician I,Wesley Pearson,PYZ,Active,Full-Time,Zone C,Part-Time,Unk,,Production       ,General - Con,28-05-1999,MA,Laborer,Female,64116,White,Single,Fully Meets,2
2991,2020-03-13,,Production Technician I,Daniel Rowe,WBL,Active,Contract,Zone A,Full-Time,Unk,,Production       ,General - Con,17-03-1999,MA,Technician,Female,5676,White,Single,Exceeds,2
2992,2022-04-16,2023-04-20,Production Technician I,Brittney Stone,NEL,Active,Full-Time,Zone A,Part-Time,Resignation,Example see table the.,Production       ,Field Operations,18-10-1973,MA,Laborer,Female,59966,Asian,Married,Fully Meets,4
2993,2019-03-18,2022-11-23,Production Technician I,Pamela Suarez,PL,Active,Full-Time,Zone A,Full-Time,Involuntary,Risk test morning lawyer.,Production       ,General - Con,7/1/1946,MA,Technician,Male,81311,White,Widowed,Fully Meets,4
2994,2022-02-18,,Production Technician I,Tiffany Smith,BPC,Active,Part-Time,Zone B,Temporary,Unk,,Production       ,Engineers,10/5/1953,MA,Engineer,Male,14098,Other,Married,Fully Meets,4
2995,2018-09-03,2018-11-29,Production Technician I,Jason Huber,CCDR,Active,Full-Time,Zone A,Full-Time,Resignation,Training party upon.,Production       ,General - Con,17-10-1954,MA,Technician,Male,43823,Other,Single,Needs Improvement,4
2996,2022-06-15,2022-08-16,Production Technician I,Zachary Hill,SVG,Active,Contract,Zone B,Temporary,Involuntary,Tv fact life everybody picture case.,Production       ,General - Con,30-09-1989,MA,Locator,Female,30175,Other,Widowed,Fully Meets,4
2997,2022-02-14,,Production Technician I,Danny Young,EW,Active,Contract,Zone B,Part-Time,Unk,,Production       ,General - Con,30-06-1985,MA,Operator,Female,14649,Other,Married,Fully Meets,2
2998,2023-07-09,,Production Technician I,Kenneth Huff,MSC,Active,Contract,Zone C,Part-Time,Unk,,Production       ,General - Con,2/6/1968,MA,Groundman,Male,19677,White,Widowed,Needs Improvement,1
2999,2018-10-28,2019-08-04,Production Technician I,Charles Brock,TNS,Active,Contract,Zone B,Part-Time,Voluntary,Dream return commercial. Gas will interview.,Production       ,Field Operations,16-03-1970,MA,Project Manager,Male,3588,Asian,Divorced,Fully Meets,2
3000,2022-07-09,,Production Technician I,Lori Morton,PYZ,Active,Contract,Zone B,Full-Time,Unk,,Production       ,Isp,27-09-1973,MA,Technician,Male,52789,Other,Single,Fully Meets,1
3001,2018-09-27,2022-12-12,Production Technician I,Thomas Nguyen,WBL,Active,Full-Time,Zone C,Part-Time,Retirement,Pick memory station mother process election.,Production       ,General - Con,15-10-1942,MA,Laborer,Male,5140,Asian,Widowed,Fully Meets,5
3002,2020-10-27,,Production Technician II,Miss Angel Elliott,BPC,Active,Full-Time,Zone A,Part-Time,Unk,,Production       ,General - Con,16-05-1991,MA,Laborer,Female,55498,White,Widowed,Fully Meets,2
3003,2021-10-01,,Production Technician II,Dwayne Johnson,CCDR,Active,Full-Time,Zone A,Part-Time,Unk,,Production       ,Field Operations,31-08-1990,MA,Groundman,Female,40722,Other,Single,Fully Meets,5
3004,2019-08-29,2022-06-19,Production Technician II,Lisa Walters,EW,Active,Full-Time,Zone B,Full-Time,Retirement,Most since article thousand.,Production       ,General - Con,24-01-1996,MA,Laborer,Female,77466,Asian,Divorced,Fully Meets,5
3005,2020-12-29,,Production Technician II,Brandon Coleman,MSC,Active,Contract,Zone C,Part-Time,Unk,,Production       ,General - Con,20-01-1943,MA,Technician,Female,57657,Hispanic,Widowed,Fully Meets,2
3006,2022-10-04,,Production Technician II,Michael Smith,NEL,Active,Part-Time,Zone C,Full-Time,Unk,,Production       ,Field Operations,26-07-1968,MA,Laborer,Female,88958,Asian,Single,Fully Meets,1
3007,2019-03-21,2022-09-25,Production Technician II,Gabriela Boyd,PL,Active,Part-Time,Zone A,Full-Time,Resignation,Stock professor pattern turn attention news.,Production       ,General - Con,13-10-1949,MA,Technician,Female,22812,Black,Married,Fully Meets,2
3008,2020-04-03,2021-12-27,Production Technician II,Kevin Robertson,PYZ,Active,Full-Time,Zone A,Full-Time,Involuntary,Stuff campaign any huge you kid cup.,Production       ,General - Sga,6/3/1977,MA,Construction Manager,Female,96960,Black,Widowed,Fully Meets,4
3009,2019-06-02,2021-07-14,Production Technician I,Tony Moyer,EW,Active,Part-Time,Zone C,Part-Time,Resignation,Avoid so despite. Risk bill cause school off.,Production       ,Billable Consultants,1/5/1997,MA,Engineer,Male,14887,White,Married,Fully Meets,2
3010,2019-05-31,2020-09-04,Production Technician I,Heidi Ruiz,MSC,Leave of Absence,Part-Time,Zone C,Temporary,Retirement,Billion provide season another.,Production       ,General - Con,15-03-1947,MA,Flagger,Male,33080,Other,Married,Fully Meets,1
3011,2020-01-06,2020-05-04,Production Technician I,Valerie Gallagher,TNS,Leave of Absence,Part-Time,Zone A,Full-Time,Involuntary,Affect organization we organization well sense.,Production       ,Engineers,11/2/1954,MA,Engineer,Female,51348,Hispanic,Widowed,Fully Meets,5
3012,2018-08-19,2021-02-18,Production Technician I,Walter Sanchez,BPC,Leave of Absence,Contract,Zone A,Temporary,Retirement,Room force them drop catch. Consumer why rock.,Production       ,General - Sga,28-05-1950,MA,Manager,Female,3143,Asian,Single,Exceeds,1
3013,2019-05-18,,Production Technician I,Misty Preston,CCDR,Active,Full-Time,Zone C,Full-Time,Unk,,Production       ,Splicing,25-03-1982,MA,Splicer,Female,35422,Asian,Widowed,PIP,1
3014,2022-11-23,2022-12-09,Production Technician I,Danielle Long,EW,Active,Contract,Zone B,Temporary,Resignation,Bring guy religious week second technology.,Production       ,Field Operations,17-07-1967,MA,Flagger,Male,81914,Hispanic,Single,PIP,2
3015,2020-12-02,,Production Technician I,Michael Hendricks,MSC,Active,Part-Time,Zone C,Part-Time,Unk,,Production       ,General - Sga,14-06-1976,MA,Clerk,Male,56005,Hispanic,Single,PIP,2
3016,2022-01-05,,Production Technician I,Ashley Hill,NEL,Active,Part-Time,Zone A,Part-Time,Unk,,Production       ,Finance & Accounting,2/7/2000,MA,Accounting,Male,19295,Black,Widowed,PIP,4
3017,2023-04-16,2023-08-04,Production Technician I,Douglas Washington,PL,Active,Full-Time,Zone B,Full-Time,Voluntary,Money few season own goal social.,Production       ,Field Operations,12/12/1994,MA,Laborer,Female,89360,Other,Divorced,PIP,5
3018,2020-10-10,2023-06-23,Production Technician I,John Jordan,PYZ,Active,Contract,Zone C,Part-Time,Retirement,Thank person level north none analysis its.,Production       ,Project Management - Con,13-06-1974,MA,Manager,Female,77355,Black,Widowed,PIP,2
3019,2022-04-15,2023-07-04,Production Technician I,Thomas Humphrey,SVG,Active,Contract,Zone B,Full-Time,Voluntary,Create budget ground foot action note may.,Production       ,Finance & Accounting,21-09-1979,MA,Administrative,Female,26467,Asian,Married,PIP,2
3020,2023-07-25,,Production Technician I,Paula Perez,TNS,Active,Part-Time,Zone C,Part-Time,Unk,,Production       ,General - Con,7/1/1944,MA,Technician,Male,8903,Black,Widowed,PIP,2
3021,2020-08-31,,Production Technician I,Scott Torres,WBL,Active,Contract,Zone A,Temporary,Unk,,Production       ,Wireline Construction,14-05-1987,MA,Administrative,Male,95247,Other,Single,PIP,2
3022,2018-10-10,2020-05-17,Production Technician I,Miguel Rodgers,BPC,Active,Full-Time,Zone C,Full-Time,Retirement,In business challenge rock environment.,Production       ,Splicing,16-07-1976,MA,Laborer,Male,23955,Other,Married,PIP,1
3023,2019-01-15,2021-04-03,Production Technician II,Grant Brooks,TNS,Voluntarily Terminated,Contract,Zone B,Part-Time,Retirement,Personal themselves institution record.,Production       ,General - Con,30-01-1958,MA,Technician,Female,46410,Black,Widowed,PIP,2
3024,2021-12-26,,Production Technician II,Kristina Jackson,BPC,Active,Contract,Zone A,Full-Time,Unk,,Production       ,Project Management - Con,28-03-1962,MA,Supervisor,Female,51804,Hispanic,Widowed,Fully Meets,2
3025,2022-05-23,,Production Technician II,Melissa Stuart,CCDR,Active,Contract,Zone C,Temporary,Unk,,Production       ,Project Management - Con,29-03-1999,MA,Technician,Female,10677,Black,Married,Fully Meets,1
3026,2022-08-23,,Production Technician II,Deborah Lopez,EW,Active,Contract,Zone C,Part-Time,Unk,,Production       ,Project Management - Con,5/8/1943,MA,Lineman,Female,80801,Asian,Divorced,Fully Meets,2
3027,2023-05-27,2023-07-28,Production Technician II,Erin George,MSC,Active,Part-Time,Zone A,Full-Time,Voluntary,Me who grow similar realize.,Production       ,General - Eng,8/5/1943,MA,Administrative,Female,7984,White,Single,Fully Meets,5
3028,2018-08-10,2021-07-25,Production Technician II,Brian Green,NEL,Voluntarily Terminated,Contract,Zone B,Temporary,Resignation,Whether give voice pull make.,Production       ,Engineers,2/5/2000,MA,Engineer,Female,32254,Asian,Married,Fully Meets,2
3029,2021-10-24,2023-02-03,Production Technician II,Tommy Lee,PL,Active,Contract,Zone C,Full-Time,Voluntary,Fire necessary sing first traditional.,Production       ,Finance & Accounting,14-06-1959,MA,Clerk,Female,5819,Asian,Widowed,Fully Meets,4
3030,2022-07-05,2023-01-03,Production Technician II,Kevin Davis,PYZ,Active,Full-Time,Zone C,Part-Time,Voluntary,Left she before though finally.,Production       ,Wireline Construction,10/8/1953,MA,Laborer,Female,51064,White,Single,Fully Meets,1
3031,2022-01-22,2023-03-03,Production Technician I,Jamie Anderson,SVG,Active,Contract,Zone B,Temporary,Resignation,Enough final gun case.,Production       ,Project Management - Con,13-07-1960,MA,Supervisor,Male,88435,Asian,Married,Fully Meets,1
3032,2023-03-27,2023-07-23,Production Technician I,Maria Hall,EW,Leave of Absence,Part-Time,Zone A,Full-Time,Voluntary,Market effect Mrs owner.,Production       ,General - Con,10/11/1941,MA,Supervisor,Male,48042,Asian,Married,Fully Meets,2
3033,2019-08-26,2022-03-09,Production Technician I,Bryan Clark,MSC,Leave of Absence,Contract,Zone C,Part-Time,Voluntary,Stay word behavior financial.,Production       ,Engineers,17-03-1946,MA,Field Project Manager,Male,54212,White,Divorced,Fully Meets,2
3034,2021-10-16,,Production Technician I,Brandy Rivera,TNS,Active,Full-Time,Zone B,Temporary,Unk,,Production       ,Field Operations,4/5/1967,MA,Foreman,Female,26202,White,Single,Fully Meets,2
3035,2019-06-14,,Production Technician I,Kenneth Parker,PYZ,Active,Contract,Zone C,Temporary,Unk,,Production       ,Engineers,14-09-1950,MA,Director,Female,33464,Other,Divorced,Fully Meets,1
3036,2020-07-05,,Production Technician I,Barbara Perkins,WBL,Active,Full-Time,Zone B,Temporary,Unk,,Production       ,Technology / It,28-06-1957,MA,Administrator,Female,94333,White,Widowed,Fully Meets,2
3037,2020-03-02,,Production Technician I,Lindsey Martin,NEL,Active,Full-Time,Zone C,Full-Time,Unk,,Production       ,Field Operations,6/10/1989,MA,Director,Male,38200,Asian,Married,Fully Meets,4
3038,2020-11-11,2021-04-28,Production Technician I,David Stark,PL,Active,Part-Time,Zone B,Temporary,Involuntary,Enough note majority positive catch trip.,Production       ,Field Operations,20-08-1955,MA,Laborer,Male,76217,White,Divorced,Fully Meets,2
3039,2019-12-22,,Production Technician I,Evan Hernandez,BPC,Active,Contract,Zone B,Temporary,Unk,,Production       ,Project Management - Con,24-03-1966,MA,Supervisor,Female,91829,Other,Single,Fully Meets,5
3040,2020-12-14,,Production Technician I,Caleb Floyd Jr.,CCDR,Active,Full-Time,Zone A,Full-Time,Unk,,Production       ,Field Operations,1/2/1984,MA,Groundman,Female,31946,White,Divorced,Fully Meets,5
3041,2020-06-20,,Production Technician I,Brandon Atkinson,SVG,Active,Contract,Zone C,Full-Time,Unk,,Production       ,General - Con,22-04-2000,MA,Laborer,Female,2308,White,Single,Fully Meets,2
3042,2023-06-09,2023-07-12,Production Technician I,Alisha Ramirez,EW,Active,Contract,Zone B,Temporary,Resignation,Man fall nature back church.,Production       ,Fielders,24-06-1961,MA,Engineer,Female,44194,White,Widowed,Exceeds,4
3043,2022-09-25,,Production Technician I,Caroline Duffy,MSC,Active,Contract,Zone C,Full-Time,Unk,,Production       ,Catv,6/3/1963,MA,Supervisor,Male,48124,Black,Widowed,Exceeds,2
3044,2020-08-26,2020-12-30,Production Technician I,Charles Dean,TNS,Active,Contract,Zone B,Part-Time,Retirement,Structure play my piece partner them.,Production       ,General - Con,27-02-1966,MA,Laborer,Male,16165,White,Single,Exceeds,2
3045,2019-08-28,,Production Technician I,Nicholas Duncan,PYZ,Active,Full-Time,Zone C,Temporary,Unk,,Production       ,General - Eng,10/2/1968,MA,Engineer,Male,64494,Other,Single,Exceeds,2
3046,2023-06-02,2023-07-09,Production Technician II,Anna Davidson,TNS,Voluntarily Terminated,Part-Time,Zone A,Full-Time,Resignation,Organization north interview simply return.,Production       ,Wireline Construction,5/6/1983,MA,Supervisor,Female,85307,Other,Single,Exceeds,4
3047,2018-09-12,,Production Technician II,Micheal Merritt,PYZ,Active,Full-Time,Zone C,Full-Time,Unk,,Production       ,Engineers,3/10/1965,MA,Administrative,Female,33237,White,Married,Exceeds,5
3048,2023-07-15,,Production Technician II,Jeffrey Espinoza,WBL,Active,Contract,Zone B,Part-Time,Unk,,Production       ,Isp,13-03-1978,MA,Apprentice,Female,34381,White,Married,Fully Meets,2
3049,2023-07-02,2023-07-25,Production Technician II,Joshua Diaz,NEL,Active,Part-Time,Zone A,Temporary,Involuntary,Congress foot television team.,Production       ,General - Con,12/5/1948,MA,Laborer,Female,96062,Asian,Married,Fully Meets,4
3050,2020-02-10,,Production Technician II,Joshua Hunt,PL,Active,Contract,Zone C,Full-Time,Unk,,Production       ,Splicing,22-09-1970,MA,Splicer,Female,78746,White,Single,Fully Meets,4
3051,2021-08-27,2022-05-01,Production Technician II,Alex Holt,BPC,Voluntarily Terminated,Contract,Zone B,Temporary,Voluntary,Onto site natural situation wear.,Production       ,Underground,13-02-1972,MA,Lineman,Female,96336,Asian,Widowed,Fully Meets,5
3052,2020-01-25,2023-02-05,Production Technician II,Ralph Delgado,CCDR,Active,Full-Time,Zone A,Full-Time,Involuntary,Than me read environment hour goal memory.,Production       ,General - Sga,9/6/1948,MA,Project Coordinator,Female,60154,White,Single,Fully Meets,5
3053,2020-03-26,2021-10-08,Production Technician II,Rodney Burch,SVG,Active,Part-Time,Zone A,Full-Time,Resignation,Chance summer fear usually.,Production       ,General - Con,4/1/1958,MA,Lineman,Female,34734,Asian,Widowed,Fully Meets,2
3054,2020-10-23,,Production Technician I,Joseph Norris,SVG,Active,Contract,Zone C,Full-Time,Unk,,Production       ,Field Operations,26-10-1949,MA,Laborer,Male,59668,White,Married,Fully Meets,1
3055,2020-12-27,2021-12-07,Production Technician I,Anthony Guerrero,EW,Leave of Absence,Part-Time,Zone A,Part-Time,Retirement,Politics plant at far trade sense.,Production       ,Field Operations,4/11/1987,MA,Technician,Male,83604,Other,Divorced,Fully Meets,2
3056,2022-06-21,,Production Technician I,Brittany Johnson,MSC,Active,Part-Time,Zone A,Temporary,Unk,,Production       ,Wireless,29-10-1943,MA,Manager,Female,56056,Other,Divorced,Fully Meets,5
3057,2022-11-09,2023-07-09,Production Technician I,Richard Contreras,TNS,Leave of Absence,Full-Time,Zone A,Temporary,Retirement,Social operation specific personal matter beyond.,Production       ,General - Con,1/2/1988,MA,Laborer,Female,58387,Black,Divorced,Fully Meets,4
3058,2019-02-11,2020-07-30,Production Technician I,Shelia Goodwin,PYZ,Leave of Absence,Part-Time,Zone A,Temporary,Involuntary,Loss sense above charge part describe.,Production       ,Yard (Material Handling),19-08-1965,MA,Coordinator,Male,93290,Asian,Divorced,Fully Meets,1
3059,2021-03-28,,Production Technician I,James Walker,WBL,Active,Part-Time,Zone A,Temporary,Unk,,Production       ,Project Management - Con,5/8/1972,MA,Coordinator,Female,73253,White,Widowed,Fully Meets,1
3060,2020-08-29,,Production Technician I,Patrick Martinez,NEL,Active,Part-Time,Zone A,Part-Time,Unk,,Production       ,Yard (Material Handling),3/1/1951,MA,Coordinator,Male,13893,Asian,Widowed,Fully Meets,2
3061,2023-01-03,2023-08-05,Production Technician I,Brandon Hernandez,PL,Active,Part-Time,Zone C,Full-Time,Resignation,Sister thought loss hotel eight realize.,Production       ,Wireline Construction,26-09-1956,MA,Foreman,Male,51434,Other,Married,Fully Meets,4
3062,2022-11-28,,Production Technician I,Courtney Poole,BPC,Active,Part-Time,Zone A,Temporary,Unk,,Production       ,General - Con,16-11-1987,MA,Supervisor,Female,71004,Asian,Divorced,Fully Meets,1
3063,2021-12-22,2023-08-03,Production Technician I,Deborah Diaz,CCDR,Active,Contract,Zone B,Part-Time,Voluntary,Much try remember natural.,Production       ,Field Operations,21-10-1983,MA,Supervisor,Female,46847,Other,Widowed,Fully Meets,5
3064,2023-07-08,,Production Technician I,Meagan Gaines,SVG,Active,Contract,Zone A,Full-Time,Unk,,Production       ,Field Operations,23-08-1962,MA,Laborer,Female,76345,Other,Divorced,Fully Meets,4
3065,2021-04-21,2021-09-21,Production Technician I,Thomas Jackson,EW,Active,Part-Time,Zone A,Temporary,Resignation,Scientist up policy save I.,Production       ,Field Operations,7/10/1976,MA,Tower Hand,Female,15364,Black,Divorced,Fully Meets,4
3066,2022-07-28,2022-10-20,Production Technician I,Jamie Pope,MSC,Active,Full-Time,Zone B,Full-Time,Retirement,Purpose feel summer nature small choose can.,Production       ,Field Operations,12/4/1967,MA,Operator,Male,2005,Hispanic,Divorced,Fully Meets,1
3067,2019-11-05,,Production Technician I,Joseph Lane,TNS,Active,Part-Time,Zone B,Part-Time,Unk,,Production       ,Field Operations,21-03-1982,MA,Technician,Male,50527,Hispanic,Single,Fully Meets,4
3068,2022-05-22,2022-12-08,Production Technician I,Rose Johnson,PYZ,Terminated for Cause,Full-Time,Zone A,Temporary,Resignation,Seat type month.,Production       ,Finance & Accounting,2/5/1947,MA,Assistant,Male,21620,Asian,Single,Fully Meets,5
3069,2019-10-19,2021-12-03,Production Technician II,David Hicks,WBL,Active,Full-Time,Zone A,Temporary,Involuntary,Determine building society soldier.,Production       ,General - Con,14-02-1999,MA,Clerk,Female,92533,White,Married,Fully Meets,4
3070,2019-12-25,2021-07-24,Production Technician II,Geoffrey Curtis,BPC,Active,Full-Time,Zone C,Temporary,Involuntary,Television new fire board need list admit.,Production       ,Wireline Construction,5/5/1972,MA,Laborer,Female,7528,White,Divorced,Fully Meets,1
3071,2022-11-04,2022-11-26,Production Technician II,Holly Miller,CCDR,Active,Full-Time,Zone B,Part-Time,Voluntary,Former think again effort.,Production       ,General - Con,26-01-1956,MA,Lineman,Female,34566,Black,Married,Fully Meets,2
3072,2023-04-26,2023-05-30,Production Technician II,Ronald Shepherd DDS,EW,Active,Full-Time,Zone B,Part-Time,Involuntary,Future piece pull art.,Production       ,Wireless,15-02-1986,MA,Foreman,Female,48363,Asian,Divorced,Fully Meets,1
3073,2022-10-26,2023-05-16,Production Technician II,Jeremy Ray,MSC,Voluntarily Terminated,Contract,Zone A,Part-Time,Retirement,Guy beat specific act as ability speak.,Production       ,General - Con,26-04-1987,MA,Laborer,Female,27147,Black,Single,Fully Meets,4
3074,2020-07-14,2022-06-27,Production Technician II,Barbara Clark,NEL,Voluntarily Terminated,Contract,Zone A,Full-Time,Resignation,Free town various cup. Animal may team hit.,Production       ,Splicing,4/10/1963,MA,Splicer,Female,79280,Hispanic,Single,Fully Meets,1
3075,2023-03-12,,Production Technician II,Joshua Peters,PL,Active,Full-Time,Zone B,Part-Time,Unk,,Production       ,Fielders,9/1/1969,MA,Engineer,Female,18316,Other,Single,Fully Meets,5
3076,2023-04-26,,Production Technician II,Daniel Smith,PYZ,Active,Part-Time,Zone C,Full-Time,Unk,,Production       ,General - Con,26-05-1998,MA,Foreman,Male,3738,White,Married,Fully Meets,5
3077,2022-09-17,2023-06-12,Production Technician I,Audrey Hamilton,CCDR,Active,Contract,Zone A,Temporary,Involuntary,Describe hospital executive top sing.,Production       ,General - Con,16-08-1958,MA,Clerk,Male,16185,Hispanic,Married,Fully Meets,1
3078,2021-01-08,2023-04-01,Production Technician I,Aaron Andrews,SVG,Active,Contract,Zone B,Part-Time,Voluntary,Particularly trouble sister.,Production       ,General - Con,14-04-1960,MA,Foreman,Male,10871,Black,Widowed,Fully Meets,1
3079,2020-12-18,2022-09-16,Production Technician I,David Moore,EW,Leave of Absence,Part-Time,Zone B,Part-Time,Retirement,Nice hundred government.,Production       ,Aerial,9/7/1973,MA,Engineer,Female,54361,Black,Single,Fully Meets,4
3080,2020-09-12,2022-11-22,Production Technician I,Brittany Ray,MSC,Leave of Absence,Contract,Zone B,Part-Time,Voluntary,Design laugh top music policy.,Production       ,General - Con,19-06-1999,MA,Lineman,Female,82524,Hispanic,Widowed,Fully Meets,2
3081,2020-10-20,,Production Technician I,Jonathan Jones,TNS,Active,Part-Time,Zone C,Part-Time,Unk,,Production       ,Finance & Accounting,17-03-1980,MA,Controller,Male,18410,White,Widowed,Fully Meets,2
3082,2022-11-18,,Production Technician I,Brian Jennings,PYZ,Active,Part-Time,Zone A,Part-Time,Unk,,Production       ,Field Operations,4/10/1988,MA,Manager,Female,53176,Other,Single,Fully Meets,1
3083,2023-01-14,,Production Technician I,Sandra Reed,WBL,Active,Contract,Zone C,Full-Time,Unk,,Production       ,Aerial,24-05-1967,MA,Laborer,Male,55790,Asian,Widowed,Fully Meets,2
3084,2020-10-27,2022-06-08,Production Technician I,Erica Davis,NEL,Active,Part-Time,Zone A,Temporary,Voluntary,Stage mission never one happen somebody single.,Production       ,General - Con,29-06-1996,MA,Clerk,Male,64716,Black,Widowed,Fully Meets,4
3085,2020-08-29,,Production Technician I,Sara Mckay,PL,Active,Full-Time,Zone C,Full-Time,Unk,,Production       ,Field Operations,4/3/1963,MA,Operator,Female,21299,Asian,Single,Fully Meets,2
3086,2019-12-23,2023-08-05,Production Technician I,Julie Donovan,BPC,Active,Part-Time,Zone B,Temporary,Retirement,Huge degree pull hit.,Production       ,Aerial,29-03-1987,MA,Foreman,Female,51176,Asian,Divorced,Fully Meets,1
3087,2023-07-03,,Production Technician I,Duane Kelly,CCDR,Active,Contract,Zone B,Part-Time,Unk,,Production       ,Project Management - Con,8/2/1948,MA,Coordinator,Female,51274,Black,Married,Fully Meets,4
3088,2022-09-26,,Production Technician I,Amy Boyd,SVG,Active,Part-Time,Zone B,Part-Time,Unk,,Production       ,Field Operations,20-03-1944,MA,Technician,Female,52777,Other,Married,Fully Meets,5
3089,2020-05-09,2023-07-25,Production Technician I,Laura Mayo,EW,Active,Contract,Zone A,Temporary,Voluntary,Suffer very particular rather.,Production       ,Field Operations,16-05-1963,MA,Laborer,Female,51728,Black,Single,Fully Meets,4
3090,2023-03-08,,Production Technician I,Brittany Rios,MSC,Active,Part-Time,Zone B,Part-Time,Unk,,Production       ,Field Operations,14-02-1957,MA,Foreman,Male,54485,Black,Married,Fully Meets,5
3091,2019-02-27,2020-08-31,Production Technician I,Charles Cruz,TNS,Terminated for Cause,Contract,Zone B,Part-Time,Involuntary,Describe current question quite coach.,Production       ,Billable Consultants,6/3/1958,MA,Technician,Male,6649,White,Single,Fully Meets,5
3092,2020-01-12,2023-07-12,Production Technician II,Carolyn Stewart,TNS,Active,Contract,Zone A,Full-Time,Voluntary,Recently agreement subject individual increase.,Production       ,Field Operations,10/12/1979,MA,Lineman,Female,48374,Other,Married,Fully Meets,2
3093,2019-06-29,2021-01-10,Production Technician II,Daniel Hinton,PYZ,Active,Full-Time,Zone B,Full-Time,Voluntary,Majority wide enjoy how.,Production       ,Splicing,21-09-1976,MA,Labor,Female,31227,Asian,Divorced,Fully Meets,2
3094,2021-07-15,2021-09-29,Production Technician II,Joshua Foster,WBL,Active,Contract,Zone C,Full-Time,Voluntary,Improve himself side.,Production       ,Engineers,18-10-1963,MA,Engineer,Female,84169,Other,Widowed,Fully Meets,1
3095,2022-08-19,,Production Technician II,Summer Dickerson,NEL,Active,Contract,Zone A,Part-Time,Unk,,Production       ,Field Operations,11/3/1943,MA,Administrative,Female,69905,Other,Divorced,Fully Meets,4
3096,2019-09-23,2023-04-09,Production Technician II,Mr. Joseph Ashley,PL,Voluntarily Terminated,Contract,Zone B,Part-Time,Involuntary,Industry notice cup early.,Production       ,Engineers,7/9/1974,MA,Technician,Female,59014,Hispanic,Single,Fully Meets,5
3097,2020-10-11,2021-01-06,Production Technician II,Bethany Gaines,BPC,Voluntarily Terminated,Part-Time,Zone C,Temporary,Retirement,More best if page.,Production       ,Project Management - Con,11/6/1961,MA,Administrator,Female,97514,White,Married,Fully Meets,4
3098,2021-08-18,,Production Technician II,Melvin Dean,CCDR,Active,Full-Time,Zone A,Full-Time,Unk,,Production       ,Fielders,9/6/1944,MA,Technician,Male,20436,Black,Widowed,Fully Meets,4
3099,2022-12-17,,Production Technician I,Zachary Smith,CCDR,Active,Full-Time,Zone A,Temporary,Unk,,Production       ,Fielders,2/9/1965,MA,Engineer,Male,44977,Black,Divorced,Exceeds,4
3100,2020-10-25,2021-12-28,Production Technician I,Kevin Davis,SVG,Active,Contract,Zone B,Temporary,Retirement,Production senior put.,Production       ,General - Con,8/6/1950,MA,Laborer,Female,58513,White,Single,Fully Meets,5
3101,2023-01-23,,Production Technician I,Erica Harper,EW,Active,Full-Time,Zone B,Full-Time,Unk,,Production       ,General - Con,9/3/1961,MA,Technician,Female,79029,Asian,Single,Fully Meets,2
3102,2019-03-15,2022-08-03,Production Technician I,Stephanie Frost,MSC,Leave of Absence,Full-Time,Zone C,Part-Time,Resignation,Size shake far example.,Production       ,Field Operations,10/10/1992,MA,Laborer,Male,11092,Black,Widowed,Exceeds,2
3103,2023-07-06,2023-07-23,Production Technician I,Bryan Ortega DVM,TNS,Leave of Absence,Full-Time,Zone A,Part-Time,Involuntary,Rather make power.,Production       ,Field Operations,16-01-1960,MA,Supervisor,Male,87665,Asian,Single,Fully Meets,4
3104,2022-05-29,,Production Technician I,Matthew Smith,PYZ,Active,Contract,Zone C,Part-Time,Unk,,Production       ,General - Con,14-01-1944,MA,Technician,Female,71716,Black,Married,Fully Meets,2
3105,2020-06-07,2022-07-09,Production Technician I,Scott Stone,WBL,Active,Full-Time,Zone B,Temporary,Resignation,Figure kind agent send even west.,Production       ,Fielders,12/5/1943,MA,Engineer,Male,86764,Black,Married,Fully Meets,1
3106,2020-03-21,,Production Technician I,Frances Martinez,NEL,Active,Part-Time,Zone A,Temporary,Unk,,Production       ,Field Operations,30-03-2000,MA,Warehouse Manager,Male,33599,Hispanic,Divorced,Fully Meets,4
3107,2021-06-21,2022-11-11,Production Technician I,Heather Adams,PL,Active,Full-Time,Zone A,Temporary,Voluntary,Figure enjoy sell work discuss former.,Production       ,Wireline Construction,26-12-1971,MA,Operator,Female,5797,Black,Widowed,Fully Meets,4
3108,2021-10-22,2022-05-12,Production Technician I,Julie Hernandez,BPC,Active,Full-Time,Zone B,Temporary,Retirement,Perform leader research again term.,Production       ,General - Con,5/7/1945,MA,Laborer,Female,91007,Hispanic,Married,Fully Meets,2
3109,2018-10-20,,Production Technician I,Timothy Myers,CCDR,Active,Full-Time,Zone A,Temporary,Unk,,Production       ,Fielders,25-04-1999,MA,Engineer,Female,93749,White,Married,PIP,2
3110,2022-03-16,,Production Technician I,Anna Walters,SVG,Active,Contract,Zone C,Full-Time,Unk,,Production       ,Wireline Construction,11/2/1956,MA,Apprentice,Female,51909,Hispanic,Single,Fully Meets,2
3111,2018-12-13,,Production Technician I,Ebony Adkins,EW,Active,Part-Time,Zone B,Temporary,Unk,,Production       ,Field Operations,7/5/1958,MA,Technician,Female,71638,Other,Divorced,Fully Meets,1
3112,2021-10-08,2022-08-11,Production Technician I,Molly Guerrero,MSC,Terminated for Cause,Part-Time,Zone B,Full-Time,Involuntary,Past agreement focus back.,Production       ,Shop (Fleet),15-11-1946,MA,Mechanic,Male,85416,Asian,Single,Fully Meets,4
3113,2019-02-03,2019-04-02,Production Technician II,Donna Duffy,TNS,Active,Contract,Zone C,Full-Time,Voluntary,Stock indeed about brother campaign.,Production       ,Project Management - Con,2/7/1981,MA,Coordinator,Female,96092,White,Divorced,Fully Meets,4
3114,2018-09-30,,Production Technician II,Corey Barry,PYZ,Active,Contract,Zone C,Full-Time,Unk,,Production       ,Isp,6/7/1957,MA,Technician,Female,46346,Asian,Divorced,Fully Meets,2
3115,2021-07-12,2021-08-17,Production Technician II,Paul Brewer,WBL,Active,Contract,Zone A,Temporary,Voluntary,Decide statement future ball.,Production       ,Project Management - Con,1/1/1964,MA,Supervisor,Female,10137,Hispanic,Divorced,Fully Meets,4
3116,2021-03-04,,Production Technician II,Steven Brown,NEL,Active,Part-Time,Zone B,Temporary,Unk,,Production       ,Field Operations,24-10-1981,MA,Lineman,Female,97547,Hispanic,Married,Fully Meets,5
3117,2019-10-27,,Production Technician II,Kyle Anderson,PL,Active,Part-Time,Zone C,Part-Time,Unk,,Production       ,General - Sga,14-12-1941,MA,Lineman,Female,48509,White,Married,Fully Meets,2
3118,2019-01-28,2020-12-14,Production Technician II,Dr. Anna Hayes DVM,BPC,Voluntarily Terminated,Part-Time,Zone A,Full-Time,Voluntary,Pay avoid seem unit might month run.,Production       ,Catv,14-12-1956,MA,Technician,Female,48848,Black,Divorced,Fully Meets,2
3119,2021-01-10,,Production Technician I,Thomas Bautista,NEL,Active,Part-Time,Zone C,Part-Time,Unk,,Production       ,General - Con,5/6/1993,MA,Laborer,Male,71016,Other,Single,Fully Meets,5
3120,2021-08-05,2023-03-02,Production Technician I,Andrew Davis,PL,Active,Part-Time,Zone A,Full-Time,Resignation,Event TV few much continue success.,Production       ,Aerial,3/2/1946,MA,Lineman,Female,28645,Asian,Widowed,Fully Meets,4
3121,2022-11-07,2023-03-02,Production Technician I,Rachel Chaney,PYZ,Active,Part-Time,Zone C,Full-Time,Retirement,Resource collection house seek sound wind.,Production       ,Project Management - Con,17-10-1949,MA,Project Manager,Female,58015,Black,Single,Fully Meets,4
3122,2022-01-23,2022-06-26,Production Technician I,Rachel Barr MD,SVG,Leave of Absence,Contract,Zone C,Part-Time,Voluntary,Professional military easy so.,Production       ,Project Management - Con,23-09-1946,MA,Project Manager,Female,18652,White,Single,Fully Meets,5
3123,2021-07-12,,Production Technician I,Michael Hays,TNS,Active,Full-Time,Zone C,Part-Time,Unk,,Production       ,Splicing,3/5/1951,MA,Project Manager,Male,94273,Hispanic,Married,Fully Meets,4
3124,2019-01-05,2021-11-04,Production Technician I,Kristi Cox,WBL,Leave of Absence,Full-Time,Zone B,Part-Time,Resignation,Star idea alone.,Production       ,Engineers,28-08-1991,MA,Technician,Female,97060,White,Single,Fully Meets,5
3125,2020-04-07,2021-03-21,Production Technician I,Tracey Wu,PYZ,Leave of Absence,Part-Time,Zone C,Part-Time,Resignation,Magazine matter a teach.,Production       ,Aerial,8/9/1992,MA,Laborer,Male,10433,Black,Divorced,Fully Meets,4
3126,2022-04-27,,Production Technician I,Samuel Frye,WBL,Active,Contract,Zone C,Full-Time,Unk,,Production       ,Project Management - Con,2/7/1978,MA,Coordinator,Male,35212,Black,Divorced,Fully Meets,2
3127,2022-06-14,2022-12-05,Production Technician I,Stacey Robles,NEL,Active,Part-Time,Zone A,Part-Time,Resignation,Enjoy relationship page billion.,Production       ,Project Management - Con,26-10-1991,MA,Supervisor,Male,3213,White,Married,Fully Meets,2
3128,2019-01-13,,Production Technician I,James Flynn,PL,Active,Part-Time,Zone A,Temporary,Unk,,Production       ,Field Operations,15-04-1974,MA,Technician,Female,7259,Black,Widowed,Fully Meets,2
3129,2019-06-21,,Production Technician I,Douglas Jacobson,BPC,Active,Full-Time,Zone A,Part-Time,Unk,,Production       ,Underground,11/7/1985,MA,Laborer,Female,11631,Black,Widowed,Fully Meets,5
3130,2020-08-10,2023-01-14,Production Technician I,Scott Dawson,CCDR,Active,Part-Time,Zone A,Temporary,Voluntary,Read nice continue itself attack happen.,Production       ,Wireline Construction,9/5/1981,MA,Manager,Female,73890,Black,Widowed,Fully Meets,5
3131,2021-04-13,2022-06-11,Production Technician I,Patricia Potter,SVG,Active,Contract,Zone C,Temporary,Resignation,Tell its wind child more though.,Production       ,Wireline Construction,28-01-1954,MA,Laborer,Female,28053,Hispanic,Single,Fully Meets,2
3132,2020-04-27,2022-10-18,Production Technician I,Brian Gregory,EW,Active,Full-Time,Zone A,Full-Time,Involuntary,Program personal mean life source reach.,Production       ,Field Operations,20-09-1979,MA,Laborer,Female,12694,Asian,Divorced,Fully Meets,4
3133,2022-02-25,2022-03-02,Production Technician I,Jackie Davis,MSC,Terminated for Cause,Contract,Zone C,Part-Time,Resignation,Example trip behavior himself young.,Production       ,Project Management - Con,23-10-1958,MA,Coordinator,Male,83481,White,Married,Fully Meets,5
3134,2018-12-06,2022-12-01,Production Technician II,Keith George,TNS,Active,Part-Time,Zone C,Full-Time,Voluntary,Avoid that school central member.,Production       ,Fielders,15-04-1947,MA,Engineer,Female,2140,Hispanic,Married,Exceeds,5
3135,2020-03-12,2023-06-06,Production Technician II,Jennifer Smith,BPC,Active,Part-Time,Zone A,Temporary,Involuntary,Food information day art PM leader.,Production       ,Project Management - Con,25-04-1993,MA,Administrative,Female,9790,White,Single,Fully Meets,4
3136,2022-11-16,,Production Technician II,Timothy Brown,CCDR,Active,Full-Time,Zone B,Full-Time,Unk,,Production       ,Project Management - Con,17-05-1997,MA,Foreman,Female,52077,Hispanic,Married,Fully Meets,4
3137,2018-12-09,2023-06-25,Production Technician II,Justin Wells,EW,Voluntarily Terminated,Contract,Zone B,Temporary,Involuntary,Easy film last fact discuss. Enough worker wall.,Production       ,Field Operations,3/6/1995,MA,Laborer,Female,50624,Other,Single,Fully Meets,2
3138,2022-12-25,2023-03-08,Production Technician II,Rachel Crawford,MSC,Voluntarily Terminated,Contract,Zone A,Full-Time,Voluntary,Week campaign later realize magazine.,Production       ,Field Operations,7/4/1987,MA,Laborer,Female,83438,Black,Single,Fully Meets,4
3139,2021-11-19,,Production Technician II,Jasmine Williamson,NEL,Active,Part-Time,Zone A,Temporary,Unk,,Production       ,Field Operations,11/8/1971,MA,Technician,Female,29416,Asian,Single,Fully Meets,4
3140,2022-03-01,,Production Technician I,Andrew Smith,PL,Active,Contract,Zone C,Full-Time,Unk,,Production       ,Catv,2/4/1990,MA,Laborer,Male,89284,Hispanic,Widowed,Fully Meets,5
3141,2021-03-17,,Production Technician I,Jennifer Reeves,BPC,Active,Full-Time,Zone B,Temporary,Unk,,Production       ,Field Operations,10/7/1970,MA,Foreman,Male,9420,Black,Married,Exceeds,2
3142,2021-02-10,,Production Technician I,Theresa Foster,CCDR,Active,Full-Time,Zone B,Part-Time,Unk,,Production       ,General - Con,20-07-1949,MA,Flagger,Female,49701,White,Single,Fully Meets,4
3143,2018-09-28,,Production Technician I,Emily Carter,SVG,Active,Full-Time,Zone A,Temporary,Unk,,Production       ,Aerial,25-06-1947,MA,Lineman,Female,32652,Black,Widowed,Fully Meets,2
3144,2021-02-09,,Production Technician I,Debra Perez,EW,Active,Contract,Zone C,Part-Time,Unk,,Production       ,Engineers,19-09-1956,MA,Engineer,Male,4496,Hispanic,Married,Exceeds,2
3145,2020-09-27,2022-03-04,Production Technician I,James Ware,MSC,Leave of Absence,Part-Time,Zone C,Temporary,Retirement,Reveal real paper peace usually fly know century.,Production       ,Field Operations,30-10-1995,MA,Driller,Male,59765,Asian,Divorced,Fully Meets,2
3146,2018-12-16,,Production Technician I,Gregory Hall,TNS,Active,Part-Time,Zone C,Temporary,Unk,,Production       ,Project Management - Con,18-10-1978,MA,Coordinator,Female,19021,White,Widowed,Fully Meets,4
3147,2023-07-17,2023-07-28,Production Technician I,Donna Yang,PYZ,Active,Contract,Zone B,Temporary,Involuntary,Member cost town create against decision.,Production       ,General - Sga,23-04-1999,MA,Engineer,Male,48709,Hispanic,Divorced,Fully Meets,5
3148,2020-05-28,2021-12-14,Production Technician I,Adrienne Barnett,WBL,Active,Full-Time,Zone C,Temporary,Voluntary,Draw health deal.,Production       ,Aerial,1/3/1950,MA,Foreman,Male,76147,White,Single,Exceeds,2
3149,2021-03-01,2023-04-05,Production Technician I,Yvonne Bush,NEL,Active,Full-Time,Zone A,Part-Time,Voluntary,Policy upon tend join individual direction yard.,Production       ,Field Operations,27-09-1983,MA,Laborer,Female,19987,Black,Single,Exceeds,2
3150,2022-02-12,,Production Technician I,Mark Silva,PL,Active,Full-Time,Zone C,Part-Time,Unk,,Production       ,Aerial,2/8/1955,MA,Foreman,Female,11927,Asian,Widowed,Fully Meets,2
3151,2022-02-26,,Production Technician I,Melissa Wheeler DDS,BPC,Active,Part-Time,Zone C,Temporary,Unk,,Production       ,Field Operations,15-11-1965,MA,Engineer,Female,81158,White,Widowed,Exceeds,4
3152,2022-07-05,2022-12-28,Production Technician I,Mr. Tony Collier,CCDR,Active,Contract,Zone C,Temporary,Voluntary,Through would building generation pay investment.,Production       ,Field Operations,29-12-1953,MA,Laborer,Female,27163,Black,Widowed,Exceeds,5
3153,2019-11-29,2022-03-11,Production Technician I,Kathleen Johnson,SVG,Active,Part-Time,Zone A,Full-Time,Retirement,Seven trip current difference baby.,Production       ,Field Operations,13-12-1994,MA,Technician,Female,96230,Other,Single,Fully Meets,4
3154,2019-02-22,,Production Technician I,Julia Davis,EW,Active,Full-Time,Zone B,Temporary,Unk,,Production       ,Engineers,21-05-1949,MA,Engineer,Female,75205,Black,Single,Fully Meets,2
3155,2020-07-16,2022-02-15,Production Technician I,Amanda Carter,MSC,Terminated for Cause,Contract,Zone B,Temporary,Voluntary,Interest sit production sit director think.,Production       ,General - Con,14-03-1951,MA,Lineman,Male,56136,Black,Married,Fully Meets,2
3156,2019-07-18,2020-02-19,Production Technician II,Jenny Ray,MSC,Voluntarily Terminated,Contract,Zone B,Part-Time,Voluntary,Else feel no individual.,Production       ,General - Con,16-07-1962,MA,Lineman,Female,65327,Black,Married,Fully Meets,5
3157,2019-03-10,2021-11-16,Production Technician II,Kimberly Collier,TNS,Active,Contract,Zone A,Full-Time,Voluntary,Capital series something again ever.,Production       ,Billable Consultants,16-03-1984,MA,Engineer,Female,25266,White,Divorced,Exceeds,5
3158,2023-05-30,2023-07-21,Production Technician II,Michael Hendricks,PYZ,Active,Part-Time,Zone A,Full-Time,Retirement,More next spring around television million media.,Production       ,General - Sga,21-01-1976,MA,Director,Female,35824,Hispanic,Divorced,Exceeds,2
3159,2018-08-23,2019-06-19,Production Technician II,Lindsay White,WBL,Active,Full-Time,Zone B,Part-Time,Voluntary,Allow decide education consider early such.,Production       ,Field Operations,29-05-1978,MA,Groundman,Female,24940,Asian,Married,Fully Meets,4
3160,2019-03-06,,Production Technician II,Madeline Henderson,NEL,Active,Full-Time,Zone A,Part-Time,Unk,,Production       ,Splicing,18-04-1951,MA,Splicer,Female,69293,Other,Single,Exceeds,4
3161,2023-08-01,2023-08-02,Production Technician II,Erin Maxwell,PL,Voluntarily Terminated,Full-Time,Zone C,Full-Time,Involuntary,Material thousand usually.,Production       ,General - Con,17-04-1983,MA,Laborer,Female,9346,Black,Divorced,Fully Meets,1
3162,2020-02-24,2020-12-24,Production Technician II,Kaitlin Thomas MD,BPC,Active,Part-Time,Zone A,Temporary,Resignation,Not later mission use industry family at.,Production       ,Isp,27-08-1997,MA,Manager,Male,57257,White,Single,Fully Meets,5
3163,2019-09-26,,Production Technician I,Taylor Martin,PL,Active,Contract,Zone A,Full-Time,Unk,,Production       ,Catv,13-03-1979,MA,Laborer,Male,57484,Black,Married,Fully Meets,4
3164,2022-12-07,2023-06-08,Production Technician I,Natalie Hogan,BPC,Voluntarily Terminated,Full-Time,Zone C,Temporary,Resignation,Beat hand ready reason development else doctor.,Production       ,Field Operations,18-03-1997,MA,Foreman,Female,89536,Other,Married,Fully Meets,5
3165,2019-03-08,2021-02-08,Production Technician I,Kenneth Wilkinson,CCDR,Active,Part-Time,Zone C,Full-Time,Retirement,Truth hope she after.,Production       ,Field Operations,24-12-1994,MA,Laborer,Female,38677,Black,Single,Fully Meets,2
3166,2019-08-06,2022-07-27,Production Technician I,Michelle Beasley,SVG,Active,Part-Time,Zone A,Full-Time,Resignation,Whatever up again yeah wear red.,Production       ,Field Operations,2/11/1993,MA,Laborer,Female,28796,White,Single,Exceeds,2
3167,2019-06-19,,Production Technician I,Karina Hampton,EW,Active,Full-Time,Zone B,Part-Time,Unk,,Production       ,Splicing,19-09-1943,MA,Lineman,Male,2156,Other,Divorced,Exceeds,4
3168,2022-02-08,2023-07-18,Production Technician I,Timothy Price,MSC,Leave of Absence,Part-Time,Zone A,Full-Time,Voluntary,Hot stage record listen cost against.,Production       ,Sales & Marketing,24-05-1990,MA,Assistant,Male,86333,Hispanic,Married,Fully Meets,2
3169,2019-06-08,2021-01-29,Production Technician I,Jade Howell,TNS,Active,Part-Time,Zone B,Part-Time,Resignation,Find by campaign. Bit oil show cultural up smile.,Production       ,Aerial,3/4/1951,MA,Lineman,Female,17633,Other,Single,Exceeds,4
3170,2022-01-28,2023-06-23,Production Technician I,David Harrison,PYZ,Active,Full-Time,Zone C,Full-Time,Retirement,Good talk past.,Production       ,Field Operations,23-01-1992,MA,Technician,Male,16568,Asian,Married,Fully Meets,2
3171,2020-08-26,2022-08-11,Production Technician I,Courtney Neal,WBL,Active,Part-Time,Zone A,Part-Time,Involuntary,Suddenly myself debate official training three.,Production       ,Engineers,25-02-1995,MA,Engineer,Female,44233,White,Widowed,Fully Meets,5
3172,2019-04-22,,Production Technician I,Elizabeth Allen,NEL,Active,Contract,Zone C,Part-Time,Unk,,Production       ,Shop (Fleet),9/7/1983,MA,Mechanic,Female,41155,Asian,Divorced,Fully Meets,4
3173,2022-12-21,2023-05-30,Production Technician I,Gloria Vaughn,PL,Active,Contract,Zone A,Part-Time,Resignation,Place hear beat.,Production       ,Billable Consultants,14-03-1957,MA,Engineer,Female,24597,Asian,Married,Fully Meets,1
3174,2022-10-12,2023-07-03,Production Technician I,Tracy Warner,BPC,Active,Full-Time,Zone C,Part-Time,Involuntary,Only something seven relate leg however.,Production       ,Catv,13-06-1961,MA,Foreman,Female,59255,Hispanic,Single,Fully Meets,5
3175,2023-07-23,2023-08-01,Production Technician I,Richard Cox,CCDR,Active,Full-Time,Zone B,Full-Time,Voluntary,Foreign friend policy green.,Production       ,Fielders,11/7/1947,MA,Engineer,Female,97410,Asian,Single,Fully Meets,1
3176,2018-12-13,2020-06-23,Production Technician I,Jessica Morgan,SVG,Active,Full-Time,Zone A,Full-Time,Resignation,Minute between another local country.,Production       ,Project Management - Con,24-02-2000,MA,Coordinator,Female,42252,Other,Widowed,Exceeds,1
3177,2019-09-30,2021-06-23,Production Technician I,Lori Martin,EW,Terminated for Cause,Full-Time,Zone A,Full-Time,Resignation,Six agreement take. Newspaper back land health.,Production       ,Project Management - Con,13-03-2000,MA,Coordinator,Female,48294,Asian,Single,Fully Meets,1
3178,2020-01-24,2023-06-09,Production Technician II,Eric Lopez,MSC,Voluntarily Terminated,Part-Time,Zone C,Part-Time,Involuntary,Follow arrive inside source.,Production       ,Field Operations,30-04-1990,MA,Administrator,Female,45258,White,Married,PIP,1
3179,2020-12-23,2021-03-17,Production Technician II,Victoria Thomas,TNS,Active,Full-Time,Zone C,Full-Time,Voluntary,Assume none mother note poor indeed.,Production       ,Field Operations,22-12-1941,MA,Lineman,Male,96822,Black,Divorced,Fully Meets,2
3180,2019-06-07,2020-01-11,Production Technician II,Jennifer Dean,PYZ,Voluntarily Terminated,Full-Time,Zone B,Temporary,Retirement,Begin person since way. Thus region happy no.,Production       ,Field Operations,27-10-1997,MA,Technician,Female,14828,Hispanic,Divorced,Fully Meets,4
3181,2019-12-25,2021-11-14,Production Technician II,Cameron Harris,WBL,Active,Contract,Zone C,Temporary,Voluntary,Safe cost bar use per both tend.,Production       ,General - Con,17-07-1959,MA,Foreman,Female,26328,Other,Single,Fully Meets,4
3182,2023-01-26,,Production Technician II,Benjamin Cantrell,NEL,Active,Contract,Zone B,Temporary,Unk,,Production       ,Field Operations,21-11-1971,MA,Technician,Female,55287,White,Married,PIP,2
3183,2022-11-03,2023-08-03,Production Technician II,Victor Warren,PL,Voluntarily Terminated,Full-Time,Zone A,Temporary,Resignation,Then foot not.,Production       ,Engineers,15-02-1953,MA,Technician,Male,40809,Other,Single,PIP,3
3184,2022-05-13,,Production Technician I,Brian Roberts,MSC,Active,Part-Time,Zone A,Full-Time,Unk,,Production       ,Field Operations,21-05-1972,MA,Tower Hand,Female,9994,Hispanic,Single,PIP,5
3185,2020-09-23,2023-03-15,Production Technician I,Tina Wright,NEL,Voluntarily Terminated,Contract,Zone C,Temporary,Voluntary,Development second material common.,Production       ,Field Operations,10/11/1999,MA,Assistant,Female,91605,Other,Divorced,PIP,2
3186,2021-08-29,2022-11-08,Production Technician I,Mary Weber,PL,Active,Part-Time,Zone A,Full-Time,Voluntary,Believe kitchen whose true.,Production       ,Aerial,3/5/1967,MA,Supervisor,Female,76162,Black,Divorced,Fully Meets,2
3187,2022-12-13,2023-01-11,Production Technician I,Eric Riley Jr.,PYZ,Active,Contract,Zone C,Full-Time,Resignation,Wide smile scene such society contain.,Production       ,Wireline Construction,8/4/1962,MA,Project Manager,Female,13522,Black,Single,PIP,3
3188,2022-11-06,,Production Technician I,Kathy Wong,SVG,Active,Part-Time,Zone C,Part-Time,Unk,,Production       ,Field Operations,4/11/1978,MA,Laborer,Male,2956,Hispanic,Divorced,Fully Meets,4
3189,2023-08-04,,Production Technician I,Ernest Bates,TNS,Active,Full-Time,Zone C,Temporary,Unk,,Production       ,Project Management - Con,21-07-1964,MA,Project Manager,Female,46851,Asian,Married,PIP,1
3190,2020-11-15,,Production Technician I,Brittany Allen,WBL,Active,Contract,Zone C,Part-Time,Unk,,Production       ,General - Con,10/2/1998,MA,Administration,Male,89125,White,Divorced,PIP,2
3191,2022-07-06,2022-08-12,Production Technician I,Krystal Newton,BPC,Active,Part-Time,Zone A,Part-Time,Retirement,Read PM learn third clearly film news.,Production       ,Technology / It,28-01-1945,MA,Technician,Male,29435,Black,Married,Fully Meets,2
3192,2019-04-21,2022-01-12,Production Technician I,Alexandra Goodman,CCDR,Active,Full-Time,Zone A,Part-Time,Resignation,Ball they group who.,Production       ,Aerial,12/1/1997,MA,Laborer,Female,26250,Black,Single,Fully Meets,3
3193,2021-08-28,,Production Technician I,Kevin Baker,EW,Active,Full-Time,Zone C,Temporary,Unk,,Production       ,General - Con,24-01-1946,MA,Laborer,Female,67626,Black,Divorced,PIP,3
3194,2021-03-25,,Production Technician I,Holly Mooney,MSC,Active,Contract,Zone B,Full-Time,Unk,,Production       ,Field Operations,11/8/1995,MA,Groundman,Female,46143,Asian,Divorced,Fully Meets,1
3195,2020-07-16,2020-10-15,Production Technician I,Latasha Garrison,NEL,Active,Full-Time,Zone A,Full-Time,Resignation,Tonight address serve yard race.,Production       ,General - Con,31-01-1981,MA,Technician,Female,70709,White,Divorced,Fully Meets,2
3196,2018-11-28,2021-08-14,Production Technician I,James Hawkins,PL,Active,Full-Time,Zone B,Temporary,Involuntary,Summer might develop TV magazine down.,Production       ,Engineers,12/11/1974,MA,Project Manager,Female,60139,Other,Divorced,Fully Meets,2
3197,2019-06-27,,Production Technician I,Kevin Mason,PYZ,Active,Contract,Zone A,Full-Time,Unk,,Production       ,General - Con,31-03-1977,MA,Lineman,Female,15469,Hispanic,Divorced,PIP,1
3198,2023-01-04,,Production Technician I,Olivia Alexander,SVG,Active,Contract,Zone A,Temporary,Unk,,Production       ,General - Con,24-09-1979,MA,Laborer,Female,77690,Asian,Married,Fully Meets,2
3199,2018-11-22,,Production Technician I,Austin Burke,BPC,Active,Full-Time,Zone B,Full-Time,Unk,,Production       ,Engineers,17-01-1978,MA,Engineer,Female,1778,Hispanic,Married,Fully Meets,2
3200,2021-01-08,,Production Technician II,Casey Landry,PL,Active,Part-Time,Zone B,Temporary,Unk,,Production       ,Billable Consultants,26-07-1975,MA,Engineer,Male,2138,Asian,Married,Fully Meets,4
3201,2022-11-18,,Production Technician I,Bobby Boyd,EW,Active,Part-Time,Zone A,Part-Time,Unk,,Production       ,Aerial,16-07-1984,MA,Technician,Female,2043,Asian,Widowed,Fully Meets,4
3202,2020-06-21,2023-06-23,Production Technician I,Andrea Walls,WBL,Voluntarily Terminated,Contract,Zone A,Full-Time,Involuntary,Oil prepare serious affect.,Production       ,Engineers,28-03-1999,MA,Engineer,Female,1810,Other,Single,Fully Meets,4
3203,2021-01-19,2022-09-11,Production Technician I,John Lutz,PYZ,Voluntarily Terminated,Contract,Zone C,Part-Time,Voluntary,Subject network inside.,Production       ,General - Sga,10/9/1961,MA,Administrator,Female,2343,White,Single,Fully Meets,4
3204,2023-06-04,,Production Technician I,Dominique Espinoza,BPC,Active,Contract,Zone C,Full-Time,Unk,,Production       ,General - Sga,12/11/1959,MA,Administration,Male,2155,White,Single,Fully Meets,4
3205,2020-08-13,2021-09-17,Production Technician I,Roy Bradshaw,TNS,Leave of Absence,Contract,Zone C,Part-Time,Voluntary,Notice strong involve music fact door move.,Production       ,Aerial,2/2/1988,MA,Lineman,Female,1864,Asian,Married,Fully Meets,4
3206,2019-09-06,,Production Technician I,Bonnie Clayton,BPC,Active,Part-Time,Zone A,Part-Time,Unk,,Production       ,Wireline Construction,16-03-1961,MA,Groundman,Male,2062,Hispanic,Divorced,Fully Meets,2
3207,2022-03-27,,Production Technician I,Maria Nelson,PYZ,Active,Full-Time,Zone C,Temporary,Unk,,Production       ,Project Management - Con,28-08-1981,MA,Supervisor,Female,2152,White,Widowed,Fully Meets,5
3208,2020-12-25,2023-03-08,Production Technician I,Jeffrey Gray,CCDR,Voluntarily Terminated,Contract,Zone A,Temporary,Resignation,Own road black catch help agreement.,Production       ,Field Operations,4/9/1973,MA,Operator,Male,2171,Hispanic,Divorced,Fully Meets,2
3209,2021-04-24,,Production Technician II,Jennifer Baker,PL,Active,Contract,Zone A,Full-Time,Unk,,Production       ,General - Con,17-03-1983,MA,Technician,Male,2458,Hispanic,Widowed,Fully Meets,5
3210,2020-05-12,,Production Technician I,Jessica Scott,WBL,Active,Full-Time,Zone A,Full-Time,Unk,,Production       ,Aerial,13-06-1993,MA,Lineman,Female,2050,Hispanic,Divorced,Fully Meets,5
3211,2023-05-23,,Production Technician II,Pamela Wilson,SVG,Active,Part-Time,Zone B,Part-Time,Unk,,Production       ,General - Sga,26-08-1955,MA,Administrator,Female,1824,Other,Married,Fully Meets,2
3212,2020-12-27,2022-05-22,Production Technician II,Matthew Brown,PYZ,Voluntarily Terminated,Full-Time,Zone C,Part-Time,Resignation,Style now then seven.,Production       ,Field Operations,30-06-1972,MA,Foreman,Male,2126,Asian,Married,Fully Meets,5
3213,2018-11-17,2019-12-27,Production Technician I,Brandy Ferguson,WBL,Active,Full-Time,Zone A,Part-Time,Involuntary,Mr everyone identify how pressure way.,Production       ,Field Operations,28-06-1952,MA,Laborer,Male,1550,Hispanic,Widowed,Fully Meets,2
3214,2019-07-16,,Production Technician I,Danielle Green,PYZ,Active,Part-Time,Zone B,Temporary,Unk,,Production       ,General - Con,22-12-1972,MA,Laborer,Female,1742,Asian,Widowed,Fully Meets,2
3215,2020-01-25,,Production Technician II,Jeffery Patterson,SVG,Active,Contract,Zone A,Part-Time,Unk,,Production       ,General - Sga,3/6/1973,MA,Administrator,Male,1810,White,Divorced,Fully Meets,3
3216,2021-08-16,,Production Technician I,Margaret Murphy MD,MSC,Active,Part-Time,Zone A,Temporary,Unk,,Production       ,Fielders,28-02-1972,MA,Engineer,Female,2474,Other,Divorced,Fully Meets,5
3217,2019-01-20,2019-10-01,Production Technician II,Karen Munoz,BPC,Voluntarily Terminated,Contract,Zone B,Full-Time,Resignation,Summer begin quickly.,Production       ,General - Con,28-09-1968,MA,Technician,Female,1810,White,Single,Fully Meets,3
3218,2018-09-04,,Production Technician I,Michael Kelly,SVG,Active,Full-Time,Zone C,Part-Time,Unk,,Production       ,Field Operations,13-07-1971,MA,Laborer,Male,1880,Other,Widowed,Fully Meets,5
3219,2019-09-20,,Production Technician II,Kelly Hudson,PL,Active,Full-Time,Zone B,Full-Time,Unk,,Production       ,Executive,16-08-2000,MA,Administrator,Female,2126,Black,Widowed,Fully Meets,3
3220,2023-07-24,,Production Technician I,Brittney Collins,SVG,Active,Part-Time,Zone A,Full-Time,Unk,,Production       ,Field Operations,11/10/1980,MA,Tower Hand,Female,2184,Other,Divorced,Fully Meets,1
3221,2023-07-05,,Production Technician I,Felicia Williams,PL,Active,Full-Time,Zone B,Temporary,Unk,,Production       ,Wireline Construction,31-12-1945,MA,Foreman,Male,69598,Other,Single,Fully Meets,4
3222,2021-01-11,,Production Technician I,Andrea Welch,BPC,Active,Contract,Zone A,Part-Time,Unk,,Production       ,Shop (Fleet),14-08-1990,MA,Manager,Female,28908,Hispanic,Married,Fully Meets,2
3223,2022-11-06,,Production Technician I,Jennifer Lopez,CCDR,Active,Full-Time,Zone A,Full-Time,Unk,,Production       ,Splicing,12/10/1952,MA,Splicer,Female,35854,Asian,Single,Fully Meets,5
3224,2023-04-03,,Production Technician I,Dawn Schultz,SVG,Active,Part-Time,Zone A,Part-Time,Unk,,Production       ,People Services,6/2/1970,MA,Manager,Female,69030,White,Single,Fully Meets,5
3225,2021-06-07,2023-06-23,Production Technician I,Emily Rodriguez,EW,Active,Contract,Zone B,Part-Time,Retirement,Environmental region affect have it.,Production       ,General - Con,29-07-1977,MA,Foreman,Female,8088,White,Divorced,Fully Meets,3
3226,2019-01-20,,Production Technician I,James Hamilton,MSC,Active,Contract,Zone B,Full-Time,Unk,,Production       ,General - Eng,31-12-1988,MA,Technician,Female,50972,Black,Married,Fully Meets,4
3227,2021-11-20,2022-06-06,Production Technician I,Michelle Kramer,TNS,Leave of Absence,Contract,Zone A,Temporary,Involuntary,Hope any environment reflect realize.,Production       ,Aerial,8/7/1969,MA,Groundman,Female,1013,Black,Widowed,Fully Meets,2
3228,2019-05-27,2022-08-18,Production Technician I,Melissa Bennett,PYZ,Voluntarily Terminated,Full-Time,Zone C,Temporary,Involuntary,Eat unit push read. Weight decide prove defense.,Production       ,Field Operations,3/6/1946,MA,Technician,Male,8223,Hispanic,Single,Fully Meets,2
3229,2022-12-18,,Production Technician I,Bruce West,WBL,Active,Contract,Zone C,Temporary,Unk,,Production       ,Engineers,18-12-1945,MA,Program Manager,Male,15997,Other,Widowed,Fully Meets,1
3230,2021-05-13,2023-07-13,Production Technician I,Patricia Lee,NEL,Leave of Absence,Full-Time,Zone C,Full-Time,Resignation,Condition whole however senior water.,Production       ,Field Operations,20-04-1991,MA,Laborer,Female,55412,White,Single,Fully Meets,1
3231,2021-05-24,,Production Technician I,Peter Smith,PL,Active,Full-Time,Zone C,Part-Time,Unk,,Production       ,Shop (Fleet),14-05-1997,MA,Shop,Female,97872,White,Divorced,Exceeds,2
3232,2021-10-06,2022-05-19,Production Technician I,Carlos Miller,BPC,Leave of Absence,Part-Time,Zone B,Temporary,Resignation,Write arrive produce since.,Production       ,General - Con,18-11-1974,MA,Laborer,Male,26785,Other,Divorced,Fully Meets,1
3233,2020-08-22,2020-08-26,Production Technician I,Jim Mccormick,CCDR,Leave of Absence,Contract,Zone C,Part-Time,Voluntary,Fact order police ability another pretty add.,Production       ,Engineers,8/2/1969,MA,Engineer,Male,14249,Asian,Widowed,Fully Meets,2
3234,2021-08-23,,Production Technician I,Catherine Harris,SVG,Active,Part-Time,Zone B,Temporary,Unk,,Production       ,General - Con,25-04-1959,MA,Administration,Male,52819,Black,Widowed,Fully Meets,3
3235,2021-12-23,2022-10-17,Production Technician I,Jeffrey Webb,EW,Active,Contract,Zone C,Temporary,Resignation,Without option agent show term.,Production       ,Engineers,1/8/1963,MA,Engineer,Male,62173,Hispanic,Married,Fully Meets,2
3236,2022-01-24,2022-03-27,Production Technician II,James Williamson,NEL,Active,Contract,Zone C,Full-Time,Involuntary,Stuff painting partner my.,Production       ,People Services,4/6/1979,MA,Cpo,Female,8702,Asian,Married,Fully Meets,5
3237,2022-11-21,,Production Technician II,Samantha David,PL,Active,Contract,Zone B,Temporary,Unk,,Production       ,General - Eng,8/12/1987,MA,Drafter,Male,69369,White,Married,Fully Meets,4
3238,2018-12-04,2022-07-01,Production Technician II,Anne Gomez,PYZ,Voluntarily Terminated,Contract,Zone A,Part-Time,Voluntary,Organization above size discuss office.,Production       ,Wireline Construction,4/9/2000,MA,Vp,Male,39455,Other,Divorced,Fully Meets,4
3239,2019-06-02,,Production Technician II,Brenda Chandler,SVG,Active,Part-Time,Zone C,Temporary,Unk,,Production       ,Field Operations,19-07-1992,MA,Operator,Male,74781,Black,Single,Fully Meets,3
3240,2018-08-12,2019-07-05,Production Technician II,Taylor Kim,TNS,Voluntarily Terminated,Full-Time,Zone C,Temporary,Voluntary,Kid decision small fire year eat.,Production       ,Shop (Fleet),5/3/1980,MA,Shop,Female,60148,Asian,Married,Fully Meets,2
3241,2022-05-15,,Production Technician II,Jessica Lawson,WBL,Active,Part-Time,Zone B,Full-Time,Unk,,Production       ,General - Sga,11/12/1947,MA,Administrator,Female,56978,White,Divorced,Fully Meets,1
3242,2021-11-23,2022-04-21,Production Technician I,Krista Hernandez,NEL,Voluntarily Terminated,Contract,Zone C,Full-Time,Resignation,If data from box movement bad service.,Production       ,Aerial,13-04-1955,MA,Lineman,Male,46927,Hispanic,Single,Fully Meets,3
3243,2020-12-13,,Production Technician I,Danielle Collins,PL,Active,Full-Time,Zone C,Full-Time,Unk,,Production       ,Splicing,8/2/1955,MA,Technician,Male,63497,Hispanic,Married,Fully Meets,2
3244,2021-07-28,,Production Technician I,Mary Hines,BPC,Active,Part-Time,Zone C,Temporary,Unk,,Production       ,Shop (Fleet),17-12-1948,MA,Mechanic,Female,67772,Black,Divorced,Fully Meets,2
3245,2019-06-07,2021-12-30,Production Technician I,Mrs. Vickie Barber,CCDR,Terminated for Cause,Full-Time,Zone A,Full-Time,Voluntary,Fly draw gun true deal sure.,Production       ,Field Operations,10/4/1948,MA,Laborer,Female,62905,Black,Married,Fully Meets,1
3246,2019-06-12,2021-05-25,Production Technician I,Barry Hernandez,SVG,Terminated for Cause,Part-Time,Zone C,Part-Time,Retirement,With picture sport this after.,Production       ,Safety,15-04-1988,MA,Safety,Female,16673,White,Married,Fully Meets,4
3247,2023-04-20,2023-08-06,Production Technician I,Glenn Kelly,EW,Active,Full-Time,Zone C,Part-Time,Resignation,Much already above care than.,Production       ,General - Con,18-07-1943,MA,Operator,Female,85847,Black,Single,Fully Meets,3
3248,2018-08-07,2023-07-19,Production Technician I,Amy Reeves,MSC,Active,Contract,Zone B,Part-Time,Resignation,Approach together husband better.,Production       ,General - Con,18-03-1967,MA,Clerical,Female,27168,Hispanic,Single,Fully Meets,5
3249,2018-12-06,,Production Technician I,Mark Rodriguez,TNS,Active,Contract,Zone C,Part-Time,Unk,,Production       ,Underground,18-01-1948,MA,Laborer,Male,26745,Black,Single,Fully Meets,3
3250,2021-03-25,,Production Technician I,Shawn Wallace,PYZ,Active,Full-Time,Zone B,Full-Time,Unk,,Production       ,Project Management - Con,11/6/1997,MA,Supervisor,Male,25590,Asian,Married,Fully Meets,2
3251,2019-02-15,2019-04-25,Production Technician I,Natalie Cox,WBL,Voluntarily Terminated,Contract,Zone A,Part-Time,Resignation,Any record environment.,Production       ,Field Operations,12/4/1956,MA,Laborer,Male,36234,White,Divorced,Fully Meets,5
3252,2023-03-14,,Production Technician I,Sarah Cannon,NEL,Active,Full-Time,Zone A,Part-Time,Unk,,Production       ,Shop (Fleet),2/11/1993,MA,Mechanic,Female,29287,Black,Divorced,PIP,4
3253,2019-09-01,2021-06-01,Production Technician I,Terrance Pitts,PL,Leave of Absence,Part-Time,Zone A,Part-Time,Involuntary,Star candidate seven television teacher all many.,Production       ,Field Operations,15-05-1993,MA,Technician,Female,46895,White,Single,Fully Meets,2
3254,2021-02-23,2022-07-13,Production Technician I,Samantha Gilbert,BPC,Leave of Absence,Full-Time,Zone B,Temporary,Voluntary,Save interest factor training.,Production       ,General - Sga,20-08-1989,MA,Administration,Male,25093,Other,Widowed,Fully Meets,3
3255,2023-03-22,,Production Technician I,Natalie Lang,CCDR,Active,Contract,Zone C,Part-Time,Unk,,Production       ,Yard (Material Handling),6/5/1961,MA,Runner,Male,65332,Other,Widowed,Fully Meets,3
3256,2019-01-24,,Production Technician I,Kelsey Calhoun DDS,SVG,Active,Part-Time,Zone B,Part-Time,Unk,,Production       ,General - Con,15-11-1954,MA,Flagger,Male,4750,Black,Divorced,Fully Meets,5
3257,2020-11-19,,Production Technician II,Jeffrey Terry,PL,Active,Full-Time,Zone A,Full-Time,Unk,,Production       ,Wireline Construction,10/4/1986,MA,Laborer,Female,89893,Other,Single,Fully Meets,3
3258,2023-02-15,,Production Technician II,David Vargas,BPC,Active,Part-Time,Zone B,Temporary,Unk,,Production       ,Aerial,23-05-1971,MA,Foreman,Male,27959,White,Single,Fully Meets,2
3259,2022-05-09,2022-06-10,Production Technician II,Matthew York,CCDR,Voluntarily Terminated,Full-Time,Zone B,Full-Time,Resignation,Trouble hot lead article guess travel.,Production       ,Field Operations,25-11-1946,MA,Tower Hand,Male,71536,Hispanic,Single,Fully Meets,2
3260,2021-10-06,,Production Technician II,Michael Mathews,SVG,Active,Contract,Zone B,Temporary,Unk,,Production       ,General - Con,17-06-1992,MA,Splicer,Male,86352,Hispanic,Single,Fully Meets,3
3261,2021-01-17,2023-06-25,Production Technician II,Philip Jackson,EW,Leave of Absence,Part-Time,Zone B,Temporary,Involuntary,Cause data speech tough garden body good.,Production       ,Field Operations,1/3/1948,MA,Administrative,Male,18868,Hispanic,Widowed,Fully Meets,4
3262,2022-03-22,,Production Technician II,Samantha Williams,MSC,Active,Full-Time,Zone A,Full-Time,Unk,,Production       ,Catv,27-01-1984,MA,Laborer,Female,69534,Black,Divorced,PIP,4
3263,2022-04-20,2023-04-30,Production Technician I,Renee Jones DVM,NEL,Voluntarily Terminated,Full-Time,Zone A,Part-Time,Involuntary,Measure question others smile oil.,Production       ,Engineers,14-04-1990,MA,Drafter,Male,41746,Asian,Single,PIP,2
3264,2021-12-31,2023-05-10,Production Technician I,Jim Melton,PL,Terminated for Cause,Part-Time,Zone C,Part-Time,Involuntary,Attorney control write American.,Production       ,General - Eng,9/6/1950,MA,Engineer,Male,16282,Asian,Married,Fully Meets,5
3265,2018-10-31,,Production Technician I,Anna Hogan,BPC,Active,Part-Time,Zone C,Full-Time,Unk,,Production       ,Aerial,23-01-1993,MA,Groundman,Female,26076,Asian,Single,Fully Meets,1
3266,2020-07-24,,Production Technician I,Andrew Garcia,CCDR,Active,Contract,Zone A,Full-Time,Unk,,Production       ,Wireline Construction,23-08-1996,MA,Laborer,Female,22339,Black,Married,Fully Meets,2
3267,2019-12-12,2020-01-17,Production Technician I,Lindsey Aguilar,SVG,Active,Contract,Zone C,Part-Time,Voluntary,Smile wife newspaper attorney dog discuss write.,Production       ,Splicing,7/11/1963,MA,Laborer,Female,52402,Other,Single,Fully Meets,5
3268,2023-06-22,,Production Technician I,Terry Andrade,EW,Active,Contract,Zone A,Temporary,Unk,,Production       ,Field Operations,21-08-1962,MA,Driver,Female,43825,Asian,Single,Fully Meets,2
3269,2021-06-20,,Production Technician I,Amanda Ball,MSC,Active,Full-Time,Zone C,Temporary,Unk,,Production       ,Field Operations,8/4/2000,MA,Laborer,Male,92624,Asian,Married,Fully Meets,1
3270,2019-10-31,,Production Technician I,Christina Nguyen,TNS,Active,Full-Time,Zone B,Full-Time,Unk,,Production       ,Splicing,9/4/1958,MA,Technician,Male,88948,Asian,Single,Fully Meets,2
3271,2019-07-02,2022-11-26,Production Technician I,Kenneth Bender,PYZ,Voluntarily Terminated,Contract,Zone B,Part-Time,Involuntary,Talk it thousand score least try sound.,Production       ,Engineers,29-04-1970,MA,Engineer,Male,72709,Asian,Divorced,Fully Meets,3
3272,2023-02-10,,Production Technician I,Natasha Mathews,WBL,Active,Contract,Zone C,Part-Time,Unk,,Production       ,Aerial,22-08-1959,MA,Flagger,Male,38780,Other,Widowed,Fully Meets,3
3273,2022-09-16,,Production Technician I,Tonya Jones,NEL,Active,Full-Time,Zone A,Temporary,Unk,,Production       ,People Services,8/12/1998,MA,Coordinator,Female,24573,Asian,Divorced,Fully Meets,4
3274,2020-01-21,2020-07-29,Production Technician I,Anthony Bass,PL,Leave of Absence,Part-Time,Zone B,Full-Time,Retirement,History force myself.,Production       ,Aerial,28-06-1965,MA,Foreman,Female,30214,Other,Divorced,PIP,3
3275,2022-11-16,,Production Technician I,Erin Lloyd,BPC,Active,Part-Time,Zone B,Temporary,Unk,,Production       ,General - Con,31-12-1991,MA,Foreman,Male,66377,Other,Divorced,PIP,3
3276,2021-01-25,,Production Technician I,Joshua Lee,CCDR,Active,Contract,Zone A,Temporary,Unk,,Production       ,Engineers,20-11-1996,MA,Project Manager,Male,83059,Asian,Divorced,Fully Meets,2
3277,2023-06-16,2023-06-24,Production Technician II,Darlene Garcia,NEL,Active,Part-Time,Zone B,Temporary,Retirement,Personal fear indeed rest also.,Production       ,Aerial,21-05-1980,MA,Foreman,Female,86836,Hispanic,Married,Fully Meets,5
3278,2020-09-08,2021-10-17,Production Technician II,Angela Griffin MD,PL,Active,Contract,Zone A,Part-Time,Retirement,Take nice into true side job.,Production       ,Field Operations,15-11-1944,MA,Laborer,Female,4862,Black,Married,Fully Meets,4
3279,2019-01-23,2020-11-24,Production Technician II,Katrina Davis,BPC,Active,Full-Time,Zone A,Full-Time,Involuntary,Market public task none past spend.,Production       ,Engineers,31-01-1994,MA,Project Manager,Male,53530,Black,Married,Fully Meets,5
3280,2023-05-29,2023-07-23,Production Technician II,Tamara Bailey,CCDR,Voluntarily Terminated,Part-Time,Zone A,Temporary,Involuntary,Fast light home sign build not.,Production       ,Project Management - Con,9/7/1983,MA,Manager,Male,59596,Other,Divorced,Fully Meets,5
3281,2019-08-16,,Production Technician II,Thomas Jones,SVG,Active,Contract,Zone B,Full-Time,Unk,,Production       ,General - Con,23-07-1954,MA,Laborer,Male,65633,Hispanic,Divorced,Fully Meets,5
3282,2020-06-04,,Production Technician II,Stephanie Lewis,EW,Active,Full-Time,Zone B,Full-Time,Unk,,Production       ,Wireline Construction,23-06-1978,MA,Lineman,Female,54457,Asian,Married,Fully Meets,3
3283,2020-07-21,,Production Technician II,Vanessa Garrison,MSC,Active,Contract,Zone B,Part-Time,Unk,,Production       ,Wireline Construction,13-08-1988,MA,Lineman,Female,16989,Hispanic,Married,Fully Meets,3
3284,2022-08-21,2023-03-29,Production Technician I,Jonathan Franco,EW,Voluntarily Terminated,Contract,Zone A,Part-Time,Resignation,Order protect raise exist by behind dream memory.,Production       ,Fielders,17-10-1948,MA,Technician,Male,22735,Other,Divorced,Fully Meets,2
3285,2021-07-16,2023-06-12,Production Technician I,Mark Mills,MSC,Terminated for Cause,Contract,Zone B,Part-Time,Retirement,Know blue difficult let black choice require.,Production       ,Wireline Construction,15-01-1954,MA,Laborer,Male,81424,Other,Single,PIP,4
3286,2019-11-06,,Production Technician I,Kristina Hawkins,NEL,Active,Full-Time,Zone C,Temporary,Unk,,Production       ,Project Management - Con,15-08-1970,MA,Project Manager,Female,70949,White,Divorced,PIP,3
3287,2021-01-01,,Production Technician I,Bobby Parker,PL,Active,Part-Time,Zone A,Temporary,Unk,,Production       ,General - Con,10/6/1979,MA,Laborer,Female,44442,Asian,Divorced,Fully Meets,1
3288,2019-09-24,,Production Technician I,Mark Bolton,PYZ,Active,Full-Time,Zone A,Temporary,Unk,,Production       ,Field Operations,16-12-1967,MA,Foreman,Female,92307,White,Divorced,Fully Meets,2
3289,2020-05-17,,Production Technician I,Mr. Aaron Mcclain,SVG,Active,Contract,Zone A,Full-Time,Unk,,Production       ,General - Con,6/11/1980,MA,Groundman,Female,87752,White,Divorced,Fully Meets,4
3290,2018-08-07,,Production Technician I,Jeffery Baker,TNS,Active,Part-Time,Zone A,Full-Time,Unk,,Production       ,Field Operations,7/12/1995,MA,Mechanic,Male,60198,Other,Single,Fully Meets,3
3291,2023-08-01,,Production Technician I,Dustin Hoffman,WBL,Active,Contract,Zone C,Full-Time,Unk,,Production       ,General - Con,9/8/1957,MA,Flagger,Male,50905,Hispanic,Married,Fully Meets,2
3292,2019-01-12,2020-01-09,Production Technician I,Connor Wallace,PYZ,Voluntarily Terminated,Part-Time,Zone C,Part-Time,Retirement,Four read some later whether lose system.,Production       ,Field Operations,13-05-1946,MA,Engineer,Male,2769,Asian,Single,Fully Meets,4
3293,2021-04-09,2022-11-29,Production Technician I,Cindy Ruiz,WBL,Voluntarily Terminated,Contract,Zone C,Full-Time,Retirement,Toward make herself high red writer week.,Production       ,General - Con,1/9/1967,MA,Technician,Female,90732,Black,Married,Fully Meets,3
3294,2022-06-04,2022-12-24,Production Technician I,Regina Dickerson,NEL,Leave of Absence,Full-Time,Zone A,Temporary,Retirement,New begin remember understand.,Production       ,Aerial,6/6/1965,MA,Lineman,Female,12076,Other,Divorced,Fully Meets,3
3295,2019-05-31,,Production Technician I,Joshua Wilson,PL,Active,Part-Time,Zone C,Full-Time,Unk,,Production       ,Aerial,18-11-1954,MA,Groundman,Female,27767,Black,Divorced,Fully Meets,5
3296,2019-01-07,2019-10-08,Production Technician I,Michael Palmer,BPC,Leave of Absence,Part-Time,Zone C,Full-Time,Voluntary,Maybe despite performance rather evidence.,Production       ,Field Operations,7/10/1947,MA,Foreman,Male,24886,White,Married,PIP,2
3297,2020-07-18,2021-04-20,Production Technician I,Bryan Beasley,CCDR,Leave of Absence,Contract,Zone A,Temporary,Retirement,Stock true summer together social.,Production       ,Field Operations,12/10/1955,MA,Engineer,Male,25813,Black,Married,Fully Meets,4
3298,2020-11-19,2021-05-21,Production Technician II,Sarah Escobar,EW,Active,Full-Time,Zone A,Full-Time,Involuntary,Great unit evidence run.,Production       ,Field Operations,10/3/1996,MA,Technician,Female,88404,Hispanic,Widowed,Fully Meets,5
3299,2022-11-10,,Production Technician II,Tabitha Cunningham,MSC,Active,Part-Time,Zone A,Full-Time,Unk,,Production       ,Wireline Construction,10/6/1975,MA,Supervisor,Male,51576,White,Widowed,Fully Meets,4
3300,2021-03-25,2022-05-08,Production Technician II,Mr. Gregory Mullins MD,NEL,Active,Full-Time,Zone B,Part-Time,Resignation,Artist message call such.,Production       ,Field Operations,27-11-1946,MA,Technician,Male,73771,White,Married,Fully Meets,2
3301,2019-05-13,2022-08-13,Production Technician II,Michael Clark,PL,Voluntarily Terminated,Contract,Zone B,Full-Time,Retirement,On crime student tough note.,Production       ,Field Operations,27-08-1997,MA,Construction Manager,Male,65436,Black,Divorced,Fully Meets,1
3302,2019-06-07,2022-11-06,Production Technician II,Shawn Johnson,PYZ,Leave of Absence,Full-Time,Zone A,Part-Time,Retirement,Year ever end drive.,Production       ,General - Con,25-07-1943,MA,Lineman,Female,77353,Hispanic,Married,Fully Meets,4
3303,2023-02-18,,Production Technician II,Kathy York,SVG,Active,Full-Time,Zone A,Part-Time,Unk,,Production       ,Field Operations,11/11/1981,MA,Laborer,Female,49310,Black,Single,Fully Meets,3
3304,2019-04-02,,Production Technician II,Cynthia Morgan,TNS,Active,Part-Time,Zone A,Temporary,Unk,,Production       ,Wireline Construction,7/12/1984,MA,Foreman,Female,71443,Other,Single,Fully Meets,4
3305,2020-11-30,2022-10-23,Production Technician I,Alex Lopez,WBL,Voluntarily Terminated,Contract,Zone C,Part-Time,Involuntary,Billion approach middle behind national describe.,Production       ,Project Management - Con,9/7/1992,MA,Coordinator,Female,18362,Other,Widowed,Fully Meets,4
3306,2022-09-24,2022-10-27,Production Technician I,Angela Terry,NEL,Voluntarily Terminated,Full-Time,Zone A,Temporary,Voluntary,Reason common from ready.,Production       ,Field Operations,31-03-1992,MA,Laborer,Male,78658,White,Married,PIP,4
3307,2019-06-21,,Production Technician I,Henry Armstrong Jr.,PL,Active,Full-Time,Zone C,Full-Time,Unk,,Production       ,Executive,18-10-1978,MA,Vp,Male,96247,Asian,Married,Fully Meets,4
3308,2022-06-10,,Production Technician I,Mary Kent,BPC,Active,Contract,Zone C,Temporary,Unk,,Production       ,General - Sga,22-11-1998,MA,Administrative,Female,70865,Black,Married,Fully Meets,3
3309,2020-10-18,,Production Technician I,Kelly Brown,CCDR,Active,Part-Time,Zone B,Part-Time,Unk,,Production       ,Finance & Accounting,17-04-2000,MA,Assistant,Female,24730,White,Single,Fully Meets,1
3310,2022-02-02,2023-02-04,Production Technician I,Sheryl Austin,SVG,Active,Part-Time,Zone B,Part-Time,Retirement,Course appear wait police car.,Production       ,Executive,25-07-1975,MA,Vp,Female,53426,Asian,Married,Fully Meets,3
3311,2021-06-17,2021-12-03,Production Technician I,Christina Kennedy,EW,Active,Contract,Zone A,Temporary,Retirement,Ready image offer. According and reveal land.,Production       ,Field Operations,12/3/1974,MA,Project Manager,Female,15819,Black,Widowed,Fully Meets,4
3312,2018-12-01,,Production Technician I,Sara Grimes,MSC,Active,Part-Time,Zone C,Temporary,Unk,,Production       ,Engineers,30-04-1946,MA,Engineer,Male,27839,Hispanic,Married,Fully Meets,4
3313,2021-05-09,,Production Technician I,Teresa George,TNS,Active,Full-Time,Zone B,Full-Time,Unk,,Production       ,Wireline Construction,16-02-1976,MA,Assistant,Male,36560,Hispanic,Married,Fully Meets,3
3314,2019-01-01,,Production Technician I,Shelly Turner,PYZ,Active,Part-Time,Zone A,Temporary,Unk,,Production       ,General - Eng,24-09-1955,MA,Project Manager,Male,19525,Other,Widowed,Fully Meets,4
3315,2018-10-13,2020-03-18,Production Technician I,Crystal Richmond,WBL,Voluntarily Terminated,Full-Time,Zone C,Temporary,Involuntary,Director include student.,Production       ,Field Operations,15-04-1957,MA,Locator,Female,85181,Other,Widowed,Fully Meets,3
3316,2020-04-25,2022-12-13,Production Technician I,Theresa Holmes,NEL,Leave of Absence,Part-Time,Zone C,Full-Time,Retirement,Movement beat thing attorney benefit mention I.,Production       ,Catv,11/11/1975,MA,Lineman,Female,37802,Hispanic,Widowed,Fully Meets,3
3317,2022-03-17,,Production Technician I,Amanda Weiss,PL,Active,Part-Time,Zone C,Full-Time,Unk,,Production       ,Finance & Accounting,8/4/1983,MA,Specialist,Female,90537,Other,Single,Fully Meets,3
3318,2019-11-18,2022-02-10,Production Technician I,Thomas Figueroa,BPC,Leave of Absence,Part-Time,Zone A,Full-Time,Resignation,Make oil new effort begin. Smile work dinner.,Production       ,People Services,8/12/1996,MA,Administrator,Male,61532,White,Divorced,Fully Meets,3
3319,2019-10-09,,Production Technician II,Bradley Snyder,NEL,Active,Full-Time,Zone B,Temporary,Unk,,Production       ,Field Operations,25-01-1963,MA,Laborer,Female,34874,Hispanic,Married,Fully Meets,3
3320,2020-05-18,,Production Technician II,Dennis Richards,PL,Active,Part-Time,Zone A,Part-Time,Unk,,Production       ,General - Con,6/7/1969,MA,Foreman,Male,31303,Other,Divorced,Fully Meets,5
3321,2019-02-17,,Production Technician II,Eric Aguilar,BPC,Active,Contract,Zone B,Full-Time,Unk,,Production       ,Engineers,11/1/1986,MA,Technician,Male,37576,White,Single,Fully Meets,2
3322,2020-07-31,2022-09-27,Production Technician II,Kathleen Bowen,CCDR,Voluntarily Terminated,Part-Time,Zone B,Full-Time,Voluntary,Different down happen near impact.,Production       ,Aerial,9/10/1943,MA,Lineman,Male,25557,White,Single,Fully Meets,4
3323,2023-06-17,2023-07-13,Production Technician II,Chloe Berg,SVG,Leave of Absence,Full-Time,Zone C,Temporary,Voluntary,Expect serious occur forward again.,Production       ,Project Management - Con,4/6/1962,MA,Laborer,Female,27946,Black,Married,Fully Meets,4
3324,2019-06-30,2022-07-24,Production Technician II,Anna Martinez,EW,Leave of Absence,Part-Time,Zone A,Part-Time,Involuntary,Teach human market real upon.,Production       ,Splicing,4/11/1952,MA,Splicer,Female,11516,Black,Divorced,PIP,3
3325,2021-07-13,2022-03-11,Production Technician II,Christopher Blankenship,MSC,Voluntarily Terminated,Contract,Zone A,Part-Time,Involuntary,Few space energy down natural.,Production       ,Field Operations,14-10-1993,MA,Technician,Female,19512,White,Single,Fully Meets,3
3326,2022-01-14,,Production Technician I,Jackson Baird,PYZ,Active,Contract,Zone A,Temporary,Unk,,Production       ,General - Con,3/9/1941,MA,Laborer,Male,20146,Hispanic,Divorced,Fully Meets,3
3327,2020-01-01,,Production Technician I,Randy Wright,WBL,Active,Contract,Zone C,Full-Time,Unk,,Production       ,Fielders,27-04-1979,MA,Technician,Female,91044,Hispanic,Widowed,Fully Meets,1
3328,2020-10-24,2023-04-11,Production Technician I,Pamela Carter,NEL,Voluntarily Terminated,Part-Time,Zone A,Full-Time,Resignation,Room that ahead sound work short right.,Production       ,Engineers,6/2/1961,MA,Engineer,Male,24046,White,Married,Fully Meets,3
3329,2020-10-24,,Production Technician I,Robert Rogers,PL,Active,Part-Time,Zone B,Full-Time,Unk,,Production       ,General - Sga,8/10/1978,MA,Coordinator,Male,90483,Hispanic,Divorced,Fully Meets,4
3330,2020-08-09,,Production Technician I,Michele Black,BPC,Active,Part-Time,Zone C,Part-Time,Unk,,Production       ,Fielders,19-03-1976,MA,Engineer,Female,83923,White,Divorced,Fully Meets,4
3331,2019-03-24,2020-10-16,Production Technician I,Stephanie Pierce,CCDR,Active,Full-Time,Zone A,Part-Time,Voluntary,Hair language song. Account father send talk.,Production       ,Field Operations,6/11/1963,MA,Technician,Female,6014,Other,Single,Fully Meets,2
3332,2022-10-29,,Production Technician I,Rebecca Moreno,SVG,Active,Part-Time,Zone B,Temporary,Unk,,Production       ,Wireline Construction,6/3/1961,MA,Driver,Female,34868,Other,Widowed,Fully Meets,3
3333,2023-05-16,,Production Technician I,Jason Brady,EW,Active,Contract,Zone B,Temporary,Unk,,Production       ,Field Operations,29-10-1992,MA,Administrative,Male,45740,Hispanic,Single,Fully Meets,3
3334,2023-05-30,,Production Technician I,Jonathan Miller,MSC,Active,Part-Time,Zone B,Part-Time,Unk,,Production       ,Project Management - Con,19-05-1989,MA,Drafter,Male,46494,White,Single,Fully Meets,3
3335,2019-06-28,2021-12-16,Production Technician I,Mary Rivera,TNS,Voluntarily Terminated,Part-Time,Zone B,Temporary,Resignation,Certainly those above eye ball.,Production       ,Field Operations,7/4/1992,MA,Driller,Male,38014,Other,Divorced,Fully Meets,3
3336,2023-03-25,2023-05-17,Production Technician I,Eric Huber,PYZ,Voluntarily Terminated,Contract,Zone A,Part-Time,Retirement,Take most future.,Production       ,General - Con,21-06-1979,MA,Coordinator,Male,75099,Asian,Divorced,Fully Meets,3
3337,2022-08-26,,Production Technician I,Michael Avery,WBL,Active,Full-Time,Zone A,Part-Time,Unk,,Production       ,Engineers,29-01-1973,MA,Project Manager,Female,12948,Black,Single,Fully Meets,3
3338,2019-11-15,,Production Technician I,David Spears,NEL,Active,Contract,Zone C,Temporary,Unk,,Production       ,General - Con,5/3/1950,MA,Laborer,Female,67665,Hispanic,Divorced,Fully Meets,3
3339,2021-08-22,,Production Technician I,Matthew Lyons,PL,Active,Part-Time,Zone C,Part-Time,Unk,,Production       ,Technology / It,11/12/1951,MA,Engineer,Male,50557,Hispanic,Divorced,Fully Meets,5
3340,2022-11-29,,Production Technician I,Jamie Murray,BPC,Active,Part-Time,Zone A,Full-Time,Unk,,Production       ,General - Con,10/5/1961,MA,Technician,Male,87065,White,Married,Fully Meets,3
3341,2022-10-15,2023-01-25,Production Technician II,Paul Watson,WBL,Active,Full-Time,Zone C,Temporary,Involuntary,A parent bit rich. Reflect north sometimes card.,Production       ,General - Con,28-01-1955,MA,Splicer,Female,78768,White,Single,Fully Meets,1
3342,2021-07-31,,Production Technician II,Mrs. Danielle Sanchez,NEL,Active,Full-Time,Zone C,Part-Time,Unk,,Production       ,Aerial,17-02-2000,MA,Lineman,Male,35072,Other,Widowed,Fully Meets,2
3343,2022-02-21,2023-05-26,Production Technician II,Kari Walker,PL,Active,Part-Time,Zone A,Full-Time,Retirement,Do onto consumer sign. War instead effect role.,Production       ,Field Operations,25-11-1965,MA,Mechanic,Male,87930,Hispanic,Married,Fully Meets,4
3344,2021-08-29,,Production Technician II,Samantha Green,BPC,Active,Contract,Zone B,Temporary,Unk,,Production       ,General - Con,12/3/1958,MA,Lineman,Male,71735,White,Married,Fully Meets,3
3345,2021-12-13,2023-01-29,Production Technician II,Michael Spencer,CCDR,Voluntarily Terminated,Full-Time,Zone C,Part-Time,Retirement,We give end nation but. Other measure across.,Production       ,Project Management - Con,9/4/1981,MA,Director,Male,66521,Asian,Single,Fully Meets,4
3346,2021-03-30,2022-02-12,Production Technician II,Juan Cooper,SVG,Leave of Absence,Part-Time,Zone B,Temporary,Involuntary,Shoulder build catch commercial.,Production       ,Yard (Material Handling),7/4/1957,MA,Lineman,Female,47048,Other,Divorced,Fully Meets,2
3347,2021-02-02,2022-05-13,Production Technician II,John Taylor,EW,Leave of Absence,Contract,Zone C,Temporary,Resignation,Family defense six believe drug action although.,Production       ,Catv,22-08-1962,MA,Operator,Female,17960,Hispanic,Divorced,Fully Meets,3
3348,2019-10-31,,Production Technician II,Michael Austin,MSC,Active,Part-Time,Zone A,Part-Time,Unk,,Production       ,General - Con,1/12/1987,MA,Laborer,Female,42857,Asian,Widowed,Fully Meets,2
3349,2022-11-07,,Production Technician I,Sara Figueroa,WBL,Active,Contract,Zone A,Full-Time,Unk,,Production       ,General - Eng,27-02-1959,MA,Drafter,Male,85935,Hispanic,Divorced,Fully Meets,3
3350,2022-11-20,,Production Technician I,Samantha Butler,BPC,Active,Full-Time,Zone B,Part-Time,Unk,,Production       ,Project Management - Con,7/1/1973,MA,Technician,Female,41824,Hispanic,Divorced,Fully Meets,5
3351,2021-12-15,2022-04-06,Production Technician I,Amanda White,CCDR,Voluntarily Terminated,Contract,Zone C,Part-Time,Involuntary,Black truth campaign player child control firm.,Production       ,Shop (Fleet),8/9/1974,MA,Warehouse,Male,57006,Hispanic,Married,Fully Meets,2
3352,2023-02-22,,Production Technician I,Sarah Walker,EW,Active,Part-Time,Zone B,Full-Time,Unk,,Production       ,Field Operations,5/4/1986,MA,Groundman,Male,82003,Other,Single,Fully Meets,3
3353,2020-03-29,,Production Technician I,Brent Davis,MSC,Active,Contract,Zone B,Part-Time,Unk,,Production       ,General - Con,11/6/1978,MA,Lineman,Female,62032,Hispanic,Married,Fully Meets,3
3354,2021-08-09,2023-06-16,Production Technician I,Michael Brown,NEL,Active,Part-Time,Zone A,Temporary,Retirement,Hundred still nearly stand risk treat.,Production       ,Field Operations,21-04-1961,MA,Laborer,Female,14400,Asian,Single,Fully Meets,3
3355,2023-01-02,2023-06-18,Production Technician I,Elizabeth Scott,PL,Active,Contract,Zone B,Part-Time,Resignation,Near fine four help likely. Because wrong nor.,Production       ,Aerial,23-02-1991,MA,Technician,Female,34876,White,Divorced,Fully Meets,5
3356,2018-11-10,,Production Technician I,Marco Stephenson,PYZ,Active,Full-Time,Zone C,Part-Time,Unk,,Production       ,General - Eng,14-08-1991,MA,Technician,Female,34856,Asian,Married,Needs Improvement,3
3357,2022-08-30,,Production Technician I,Kevin Fitzgerald,SVG,Active,Full-Time,Zone B,Temporary,Unk,,Production       ,Engineers,9/8/1942,MA,Director,Male,78039,Asian,Married,Exceeds,1
3358,2021-07-30,2022-12-03,Production Technician I,Jerry Williams,TNS,Leave of Absence,Full-Time,Zone A,Part-Time,Voluntary,Style up reality per.,Production       ,Field Operations,24-01-2000,MA,Laborer,Male,67062,Black,Divorced,Fully Meets,3
3359,2020-11-29,,Production Technician I,James Ward,WBL,Active,Full-Time,Zone C,Temporary,Unk,,Production       ,Field Operations,8/2/1980,MA,Laborer,Male,30982,Hispanic,Married,Exceeds,3
3360,2021-03-24,,Production Technician I,Patrick Wood,BPC,Active,Part-Time,Zone A,Part-Time,Unk,,Production       ,General - Con,20-05-1974,MA,Safety,Female,4369,Asian,Married,Exceeds,2
3361,2020-12-29,2022-02-23,Production Technician I,Patrick Hart,CCDR,Voluntarily Terminated,Part-Time,Zone B,Temporary,Voluntary,Situation election visit author five.,Production       ,General - Con,4/10/1943,MA,Technician,Female,65806,Other,Single,Exceeds,3
3362,2021-08-02,,Production Technician I,Linda Gonzales,EW,Active,Full-Time,Zone C,Temporary,Unk,,Production       ,Field Operations,10/11/1967,MA,Laborer,Female,90552,Asian,Widowed,Exceeds,1
3363,2022-03-30,,Production Technician I,Jack Branch,MSC,Active,Part-Time,Zone A,Temporary,Unk,,Production       ,Field Operations,26-07-1957,MA,Laborer,Male,31018,Black,Married,Exceeds,5
3364,2021-03-05,2021-09-07,Production Technician II,Courtney Chambers,WBL,Active,Part-Time,Zone A,Temporary,Retirement,Court catch management cold total among.,Production       ,Engineers,5/6/1960,MA,Technician,Female,42754,Hispanic,Single,Exceeds,3
3365,2020-12-02,,Production Technician II,Andre Pacheco,NEL,Active,Contract,Zone B,Temporary,Unk,,Production       ,Project Management - Con,27-06-1948,MA,Laborer,Male,24571,Asian,Divorced,Fully Meets,3
3366,2019-01-20,2020-01-18,Production Technician II,Angela Fowler,PL,Voluntarily Terminated,Contract,Zone C,Full-Time,Voluntary,Modern a study speak. Front choose central which.,Production       ,General - Con,14-05-1976,MA,Project Manager,Male,74701,Black,Widowed,Exceeds,4
3367,2020-05-30,2022-02-01,Production Technician II,Patricia Doyle,BPC,Voluntarily Terminated,Full-Time,Zone B,Full-Time,Retirement,Tell heavy degree no early.,Production       ,Field Operations,16-10-1962,MA,Laborer,Male,35065,Other,Single,Exceeds,2
3368,2019-11-14,2023-05-14,Production Technician II,Benjamin Cook,CCDR,Leave of Absence,Part-Time,Zone B,Part-Time,Retirement,These these by when here attorney special.,Production       ,Field Operations,7/2/1990,MA,Apprentice,Male,61176,Black,Married,Exceeds,5
3369,2022-07-27,2023-03-24,Production Technician II,Jeff Cabrera,SVG,Leave of Absence,Part-Time,Zone A,Temporary,Resignation,Teacher contain heart continue pay form short.,Production       ,General - Con,29-08-1950,MA,Locator,Female,22374,Other,Single,Exceeds,2
3370,2022-06-20,,Production Technician II,Chris Burke,EW,Active,Contract,Zone C,Temporary,Unk,,Production       ,General - Con,27-08-1958,MA,Laborer,Female,57215,Asian,Widowed,Exceeds,3
3371,2022-12-20,2023-03-22,Production Technician II,Keith Rasmussen,MSC,Voluntarily Terminated,Full-Time,Zone A,Full-Time,Resignation,Feel pattern require stand.,Production       ,Wireless,22-11-1970,MA,Manager,Female,5985,Hispanic,Married,Exceeds,3
3372,2023-01-14,2023-03-14,Production Technician I,Tammy Small,TNS,Voluntarily Terminated,Contract,Zone C,Part-Time,Involuntary,Try statement audience too material film.,Production       ,Project Management - Con,27-05-1992,MA,Manager,Female,94040,Asian,Divorced,Fully Meets,4
3373,2018-09-22,,Production Technician I,Phillip Little,PYZ,Active,Contract,Zone A,Temporary,Unk,,Production       ,Aerial,6/2/1989,MA,Foreman,Male,35546,Other,Married,Exceeds,2
3374,2022-09-24,2023-03-10,Production Technician I,Thomas Rios,WBL,Voluntarily Terminated,Part-Time,Zone A,Temporary,Involuntary,Data imagine bill possible want.,Production       ,Field Operations,4/12/1999,MA,Laborer,Male,33903,Hispanic,Divorced,Exceeds,4
3375,2020-06-08,2021-07-13,Production Technician I,Kathy Kelley,NEL,Voluntarily Terminated,Full-Time,Zone B,Full-Time,Voluntary,Theory majority born with.,Production       ,Engineers,20-09-1999,MA,Program Manager,Female,58194,Black,Divorced,Exceeds,3
3376,2023-07-06,,Production Technician I,Christopher Sexton,PL,Active,Part-Time,Zone B,Temporary,Unk,,Production       ,Field Operations,11/11/1986,MA,Technician,Female,7445,Asian,Single,Exceeds,5
3377,2020-02-24,2023-05-13,Production Technician I,Evan Schultz,BPC,Active,Part-Time,Zone A,Temporary,Resignation,Tough very bad spend feeling college require.,Production       ,Splicing,6/9/1989,MA,Foreman,Female,52336,Asian,Widowed,Exceeds,4
3378,2021-05-26,,Production Technician I,Joshua Burton,CCDR,Active,Contract,Zone B,Temporary,Unk,,Production       ,General - Con,4/9/1993,MA,Technician,Female,53521,White,Single,Exceeds,3
3379,2023-04-09,2023-06-14,Production Technician I,Walter Henry,SVG,Leave of Absence,Contract,Zone C,Part-Time,Voluntary,American community truth.,Production       ,Technology / It,23-06-1973,MA,Helpdesk,Female,48347,Hispanic,Married,Exceeds,4
3380,2023-06-27,,Production Technician I,Jonathan Richards,EW,Active,Full-Time,Zone C,Temporary,Unk,,Production       ,Field Operations,19-12-1984,MA,Technician,Male,9268,Black,Widowed,Exceeds,1
3381,2022-12-20,,Production Technician I,Kevin Escobar,MSC,Active,Contract,Zone C,Part-Time,Unk,,Production       ,Field Operations,29-11-1954,MA,Foreman,Male,20032,White,Single,Exceeds,3
3382,2018-11-10,,Production Technician I,Thomas Elliott,TNS,Active,Part-Time,Zone C,Temporary,Unk,,Production       ,Field Operations,20-05-1970,MA,Administrator,Male,59153,Other,Divorced,Exceeds,5
3383,2020-08-13,2020-10-02,Production Technician I,Jose Brown,PYZ,Voluntarily Terminated,Part-Time,Zone C,Part-Time,Resignation,Foot apply stay treatment local good issue.,Production       ,General - Con,1/4/1985,MA,Splicer,Female,20389,Hispanic,Divorced,Exceeds,2
3384,2019-03-07,,Production Technician I,Rachel Rice,WBL,Active,Full-Time,Zone C,Full-Time,Unk,,Production       ,Field Operations,18-07-1991,MA,Operator,Female,26286,Hispanic,Married,Fully Meets,3
3385,2022-03-13,,Production Technician I,Cory Lopez,NEL,Active,Part-Time,Zone A,Full-Time,Unk,,Production       ,General - Con,10/7/1978,MA,Technician,Female,85739,Other,Divorced,Fully Meets,3
3386,2019-11-25,2021-01-28,Production Technician II,Alec Phillips,WBL,Active,Contract,Zone C,Temporary,Voluntary,He four soldier employee central term.,Production       ,General - Con,18-02-1995,MA,Laborer,Female,45331,Hispanic,Widowed,Fully Meets,2
3387,2019-03-06,,Production Technician II,David Hernandez,NEL,Active,Full-Time,Zone C,Full-Time,Unk,,Production       ,General - Sga,19-07-1965,MA,Supervisor,Male,46093,Other,Widowed,Fully Meets,3
3388,2019-04-19,,Production Technician II,Heidi Terry,PL,Active,Part-Time,Zone A,Temporary,Unk,,Production       ,Fielders,17-09-1990,MA,Technician,Male,48911,Black,Divorced,Fully Meets,1
3389,2020-08-12,,Production Technician II,Travis Griffith,BPC,Active,Full-Time,Zone C,Temporary,Unk,,Production       ,Field Operations,25-06-1943,MA,Laborer,Male,18226,Asian,Married,Fully Meets,1
3390,2022-10-21,2023-01-05,Production Technician II,Joanna Nguyen,CCDR,Leave of Absence,Part-Time,Zone B,Temporary,Voluntary,North next animal laugh threat no.,Production       ,Billable Consultants,10/1/1969,MA,Engineer,Female,90024,Hispanic,Married,Fully Meets,1
3391,2020-01-13,,Production Technician II,Amanda Young,SVG,Active,Part-Time,Zone C,Full-Time,Unk,,Production       ,General - Sga,4/11/1991,MA,Project Manager,Female,2225,Black,Divorced,Fully Meets,3
3392,2019-11-18,2021-09-22,Production Technician II,Sean Walsh,EW,Voluntarily Terminated,Full-Time,Zone B,Full-Time,Voluntary,Keep particular pass understand set.,Production       ,General - Con,29-02-1988,MA,Technician,Female,14864,Other,Single,Fully Meets,2
3393,2018-08-25,,Production Technician I,Jerry Gilbert,BPC,Active,Contract,Zone B,Full-Time,Unk,,Production       ,General - Con,4/6/1942,MA,Flagger,Female,33532,Hispanic,Married,Needs Improvement,3
3394,2021-05-24,,Production Technician I,Meghan Green,WBL,Active,Contract,Zone B,Temporary,Unk,,Production       ,Field Operations,3/6/1949,MA,Technician,Male,37566,Black,Divorced,Fully Meets,2
3395,2021-06-09,2022-01-13,Production Technician I,Penny Campbell DDS,TNS,Voluntarily Terminated,Part-Time,Zone A,Part-Time,Resignation,Without production religious.,Production       ,Field Operations,9/2/1975,MA,Driver,Female,88306,Other,Widowed,Needs Improvement,3
3396,2021-04-05,2021-11-29,Production Technician I,Stephanie Petty,SVG,Voluntarily Terminated,Part-Time,Zone B,Full-Time,Voluntary,That truth loss energy respond whole case stop.,Production       ,General - Con,30-11-1949,MA,Foreman,Female,49024,Asian,Married,Fully Meets,4
3397,2022-11-05,,Production Technician I,Alyssa Moore,PYZ,Active,Part-Time,Zone A,Part-Time,Unk,,Production       ,Field Operations,27-09-1949,MA,Driller,Female,41302,Asian,Single,Fully Meets,3
3398,2019-11-09,2022-09-03,Production Technician I,Danielle Hanson,PL,Active,Part-Time,Zone A,Full-Time,Retirement,Foot station left people foot.,Production       ,General - Con,11/12/1956,MA,Technician,Female,63776,Other,Single,Fully Meets,3
3399,2022-06-05,2023-06-01,Production Technician I,Paige Savage,NEL,Active,Full-Time,Zone B,Full-Time,Involuntary,Central weight analysis great.,Production       ,Aerial,25-02-1984,MA,Lineman,Female,16715,White,Widowed,Fully Meets,2
3400,2021-09-21,,Production Technician I,Samantha Thomas,MSC,Active,Full-Time,Zone C,Temporary,Unk,,Production       ,Shop (Fleet),4/6/1970,MA,Mechanic,Female,90974,Black,Divorced,Fully Meets,1
3401,2021-11-10,2023-06-04,Production Technician I,Scott Powell,EW,Leave of Absence,Contract,Zone A,Full-Time,Involuntary,Think large why many.,Production       ,Field Operations,11/4/1973,MA,Laborer,Male,3403,Hispanic,Married,Fully Meets,1
3402,2021-03-03,2022-04-12,Production Technician I,Laura Wong,CCDR,Voluntarily Terminated,Part-Time,Zone C,Full-Time,Voluntary,Impact voice participant school baby.,Production       ,Field Operations,30-11-1971,MA,Engineer,Male,22662,Black,Single,Fully Meets,3
3403,2021-02-19,2022-11-15,Production Technician I,Erin Allen,BPC,Voluntarily Terminated,Contract,Zone A,Full-Time,Retirement,According crime none method effort.,Production       ,Field Operations,3/9/1975,MA,Laborer,Female,66066,Asian,Married,Exceeds,3
3404,2019-04-25,2022-11-11,Production Technician I,Ivan Bryant,PYZ,Leave of Absence,Part-Time,Zone C,Full-Time,Involuntary,Few success street.,Production       ,Field Operations,20-01-1985,MA,Driller,Female,58775,Other,Divorced,Fully Meets,2
3405,2020-01-13,2022-10-21,Production Technician I,Karen Lin,WBL,Leave of Absence,Contract,Zone B,Full-Time,Voluntary,Often about size today.,Production       ,Field Operations,2/3/1979,MA,Engineer,Female,12351,White,Single,Fully Meets,1
3406,2020-03-25,2023-04-26,Production Technician I,Tina Munoz,NEL,Voluntarily Terminated,Contract,Zone C,Temporary,Involuntary,Politics in foreign up start.,Production       ,Finance & Accounting,17-05-1955,MA,Administration,Female,24805,Other,Single,Fully Meets,5
3407,2021-04-15,2023-05-11,Production Technician II,Aaron Stewart,WBL,Active,Part-Time,Zone C,Temporary,Voluntary,Maintain behavior project parent particular game.,Production       ,Field Operations,26-02-1953,MA,Construction Manager,Female,18000,Asian,Single,Fully Meets,5
3408,2022-12-15,2023-04-25,Production Technician II,Nicole Holland,NEL,Voluntarily Terminated,Contract,Zone B,Full-Time,Resignation,Ball while speak. Issue free represent city.,Production       ,Field Operations,7/1/1965,MA,Supervisor,Male,67579,Asian,Divorced,Fully Meets,3
3409,2022-10-08,2023-02-04,Production Technician II,Jonathan Brown,PL,Active,Contract,Zone B,Full-Time,Resignation,Century risk machine pay car region.,Production       ,Yard (Material Handling),15-03-1943,MA,Laborer,Male,82704,Asian,Divorced,Fully Meets,4
3410,2018-12-18,,Production Technician II,Kyle Hicks,BPC,Active,Contract,Zone C,Temporary,Unk,,Production       ,People Services,7/7/1980,MA,Manager,Male,41572,Hispanic,Widowed,Fully Meets,3
3411,2022-10-06,,Production Technician II,Howard Ryan,CCDR,Active,Full-Time,Zone B,Part-Time,Unk,,Production       ,General - Eng,20-03-1949,MA,Administrative,Female,24028,Asian,Single,Fully Meets,2
3412,2019-12-28,,Production Technician II,David Abbott,SVG,Active,Part-Time,Zone A,Full-Time,Unk,,Production       ,Shop (Fleet),20-03-1991,MA,Mechanic,Female,68155,White,Divorced,Exceeds,3
3413,2019-11-25,,Production Technician II,Jackson Ward,EW,Active,Contract,Zone B,Temporary,Unk,,Production       ,Field Operations,15-12-1962,MA,Laborer,Female,74549,White,Single,Fully Meets,5
3414,2022-06-03,,Production Technician I,Brandi Clark,MSC,Active,Contract,Zone C,Temporary,Unk,,Production       ,General - Con,4/5/1998,MA,Foreman,Female,44418,Hispanic,Married,Exceeds,3
3415,2022-09-09,2023-03-16,Production Technician I,Jerry Johnson,TNS,Voluntarily Terminated,Full-Time,Zone A,Part-Time,Retirement,Lay focus soldier federal short.,Production       ,Splicing,14-10-1974,MA,Driver,Male,23971,Hispanic,Widowed,Fully Meets,3
3416,2020-10-02,,Production Technician I,Amanda Fisher,BPC,Active,Full-Time,Zone B,Part-Time,Unk,,Production       ,Finance & Accounting,18-12-1992,MA,Director,Male,46381,Asian,Married,Fully Meets,2
3417,2022-02-07,,Production Technician I,Clayton Davis,CCDR,Active,Part-Time,Zone A,Part-Time,Unk,,Production       ,Splicing,26-09-2000,MA,Splicer,Female,71282,Other,Widowed,Fully Meets,1
3418,2022-10-14,,Production Technician I,Nicholas Price,EW,Active,Part-Time,Zone B,Temporary,Unk,,Production       ,General - Con,12/8/1996,MA,Coordinator,Female,40277,Asian,Widowed,Fully Meets,4
3419,2019-10-14,,Production Technician I,Miss Sandra Mckinney,MSC,Active,Contract,Zone C,Temporary,Unk,,Production       ,General - Con,5/12/1952,MA,Foreman,Female,39578,Black,Divorced,Fully Meets,2
3420,2020-10-10,2022-08-05,Production Technician I,Lynn Smith,NEL,Active,Contract,Zone A,Full-Time,Voluntary,Reason stock professional clear allow two town.,Production       ,Field Operations,10/8/1944,MA,Laborer,Female,18079,Other,Married,Fully Meets,2
3421,2022-05-09,2022-09-08,Production Technician I,Donna Lawson,PL,Active,Part-Time,Zone A,Part-Time,Retirement,Man the newspaper performance.,Production       ,Wireless,11/6/1959,MA,Foreman,Female,57340,Other,Divorced,Fully Meets,1
3422,2022-06-22,2022-08-07,Production Technician I,Bethany Carter,PYZ,Leave of Absence,Part-Time,Zone C,Part-Time,Retirement,In forget fast.,Production       ,Engineers,23-06-1998,MA,Model Assistant,Female,44500,Other,Widowed,Fully Meets,3
3423,2020-12-28,,Production Technician I,Caroline Harris,SVG,Active,Part-Time,Zone A,Full-Time,Unk,,Production       ,Engineers,10/6/2001,MA,Engineer,Male,35444,Black,Widowed,Fully Meets,3
3424,2020-12-09,2022-08-04,Production Technician I,Mr. James Castillo,TNS,Voluntarily Terminated,Contract,Zone B,Temporary,Involuntary,Smile high bar white spend forget choice near.,Production       ,Wireline Construction,27-01-1997,MA,Laborer,Male,6608,White,Single,Fully Meets,2
3425,2019-05-28,2021-10-23,Production Technician I,Michael Woods,WBL,Voluntarily Terminated,Contract,Zone B,Full-Time,Resignation,Fine expect election either turn.,Production       ,Aerial,28-05-1954,MA,Foreman,Female,3807,Hispanic,Divorced,Fully Meets,2
3426,2022-04-27,,Production Technician I,Javier Mccall,BPC,Active,Full-Time,Zone B,Temporary,Unk,,Production       ,Field Operations,11/9/1990,MA,Warehouse Technician,Female,57487,White,Married,Fully Meets,2
